line_id,txn_date,value_date,narration,utr,amount_in,amount_out,account
BL-000001,2026-03-02,2026-03-02,NEFT DR HDFC0001234 900000079141 FROM ACME INDUSTRIES PAYROLL milestone 2 INR 3450000.00,900000079141,,3450000.00,HDFC-Current-4421
BL-000002,2026-03-02,2026-03-02,EMI-202603 NEFT DR ICIC0000429 900000079229 FROM STATE BANK EQUIP material supply INR 1250,900000079229,,1250000.00,HDFC-Current-4421
BL-000003,2026-03-05,2026-03-05,NEFT DR KKBK0000812 900000079200 FROM SKYLINE ESTATES PVT LTD  invoice settlement INR 7800,900000079200,,780000.00,HDFC-Current-4421
BL-000004,2026-03-11,2026-03-11,RAZORPAY PAYMENTS GATEWAY SETTLEMENT setl_00000001 UTR 900000000056,900000000056,125032.72,,HDFC-Current-4421
BL-000005,2026-03-12,2026-03-12,RAZORPAY PAYMENTS GATEWAY SETTLEMENT setl_00000002 UTR 900000000087,900000000087,104336.56,,HDFC-Current-4421
BL-000006,2026-03-13,2026-03-13,RAZORPAY PAYMENTS GATEWAY SETTLEMENT setl_00000003 UTR 900000000173,900000000173,137844.16,,HDFC-Current-4421
BL-000007,2026-03-14,2026-03-14,RAZORPAY PAYMENTS GATEWAY SETTLEMENT setl_00000004 UTR 900000000187,900000000187,142430.60,,HDFC-Current-4421
BL-000008,2026-03-16,2026-03-16,RAZORPAY PAYMENTS GATEWAY SETTLEMENT setl_00000006 UTR 900000000355,900000000355,51368.20,,HDFC-Current-4421
BL-000009,2026-03-16,2026-03-16,RAZORPAY PAYMENTS GATEWAY SETTLEMENT setl_00000005 UTR 900000000266,900000000266,143321.57,,HDFC-Current-4421
BL-000010,2026-03-16,2026-03-16,UPI/HDFC0001234/672423997539/INV-2026-000007/merilab@ybl/MERIDIAN LAB SUPPLIES NAG,900000009024,559106.00,,HDFC-Current-4421
BL-000011,2026-03-17,2026-03-17,NEFT CR ICIC0000429 900000012510 FROM GOLDCREST WAAEHOUSING COMPANY part payment INR 14836,900000012510,148366.00,,HDFC-Current-4421
BL-000012,2026-03-17,2026-03-17,NEFT CR HDFC0001234 900000008871 FROM ORBITEX PAPER MILLS NOI security deposit INR 240349.,900000008871,240349.00,,HDFC-Current-4421
BL-000013,2026-03-18,2026-03-18,RAZORPAY PAYMENTS GATEWAY SETTLEMENT setl_00000007 UTR 900000000403,900000000403,111925.43,,HDFC-Current-4421
BL-000014,2026-03-19,2026-03-19,RAZORPAY PAYMENTS GATEWAY SETTLEMENT setl_00000008 UTR 900000000474,900000000474,152556.32,,HDFC-Current-4421
BL-000015,2026-03-20,2026-03-20,NEFT DR SBIN0000921 900000009922 FROM VRUNDAVAN INTERIORS PVT LTD full and final INR 21124,900000009922,,211244.00,HDFC-Current-4421
BL-000016,2026-03-20,2026-03-20,RAZORPAY PAYMENTS GATEWAY SETTLEMENT setl_00000009 UTR 900000000561,900000000561,135435.06,,HDFC-Current-4421
BL-000017,2026-03-21,2026-03-21,RAZORPAY PAYMENTS GATEWAY SETTLEMENT setl_00000010 UTR 900000000628,900000000628,113642.54,,HDFC-Current-4421
BL-000018,2026-03-23,2026-03-23,VB-2026-000058 NEFT DR KKBK0000812 900000011303 FROM LOHILOG LOGISTICS security deposit IN,900000011303,,356576.00,HDFC-Current-4421
BL-000019,2026-03-23,2026-03-23,RAZORPAY PAYMENTS GATEWAY SETTLEMENT setl_00000012 UTR 900000000786,900000000786,4717.90,,HDFC-Current-4421
BL-000020,2026-03-23,2026-03-23,RAZORPAY PAYMENTS GATEWAY SETTLEMENT setl_00000011 UTR 900000000712,900000000712,101310.06,,HDFC-Current-4421
BL-000021,2026-03-24,2026-03-24,RAZORPAY PAYMENTS GATEWAY SETTLEMENT setl_00000013 UTR 900000000801,900000000801,18284.87,,HDFC-Current-4421
BL-000022,2026-03-24,2026-03-24,NEFT CR ICIC0000429 900000014298 FROM ORBITEX PAPER MILLS PVT LTD invoice settlement INR 1,900000014298,1479679.00,,HDFC-Current-4421
BL-000023,2026-03-25,2026-03-25,RAZORPAY PAYMENTS GATEWAY SETTLEMENT setl_00000014 UTR 900000000846,900000000846,132386.95,,HDFC-Current-4421
BL-000024,2026-03-25,2026-03-25,INV-2026-000083 NEFT CR SBIN0000921 900000012307 FROM ORBIPAP MI security deposit INR 2311,900000012307,2311505.00,,HDFC-Current-4421
BL-000025,2026-03-26,2026-03-26,NEFT DR SBIN0000921 900000011772 FROM LOHIYA LOGISTICS P against inv INR 323945.00 RT-2026,900000011772,,323945.00,HDFC-Current-4421
BL-000026,2026-03-26,2026-03-26,RAZORPAY PAYMENTS GATEWAY SETTLEMENT setl_00000015 UTR 900000000858,900000000858,123885.81,,HDFC-Current-4421
BL-000027,2026-03-26,2026-03-26,UPI/HDFC0001234/178992597125/nalarec@ybl/NALANDA RECYCLERS LLP,900000009905,265388.00,,HDFC-Current-4421
BL-000028,2026-03-27,2026-03-27,RAZORPAY PAYMENTS GATEWAY SETTLEMENT setl_00000016 UTR 900000000888,900000000888,156225.19,,HDFC-Current-4421
BL-000029,2026-03-27,2026-03-27,NEFT CR UTIB0002233 900000080364 FROM GOLDCREST WAREHOUSING PRIVATE LIMITED freight charge,900000080364,424593.00,,HDFC-Current-4421
BL-000030,2026-03-28,2026-03-28,NEFT CR SBIN0000921 900000010622 FROM GOLDCREST WAREHOUSING PRIVATE LIMITED part payment I,900000010622,129629.00,,HDFC-Current-4421
BL-000031,2026-03-28,2026-03-28,RAZORPAY PAYMENTS GATEWAY SETTLEMENT setl_00000017 UTR 900000000963,900000000963,203356.74,,HDFC-Current-4421
BL-000032,2026-03-28,2026-03-28,INV-2026-000150 RTGS HDFC0001234 900000015527 SAPTAGIRI ANALYTICS LTD INR 784113.00 part p,900000015527,784113.00,,HDFC-Current-4421
BL-000033,2026-03-30,2026-03-30,NEFT DR KKBK0000812 900000012198 FROM LOHIYA LOGIST security deposit INR 446832.00,900000012198,,446832.00,HDFC-Current-4421
BL-000034,2026-03-30,2026-03-30,RAZORPAY PAYMENTS GATEWAY SETTLEMENT setl_00000019 UTR 900000001093,900000001093,88525.95,,HDFC-Current-4421
BL-000035,2026-03-30,2026-03-30,RAZORPAY PAYMENTS GATEWAY SETTLEMENT setl_00000018 UTR 900000001060,900000001060,235962.39,,HDFC-Current-4421
BL-000036,2026-03-30,2026-03-30,NEFT CR HDFC0001234 900000008927 FROM ASHWINI CABLE SYSTEMS LLP material supply INR 816227,900000008927,816227.00,,HDFC-Current-4421
BL-000037,2026-03-30,2026-03-30,NEFT CR HDFC0001234 900000017066 FROM GOLDCREST WAREHOUSING PRIVATE LIMITED full and final,900000017066,941206.00,,HDFC-Current-4421
BL-000038,2026-03-30,2026-03-30,INV-2026-000024 NEFT CR HDFC0001234 900000009775 FROM GOLDCREST STEEL TRADERS COMPANY amc ,900000009775,3384171.00,,HDFC-Current-4421
BL-000039,2026-03-31,2026-03-31,RAZORPAY PAYMENTS GATEWAY SETTLEMENT setl_00000020 UTR 900000001106,900000001106,16727.47,,HDFC-Current-4421
BL-000040,2026-03-31,2026-03-31,INV-2026-000023 CHQ CLG VEDIKA TEX  INV-2026-000023,900000009715,181803.00,,HDFC-Current-4421
BL-000041,2026-03-31,2026-03-31,NEFT CR HDFC0001234 900000010088 FROM GOLDCREST STEEL TRAD against inv INR 741924.00,900000010088,741924.00,,HDFC-Current-4421
BL-000042,2026-04-01,2026-04-01,NEFT DR UTIB0002233 900000079298 FROM ACME PAYROLL against inv INR 3450000.00,900000079298,,3450000.00,HDFC-Current-4421
BL-000043,2026-04-01,2026-04-01,NEFT DR KKBK0000812 900000009464 FROM EVERSTONE RECYCLERS COMPANY material supply INR 4465,900000009464,,446583.00,HDFC-Current-4421
BL-000044,2026-04-01,2026-04-01,RAZORPAY PAYMENTS GATEWAY SETTLEMENT setl_00000021 UTR 900000001192,900000001192,167648.18,,HDFC-Current-4421
BL-000045,2026-04-01,2026-04-01,INV-2026-000202 RTGS UTIB0002233 900000018003 SAPTAGIRI ANALYTICS & CO INR 674577.00 again,900000018003,674577.00,,HDFC-Current-4421
BL-000046,2026-04-02,2026-04-02,RAZORPAY PAYMENTS GATEWAY SETTLEMENT setl_00000022 UTR 900000001289,900000001289,150990.59,,HDFC-Current-4421
BL-000047,2026-04-02,2026-04-02,UPI/HDFC0001234/751393522113/nalarec@paytm/NALANDA RECYCLER,900000010860,189651.00,,HDFC-Current-4421
BL-000048,2026-04-03,2026-04-03,NEFT DR SBIN0000921 900000079357 FROM STATE BANK EQUIP LOAN invoice settlement INR 1250000,900000079357,,1250000.00,HDFC-Current-4421
BL-000049,2026-04-03,2026-04-03,CHQ CLG ANANT INFRA ELECTR ,900000020258,,219681.00,HDFC-Current-4421
BL-000050,2026-04-03,2026-04-03,RAZORPAY PAYMENTS GATEWAY SETTLEMENT setl_00000023 UTR 900000001306,900000001306,170048.09,,HDFC-Current-4421
BL-000051,2026-04-03,2026-04-03,UPI/HDFC0001234/605761818651/merilab@okhdfcbank/MERIDIAN LAB SUPPLIES LTD/INV-2026-000144,900000015246,362931.00,,HDFC-Current-4421
BL-000052,2026-04-03,2026-04-03,UPI/HDFC0001234/737374474366/INV-2026-000090/nalarec@ybl/NALANDA RECYCLERS LLP,900000012599,692980.00,,HDFC-Current-4421
BL-000053,2026-04-03,2026-04-03,INV-2026-000287 RTGS KKBK0000812 900000021437 SAPTAGIRI ANALYTICS BTD INR 1161776.00 advan,900000021437,1161776.00,,HDFC-Current-4421
BL-000054,2026-04-04,2026-04-04,NEFT DR HDFC0001234 900000010420 FROM EVERSTONE RE  security deposit INR 1273592.00 RT-202,900000010420,,1273592.00,HDFC-Current-4421
BL-000055,2026-04-04,2026-04-04,NEFT DR ICIC0000429 900000010571 FROM EVERSTONE RECYCLERS PRIVATE LI advance INR 568080.00,900000010571,,568080.00,HDFC-Current-4421
BL-000056,2026-04-04,2026-04-04,NEFT DR HDFC0001234 900000010248 FROM TRINETRA AGRI INPUTS FAR invoice settlement INR 4699,900000010248,,469965.00,HDFC-Current-4421
BL-000057,2026-04-04,2026-04-04,VB-2026-000117 RTGS SBIN0000921 900000013781 SUNDARA WATER TREATMENT LTD INR 174858.00 fre,900000013781,,174858.00,HDFC-Current-4421
BL-000058,2026-04-04,2026-04-04,RAZORPAY PAYMENTS GATEWAY SETTLEMENT setl_00000024 UTR 900000001341,900000001341,83184.30,,HDFC-Current-4421
BL-000059,2026-04-04,2026-04-04,NEFT CR ICIC0000429 900000010676 FROM ASHWINI INTERIORS  advance INR 318339.00 INV-2026-00,900000010676,318339.00,,HDFC-Current-4421
BL-000060,2026-04-06,2026-04-06,NEFT DR KKBK0000812 900000079453 FROM INCOME TAX GS security deposit INR 3971495.00,900000079453,,3971495.00,HDFC-Current-4421
BL-000061,2026-04-06,2026-04-06,VB-2026-000074 CHQ CLG ANANT INFRA ELECTRICAL VB-2026-000074,900000011912,,864555.00,HDFC-Current-4421
BL-000062,2026-04-06,2026-04-06,RENT-202604 NEFT DR KKBK0000812 900000079332 FROM SKYLINE ESTATES  amc renewal INR 780000.,900000079332,,780000.00,HDFC-Current-4421
BL-000063,2026-04-06,2026-04-06,NEFT DR KKBK0000812 900000011970 FROM VRUNDAVAN INTERIORS PVT LTD full and final INR 34151,900000011970,,341518.00,HDFC-Current-4421
BL-000064,2026-04-06,2026-04-06,NEFT DR SBIN0000921 900000012116 FROM VRUNDAVAN INTERIORS PVT LTD advance INR 340387.00,900000012116,,340387.00,HDFC-Current-4421
BL-000065,2026-04-06,2026-04-06,NEFT DR UTIB0002233 900000010205 FROM EVERSTONE RECYCLERS PVT LTD material supply INR 1471,900000010205,,147125.00,HDFC-Current-4421
BL-000066,2026-04-06,2026-04-06,RAZORPAY PAYMENTS GATEWAY SETTLEMENT setl_00000026 UTR 900000001409,900000001409,17381.79,,HDFC-Current-4421
BL-000067,2026-04-06,2026-04-06,RAZORPAY PAYMENTS GATEWAY SETTLEMENT setl_00000025 UTR 900000001369,900000001369,133451.83,,HDFC-Current-4421
BL-000068,2026-04-06,2026-04-06,RTGS ICIC0000429 900000022171 SAPTAGIRI ANALYTICS PRIVATE LIMITED INR 319737.00 milestone ,900000022171,319737.00,,HDFC-Current-4421
BL-000069,2026-04-06,2026-04-06,NEFT CR ICIC0000429 900000015135 FROM ORBITEX PAPER MILLS LLP freight charges INR 374720.0,900000015135,374720.00,,HDFC-Current-4421
BL-000070,2026-04-06,2026-04-06,UPI/HDFC0001234/111579720707/INV-2026-000186/orbidai@okhdfcbank/ORBITEX DAIRY FOODS PVT LT,900000017139,669758.00,,HDFC-Current-4421
BL-000071,2026-04-06,2026-04-06,UPI/HDFC0001234/552042247491/merilab@okhdfcbank/MERIDIAN LAB SUP,900000020026,700433.00,,HDFC-Current-4421
BL-000072,2026-04-06,2026-04-06,NEFT CR HDFC0001234 900000013094 FROM PUSHPA METALS AGRI INPUTS PRIVATE LIMITED amc renewa,900000013094,1018707.00,,HDFC-Current-4421
BL-000073,2026-04-06,2026-04-06,NEFT CR HDFC0001234 900000016441 FROM ORBITEX PAPER MILLS LTD security deposit INR 1218737,900000016441,1218737.00,,HDFC-Current-4421
BL-000074,2026-04-07,2026-04-07,RT-2026-000097 CHQ CLG ANANELE ELE  RT-2026-000097,900000012787,,591957.00,HDFC-Current-4421
BL-000075,2026-04-07,2026-04-07,NEFT DR KKBK0000812 900000013578 FROM VRUNDAVAN INTERIORS PVT LTD full and final INR 30575,900000013578,,305753.00,HDFC-Current-4421
BL-000076,2026-04-07,2026-04-07,NEFT DR ICIC0000429 900000018249 FROM VRUNDAVAN INTERIORS PVT LTD advance INR 214437.00 VB,900000018249,,214437.00,HDFC-Current-4421
BL-000077,2026-04-07,2026-04-07,INV-2026-000033 CHQ CLG VEDIKA TEXJILES COMPANY INV-2026-000033,900000010125,240464.00,,HDFC-Current-4421
BL-000078,2026-04-07,2026-04-07,NEFT CR HDFC0001234 900000011351 FROM ASHWINI INTERIORS & CO invoice settlement INR 273211,900000011351,273211.00,,HDFC-Current-4421
BL-000079,2026-04-07,2026-04-07,NEFT CR UTIB0002233 900000019869 FROM ORBITEX PAPER MILLS PVT LTD part payment INR 779286.,900000019869,779286.00,,HDFC-Current-4421
BL-000080,2026-04-08,2026-04-08,NEFT DR UTIB0002233 900000015985 FROM VRUNDAVAN INTERIORS & CO invoice settlement INR 4860,900000015985,,486091.00,HDFC-Current-4421
BL-000081,2026-04-08,2026-04-08,RT-2026-000070 NEFT DR HDFC0001234 900000011801 FROM EVERREC RECYCLERS freight charges INR,900000011801,,299713.00,HDFC-Current-4421
BL-000082,2026-04-08,2026-04-08,RT-2026-000030 NEFT DR SBIN0000921 900000009941 FROM NORTHLINE ROO full and final INR 2150,900000009941,,215011.00,HDFC-Current-4421
BL-000083,2026-04-08,2026-04-08,NEFT DR UTIB0002233 900000015014 FROM EVERSTONE RECYCLER milestone 2 INR 57843.00,900000015014,,57843.00,HDFC-Current-4421
BL-000084,2026-04-08,2026-04-08,NEFT CR HDFC0001234 900000008972 FROM SURYAVANSH CATERING SERVICES KOC against inv INR 899,900000008972,89978.00,,HDFC-Current-4421
BL-000085,2026-04-08,2026-04-08,RAZORPAY PAYMENTS GATEWAY SETTLEMENT setl_00000027 UTR 900000001423,900000001423,90739.26,,HDFC-Current-4421
BL-000086,2026-04-08,2026-04-08,NEFT CR ICIC0000429 900000009817 FROM ZENITH ONE LOGISTICS EAG advance INR 222258.00,900000009817,222258.00,,HDFC-Current-4421
BL-000087,2026-04-08,2026-04-08,UPI/HDFC0001234/382239400971/INV-2026-000106/nalarec@okaxis/NALANDA RECYCLE,900000013285,328598.00,,HDFC-Current-4421
BL-000088,2026-04-09,2026-04-09,NEFT DR ICIC0000429 900000011148 FROM TRINETRA AGRI INPUTS COMPANY security deposit INR 35,900000011148,,355835.00,HDFC-Current-4421
BL-000089,2026-04-09,2026-04-09,RT-2026-000191 RTGS HDFC0001234 900000017413 SUNDARA WATER TREATMENT LTD INR 298709.00 par,900000017413,,298709.00,HDFC-Current-4421
BL-000090,2026-04-09,2026-04-09,NEFT DR SBIN0000921 900000009410 FROM TRTNETRA AGRI  freight charges INR 240515.00 VB-2026,900000009410,,240515.00,HDFC-Current-4421
BL-000091,2026-04-09,2026-04-09,VB-2026-000173 CHQ CLG ANANT INFRA ELECTRICALS LTD VB-2026-000173,900000016398,,135699.00,HDFC-Current-4421
BL-000092,2026-04-09,2026-04-09,RT-2026-000319 NEFT DR ICIC0000429 900000022891 FROM VRUNDAVAN INTERIORS PVT LTD invoice s,900000022891,,63345.00,HDFC-Current-4421
BL-000093,2026-04-09,2026-04-09,RAZORPAY PAYMENTS GATEWAY SETTLEMENT setl_00000028 UTR 900000001482,900000001482,99477.77,,HDFC-Current-4421
BL-000094,2026-04-09,2026-04-09,NEFT CR ICIC0000429 900000016552 FROM PUSHPA METALS AGRI INPUTS KOC invoice settlement INR,900000016552,354680.00,,HDFC-Current-4421
BL-000095,2026-04-09,2026-04-09,NEFT CR UTIB0002233 900000011481 FROM SURYAVANSH CATERING SERVICWS COMPANY advance INR 403,900000011481,403648.00,,HDFC-Current-4421
BL-000096,2026-04-10,2026-04-10,RT-2026-000276 NEFT DR ICIC0000429 900000020971 FROM LOHIYA LOGISTICS PRIVATE LIMITED secu,900000020971,,779820.00,HDFC-Current-4421
BL-000097,2026-04-10,2026-04-10,NEFT DR KKBK0000812 900000014510 FROM EVERSTONE RECYCLE invoice settlement INR 278504.00 R,900000014510,,278504.00,HDFC-Current-4421
BL-000098,2026-04-10,2026-04-10,RAZORPAY PAYMENTS GATEWAY SETTLEMENT setl_00000029 UTR 900000001515,900000001515,79254.28,,HDFC-Current-4421
BL-000099,2026-04-10,2026-04-10,INV-2026-000248 RTGS KKBK0000812 900000019755 SAPTAGIRI ANALYTICS LTD INR 419058.00 invoic,900000019755,419058.00,,HDFC-Current-4421
BL-000100,2026-04-10,2026-04-10,UPI/HDFC0001234/737430961166/merilab@ybl/MERIDIAN LEB S/INV-2026-000256,900000020037,452482.00,,HDFC-Current-4421
BL-000101,2026-04-10,2026-04-10,UPI/HDFC0001234/997462482231/orbidai@okhdfcbank/ORBITEX DAIRY FOODS P,900000019934,730399.00,,HDFC-Current-4421
BL-000102,2026-04-10,2026-04-10,UPI/HDFC0001234/766748144146/INV-2026-000290/merilab@paytm/MERIDIAN LAB SUPPLIES LLP,900000021488,815948.00,,HDFC-Current-4421
BL-000103,2026-04-11,2026-04-11,VB-2026-000162 CHQ CLG ANANT INFRA ELECTRICALS PRIVATE LIMITED VB-2026-000162,900000015883,,456800.00,HDFC-Current-4421
BL-000104,2026-04-11,2026-04-11,CHQ CLG ANANELE ELE  ,900000027082,,454976.00,HDFC-Current-4421
BL-000105,2026-04-11,2026-04-11,RAZORPAY PAYMENTS GATEWAY SETTLEMENT setl_00000030 UTR 900000001584,900000001584,130940.66,,HDFC-Current-4421
BL-000106,2026-04-11,2026-04-11,NEFT CR KKBK0000812 900000020814 FROM PUSHPA METALS AGRI  freight charges INR 320506.00,900000020814,320506.00,,HDFC-Current-4421
BL-000107,2026-04-11,2026-04-11,NEFT CR SBIN0000921 900000023042 FROM ORBITEX PAPER MILLS PVT LTD advance INR 835655.00,900000023042,835655.00,,HDFC-Current-4421
BL-000108,2026-04-13,2026-04-13,RAZORPAY PAYMENTS GATEWAY SETTLEMENT setl_00000032 UTR 900000001646,900000001646,18353.92,,HDFC-Current-4421
BL-000109,2026-04-13,2026-04-13,RAZORPAY PAYMENTS GATEWAY SETTLEMENT setl_00000031 UTR 900000001621,900000001621,97995.59,,HDFC-Current-4421
BL-000110,2026-04-13,2026-04-13,INV-2026-000219 NEFT CR KKBK0000812 900000018490 FROM ASHWINI INTERIORS & CO invoice settl,900000018490,357338.00,,HDFC-Current-4421
BL-000111,2026-04-13,2026-04-13,INV-2026-000368 NEFT CR HDFC0001234 900000025063 FROM ORBITEX PAPER  invoice settlement IN,900000025063,445791.00,,HDFC-Current-4421
BL-000112,2026-04-13,2026-04-13,NEFT CR ICIC0000429 900000017297 FROM GOLDCRESTNSTEEL TRADERS COMPANY against inv INR 6356,900000017297,635662.00,,HDFC-Current-4421
BL-000113,2026-04-13,2026-04-13,UPI/HDFC0001234/631232368183/orbidai@paytm/ORBITEX DAIRY FOODS & CO,900000021427,788313.00,,HDFC-Current-4421
BL-000114,2026-04-13,2026-04-13,UPI/HDFC0001234/637804967389/merilab@okaxis/MERIDIAN LAB SUPPLIES LLP,900000016056,1002598.00,,HDFC-Current-4421
BL-000115,2026-04-14,2026-04-14,CHQ CLG ANANT INFRA ELECTRICA ,900000024256,,176338.00,HDFC-Current-4421
BL-000116,2026-04-14,2026-04-14,RAZORPAY PAYMENTS GATEWAY SETTLEMENT setl_00000033 UTR 900000001689,900000001689,25238.49,,HDFC-Current-4421
BL-000117,2026-04-14,2026-04-14,INV-2026-000230 NEFT CR SBIN0000921 900000018952 FROM GOLDCREST STEEL TRADERS COMPANY amc ,900000018952,293276.00,,HDFC-Current-4421
BL-000118,2026-04-15,2026-04-15,VB-2026-000433 NEFT DR KKBK0000812 900000027921 FROM VRUNDAVAN IN invoice settlement INR 1,900000027921,,1037563.00,HDFC-Current-4421
BL-000119,2026-04-15,2026-04-15,CHQ CLG ANANT INFRA ,900000022028,,980015.00,HDFC-Current-4421
BL-000120,2026-04-15,2026-04-15,NEFT DR KKBK0000812 900000011272 FROM NORTHLINE ROOF full and final INR 714223.00,900000011272,,714223.00,HDFC-Current-4421
BL-000121,2026-04-15,2026-04-15,RAZORPAY PAYMENTS GATEWAY SETTLEMENT setl_00000034 UTR 900000001754,900000001754,112171.18,,HDFC-Current-4421
BL-000122,2026-04-15,2026-04-15,INV-2026-000246 CHQ CLG VEDIKA TEXTI INV-2026-000246,900000019603,123816.00,,HDFC-Current-4421
BL-000123,2026-04-15,2026-04-15,NEFT CR ICIC0000429 900000009639 FROM SURYAVANSH CATERING SERVICES COMPANY against inv INR,900000009639,203327.00,,HDFC-Current-4421
BL-000124,2026-04-15,2026-04-15,UPI/HDFC0001234/377576455166/orbidai@okaxis/ORBITEX DAIRY FOODS PVT LTD,900000022085,388286.00,,HDFC-Current-4421
BL-000125,2026-04-16,2026-04-16,RTGS KKBK0000812 900000022766 SUNDARA WATER TREATMENT LTD INR 426819.00 freight charges,900000022766,,426819.00,HDFC-Current-4421
BL-000126,2026-04-16,2026-04-16,NEFT DR KKBK0000812 900000010983 FROM NORTHLINE ROOFING PRODUC against inv INR 351920.00,900000010983,,351920.00,HDFC-Current-4421
BL-000127,2026-04-16,2026-04-16,VB-2026-000056 NEFT DR HDFC0001234 900000011240 FROM TRINETRA AGRI INPUTS COMPANY against ,900000011240,,286755.00,HDFC-Current-4421
BL-000128,2026-04-16,2026-04-16,RAZORPAY PAYMENTS GATEWAY SETTLEMENT setl_00000035 UTR 900000001804,900000001804,100843.38,,HDFC-Current-4421
BL-000129,2026-04-16,2026-04-16,UPI/HDFC0001234/152883750881/INV-2026-000396/merilab@okaxis/MERIDIAN LAB SUP,900000026192,309379.00,,HDFC-Current-4421
BL-000130,2026-04-16,2026-04-16,NEFT CR SBIN0000921 900000012517 FROM SAHYADRI POLYMERS PVT LTD advance INR 545430.00,900000012517,545430.00,,HDFC-Current-4421
BL-000131,2026-04-16,2026-04-16,UPI/HDFC0001234/870026685794/orbidai@okhdfcbank/ORBITEX DAIRY FOOD/INV-2026-000335,900000023429,591766.00,,HDFC-Current-4421
BL-000132,2026-04-17,2026-04-17,NEFT DR SBIN0000921 900000021871 FROM LOHIYA LOG  advance INR 526399.00,900000021871,,526399.00,HDFC-Current-4421
BL-000133,2026-04-17,2026-04-17,RT-2026-000196 RTGS HDFC0001234 900000017763 VAISHNAVI PIPING SOLUTIONS LTD INR 422044.00 ,900000017763,,422044.00,HDFC-Current-4421
BL-000134,2026-04-17,2026-04-17,UPI/HDFC0001234/267551933154/RT-2026-000068/pragcon@okhdfcbank/PRAGATI CONVEYANCES ,900000011744,,418413.00,HDFC-Current-4421
BL-000135,2026-04-17,2026-04-17,RTGS SBIN0000921 900000022854 SUNDARA WATER TREA INR 368481.00 invoice settlement RT-2026-,900000022854,,368481.00,HDFC-Current-4421
BL-000136,2026-04-17,2026-04-17,VB-2026-000080 NEFT DR ICIC0000429 900000012134 FROM MERIDIAN P advance INR 182765.00,900000012134,,182765.00,HDFC-Current-4421
BL-000137,2026-04-17,2026-04-17,UPI/HDFC0001234/808064767601/VB-2026-000077/merihar@paytm/MERIDIAN HARDWARE LTD,900000011971,,63188.00,HDFC-Current-4421
BL-000138,2026-04-17,2026-04-17,RAZORPAY PAYMENTS GATEWAY SETTLEMENT setl_00000036 UTR 900000001873,900000001873,110845.95,,HDFC-Current-4421
BL-000139,2026-04-17,2026-04-17,NEFT CR SBIN0000921 900000023536 FROM PUSHPA METALS AGRI INPUTS LTD part payment INR 59964,900000023536,599649.00,,HDFC-Current-4421
BL-000140,2026-04-17,2026-04-17,UPI/HDFC0001234/347096472310/INV-2026-000008/ashwcol@okaxis/ASHWINI COLD CHAI,900000009087,674824.00,,HDFC-Current-4421
BL-000141,2026-04-17,2026-04-17,NEFT CR HDFC0001234 900000022445 FROM GOLDCREST S  against inv INR 867339.00,900000022445,867339.00,,HDFC-Current-4421
BL-000142,2026-04-17,2026-04-17,"UPI/HDFC0001234/353278421893/INV-2026-000149,INV-2026-000288,INV-2026-000303/nalarec@paytm",900000080350,2843143.00,,HDFC-Current-4421
BL-000143,2026-04-18,2026-04-18,NEFT DR SBIN0000921 900000009572 FROM MERIDIAN PO amc renewal INR 788746.00 VB-2026-000019,900000009572,,788746.00,HDFC-Current-4421
BL-000144,2026-04-18,2026-04-18,RTGS SBIN0000921 900000016213 VAISHNLVI PIPING SOLUTIONS LTD INR 560552.00 freight charges,900000016213,,560552.00,HDFC-Current-4421
BL-000145,2026-04-18,2026-04-18,NEFT DR UTIB0002233 900000015785 FROM TRINETRA AGRI INPUTS PV milestone 2 INR 411728.00,900000015785,,411728.00,HDFC-Current-4421
BL-000146,2026-04-18,2026-04-18,NEFT DR KKBK0000812 900000017595 FROM EVERSTONE RECYCLERS & CO milestone 2 INR 384885.00,900000017595,,384885.00,HDFC-Current-4421
BL-000147,2026-04-18,2026-04-18,RAZORPAY PAYMENTS GATEWAY SETTLEMENT setl_00000037 UTR 900000001939,900000001939,87886.96,,HDFC-Current-4421
BL-000148,2026-04-18,2026-04-18,UPI/HDFC0001234/215096033793/INV-2026-000218/anancon@okaxis/ANANT INFRA CONVEYANCES PVT LT,900000018478,103298.00,,HDFC-Current-4421
BL-000149,2026-04-18,2026-04-18,CHQ CLG VEDIKA TEXTILES COMPANY ,900000016949,131281.00,,HDFC-Current-4421
BL-000150,2026-04-18,2026-04-18,INV-2026-000461 NEFT CR HDFC0001234 900000029379 FROM GOLDCREST WAREHOUSING COMPANY invoic,900000029379,257321.00,,HDFC-Current-4421
BL-000151,2026-04-18,2026-04-18,NEFT CR KKBK0000812 900000022567 FROM GOLDCREST WAREHOUSING PRIVATE  freight charges INR 4,900000022567,423990.00,,HDFC-Current-4421
BL-000152,2026-04-18,2026-04-18,INV-2026-000216 CHQ CLG VEDIKA TEXTILES  INV-2026-000216,900000018427,523889.00,,HDFC-Current-4421
BL-000153,2026-04-18,2026-04-18,UPI/HDFC0001234/844359046162/merilab@okhdfcbank/MERIDIAN LAB SUPPLIES LLP,900000018061,569943.00,,HDFC-Current-4421
BL-000154,2026-04-20,2026-04-20,NEFT DR UTIB0002233 900000012770 FROM TRINETRA AGRI INPUTS COMPANY advance INR 727239.00,900000012770,,727239.00,HDFC-Current-4421
BL-000155,2026-04-20,2026-04-20,NEFT DR UTIB0002233 900000022960 FROM VRUNDAVAN INTERIORS PVT LTD material supply INR 5255,900000022960,,525525.00,HDFC-Current-4421
BL-000156,2026-04-20,2026-04-20,UPI/HDFC0001234/296800153737/RT-2026-000014/eversta@okaxis/EVERSTONE STAFFING LLP,900000009344,,512457.00,HDFC-Current-4421
BL-000157,2026-04-20,2026-04-20,NEFT DR SBIN0000921 900000011964 FROM VRUNDAVAN INTERIORS PVT LTD part payment INR 414957.,900000011964,,414957.00,HDFC-Current-4421
BL-000158,2026-04-20,2026-04-20,NEFT DR KKBK0000812 900000014591 FROM MERIDIAN POLYMERS NAG invoice settlement INR 261969.,900000014591,,261969.00,HDFC-Current-4421
BL-000159,2026-04-20,2026-04-20,NEFT DR UTIB0002233 900000018564 FROM EVERSTONE RECYCLERS & CO part payment INR 157954.00 ,900000018564,,157954.00,HDFC-Current-4421
BL-000160,2026-04-20,2026-04-20,NEFT DR SBIN0000921 900000015581 FROM MERIDIAN POLYMERS PVT LTD milestone 2 INR 126219.00,900000015581,,126219.00,HDFC-Current-4421
BL-000161,2026-04-20,2026-04-20,RTGS UTIB0002233 900000023259 SUNDARA WATER TREATMENT JAI INR 103832.00 material supply,900000023259,,103832.00,HDFC-Current-4421
BL-000162,2026-04-20,2026-04-20,RAZORPAY PAYMENTS GATEWAY SETTLEMENT setl_00000039 UTR 900000001968,900000001968,41233.57,,HDFC-Current-4421
BL-000163,2026-04-20,2026-04-20,NEFT CR UTIB0002233 900000014002 FROM SURYAVANSH PRINT SOLUTIONS & CO invoice settlement I,900000014002,53966.00,,HDFC-Current-4421
BL-000164,2026-04-20,2026-04-20,NEFT CR UTIB0002233 900000030088 FROM GOLDCREST WAR against inv INR 56325.00 INV-2026-0004,900000030088,56325.00,,HDFC-Current-4421
BL-000165,2026-04-20,2026-04-20,RAZORPAY PAYMENTS GATEWAY SETTLEMENT setl_00000038 UTR 900000001950,900000001950,117285.68,,HDFC-Current-4421
BL-000166,2026-04-20,2026-04-20,INV-2026-000206 CHQ CLG VEDIKA TEXTILES COMPANY INV-2026-000206,900000018093,234236.00,,HDFC-Current-4421
BL-000167,2026-04-20,2026-04-20,NEFT CR UTIB0002233 900000013344 FROM VEDIKA FAC security deposit INR 303234.00,900000013344,303234.00,,HDFC-Current-4421
BL-000168,2026-04-20,2026-04-20,NEFT CR UTIB0002233 900000010762 FROM VEDIKA FACILITY MANAGEMENT & CO material supply INR ,900000010762,400725.00,,HDFC-Current-4421
BL-000169,2026-04-20,2026-04-20,RTGS KKBK0000812 900000026165 SAPTAGIRI ANALYTICS LLP INR 403492.00 full and final INV-202,900000026165,403492.00,,HDFC-Current-4421
BL-000170,2026-04-20,2026-04-20,INV-2026-000148 NEFT CR UTIB0002233 900000015453 FROM SAHYADRI POLYMERS PV invoice settlem,900000015453,966332.00,,HDFC-Current-4421
BL-000171,2026-04-21,2026-04-21,RTGS SBIN0000921 900000017671 VAISHNAVI PIPING SOLUTIONS LTD INR 409479.00 advance VB-2026,900000017671,,409479.00,HDFC-Current-4421
BL-000172,2026-04-21,2026-04-21,UPI/HDFC0001234/963797983963/bluecol@okhdfcbank/BLUEPEAK COLD,900000009560,,218176.00,HDFC-Current-4421
BL-000173,2026-04-21,2026-04-21,NEFT DR SBIN0000921 900000013888 FROM MERIDIAN POLYMERS LTD amc renewal INR 122058.00 RT-2,900000013888,,122058.00,HDFC-Current-4421
BL-000174,2026-04-21,2026-04-21,NEFT DR ICIC0000429 900000020486 FROM VRUNDAVAN INTERIORS PVT LTD against inv INR 57254.00,900000020486,,57254.00,HDFC-Current-4421
BL-000175,2026-04-21,2026-04-21,RAZORPAY PAYMENTS GATEWAY SETTLEMENT setl_00000040 UTR 900000002005,900000002005,45505.36,,HDFC-Current-4421
BL-000176,2026-04-21,2026-04-21,NEFT CR UTIB0002233 900000010938 FROM ZENITH ONE LOGISTICS NAG amc renewal INR 211536.00 I,900000010938,211536.00,,HDFC-Current-4421
BL-000177,2026-04-21,2026-04-21,INV-2026-000047 NEFT CR UTIB0002233 900000010818 FROM COPPERLEAFPELEC advance INR 219050.0,900000010818,219050.00,,HDFC-Current-4421
BL-000178,2026-04-21,2026-04-21,NEFT CR SBIN0000921 900000012668 FROM ASHWINI CABLE SYSTEMS LLP amc renewal INR 471128.00 ,900000012668,471128.00,,HDFC-Current-4421
BL-000179,2026-04-21,2026-04-21,UPI/HDFC0001234/654645740227/nalarec@ybl/NALANDA RECYCLE,900000080595,2160000.00,,HDFC-Current-4421
BL-000180,2026-04-22,2026-04-22,VB-2026-000376 NEFT DR SBIN0000921 900000025478 FROM LOHIYA LOGISTICS LTD freight charges ,900000025478,,561296.00,HDFC-Current-4421
BL-000181,2026-04-22,2026-04-22,VB-2026-000356 RTGS SBIN0000921 900000024388 SUNDARA WATER T INR 149837.00 material supply,900000024388,,149837.00,HDFC-Current-4421
BL-000182,2026-04-22,2026-04-22,RAZORPAY PAYMENTS GATEWAY SETTLEMENT setl_00000041 UTR 900000002091,900000002091,134754.75,,HDFC-Current-4421
BL-000183,2026-04-22,2026-04-22,NEFT CR HDFC0001234 900000014201 FROM SURYAVANSH  amc renewal INR 332945.00,900000014201,332945.00,,HDFC-Current-4421
BL-000184,2026-04-22,2026-04-22,NEFT CR KKBK0000812 900000009623 FROM VEDIKA FACILITY MANAGEMENT advance INR 680246.00,900000009623,680246.00,,HDFC-Current-4421
BL-000185,2026-04-22,2026-04-22,NEFT CR ICIC0000429 900000016948 FROM SAHYADRI POL material supply INR 1145592.00,900000016948,1145592.00,,HDFC-Current-4421
BL-000186,2026-04-23,2026-04-23,CHQ CLG ANANT INFRA ELECTRICALS LTD RT-2026-000375,900000025441,,239588.00,HDFC-Current-4421
BL-000187,2026-04-23,2026-04-23,UPI/HDFC0001234/857184195588/eversta@paytm/EVERSTONE STA /VB-2026-000136,900000014778,,211778.00,HDFC-Current-4421
BL-000188,2026-04-23,2026-04-23,NEFT DR KKBK0000812 900000018159 FROM MERIDIAN POLYMERS LTD material supply INR 132099.00,900000018159,,132099.00,HDFC-Current-4421
BL-000189,2026-04-23,2026-04-23,UPI/HDFC0001234/164723288857/merihar@okhdfcbank/MERIDIAN HARDWARE PRIVATE LIMITED,900000015084,,64080.00,HDFC-Current-4421
BL-000190,2026-04-23,2026-04-23,RAZORPAY PAYMENTS GATEWAY SETTLEMENT setl_00000042 UTR 900000002145,900000002145,93298.41,,HDFC-Current-4421
BL-000191,2026-04-23,2026-04-23,NEFT CR SBIN0000921 900000018055 FROM ASHWINI CABLE SYSTEMS LLP material supply INR 258013,900000018055,258013.00,,HDFC-Current-4421
BL-000192,2026-04-23,2026-04-23,NEFT CR SBIN0000921 900000011866 FROM VEDIKA FACILITY GANAGEMENT COMPANY against inv INR 8,900000011866,897718.00,,HDFC-Current-4421
BL-000193,2026-04-24,2026-04-24,VB-2026-000155 NEFT DR HDFC0001234 900000015610 FROM MERIDIAN POLYM part payment INR 13816,900000015610,,1381689.00,HDFC-Current-4421
BL-000194,2026-04-24,2026-04-24,RT-2026-000096 NEFT DR KKBK0000812 900000012780 FROM NORTHLINE ROOFING PRODUCTS PVT LTD pa,900000012780,,698351.00,HDFC-Current-4421
BL-000195,2026-04-24,2026-04-24,RT-2026-000237 NEFT DR ICIC0000429 900000019244 FROM TRINETRA AGRI INPUTS FAR full and fin,900000019244,,546662.00,HDFC-Current-4421
BL-000196,2026-04-24,2026-04-24,UPI/HDFC0001234/602749553566/merihar@paytm/MERIDIAN HARDWARE LLP,900000016201,,392055.00,HDFC-Current-4421
BL-000197,2026-04-24,2026-04-24,UPI/HDFC0001234/509827399437/merihar@okhdfcbank/MERIDIAN HARDWARE NOI,900000014981,,279337.00,HDFC-Current-4421
BL-000198,2026-04-24,2026-04-24,UPI/HDFC0001234/509827399437/merihar@okhdfcbank/MERIDIAN HARDWARE NOI,900000014981,,279337.00,HDFC-Current-4421
BL-000199,2026-04-24,2026-04-24,VB-2026-000190 NEFT DR KKBK0000812 900000017377 FROM TRINETRA AGRI INPUTS COMPANY against ,900000017377,,265146.00,HDFC-Current-4421
BL-000200,2026-04-24,2026-04-24,RTGS ICIC0000429 900000027216 SUNDARA WATER TREATME INR 232540.00 full and final,900000027216,,232540.00,HDFC-Current-4421
BL-000201,2026-04-24,2026-04-24,UPI/HDFC0001234/197095285601/RT-2026-000160/merihar@ybl/MERIHAR HARDWARE,900000015852,,154293.00,HDFC-Current-4421
BL-000202,2026-04-24,2026-04-24,VB-2026-000315 NEFT DR KKBK0000812 900000022607 FROM EVERSTONE RECYCLERS & CO milestone 2 ,900000022607,,92471.00,HDFC-Current-4421
BL-000203,2026-04-24,2026-04-24,RAZORPAY PAYMENTS GATEWAY SETTLEMENT setl_00000043 UTR 900000002187,900000002187,119524.12,,HDFC-Current-4421
BL-000204,2026-04-24,2026-04-24,NEFT CR KKBK0000812 900000010683 FROM COPPERLEAF ELECTRICALS PVT LTD invoice settlement IN,900000010683,386622.00,,HDFC-Current-4421
BL-000205,2026-04-24,2026-04-24,INV-2026-000063 NEFT CR SBIN0000921 900000011618 FROM SURYAVANSH CATERING SERVICES COMPANY,900000011618,548061.00,,HDFC-Current-4421
BL-000206,2026-04-24,2026-04-24,NEFT CR SBIN0000921 900000014384 FROM COPPERLEAF ELECTRICALS KOC full and final INR 558756,900000014384,558756.00,,HDFC-Current-4421
BL-000207,2026-04-24,2026-04-24,NEFT CR UTIB0002233 900000027311 FROM PUSHPA METALS AGRI INPUTS PVT LTD full and final INR,900000027311,829861.00,,HDFC-Current-4421
BL-000208,2026-04-24,2026-04-24,NEFT CR UTIB0002233 900000027311 FROM PUSHPA METALS AGRI INPUTS PVT LTD full and final INR,900000027311,829861.00,,HDFC-Current-4421
BL-000209,2026-04-24,2026-04-24,NEFT CR ICIC0000429 900000011414 FROM ZENITH ONE L part payment INR 1498295.00 INV-2026-00,900000011414,1498295.00,,HDFC-Current-4421
BL-000210,2026-04-25,2026-04-25,RT-2026-000156 NEFT DR SBIN0000921 900000015700 FROM VRUNDAVAN INTERIORS PVT LTD invoice s,900000015700,,321315.00,HDFC-Current-4421
BL-000211,2026-04-25,2026-04-25,VB-2026-000469 NEFT DR HDFC0001234 900000029619 FROM LOHIYA LOGISTICS & CO freight charges,900000029619,,297246.00,HDFC-Current-4421
BL-000212,2026-04-25,2026-04-25,UPI/HDFC0001234/669705250996/pragcon@ybl/PRAGATI CONV,900000017302,,217010.00,HDFC-Current-4421
BL-000213,2026-04-25,2026-04-25,RAZORPAY PAYMENTS GATEWAY SETTLEMENT setl_00000044 UTR 900000002282,900000002282,89246.33,,HDFC-Current-4421
BL-000214,2026-04-25,2026-04-25,NEFT CR UTIB0002233 900000010861 FROM ZENITH ONE LOGISTICS & CO part payment INR 167465.00,900000010861,167465.00,,HDFC-Current-4421
BL-000215,2026-04-25,2026-04-25,NEFT CR SBIN0000921 900000012439 FROM COPPERLEAF ELEC amc renewal INR 372322.00 INV-2026-0,900000012439,372322.00,,HDFC-Current-4421
BL-000216,2026-04-27,2026-04-27,RTGS UTIB0002233 900000020400 VAISHNAVI PIPING SOLUTIONS PUN INR 561219.00 milestone 2,900000020400,,561219.00,HDFC-Current-4421
BL-000217,2026-04-27,2026-04-27,UPI/HDFC0001234/664544655770/pragcon@ybl/PRAGATI CONVEYANC /RT-2026-000115,900000013663,,425783.00,HDFC-Current-4421
BL-000218,2026-04-27,2026-04-27,RTGS UTIB0002233 900000019347 VAISPIP SOLU  INR 328034.00 security deposit VB-2026-000240,900000019347,,328034.00,HDFC-Current-4421
BL-000219,2026-04-27,2026-04-27,NEFT DR ICIC0000429 900000024668 FROM LOHIYA LOGISTIC invoice settlement INR 253657.00,900000024668,,253657.00,HDFC-Current-4421
BL-000220,2026-04-27,2026-04-27,UPI/HDFC0001234/469770221290/RT-2026-000172/bluecol@ybl/BLUEPEAK CO ,900000016370,,252834.00,HDFC-Current-4421
BL-000221,2026-04-27,2026-04-27,UPI/HDFC0001234/299319111047/merihar@okaxis/MERIDIAB HARDWA/RT-2026-000192,900000017468,,159332.00,HDFC-Current-4421
BL-000222,2026-04-27,2026-04-27,UPI/HDFC0001234/127174123691/VB-2026-000082/pragcon@okaxis/PRAGATI CONVEYANCES PVT LTD,900000012214,,118613.00,HDFC-Current-4421
BL-000223,2026-04-27,2026-04-27,UPI/HDFC0001234/497510149745/pragcon@okaxis/PRAGATI CONVEYANCES PVT LTD,900000017833,,104178.00,HDFC-Current-4421
BL-000224,2026-04-27,2026-04-27,RAZORPAY PAYMENTS GATEWAY SETTLEMENT setl_00000046 UTR 900000002387,900000002387,38233.00,,HDFC-Current-4421
BL-000225,2026-04-27,2026-04-27,RAZORPAY PAYMENTS GATEWAY SETTLEMENT setl_00000045 UTR 900000002348,900000002348,100637.98,,HDFC-Current-4421
BL-000226,2026-04-27,2026-04-27,INV-2026-000505 RTGS SBIN0000921 900000031373 SAPTAGIRI ANALYTICS LTD INR 168062.00 securi,900000031373,168062.00,,HDFC-Current-4421
BL-000227,2026-04-27,2026-04-27,NEFT CR KKBK0000812 900000016634 FROM COPPERLEAF ELE  full and final INR 353732.00,900000016634,353732.00,,HDFC-Current-4421
BL-000228,2026-04-27,2026-04-27,NEFT CR ICIC0000429 900000013142 FROM ASHWINI CABLE SYSTEMS PUN milestone 2 INR 410872.00,900000013142,410872.00,,HDFC-Current-4421
BL-000229,2026-04-27,2026-04-27,UPI/HDFC0001234/831906257203/ashwcol@paytm/ASHWINI COLD CHAIN LTD,900000016879,533253.00,,HDFC-Current-4421
BL-000230,2026-04-27,2026-04-27,NEFT CR UTIB0002233 900000015350 FROM TRIVIDATA ROOFING PRODUCT against inv INR 567503.00 ,900000015350,567503.00,,HDFC-Current-4421
BL-000231,2026-04-27,2026-04-27,NEFT CR KKBK0000812 900000027614 FROM PUSHPA METALS AGRI INPUTS KOC full and final INR 846,900000027614,846102.00,,HDFC-Current-4421
BL-000232,2026-04-27,2026-04-27,NEFT CR KKBK0000812 900000031311 FROM ORBITEX PAPER MILLS NOI milestone 2 INR 951674.00 IN,900000031311,951674.00,,HDFC-Current-4421
BL-000233,2026-04-27,2026-04-27,NEFT CR UTIB0002233 900000018834 FROM SAHYADRI POLYMERS PVT LTD freight charges INR 103403,900000018834,1034038.00,,HDFC-Current-4421
BL-000234,2026-04-27,2026-04-27,NEFT CR SBIN0000921 900000023553 FROM ASHWINI IQTERIORS & CO advance INR 1484464.00 INV-20,900000023553,1484464.00,,HDFC-Current-4421
BL-000235,2026-04-27,2026-04-27,UPI/HDFC0001234/884553102099/INV-2026-000407/merilab@ybl/MERIDIAN LAB SUPPLIES & CO,900000026630,2286415.00,,HDFC-Current-4421
BL-000236,2026-04-28,2026-04-28,NEFT DR SBIN0000921 900000027730 FROM VRUNDAVAN I against inv INR 1621619.00 VB-2026-00042,900000027730,,1621619.00,HDFC-Current-4421
BL-000237,2026-04-28,2026-04-28,VB-2026-000064 NEFT DR KKBK0000812 900000011642 FROM PRAGATI FAB SERVICES LTD freight char,900000011642,,1306764.00,HDFC-Current-4421
BL-000238,2026-04-28,2026-04-28,VB-2026-000432 NEFT DR HDFC0001234 900000027885 FROM VRUNDAVAN INTE invoice settlement INR,900000027885,,465634.00,HDFC-Current-4421
BL-000239,2026-04-28,2026-04-28,NEFT DR HDFC0001234 900000017960 FROM KARMAN PRINT SILUTIONS LTD against inv INR 90640.00 ,900000017960,,90640.00,HDFC-Current-4421
BL-000240,2026-04-28,2026-04-28,RAZORPAY PAYMENTS GATEWAY SETTLEMENT setl_00000047 UTR 900000002446,900000002446,15773.98,,HDFC-Current-4421
BL-000241,2026-04-28,2026-04-28,NEFT CR UTIB0002233 900000017232 FROM SURYAVANSH PRINT S advance INR 218504.00,900000017232,218504.00,,HDFC-Current-4421
BL-000242,2026-04-28,2026-04-28,NEFT CR HDFC0001234 900000011576 FROM SAHYADRI POLYMERS PV invoice settlement INR 270705.0,900000011576,270705.00,,HDFC-Current-4421
BL-000243,2026-04-28,2026-04-28,UPI/HDFC0001234/744433258682/INV-2026-000493/merilab@ybl/MERIDIAN LAB SUPPLIES &ECO,900000030762,290742.00,,HDFC-Current-4421
BL-000244,2026-04-28,2026-04-28,NEFT CR ICIC0000429 900000014410 FROM SURYAVANSH P amc renewal INR 428894.00,900000014410,428894.00,,HDFC-Current-4421
BL-000245,2026-04-28,2026-04-28,NEFT CR HDFC0001234 900000018394 FROM VEDIKA FACILITY MANAGEMENT & CO milestone 2 INR 4674,900000018394,467443.00,,HDFC-Current-4421
BL-000246,2026-04-29,2026-04-29,UPI/HDFC0001234/856720092544/eversta@paytm/EVERSTONE STAFFING & CO,900000011713,,706600.00,HDFC-Current-4421
BL-000247,2026-04-29,2026-04-29,NEFT DR SBIN0000921 900000029227 FROM LOHIYA LOGISTICS LTD invoice settlement INR 397480.0,900000029227,,397480.00,HDFC-Current-4421
BL-000248,2026-04-29,2026-04-29,UPI/HDFC0001234/372334072438/INV-2026-000147/anancon@paytm/ANANT INFRA CONVEYA,900000015417,56793.00,,HDFC-Current-4421
BL-000249,2026-04-29,2026-04-29,RAZORPAY PAYMENTS GATEWAY SETTLEMENT setl_00000048 UTR 900000002521,900000002521,130041.19,,HDFC-Current-4421
BL-000250,2026-04-29,2026-04-29,NEFT CR KKBK0000812 900000015768 FROM COPPERLEAF ELECTRICALS PVT LTD part payment INR 5797,900000015768,579746.00,,HDFC-Current-4421
BL-000251,2026-04-29,2026-04-29,UPI/HDFC0001234/935647772857/INV-2026-000496/merilab@paytm/MERIDIAN LAB SUPPLIES LLP,900000030881,1021608.00,,HDFC-Current-4421
BL-000252,2026-04-29,2026-04-29,RTGS UTIB0002233 900000015999 SHREE BALAJI HARDWARE PRIVATE LIMITED INR 1708406.00 freight,900000015999,1708406.00,,HDFC-Current-4421
BL-000253,2026-04-30,2026-04-30,UPI/HDFC0001234/806876071711/pragcon@okhdfcbank/PRAGATI CONVEYANCVS & CO/RT-2026-000197,900000017767,,432734.00,HDFC-Current-4421
BL-000254,2026-04-30,2026-04-30,UPI/HDFC0001234/492889224455/eversta@ybl/EVERSTONE SIAFFING & CO/RT-2026-000067,900000011726,,401094.00,HDFC-Current-4421
BL-000255,2026-04-30,2026-04-30,UPI/HDFC0001234/435269901851/bluecol@paytm/BLUEPEAK COLD CHAIN PVT LTD,900000011695,,295651.00,HDFC-Current-4421
BL-000256,2026-04-30,2026-04-30,RAZORPAY PAYMENTS GATEWAY SETTLEMENT setl_00000049 UTR 900000002607,900000002607,52510.22,,HDFC-Current-4421
BL-000257,2026-04-30,2026-04-30,NEFT CR UTIB0002233 900000021367 FROM SURYAVANSHYPRINT security deposit INR 336402.00,900000021367,336402.00,,HDFC-Current-4421
BL-000258,2026-04-30,2026-04-30,NEFT CR KKBK0000812 900000030955 FROM GOLDCREST STEEL TRAD amc renewal INR 365198.00 INV-2,900000030955,365198.00,,HDFC-Current-4421
BL-000259,2026-04-30,2026-04-30,UPI/HDFC0001234/417702576662/orbidai@paytm/ORBVDAI FOODS ,900000036944,854364.00,,HDFC-Current-4421
BL-000260,2026-05-01,2026-05-01,NEFT DR HDFC0001234 900000079525 FROM ACME INDUSTRIES PAYROLL LLP full and final INR 34500,900000079525,,3450000.00,HDFC-Current-4421
BL-000261,2026-05-01,2026-05-01,NEFT DR SBIN0000921 900000023347 FROM TRINETRA AGRI INPVTS FAR milestone 2 INR 815315.00,900000023347,,815315.00,HDFC-Current-4421
BL-000262,2026-05-01,2026-05-01,VB-2026-000013 NEFT DR KKBK0000812 900000009337 FROM ZENITH ONE TEXTILES NAG amc renewal I,900000009337,,635552.00,HDFC-Current-4421
BL-000263,2026-05-01,2026-05-01,VB-2026-000013 NEFT DR KKBK0000812 900000009337 FROM ZENITH ONE TEXTILES NAG amc renewal I,900000009337,,635552.00,HDFC-Current-4421
BL-000264,2026-05-01,2026-05-01,NEFT DR KKBK0000812 900000026977 FROM EVERSTONE RECYCLERS & CO milestone 2 INR 327019.00 R,900000026977,,327019.00,HDFC-Current-4421
BL-000265,2026-05-01,2026-05-01,UPI/HDFC0001234/482891356011/VB-2026-000053/ashwmac@paytm/ASHWINI MACHINE PARTS LTD,900000011022,,267367.00,HDFC-Current-4421
BL-000266,2026-05-01,2026-05-01,RT-2026-000352 NEFT DR HDFC0001234 900000024163 FROM MERIDIAN P  material supply INR 78791,900000024163,,78791.00,HDFC-Current-4421
BL-000267,2026-05-01,2026-05-01,NEFT CR ICIC0000429 900000020197 FROM SURYAVANSH PRINT SOLUTIONS & CO material supply INR ,900000020197,95183.00,,HDFC-Current-4421
BL-000268,2026-05-01,2026-05-01,RAZORPAY PAYMENTS GATEWAY SETTLEMENT setl_00000050 UTR 900000002650,900000002650,119367.86,,HDFC-Current-4421
BL-000269,2026-05-01,2026-05-01,RTGS UTIB0002233 900000033725 SAPTAGIRI ANALYTICS PVT LTD INR 625920.00 invoice settlement,900000033725,625920.00,,HDFC-Current-4421
BL-000270,2026-05-01,2026-05-01,INV-2026-000086 NEFT CR UTIB0002233 900000012398 FROM SURYAVANSH CATERING SERVICES COMPANY,900000012398,720643.00,,HDFC-Current-4421
BL-000271,2026-05-01,2026-05-01,NEFT CR HDFC0001234 900000011885 FROM ANANT INFRA STAFFING PRIVATE LIMITED against inv INR,900000011885,1884284.00,,HDFC-Current-4421
BL-000272,2026-05-02,2026-05-02,VB-2026-000266 NEFT DR SBIN0000921 900000020419 FROM MERIDIAN POLYMERS LTD freight charges,900000020419,,873688.00,HDFC-Current-4421
BL-000273,2026-05-02,2026-05-02,NEFT DR KKBK0000812 900000025303 FROM TRINETRA AGRI security deposit INR 355993.00 RT-2026,900000025303,,355993.00,HDFC-Current-4421
BL-000274,2026-05-02,2026-05-02,UPI/HDFC0001234/690994299509/bluecol@paytm/BLUEPEAK COLD CHAIN BVT LTD,900000015543,,243566.00,HDFC-Current-4421
BL-000275,2026-05-02,2026-05-02,NEFT DR HDFC0001234 900000028232 FROM VRUNDAVAN INTERIORS PVT LTD full and final INR 14550,900000028232,,145507.00,HDFC-Current-4421
BL-000276,2026-05-02,2026-05-02,RAZORPAY PAYMENTS GATEWAY SETTLEMENT setl_00000051 UTR 900000002733,900000002733,83499.44,,HDFC-Current-4421
BL-000277,2026-05-02,2026-05-02,UPI/HDFC0001234/226020056318/orbidai@paytm/ORBITEX DAIRY FOODS PVT LTD,900000028640,609584.00,,HDFC-Current-4421
BL-000278,2026-05-02,2026-05-02,INV-2026-000329 NEFT CR HDFC0001234 900000023132 FROM TRIVIDATA ROOFING PRODUCTS PVT LTD f,900000023132,1119076.00,,HDFC-Current-4421
BL-000279,2026-05-04,2026-05-04,NEFT DR SBIN0000921 900000079659 FROM STATE BANK EQUIP LOAN milestone 2 INR 1250000.00,900000079659,,1250000.00,HDFC-Current-4421
BL-000280,2026-05-04,2026-05-04,NEFT DR SBIN0000921 900000028305 FROM EVERSTONE RECYCLERS & CO against inv INR 715805.00,900000028305,,715805.00,HDFC-Current-4421
BL-000281,2026-05-04,2026-05-04,NEFT DR SBIN0000921 900000014849 FROM KARMAN PRI freight charges INR 565761.00,900000014849,,565761.00,HDFC-Current-4421
BL-000282,2026-05-04,2026-05-04,VB-2026-000277 NEFT DR UTIB0002233 900000021017 FROM TRINETRA AGRI INPUTS COMPANY mileston,900000021017,,421891.00,HDFC-Current-4421
BL-000283,2026-05-04,2026-05-04,NEFT DR SBIN0000921 900000026348 FROM VRUNDAVAN INTERIORS NOI against inv INR 377157.00,900000026348,,377157.00,HDFC-Current-4421
BL-000284,2026-05-04,2026-05-04,RT-2026-000271 NEFT DR SBIN0000921 900000020608 FROM NORTHLINE ROOFING PRODUCTS PVT LTD fr,900000020608,,212918.00,HDFC-Current-4421
BL-000285,2026-05-04,2026-05-04,UPI/HDFC0001234/308273293897/VB-2026-000332/merihar@okhdfcbank/MEDIDIAN HARDWARE,900000023201,,141581.00,HDFC-Current-4421
BL-000286,2026-05-04,2026-05-04,NEFT DR UTIB0002233 900000021949 FROM KARMAN PRINT SOLUTI advance INR 132983.00 RT-2026-00,900000021949,,132983.00,HDFC-Current-4421
BL-000287,2026-05-04,2026-05-04,RTGS UTIB0002233 900000029697 SUNDARA WATER TREATMENT JAI INR 112489.00 milestone 2 RT-202,900000029697,,112489.00,HDFC-Current-4421
BL-000288,2026-05-04,2026-05-04,RAZORPAY PAYMENTS GATEWAY SETTLEMENT setl_00000053 UTR 900000002789,900000002789,40892.25,,HDFC-Current-4421
BL-000289,2026-05-04,2026-05-04,UPI/HDFC0001234/249607438137/anancon@ybl/ANANT INFRA CONVEYANCES P,900000022962,71041.00,,HDFC-Current-4421
BL-000290,2026-05-04,2026-05-04,INV-2026-000244 NEFT CR HDFC0001234 900000019452 FROM ZENILOG LOGISTICS amc renewal INR 73,900000019452,73479.00,,HDFC-Current-4421
BL-000291,2026-05-04,2026-05-04,RAZORPAY PAYMENTS GATEWAY SETTLEMENT setl_00000052 UTR 900000002774,900000002774,95182.68,,HDFC-Current-4421
BL-000292,2026-05-04,2026-05-04,RTGS SBIN0000921 900000037316 SAWTAGIRI ANALYTICS LTD INR 267143.00 milestone 2,900000037316,267143.00,,HDFC-Current-4421
BL-000293,2026-05-04,2026-05-04,CHQ CLG VEDIKA TEXTILES CIMPANY INV-2026-000465,900000029492,405304.00,,HDFC-Current-4421
BL-000294,2026-05-04,2026-05-04,CHQ CLG VEDIKA TEXTILES CIMPANY INV-2026-000465,900000029492,405304.00,,HDFC-Current-4421
BL-000295,2026-05-04,2026-05-04,NEFT CR KKBK0000812 900000019402 FROM ASHWINI INTERI  advance INR 466916.00,900000019402,466916.00,,HDFC-Current-4421
BL-000296,2026-05-04,2026-05-04,UPI/HDFC0001234/729040984826/nalarec@ybl/NALANDA RECYCLERS LLP/INV-2026-000424,900000027380,559601.00,,HDFC-Current-4421
BL-000297,2026-05-04,2026-05-04,INV-2026-000252 NEFT CR UTIB0002233 900000019929 FROM ZENITH ONE LOGIS invoice settlement ,900000019929,613476.00,,HDFC-Current-4421
BL-000298,2026-05-04,2026-05-04,UPI/HDFC0001234/380611428545/nalarec@paytm/NALANDA RECYCLERS LLP/INV-2026-000492,900000030747,756092.00,,HDFC-Current-4421
BL-000299,2026-05-04,2026-05-04,INV-2026-000175 NEFT CR HDFC0001234 900000016537 FROM COPPERLEAF ELECTRI amc renewal INR 1,900000016537,1685544.00,,HDFC-Current-4421
BL-000300,2026-05-04,2026-05-04,INV-2026-000175 NEFT CR HDFC0001234 900000016537 FROM COPPERLEAF ELECTRI amc renewal INR 1,900000016537,1685544.00,,HDFC-Current-4421
BL-000301,2026-05-04,2026-05-04,UPI/HDFC0001234/721831413263/ashwcol@okhdfcbank/ASHWINI COLD,900000020242,2194977.00,,HDFC-Current-4421
BL-000302,2026-05-05,2026-05-05,NEFT DR KKBK0000812 900000079594 FROM SKYLINE ESTATES PVT LTD  invoice settlement INR 7800,900000079594,,780000.00,HDFC-Current-4421
BL-000303,2026-05-05,2026-05-05,UPI/HDFC0001234/636249098836/pragcon@paytm/PRAGATI CONV,900000020527,,639205.00,HDFC-Current-4421
BL-000304,2026-05-05,2026-05-05,UPI/HDFC0001234/250922172975/VB-2026-000071/eversta@ybl/EVERSTONE STAFFING & CO,900000011831,,450653.00,HDFC-Current-4421
BL-000305,2026-05-05,2026-05-05,NEFT DR ICIC0000429 900000015829 FROM TRINETRA SOLAR EPC GUW part payment INR 411214.00 RT,900000015829,,411214.00,HDFC-Current-4421
BL-000306,2026-05-05,2026-05-05,NEFT DR KKBK0000812 900000033976 FROM LOHIYA LOGISTICS LLP material supply INR 259583.00,900000033976,,259583.00,HDFC-Current-4421
BL-000307,2026-05-05,2026-05-05,NEFT CR SBIN0000921 900000008732 FROM NALAFAB SERVICES  security deposit INR 165088.00 INV,900000008732,165088.00,,HDFC-Current-4421
BL-000308,2026-05-05,2026-05-05,RTGS UTIB0002233 900000022239 SHREE BALAJI HARDWARE PRIVATE LIMITED INR 203677.00 security,900000022239,203677.00,,HDFC-Current-4421
BL-000309,2026-05-05,2026-05-05,UPI/HDFC0001234/503260972573/anancon@paytm/ANANT INFRA CONVEYANCES PVT LTD/INV-2026-000422,900000027300,234481.00,,HDFC-Current-4421
BL-000310,2026-05-05,2026-05-05,UPI/HDFC0001234/476615337049/orbidai@paytm/ORBITEX DAIRY FOOD/INV-2026-000482,900000030252,342028.00,,HDFC-Current-4421
BL-000311,2026-05-05,2026-05-05,NEFT CR SBIN0000921 900000021148 FROM TRIVIRATA ROOFIN amc renewal INR 428761.00 INV-2026-,900000021148,428761.00,,HDFC-Current-4421
BL-000312,2026-05-05,2026-05-05,NEFT CR UTIB0002233 900000025015 FROM ASHWINI INTERIORS & CO part payment INR 488204.00,900000025015,488204.00,,HDFC-Current-4421
BL-000313,2026-05-05,2026-05-05,NEFT CR UTIB0002233 900000014063 FROM ORBITEX PACK material supply INR 699758.00,900000014063,699758.00,,HDFC-Current-4421
BL-000314,2026-05-06,2026-05-06,UPI/HDFC0001234/561476082168/eversta@okhdfcbank/EVERSTONE STAFFI /RT-2026-000112,900000013536,,507580.00,HDFC-Current-4421
BL-000315,2026-05-06,2026-05-06,NEFT DR SBIN0000921 900000010012 FROM KARMAN PRINT SOLUTIONS KOC milestone 2 INR 419284.00,900000010012,,419284.00,HDFC-Current-4421
BL-000316,2026-05-06,2026-05-06,NEFT DR HDFC0001234 900000028266 FROM VRUNDAVAN INTERIORS LTD material supply INR 310826.0,900000028266,,310826.00,HDFC-Current-4421
BL-000317,2026-05-06,2026-05-06,NEFT CR KKBK0000812 900000019510 FROM SURYAVANSH CATERING SERVICES COMPANY material supply,900000019510,77960.00,,HDFC-Current-4421
BL-000318,2026-05-06,2026-05-06,RAZORPAY PAYMENTS GATEWAY SETTLEMENT setl_00000054 UTR 900000002826,900000002826,130947.11,,HDFC-Current-4421
BL-000319,2026-05-06,2026-05-06,INV-2026-000483 CHQ CLG VEDITEX TEXTILES INV-2026-000483,900000030294,193717.00,,HDFC-Current-4421
BL-000320,2026-05-06,2026-05-06,NEFT CR KKBK0000812 900000023123 FROM SURYAVANSH PETRO CH security deposit INR 232063.00 I,900000023123,232063.00,,HDFC-Current-4421
BL-000321,2026-05-06,2026-05-06,RTGS KKBK0000812 900000034997 SAPTAGIRI ANALYTICS KOC INR 604490.00 full and final INV-202,900000034997,604490.00,,HDFC-Current-4421
BL-000322,2026-05-06,2026-05-06,NEFT CR KKBK0000812 900000014394 FROM ORBITEX PACK  against inv INR 677771.00 INV-2026-000,900000014394,677771.00,,HDFC-Current-4421
BL-000323,2026-05-06,2026-05-06,NEFT CR ICIC0000429 900000023912 FROM TRIVROO PR  full and final INR 698769.00,900000023912,698769.00,,HDFC-Current-4421
BL-000324,2026-05-07,2026-05-07,NEFT DR UTIB0002233 900000024604 FROM PRAGATI FAB SERVICES LTD advance INR 664961.00 VB-20,900000024604,,664961.00,HDFC-Current-4421
BL-000325,2026-05-07,2026-05-07,RAZORPAY PAYMENTS GATEWAY SETTLEMENT setl_00000055 UTR 900000002851,900000002851,120760.03,,HDFC-Current-4421
BL-000326,2026-05-07,2026-05-07,INV-2026-000365 NEFT CR HDFC0001234 900000024855 FROM ASHWCAB SYSTEMS material supply INR ,900000024855,144541.00,,HDFC-Current-4421
BL-000327,2026-05-07,2026-05-07,UPI/HDFC0001234/237205841810/merilab@paytm/MERIDIAN LAB SUPOLIES LLP/INV-2026-000529,900000032307,393129.00,,HDFC-Current-4421
BL-000328,2026-05-07,2026-05-07,NEFT CR SBIN0000921 900000012703 FROM VEDIKA FACILITY MANAGEMENT & CO advance INR 499100.0,900000012703,499100.00,,HDFC-Current-4421
BL-000329,2026-05-07,2026-05-07,RTGS UTIB0002233 900000013438 SHREE BALAJI  INR 505807.00 against inv INV-2026-000110,900000013438,505807.00,,HDFC-Current-4421
BL-000330,2026-05-07,2026-05-07,INV-2026-000272 NEFT CR ICIC0000429 900000020686 FROM VEDIFAC MANAGEMENT milestone 2 INR 6,900000020686,630481.00,,HDFC-Current-4421
BL-000331,2026-05-08,2026-05-08,VB-2026-000263 NEFT DR UTIB0002233 900000020363 FROM PRAGATI FAB  milestone 2 INR 466140.0,900000020363,,466140.00,HDFC-Current-4421
BL-000332,2026-05-08,2026-05-08,VB-2026-000298 NEFT DR UTIB0002233 900000021786 FROM MERIDIAN PO  freight charges INR 4322,900000021786,,432259.00,HDFC-Current-4421
BL-000333,2026-05-08,2026-05-08,NEFT DR HDFC0001234 900000020388 FROM KARMAN PRINT SOLUT freight charges INR 257361.00 RT-,900000020388,,257361.00,HDFC-Current-4421
BL-000334,2026-05-08,2026-05-08,RT-2026-000331 NEFT DR ICIC0000429 900000023188 FROM KAGMAN PRINT SOLUTIONS KOC freight ch,900000023188,,194701.00,HDFC-Current-4421
BL-000335,2026-05-08,2026-05-08,RAZORPAY PAYMENTS GATEWAY SETTLEMENT setl_00000056 UTR 900000002894,900000002894,112578.80,,HDFC-Current-4421
BL-000336,2026-05-08,2026-05-08,UPI/HDFC0001234/563366396152/INV-2026-000550/nalarec@okaxis/NALANDA RECYCLERS GUW,900000033271,117949.00,,HDFC-Current-4421
BL-000337,2026-05-08,2026-05-08,INV-2026-000596 RTGS HDFC0001234 900000035608 SAPTAGIRI ANALYTIVS LTD INR 137942.00 freigh,900000035608,137942.00,,HDFC-Current-4421
BL-000338,2026-05-08,2026-05-08,NEFT CR UTIB0002233 900000013000 FROM ORBITEX PACKAGING PRIVATE LIMITED advance INR 364825,900000013000,364825.00,,HDFC-Current-4421
BL-000339,2026-05-08,2026-05-08,NEFT CR KKBK0000812 900000025919 FROM ASHWINI CABLE SYSTEMS LTD part payment INR 371801.00,900000025919,371801.00,,HDFC-Current-4421
BL-000340,2026-05-08,2026-05-08,"INV-2026-000231,INV-2026-000250,INV-2026-000348 NEFT CR HDFC0001234 900000080452 FROM ASHW",900000080452,579177.00,,HDFC-Current-4421
BL-000341,2026-05-08,2026-05-08,NEFT CR HDFC0001234 900000031835 FROM GOLDCREST STEEL TRADERS COMPANY security deposit INR,900000031835,655816.00,,HDFC-Current-4421
BL-000342,2026-05-09,2026-05-09,NEFT DR HDFC0001234 900000018193 FROM PRAGATI FAB SERVICES LTD freight charges INR 425556.,900000018193,,425556.00,HDFC-Current-4421
BL-000343,2026-05-09,2026-05-09,UPI/HDFC0001234/732403942855/pragcon@paytm/PRAGATI CONVEYANCES PVT LTD,900000030506,,380114.00,HDFC-Current-4421
BL-000344,2026-05-09,2026-05-09,VB-2026-000403 NEFT DR HDFC0001234 900000026403 FROM KARMAN PRINT SOLUTIONS LTD part payme,900000026403,,379148.00,HDFC-Current-4421
BL-000345,2026-05-09,2026-05-09,NEFT DR SBIN0000921 900000027088 FROM MERIDIAN POLYM part payment INR 109085.00,900000027088,,109085.00,HDFC-Current-4421
BL-000346,2026-05-09,2026-05-09,NEFT CR KKBK0000812 900000022179 FROM SURYAVANSH  full and final INR 53493.00 INV-2026-000,900000022179,53493.00,,HDFC-Current-4421
BL-000347,2026-05-09,2026-05-09,RAZORPAY PAYMENTS GATEWAY SETTLEMENT setl_00000057 UTR 900000002924,900000002924,113234.19,,HDFC-Current-4421
BL-000348,2026-05-09,2026-05-09,INV-2026-000484 CHQ CLG VEDIKA TEX INV-2026-000484,900000030358,254778.00,,HDFC-Current-4421
BL-000349,2026-05-09,2026-05-09,NEFT CR ICIC0000429 900000023805 FROM COPPERLEAF ELECTRICALS PVT LTD invoice settlement IN,900000023805,486802.00,,HDFC-Current-4421
BL-000350,2026-05-09,2026-05-09,UPI/HDFC0001234/943903409006/merilab@okaxis/MERIDIAN LAB ,900000031414,820223.00,,HDFC-Current-4421
BL-000351,2026-05-09,2026-05-09,NEFT CR HDFC0001234 900000017037 FROM COPPERLEAF ELECTRICALS P advance INR 1384328.00 INV-,900000017037,1384328.00,,HDFC-Current-4421
BL-000352,2026-05-11,2026-05-11,RT-2026-000499 NEFT DR ICIC0000429 900000031118 FROM EVERSTONE RECYCLERS COMPANY milestone,900000031118,,454221.00,HDFC-Current-4421
BL-000353,2026-05-11,2026-05-11,CHQ CLG ORBITEX WA ,900000026270,,441307.00,HDFC-Current-4421
BL-000354,2026-05-11,2026-05-11,VB-2026-000199 NEFT DR UTIB0002233 900000017897 FROM ZENITH ONE TEXTILES PVT LTD security ,900000017897,,320561.00,HDFC-Current-4421
BL-000355,2026-05-11,2026-05-11,VB-2026-000387 NEFT DR KKBK0000812 900000025827 FROM MERIDIAN POLYM freight charges INR 13,900000025827,,133378.00,HDFC-Current-4421
BL-000356,2026-05-11,2026-05-11,UPI/HDFC0001234/796892869206/VB-2026-000011/karmcat@okaxis/KARMAN CATERING SE,900000009197,,124865.00,HDFC-Current-4421
BL-000357,2026-05-11,2026-05-11,RAZORPAY PAYMENTS GATEWAY SETTLEMENT setl_00000059 UTR 900000003005,900000003005,29468.68,,HDFC-Current-4421
BL-000358,2026-05-11,2026-05-11,UPI/HDFC0001234/842357975778/INV-2026-000326/anancon@okaxis/ANANT INFR,900000023105,45680.00,,HDFC-Current-4421
BL-000359,2026-05-11,2026-05-11,INV-2026-000523 NEFT CR HDFC0001234 900000032111 FROM ASNWINI CABLE SYSTEMS PUN amc renewa,900000032111,65605.00,,HDFC-Current-4421
BL-000360,2026-05-11,2026-05-11,RAZORPAY PAYMENTS GATEWAY SETTLEMENT setl_00000058 UTR 900000002947,900000002947,92878.71,,HDFC-Current-4421
BL-000361,2026-05-11,2026-05-11,CHQ CLG VEDIKA TEXTILES INV-2026-000524,900000032115,186094.00,,HDFC-Current-4421
BL-000362,2026-05-11,2026-05-11,UPI/HDFC0001234/594278362827/INV-2026-000002/everwat@okhdfcbank/EVERSTONE FATER,900000008814,190337.00,,HDFC-Current-4421
BL-000363,2026-05-11,2026-05-11,NEFT CR SBIN0000921 900000026529 FROM TRIVROO PR amc renewal INR 257308.00 INV-2026-000405,900000026529,257308.00,,HDFC-Current-4421
BL-000364,2026-05-11,2026-05-11,NEFT CR KKBK0000812 900000018501 FROM ZENITH ONE LOGBSTICS amc renewal INR 261579.00,900000018501,261579.00,,HDFC-Current-4421
BL-000365,2026-05-11,2026-05-11,NEFT CR SBIN0000921 900000023633 FROM SURYAVANSH PRINT SOLUTIONS & CO against inv INR 3358,900000023633,335864.00,,HDFC-Current-4421
BL-000366,2026-05-11,2026-05-11,RTGS SBIN0000921 900000037066 SAPTAGIRI ANALYTICS KOC INR 418567.00 amc renewal INV-2026-0,900000037066,418567.00,,HDFC-Current-4421
BL-000367,2026-05-11,2026-05-11,CHQ CLG VEDIKA TEXTILES COMPANY INV-2026-000452,900000028920,458753.00,,HDFC-Current-4421
BL-000368,2026-05-11,2026-05-11,INV-2026-000346 RTGS ICIC0000429 900000023971 SHREE BALAJI HARDWARE PUN INR 693223.00 mile,900000023971,693223.00,,HDFC-Current-4421
BL-000369,2026-05-11,2026-05-11,NEFT CR ICIC0000429 900000032770 FROM PUSHPA METALS AGRI INPUTS KOC advance INR 774155.00,900000032770,774155.00,,HDFC-Current-4421
BL-000370,2026-05-11,2026-05-11,INV-2026-000005 NEFT CR SBIN0000921 900000008963 FROM GOLDCREST SECURITY SY amc renewal IN,900000008963,1288560.00,,HDFC-Current-4421
BL-000371,2026-05-12,2026-05-12,RT-2026-000510 NEFT DR KKBK0000812 900000031572 FROM EVERSTONE RECYCLERS & CO milestone 2 ,900000031572,,1006886.00,HDFC-Current-4421
BL-000372,2026-05-12,2026-05-12,VB-2026-000399 RTGS SBIN0000921 900000026235 VAISHNAVI PIPING SOLUTIONS LTD INR 642683.00 ,900000026235,,642683.00,HDFC-Current-4421
BL-000373,2026-05-12,2026-05-12,VB-2026-000020 NEFT DR KKBK0000812 900000009614 FROM SHREE BAYAJI ANALYTICS PRIVATE LIMITE,900000009614,,315932.00,HDFC-Current-4421
BL-000374,2026-05-12,2026-05-12,RAZORPAY PAYMENTS GATEWAY SETTLEMENT setl_00000060 UTR 900000003043,900000003043,3845.60,,HDFC-Current-4421
BL-000375,2026-05-12,2026-05-12,NEFT CR HDFC0001234 900000026088 FROM TRIVIDATA R against inv INR 295491.00,900000026088,295491.00,,HDFC-Current-4421
BL-000376,2026-05-12,2026-05-12,INV-2026-000444 NEFT CR UTIB0002233 900000028458 FROM ASHWINI INTERIORS COMPANY milestone ,900000028458,298528.00,,HDFC-Current-4421
BL-000377,2026-05-12,2026-05-12,NEFT CR KKBK0000812 900000024053 FROM ZENITH ONE LOGISTICS & CO milestone 2 INR 715953.00 ,900000024053,715953.00,,HDFC-Current-4421
BL-000378,2026-05-12,2026-05-12,CHQ CLG VEDIKA TEXTIL INV-2026-000547,900000033194,818192.00,,HDFC-Current-4421
BL-000379,2026-05-12,2026-05-12,INV-2026-000201 NEFT CR ICIC0000429 900000017969 FROM SAHYADRI POLYMERS  milestone 2 INR 9,900000017969,983633.00,,HDFC-Current-4421
BL-000380,2026-05-13,2026-05-13,NEFT DR ICIC0000429 900000035891 FROM VRUNINTBINTERIORS advance INR 944530.00,900000035891,,944530.00,HDFC-Current-4421
BL-000381,2026-05-13,2026-05-13,UPI/HDFC0001234/883279785878/RT-2026-000116/eversta@okhdfcbank/EVERSTONE STAFFING & CO,900000013719,,351073.00,HDFC-Current-4421
BL-000382,2026-05-13,2026-05-13,NEFT DR KKBK0000812 900000009294 FROM TRINETRA SOLAR EPC LLP material supply INR 281964.00,900000009294,,281964.00,HDFC-Current-4421
BL-000383,2026-05-13,2026-05-13,UPI/HDFC0001234/853878251367/eversta@paytm/EVERSTONE STAFFING & CO,900000014545,,281654.00,HDFC-Current-4421
BL-000384,2026-05-13,2026-05-13,UPI/HDFC0001234/543765520174/eversta@okhdfcbank/EVERSTONE STAFFING COMPANY,900000019062,,269622.00,HDFC-Current-4421
BL-000385,2026-05-13,2026-05-13,RTGS UTIB0002233 900000034187 SUNDARA WATER TREATMENT LTD INR 239859.00 against inv VB-202,900000034187,,239859.00,HDFC-Current-4421
BL-000386,2026-05-13,2026-05-13,RT-2026-000532 NEFT DR ICIC0000429 900000032453 FROM EVERSTONE RE milestone 2 INR 154807.0,900000032453,,154807.00,HDFC-Current-4421
BL-000387,2026-05-13,2026-05-13,RAZORPAY PAYMENTS GATEWAY SETTLEMENT setl_00000061 UTR 900000003101,900000003101,122277.86,,HDFC-Current-4421
BL-000388,2026-05-13,2026-05-13,UPI/HDFC0001234/662336544629/anancon@paytm/ANANT INFRA ,900000027690,256377.00,,HDFC-Current-4421
BL-000389,2026-05-13,2026-05-13,NEFT CR SBIN0000921 900000018310 FROM ORBIPAC PACKAGING against inv INR 394783.00 INV-2026,900000018310,394783.00,,HDFC-Current-4421
BL-000390,2026-05-13,2026-05-13,INV-2026-000105 NEFT CR UTIB0002233 900000013256 FROM GOLDCREST SECURITY SYSTEMS LTD mater,900000013256,424889.00,,HDFC-Current-4421
BL-000391,2026-05-13,2026-05-13,NEFT CR UTIB0002233 900000013372 FROM ORBITEX PACKAGING RAJ freight charges INR 458321.00,900000013372,458321.00,,HDFC-Current-4421
BL-000392,2026-05-13,2026-05-13,NEFT CR KKBK0000812 900000032719 FROM GOLDCREST STEEL TRADERS COMPANY security deposit INR,900000032719,493837.00,,HDFC-Current-4421
BL-000393,2026-05-13,2026-05-13,RTGS SBIN0000921 900000018990 SHREE BALAJI HARDIARE INR 517298.00 part payment INV-2026-00,900000018990,517298.00,,HDFC-Current-4421
BL-000394,2026-05-13,2026-05-13,NEFT CR SBIN0000921 900000015232 FROM ORBITEX PACKAGING PRI freight charges INR 2325469.00,900000015232,2325469.00,,HDFC-Current-4421
BL-000395,2026-05-14,2026-05-14,RT-2026-000531 NEFT DR KKBK0000812 900000032441 FROM VRUNDAVAN INTERIORS PVT LTD freight c,900000032441,,419178.00,HDFC-Current-4421
BL-000396,2026-05-14,2026-05-14,UPI/HDFC0001234/367512662484/bluecol@okhdfcbank/BLUEPEAK COLD CHAIN KOC/VB-2026-000239,900000019336,,340491.00,HDFC-Current-4421
BL-000397,2026-05-14,2026-05-14,UPI/HDFC0001234/551686440044/VB-2026-000018/ashwmac@okhdfcbank/ASHWINI MACHINE ,900000009571,,329917.00,HDFC-Current-4421
BL-000398,2026-05-14,2026-05-14,UPI/HDFC0001234/241330007632/ashwmac@paytm/ASHWINI MACHINE PARTS LTD/VB-2026-000225,900000018739,,250873.00,HDFC-Current-4421
BL-000399,2026-05-14,2026-05-14,UPI/HDFC0001234/241330007632/ashwmac@paytm/ASHWINI MACHINE PARTS LTD/VB-2026-000225,900000018739,,250873.00,HDFC-Current-4421
BL-000400,2026-05-14,2026-05-14,UPI/HDFC0001234/773443858908/eversta@paytm/EVERSTONE STAFFING & CO,900000017526,,149431.00,HDFC-Current-4421
BL-000401,2026-05-14,2026-05-14,UPI/HDFC0001234/299005314085/karmcat@paytm/KARMAN CATERING SERVICES LLP,900000013545,,122531.00,HDFC-Current-4421
BL-000402,2026-05-14,2026-05-14,RAZORPAY PAYMENTS GATEWAY SETTLEMENT setl_00000062 UTR 900000003192,900000003192,82874.38,,HDFC-Current-4421
BL-000403,2026-05-14,2026-05-14,UPI/HDFC0001234/882325359145/INV-2026-000464/anancon@paytm/ANANT INFRA CONVEYANCES PVT LTD,900000029465,150555.00,,HDFC-Current-4421
BL-000404,2026-05-14,2026-05-14,NEFT CR ICIC0000429 900000039332 FROM ORBITEX PAPER MILLS PVT LTD advance INR 796550.00 IN,900000039332,796550.00,,HDFC-Current-4421
BL-000405,2026-05-14,2026-05-14,INV-2026-000380 NEFT CR SBIN0000921 900000025599 FROM SURYAVANSH PETRO CHE part payment IN,900000025599,1321291.00,,HDFC-Current-4421
BL-000406,2026-05-15,2026-05-15,NEFT DR SBIN0000921 900000009916 FROM GOLDCREST STEEL TRADERS COMPANY advance INR 578096.0,900000009916,,578096.00,HDFC-Current-4421
BL-000407,2026-05-15,2026-05-15,NEFT DR ICIC0000429 900000027836 FROM MERIDIAN POLYMERS LTD advance INR 299099.00 RT-2026-,900000027836,,299099.00,HDFC-Current-4421
BL-000408,2026-05-15,2026-05-15,NEFT DR HDFC0001234 900000029980 FROM MERIDIAN POLYMERS LTD full and final INR 267961.00,900000029980,,267961.00,HDFC-Current-4421
BL-000409,2026-05-15,2026-05-15,RT-2026-000038 NEFT DR HDFC0001234 900000010343 FROM SHREE BALAJI ANALYTICS PRIVATE LI ful,900000010343,,254895.00,HDFC-Current-4421
BL-000410,2026-05-15,2026-05-15,UPI/HDFC0001234/789024009623/karmcat@okaxis/KARMCAT SERVICES,900000014887,,113697.00,HDFC-Current-4421
BL-000411,2026-05-15,2026-05-15,RAZORPAY PAYMENTS GATEWAY SETTLEMENT setl_00000063 UTR 900000003214,900000003214,85165.29,,HDFC-Current-4421
BL-000412,2026-05-15,2026-05-15,UPI/HDFC0001234/878042986187/ashwcol@okhdfcbank/ASHWINI COLD CHAIN ZOI,900000026901,257662.00,,HDFC-Current-4421
BL-000413,2026-05-15,2026-05-15,INV-2026-000610 CHQ CLG VEDIKA TEXTILES LLP INV-2026-000610,900000036268,445613.00,,HDFC-Current-4421
BL-000414,2026-05-15,2026-05-15,INV-2026-000205 CHQ CLG TRINETRA PIPING SOLUTIONS PUN INV-2026-000205,900000018091,633056.00,,HDFC-Current-4421
BL-000415,2026-05-15,2026-05-15,NEFT CR ICIC0000429 900000018435 FROM ORBITDX PACKAGING PVT LTD advance INR 1091304.00,900000018435,1091304.00,,HDFC-Current-4421
BL-000416,2026-05-15,2026-05-15,UPI/HDFC0001234/952001902982/nalarec@okaxis/NALANDA RECYCLERS LLP,900000032295,1485329.00,,HDFC-Current-4421
BL-000417,2026-05-15,2026-05-15,NEFT CR HDFC0001234 900000013221 FROM GOLDCREST SECURITY SYSTEMS & CO material supply INR ,900000013221,1874315.00,,HDFC-Current-4421
BL-000418,2026-05-16,2026-05-16,NEFT DR HDFC0001234 900000029237 FROM TRINETRA AGRI I amc renewal INR 465110.00,900000029237,,465110.00,HDFC-Current-4421
BL-000419,2026-05-16,2026-05-16,NEFT DR ICIC0000429 900000016317 FROM TRINETRA SOLAR EPC LLP advance INR 447452.00,900000016317,,447452.00,HDFC-Current-4421
BL-000420,2026-05-16,2026-05-16,UPI/HDFC0001234/853613914536/pragcon@ybl/PRAGATI CONVEYANCES PVT LTD,900000027135,,418900.00,HDFC-Current-4421
BL-000421,2026-05-16,2026-05-16,CHQ CLG ANANT INFRA ELECTRICALS PVT LTD ,900000037249,,329346.00,HDFC-Current-4421
BL-000422,2026-05-16,2026-05-16,INV-2026-000455 NEFT CR SBIN0000921 900000029056 FROM SURYAVANSH PRINT SOLUTIONS PUN part ,900000029056,89731.00,,HDFC-Current-4421
BL-000423,2026-05-16,2026-05-16,RAZORPAY PAYMENTS GATEWAY SETTLEMENT setl_00000064 UTR 900000003221,900000003221,105043.85,,HDFC-Current-4421
BL-000424,2026-05-16,2026-05-16,NEFT CR KKBK0000812 900000043030 FROM GOLDCREST WAREHOU full and final INR 158017.00 INV-2,900000043030,158017.00,,HDFC-Current-4421
BL-000425,2026-05-16,2026-05-16,NEFT CR UTIB0002233 900000034468 FROM ASHWINI INTERIORS COMPANY milestone 2 INR 243522.00,900000034468,243522.00,,HDFC-Current-4421
BL-000426,2026-05-16,2026-05-16,CHQ CLG TRINETRA PIPING S INV-2026-000366,900000024948,375803.00,,HDFC-Current-4421
BL-000427,2026-05-16,2026-05-16,NEFT CR UTIB0002233 900000028958 FROM TRIVIDATA ROOFING PRODUCTS PVT LTD advance INR 45678,900000028958,456780.00,,HDFC-Current-4421
BL-000428,2026-05-16,2026-05-16,NEFT CR HDFC0001234 900000016782 FROM ASHWINI SOLAR milestone 2 INR 477550.00 INV-2026-000,900000016782,477550.00,,HDFC-Current-4421
BL-000429,2026-05-16,2026-05-16,INV-2026-000722 NEFT CR UTIB0002233 900000040524 FROM GOLDCREST WAREHOUSING PRIVATE LIMITE,900000040524,480345.00,,HDFC-Current-4421
BL-000430,2026-05-16,2026-05-16,NEFT CR SBIN0000921 900000024852 FROM VEDIKA FACILITY MANAGEMENT LTD material supply INR 7,900000024852,701293.00,,HDFC-Current-4421
BL-000431,2026-05-16,2026-05-16,NEFT CR HDFC0001234 900000028555 FROM SURYAVANSH PRINT SOLUTIONS & CO amc renewal INR 7319,900000028555,731991.00,,HDFC-Current-4421
BL-000432,2026-05-16,2026-05-16,INV-2026-000369 NEFT CR ICIC0000429 900000025112 FROM COPPERLEAF ELECTRICALS PVT LTD miles,900000025112,934624.00,,HDFC-Current-4421
BL-000433,2026-05-16,2026-05-16,NEFT CR SBIN0000921 900000034791 FROM GOLDCREST STEEL TRADERS LTD amc renewal INR 1722778.,900000034791,1722778.00,,HDFC-Current-4421
BL-000434,2026-05-16,2026-05-16,NEFT CR SBIN0000921 900000018320 FROM ORBITEX PACKAGING PRIVATE LIMITED material supply IN,900000018320,2083834.00,,HDFC-Current-4421
BL-000435,2026-05-18,2026-05-18,NEFT DR UTIB0002233 900000039748 FROM LOHIYA LOGIS security deposit INR 1590409.00 RT-2026,900000039748,,1590409.00,HDFC-Current-4421
BL-000436,2026-05-18,2026-05-18,NEFT DR HDFC0001234 900000020283 FROM NORTHLINE ROOFING PRODUCTS PV invoice settlement INR,900000020283,,846057.00,HDFC-Current-4421
BL-000437,2026-05-18,2026-05-18,NEFT DR SBIN0000921 900000012863 FROM KARMAN PRINT SOLUTIONS LTD advance INR 750448.00,900000012863,,750448.00,HDFC-Current-4421
BL-000438,2026-05-18,2026-05-18,UPI/HDFC0001234/627319585248/bluecol@paytm/BLUEPEAK COLD CHAIN PVT LTD/VB-2026-000358,900000024519,,615775.00,HDFC-Current-4421
BL-000439,2026-05-18,2026-05-18,NEFT DR UTIB0002233 900000018307 FROM ZENITH ONE TEXTILES LLP material supply INR 536976.0,900000018307,,536976.00,HDFC-Current-4421
BL-000440,2026-05-18,2026-05-18,NEFT DR ICIC0000429 900000009149 FROM GOLDCREST STEEL TRADERS COMPANY milestone 2 INR 4594,900000009149,,459415.00,HDFC-Current-4421
BL-000441,2026-05-18,2026-05-18,CHQ CLG ANANELE ELECTRICALS ,900000038017,,442942.00,HDFC-Current-4421
BL-000442,2026-05-18,2026-05-18,VB-2026-000135 NEFT DR UTIB0002233 900000014718 FROM ZENITH ONE TEXT full and final INR 40,900000014718,,403908.00,HDFC-Current-4421
BL-000443,2026-05-18,2026-05-18,VB-2026-000568 NEFT DR KKBK0000812 900000034262 FROM EVERSTONE RECYCLERS & CO against inv ,900000034262,,363825.00,HDFC-Current-4421
BL-000444,2026-05-18,2026-05-18,NEFT DR UTIB0002233 900000027784 FROM NORTHLINE ROOFING PRODUCTS RAJ invoice settlement IN,900000027784,,352675.00,HDFC-Current-4421
BL-000445,2026-05-18,2026-05-18,UPI/HDFC0001234/800367403714/eversta@ybl/EVERSTONE STAFFING & CO,900000016251,,296035.00,HDFC-Current-4421
BL-000446,2026-05-18,2026-05-18,CHQ CLG ANANT INFRA ELECTRICANS LTD RT-2026-000669,900000038549,,236795.00,HDFC-Current-4421
BL-000447,2026-05-18,2026-05-18,NEFT DR SBIN0000921 900000019126 FROM TRINETRA SOLAR EP part payment INR 203199.00,900000019126,,203199.00,HDFC-Current-4421
BL-000448,2026-05-18,2026-05-18,UPI/HDFC0001234/248153190841/karmcat@ybl/KARMAN CATERIN/VB-2026-000040,900000010513,,159248.00,HDFC-Current-4421
BL-000449,2026-05-18,2026-05-18,UPI/HDFC0001234/533720262684/VB-2026-000388/bluecol@okaxis/BLUEPEAK COLD CHA,900000025868,,109950.00,HDFC-Current-4421
BL-000450,2026-05-18,2026-05-18,RAZORPAY PAYMENTS GATEWAY SETTLEMENT setl_00000066 UTR 900000003326,900000003326,44596.63,,HDFC-Current-4421
BL-000451,2026-05-18,2026-05-18,UPI/HDFC0001234/596048673699/INV-2026-000363/anancon@ybl/ANANT INFRA CONVEYANCES PVT LTD,900000024814,57815.00,,HDFC-Current-4421
BL-000452,2026-05-18,2026-05-18,NEFT CR HDFC0001234 900000020878 FROM NALANDA FAB SERVICES PRIVATE LIMITED invoice settlem,900000020878,60784.00,,HDFC-Current-4421
BL-000453,2026-05-18,2026-05-18,NEFT CR UTIB0002233 900000014137 FROM NALANDA FAB SERVICES PRIVATE LI freight charges INR ,900000014137,93013.00,,HDFC-Current-4421
BL-000454,2026-05-18,2026-05-18,RAZORPAY PAYMENTS GATEWAY SETTLEMENT setl_00000065 UTR 900000003240,900000003240,159912.26,,HDFC-Current-4421
BL-000455,2026-05-18,2026-05-18,UPI/HDFC0001234/170309663618/nalarec@okhdfcbank/NALANDA RECYCLERS LLP/INV-2026-000640,900000037425,208719.00,,HDFC-Current-4421
BL-000456,2026-05-18,2026-05-18,UPI/HDFC0001234/153656934572/INV-2026-000641/nalarec@okhdfcbank/NALAREC REC ,900000037445,213503.00,,HDFC-Current-4421
BL-000457,2026-05-18,2026-05-18,INV-2026-000227 NEFT CR SBIN0000921 900000018841 FROM NALANDA FEB SERVICES PRIVATE LIMITED,900000018841,235430.00,,HDFC-Current-4421
BL-000458,2026-05-18,2026-05-18,INV-2026-000109 NEFT CR UTIB0002233 900000013393 FROM ASHWINI SOLAR EPC NAG full and final,900000013393,251372.00,,HDFC-Current-4421
BL-000459,2026-05-18,2026-05-18,UPI/HDFC0001234/928723237136/nalarec@paytm/NALANNA RECYCLERS P/INV-2026-000624,900000036849,259492.00,,HDFC-Current-4421
BL-000460,2026-05-18,2026-05-18,NEFT CR UTIB0002233 900000035699 FROM ASHWINI INTERIORS PVT LTD freight charges INR 272035,900000035699,272035.00,,HDFC-Current-4421
BL-000461,2026-05-18,2026-05-18,UPI/HDFC0001234/434309476899/INV-2026-000572/merilab@ybl/MEBIDIAN LAB SUPPLIES NAG,900000034455,310300.00,,HDFC-Current-4421
BL-000462,2026-05-18,2026-05-18,UPI/HDFC0001234/434309476899/INV-2026-000572/merilab@ybl/MEBIDIAN LAB SUPPLIES NAG,900000034455,310300.00,,HDFC-Current-4421
BL-000463,2026-05-18,2026-05-18,NEFT CR KKBK0000812 900000035474 FROM GOLDCREST STEEL TRADERS LLP part payment INR 414564.,900000035474,414564.00,,HDFC-Current-4421
BL-000464,2026-05-18,2026-05-18,INV-2026-000560 CHQ CLG VEDIKA TEXT INV-2026-000560,900000033765,445209.00,,HDFC-Current-4421
BL-000465,2026-05-18,2026-05-18,INV-2026-000615 CHQ CLG VEDITEX TEXTILES INV-2026-000615,900000036409,639904.00,,HDFC-Current-4421
BL-000466,2026-05-18,2026-05-18,UPI/HDFC0001234/197195638395/merilab@paytm/MERIDIAN LAB SUPPLIES PRIVATE LIMITED,900000036363,907734.00,,HDFC-Current-4421
BL-000467,2026-05-19,2026-05-19,CHQ CLG ANANT INFRV E RT-2026-000711,900000040172,,872150.00,HDFC-Current-4421
BL-000468,2026-05-19,2026-05-19,NEFT DR SBIN0000921 900000032880 FROM TRINETRA AGRI INPUTS FAR security deposit INR 692861,900000032880,,692861.00,HDFC-Current-4421
BL-000469,2026-05-19,2026-05-19,NEFT DR HDFC0001234 900000039661 FROM LOHIYA LOGISTIC milestone 2 INR 496234.00,900000039661,,496234.00,HDFC-Current-4421
BL-000470,2026-05-19,2026-05-19,NEFT DR KKBK0000812 900000036001 FROM EVERSTONE RECYCLERS PVT LTD milestone 2 INR 433477.0,900000036001,,433477.00,HDFC-Current-4421
BL-000471,2026-05-19,2026-05-19,NEFT DR ICIC0000429 900000039758 FROM LOHSYA LOGISTICS LTD advance INR 357766.00 RT-2026-0,900000039758,,357766.00,HDFC-Current-4421
BL-000472,2026-05-19,2026-05-19,NEFT DR KKBK0000812 900000011075 FROM TRINETRA SOLAR EPC PVT LTD invoice settlement INR 24,900000011075,,240654.00,HDFC-Current-4421
BL-000473,2026-05-19,2026-05-19,RAZORPAY PAYMENTS GATEWAY SETTLEMENT setl_00000067 UTR 900000003389,900000003389,14547.32,,HDFC-Current-4421
BL-000474,2026-05-19,2026-05-19,NEFT CR SBIN0000921 900000026203 FROM ZENITH ONE LOGISTICS COMPANY milestone 2 INR 91899.0,900000026203,91899.00,,HDFC-Current-4421
BL-000475,2026-05-19,2026-05-19,INV-2026-000273 NEFT CR ICIC0000429 900000020746 FROM ORBITEX PACKAG material supply INR 1,900000020746,113703.00,,HDFC-Current-4421
BL-000476,2026-05-19,2026-05-19,INV-2026-000130 CHQ CLG TRINETRA PIPING SOLUTIONS COMPANY INV-2026-000130,900000014492,130565.00,,HDFC-Current-4421
BL-000477,2026-05-19,2026-05-19,UPI/HDFC0001234/511053039554/everwat@okhdfcbank/EVERSTONE WATER TREATMENT C/INV-2026-00016,900000016120,201362.00,,HDFC-Current-4421
BL-000478,2026-05-19,2026-05-19,NEFT CR SBIN0000921 900000016671 FROM GOLDCREST SECURITY SYSTEMS PV material supply INR 38,900000016671,3888364.00,,HDFC-Current-4421
BL-000479,2026-05-20,2026-05-20,NEFT DR HDFC0001234 900000030556 FROM NORTHLINE ROOFING PRSDUCTS PVT LTD advance INR 43151,900000030556,,431517.00,HDFC-Current-4421
BL-000480,2026-05-20,2026-05-20,VB-2026-000111 NEFT DR ICIC0000429 900000013523 FROM PRAGATI FAB SERVICES LTD part payment,900000013523,,297159.00,HDFC-Current-4421
BL-000481,2026-05-20,2026-05-20,UPI/HDFC0001234/540806900709/pragcon@okhdfcbank/PRAGATI CONVEYANCE,900000028736,,246369.00,HDFC-Current-4421
BL-000482,2026-05-20,2026-05-20,NEFT DR UTIB0002233 900000032953 FROM EVERSTONE RECYCLE  invoice settlement INR 94275.00,900000032953,,94275.00,HDFC-Current-4421
BL-000483,2026-05-20,2026-05-20,RAZORPAY PAYMENTS GATEWAY SETTLEMENT setl_00000068 UTR 900000003422,900000003422,126721.50,,HDFC-Current-4421
BL-000484,2026-05-20,2026-05-20,UPI/HDFC0001234/111399268595/everwat@ybl/EVERSTONE WATER TREATMENT JAI,900000012029,141860.00,,HDFC-Current-4421
BL-000485,2026-05-20,2026-05-20,UPI/HDFC0001234/766998747685/INV-2026-000468/anancon@paytm/ANANT INFRA CONVEYANCES PVT LTD,900000029571,212082.00,,HDFC-Current-4421
BL-000486,2026-05-20,2026-05-20,UPI/HDFC0001234/464236388266/INV-2026-000101/everwat@okaxis/EVERSTONE ,900000013017,290350.00,,HDFC-Current-4421
BL-000487,2026-05-20,2026-05-20,NEFT CR SBIN0000921 900000015271 FROM ORBITEX PACKAGING LTD invoice settlement INR 346306.,900000015271,346306.00,,HDFC-Current-4421
BL-000488,2026-05-20,2026-05-20,INV-2026-000349 NEFT CR HDFC0001234 900000024079 FROM ORBIPAC PACKAGING advance INR 398519,900000024079,398519.00,,HDFC-Current-4421
BL-000489,2026-05-20,2026-05-20,NEFT CR UTIB0002233 900000021527 FROM ORBITEX PACKAGING PRIVATE LIMITED part payment INR 1,900000021527,1463037.00,,HDFC-Current-4421
BL-000490,2026-05-21,2026-05-21,NEFT DR SBIN0000921 900000031025 FROM MERIDIAN POLYMERS LTD against inv INR 664616.00 VB-2,900000031025,,664616.00,HDFC-Current-4421
BL-000491,2026-05-21,2026-05-21,NEFT DR SBIN0000921 900000031025 FROM MERIDIAN POLYMERS LTD against inv INR 664616.00 VB-2,900000031025,,664616.00,HDFC-Current-4421
BL-000492,2026-05-21,2026-05-21,RT-2026-000294 NEFT DR HDFC0001234 900000021584 FROM PRAGATI FA amc renewal INR 648163.00,900000021584,,648163.00,HDFC-Current-4421
BL-000493,2026-05-21,2026-05-21,CHQ CLG ORBITEX WAREHOU ,900000029897,,555562.00,HDFC-Current-4421
BL-000494,2026-05-21,2026-05-21,RT-2026-000372 NEFT DR KKBK0000812 900000025228 FROM ZENITHSONE TEXTILES LLP invoice settl,900000025228,,283920.00,HDFC-Current-4421
BL-000495,2026-05-21,2026-05-21,RT-2026-000456 NEFT DR UTIB0002233 900000029150 FROM MERIDIAN POL freight charges INR 2641,900000029150,,264145.00,HDFC-Current-4421
BL-000496,2026-05-21,2026-05-21,UPI/HDFC0001234/582600070624/RT-2026-000351/eversta@paytm/EVERSTONE STAFFING & CO,900000024134,,215553.00,HDFC-Current-4421
BL-000497,2026-05-21,2026-05-21,NEFT DR UTIB0002233 900000012905 FROM TRINETRA SOLAR advance INR 210540.00 VB-2026-000099,900000012905,,210540.00,HDFC-Current-4421
BL-000498,2026-05-21,2026-05-21,INV-2026-000093 RTGS KKBK0000812 900000012765 SHREE BALAJI MACH INR 92617.00 invoice settl,900000012765,92617.00,,HDFC-Current-4421
BL-000499,2026-05-21,2026-05-21,RAZORPAY PAYMENTS GATEWAY SETTLEMENT setl_00000069 UTR 900000003441,900000003441,101679.27,,HDFC-Current-4421
BL-000500,2026-05-21,2026-05-21,NEFT CR ICIC0000429 900000021254 FROM NALANDA FAB SERVICES part payment INR 212837.00,900000021254,212837.00,,HDFC-Current-4421
BL-000501,2026-05-21,2026-05-21,RTGS SBIN0000921 900000040341 SAPTANA ANALYTICS INR 319622.00 milestone 2,900000040341,319622.00,,HDFC-Current-4421
BL-000502,2026-05-21,2026-05-21,NEFT CR ICIC0000429 900000027454 FROM VEDIKA FACILITY NANAGEM milestone 2 INR 452564.00 IN,900000027454,452564.00,,HDFC-Current-4421
BL-000503,2026-05-21,2026-05-21,INV-2026-000534 NEFT CR SBIN0000921 900000032569 FROM TRIVIDATA ROOFING PRODUCTS PVT LTD a,900000032569,481620.00,,HDFC-Current-4421
BL-000504,2026-05-21,2026-05-21,NEFT CR KKBK0000812 900000038326 FROM GOLDSTE FRADERS  security deposit INR 528039.00 INV-,900000038326,528039.00,,HDFC-Current-4421
BL-000505,2026-05-22,2026-05-22,NEFT DR KKBK0000812 900000018647 FROM KARMPRI SOLUTIONS freight charges INR 231975.00,900000018647,,231975.00,HDFC-Current-4421
BL-000506,2026-05-22,2026-05-22,UPI/HDFC0001234/565222100317/ashwmac@okhdfcbank/ASHWINI MACHINE PARTS LTD,900000020570,,138509.00,HDFC-Current-4421
BL-000507,2026-05-22,2026-05-22,UPI/HDFC0001234/739907638301/VB-2026-000134/karmcat@ybl/KARMAN CATERING SERVICES LLP,900000014622,,118136.00,HDFC-Current-4421
BL-000508,2026-05-22,2026-05-22,RAZORPAY PAYMENTS GATEWAY SETTLEMENT setl_00000070 UTR 900000003477,900000003477,21045.13,,HDFC-Current-4421
BL-000509,2026-05-22,2026-05-22,CHQ CLG TRINETRA PIPING SOLUTI ,900000021127,84034.00,,HDFC-Current-4421
BL-000510,2026-05-22,2026-05-22,NEFT CR KKBK0000812 900000038282 FROM GOLDCREST STEEL TRADERS COMPANY invoice settlement I,900000038282,182014.00,,HDFC-Current-4421
BL-000511,2026-05-22,2026-05-22,NEFT CR HDFC0001234 900000031845 FROM ASHWINO INTERIORS PVT LTD part payment INR 309989.00,900000031845,309989.00,,HDFC-Current-4421
BL-000512,2026-05-22,2026-05-22,NEFT CR SBIN0000921 900000019851 FROM ORBITEX PACKAGING PRIVATE LIMITED against inv INR 39,900000019851,392514.00,,HDFC-Current-4421
BL-000513,2026-05-22,2026-05-22,UPI/HDFC0001234/381482388432/INV-2026-000608/merilab@okaxis/MERIDIAN LA,900000036240,892943.00,,HDFC-Current-4421
BL-000514,2026-05-22,2026-05-22,NEFT CR SBIN0000921 900000022411 FROM VEDIKA FACILITY MANAG material supply INR 1146371.00,900000022411,1146371.00,,HDFC-Current-4421
BL-000515,2026-05-22,2026-05-22,"INV-2026-000562,INV-2026-000644,INV-2026-000719 NEFT CR HDFC0001234 900000080712 FROM PUSH",900000080712,2122366.00,,HDFC-Current-4421
BL-000516,2026-05-22,2026-05-22,NEFT CR SBIN0000921 900000025581 FROM ZENITH ONE LORISTICS NAG full and final INR 3620347.,900000025581,3620347.00,,HDFC-Current-4421
BL-000517,2026-05-23,2026-05-23,UPI/HDFC0001234/930641420812/merihar@okhdfcbank/MERIDIAN HARDWARE NOI/VB-2026-000543,900000032978,,636878.00,HDFC-Current-4421
BL-000518,2026-05-23,2026-05-23,NEFT DR SBIN0000921 900000037941 FROM EVERSTONE RECYCLERS LTD advance INR 446820.00 VB-202,900000037941,,446820.00,HDFC-Current-4421
BL-000519,2026-05-23,2026-05-23,VB-2026-000360 NEFT DR HDFC0001234 900000024618 FROM TRINETRA AGRI INPUTS LTD advance INR ,900000024618,,311723.00,HDFC-Current-4421
BL-000520,2026-05-23,2026-05-23,VB-2026-000530 CHQ CLG ORBITEX WAREHOUSING COI VB-2026-000530,900000032401,,264324.00,HDFC-Current-4421
BL-000521,2026-05-23,2026-05-23,NEFT DR SBIN0000921 900000037943 FROM VRUNDAVAN I part payment INR 139487.00,900000037943,,139487.00,HDFC-Current-4421
BL-000522,2026-05-23,2026-05-23,RAZORPAY PAYMENTS GATEWAY SETTLEMENT setl_00000071 UTR 900000003572,900000003572,87606.75,,HDFC-Current-4421
BL-000523,2026-05-23,2026-05-23,NEFT CR UTIB0002233 900000021348 FROM NALANDA FAB SER security deposit INR 102387.00,900000021348,102387.00,,HDFC-Current-4421
BL-000524,2026-05-23,2026-05-23,NEFT CR KKBK0000812 900000035785 FROM ASHWINI CABLE SYSTEMS LLP part payment INR 163167.00,900000035785,163167.00,,HDFC-Current-4421
BL-000525,2026-05-23,2026-05-23,NEFT CR UTIB0002233 900000029557 FROM ASHWINI INTERIO full and final INR 355575.00,900000029557,355575.00,,HDFC-Current-4421
BL-000526,2026-05-23,2026-05-23,INV-2026-000632 NEFT CR SBIN0000921 900000037103 FROM GOLDCREST STEEL milestone 2 INR 7579,900000037103,757911.00,,HDFC-Current-4421
BL-000527,2026-05-23,2026-05-23,INV-2026-000580 NEFT CR HDFC0001234 900000034884 FROM TRIVIDATA ROOFING part payment INR 8,900000034884,885368.00,,HDFC-Current-4421
BL-000528,2026-05-23,2026-05-23,INV-2026-000325 NEFT CR UTIB0002233 900000023076 FROM ANANT INFRA STAFFING PRIVATE against,900000023076,3045523.00,,HDFC-Current-4421
BL-000529,2026-05-25,2026-05-25,UPI/HDFC0001234/806617681922/RT-2026-000501/merihar@paytm/MERIDIAN HARDWARE PRIVATE LIMITE,900000031184,,1672409.00,HDFC-Current-4421
BL-000530,2026-05-25,2026-05-25,VB-2026-000121 NEFT DR SBIN0000921 900000013962 FROM TRINETRA SOLAR EPCXPVT LTD against in,900000013962,,723235.00,HDFC-Current-4421
BL-000531,2026-05-25,2026-05-25,NEFT DR KKBK0000812 900000031605 FROM MERIDIAN POLYMERS LTD against inv INR 631252.00 RT-2,900000031605,,631252.00,HDFC-Current-4421
BL-000532,2026-05-25,2026-05-25,CHQ CLG ANANT INFRA ELECTRICALS GUW RT-2026-000797,900000043564,,600901.00,HDFC-Current-4421
BL-000533,2026-05-25,2026-05-25,NEFT DR HDFC0001234 900000043259 FROM LOHIYA LOGISTICS LTD security deposit INR 535471.00,900000043259,,535471.00,HDFC-Current-4421
BL-000534,2026-05-25,2026-05-25,CHQ CLG ORBITEX WAREHOUSING RT-2026-000472,900000029766,,468983.00,HDFC-Current-4421
BL-000535,2026-05-25,2026-05-25,NEFT DR HDFC0001234 900000015604 FROM TRINETRA SOLAR EPC PVT LTD against inv INR 440645.00,900000015604,,440645.00,HDFC-Current-4421
BL-000536,2026-05-25,2026-05-25,NEFT DR UTIB0002233 900000033495 FROM NORTHLINE ROOFING PRODUCTS PVT LTD full and final IN,900000033495,,434651.00,HDFC-Current-4421
BL-000537,2026-05-25,2026-05-25,NEFT DR KKBK0000812 900000035221 FROM NORTHLINE ROOFING PRODUCTS PVT LTD amc renewal INR 3,900000035221,,368715.00,HDFC-Current-4421
BL-000538,2026-05-25,2026-05-25,UPI/HDFC0001234/496920198866/VB-2026-000554/merihar@okaxis/MERIDIAN HARDWARE NOI,900000033418,,96077.00,HDFC-Current-4421
BL-000539,2026-05-25,2026-05-25,RAZORPAY PAYMENTS GATEWAY SETTLEMENT setl_00000073 UTR 900000003663,900000003663,45101.58,,HDFC-Current-4421
BL-000540,2026-05-25,2026-05-25,RAZORPAY PAYMENTS GATEWAY SETTLEMENT setl_00000072 UTR 900000003586,900000003586,89990.98,,HDFC-Current-4421
BL-000541,2026-05-25,2026-05-25,CHQ CLG TRINETRA P ,900000023728,150958.00,,HDFC-Current-4421
BL-000542,2026-05-25,2026-05-25,INV-2026-000558 NEFT CR SBIN0000921 900000033686 FROM SURYAVANSH CATERING SERVICES COMPANY,900000033686,194257.00,,HDFC-Current-4421
BL-000543,2026-05-25,2026-05-25,UPI/HDFC0001234/670213821456/anancon@okhdfcbank/ANANCON CONVEYANCES,900000038246,237438.00,,HDFC-Current-4421
BL-000544,2026-05-25,2026-05-25,NEFT CR HDFC0001234 900000080627 FROM GOLDCREST WAREHOUSING PRIVATE LIMITED full and final,900000080627,271761.00,,HDFC-Current-4421
BL-000545,2026-05-25,2026-05-25,UPI/HDFC0001234/604675279208/anancon@paytm/ANANT INFRA CONVEYANCES COMPANY,900000032231,413742.00,,HDFC-Current-4421
BL-000546,2026-05-25,2026-05-25,UPI/HDFC0001234/523123655967/INV-2026-000705/orbidai@ybl/ORBITEX DAIRY FOODS P,900000040018,447588.00,,HDFC-Current-4421
BL-000547,2026-05-25,2026-05-25,NEFT CR SBIN0000921 900000021101 FROM ASHCINI SOLAR EPC NAG milestone 2 INR 512380.00 INV-,900000021101,512380.00,,HDFC-Current-4421
BL-000548,2026-05-25,2026-05-25,NEFT CR SBIN0000921 900000022326 FROM ASHWINI SOLAR EP freight charges INR 547540.00,900000022326,547540.00,,HDFC-Current-4421
BL-000549,2026-05-25,2026-05-25,UPI/HDFC0001234/631479736511/orbidai@ybl/ORBITEX DAIRY FOODS PVT LTD/INV-2026-000676,900000038758,622151.00,,HDFC-Current-4421
BL-000550,2026-05-25,2026-05-25,NEFT CR HDFC0001234 900000032192 FROM TRIVIDATA ROOFING invoice settlement INR 785058.00,900000032192,785058.00,,HDFC-Current-4421
BL-000551,2026-05-25,2026-05-25,NEFT CR ICIC0000429 900000029538 FROM SURYPET CHEMICALS  material supply INR 1234957.00 IN,900000029538,1234957.00,,HDFC-Current-4421
BL-000552,2026-05-26,2026-05-26,UPI/HDFC0001234/780830653471/ashwmac@paytm/ASHWINI MACHINE PARTS NOI,900000019321,,410148.00,HDFC-Current-4421
BL-000553,2026-05-26,2026-05-26,UPI/HDFC0001234/616068349962/VB-2026-000354/eversta@okhdfcbank/EVERSTONE STAFFING & CO,900000024326,,224159.00,HDFC-Current-4421
BL-000554,2026-05-26,2026-05-26,NEFT DR ICIC0000429 900000019151 FROM SHREE BALAJI ANALYTICS PRIVATE full and final INR 11,900000019151,,119284.00,HDFC-Current-4421
BL-000555,2026-05-26,2026-05-26,RAZORPAY PAYMENTS GATEWAY SETTLEMENT setl_00000074 UTR 900000003746,900000003746,18794.62,,HDFC-Current-4421
BL-000556,2026-05-26,2026-05-26,NEFT CR KKBK0000812 900000033633 FROM SURYAVANSH PRINT SOLUTIONS & CO invoice settlement I,900000033633,134830.00,,HDFC-Current-4421
BL-000557,2026-05-26,2026-05-26,NEFT CR HDFC0001234 900000040498 FROM PUSHPA METALS AGRI INPUTS PRIVATE LIMITED against in,900000040498,136454.00,,HDFC-Current-4421
BL-000558,2026-05-26,2026-05-26,UPI/HDFC0001234/137780780074/merilab@okaxis/MERILAB SUPPLIES,900000040305,513825.00,,HDFC-Current-4421
BL-000559,2026-05-26,2026-05-26,NEFT CR ICIC0000429 900000036158 FROM SURYAVANSH PRINT SOLUTIONS & CO freight charges INR ,900000036158,803812.00,,HDFC-Current-4421
BL-000560,2026-05-26,2026-05-26,NEFT CR UTIB0002233 900000080549 FROM SURYAVANSH CATERING SERVICES COMPANY security deposi,900000080549,1097818.00,,HDFC-Current-4421
BL-000561,2026-05-26,2026-05-26,NEFT CR UTIB0002233 900000029301 FROM SURYAVANSH PETRO CHEMICALS & CO advance INR 1775312.,900000029301,1775312.00,,HDFC-Current-4421
BL-000562,2026-05-27,2026-05-27,RTGS HDFC0001234 900000033417 VAISHNAVI PIPING SOLUTIONS PRIVHTE LIMITED INR 602533.00 adv,900000033417,,602533.00,HDFC-Current-4421
BL-000563,2026-05-27,2026-05-27,RT-2026-000163 NEFT DR SBIN0000921 900000015899 FROM GOLDCREST STEEL TRADE full and final ,900000015899,,355475.00,HDFC-Current-4421
BL-000564,2026-05-27,2026-05-27,UPI/HDFC0001234/759326157535/RT-2026-000371/bluecol@ybl/BLUEPEAK COLD C,900000025189,,242372.00,HDFC-Current-4421
BL-000565,2026-05-27,2026-05-27,UPI/HDFC0001234/759326157535/RT-2026-000371/bluecol@ybl/BLUEPEAK COLD C,900000025189,,242372.00,HDFC-Current-4421
BL-000566,2026-05-27,2026-05-27,RT-2026-000161 NEFT DR KKBK0000812 900000015871 FROM SHREE BALAJI TNA advance INR 202686.0,900000015871,,202686.00,HDFC-Current-4421
BL-000567,2026-05-27,2026-05-27,UPI/HDFC0001234/181786388598/merihar@okaxis/MERIDIAN HA /VB-2026-000574,900000034520,,197648.00,HDFC-Current-4421
BL-000568,2026-05-27,2026-05-27,CHQ CLG ORBITEX WAREHOUSING & CO ,900000030454,,151841.00,HDFC-Current-4421
BL-000569,2026-05-27,2026-05-27,INV-2026-000515 CHQ CLG TRINETRA PIPING SOLUTIONS LLP INV-2026-000515,900000031745,92868.00,,HDFC-Current-4421
BL-000570,2026-05-27,2026-05-27,RAZORPAY PAYMENTS GATEWAY SETTLEMENT setl_00000075 UTR 900000003835,900000003835,120164.85,,HDFC-Current-4421
BL-000571,2026-05-27,2026-05-27,NEFT CR SBIN0000921 900000036162 FROM TRIVIDATA ROOFING PRODUCTS NAG advance INR 183781.00,900000036162,183781.00,,HDFC-Current-4421
BL-000572,2026-05-27,2026-05-27,CHQ CLG VEDIKA TEXTILES COMPANY ,900000038928,237184.00,,HDFC-Current-4421
BL-000573,2026-05-27,2026-05-27,NEFT CR KKBK0000812 900000025642 FROM ANANT INFRA STAFFING HUB security deposit INR 407910,900000025642,407910.00,,HDFC-Current-4421
BL-000574,2026-05-27,2026-05-27,NEFT CR ICIC0000429 900000036252 FROM ASHWINI INTERIORS & CO milestone 2 INR 752366.00,900000036252,752366.00,,HDFC-Current-4421
BL-000575,2026-05-27,2026-05-27,RTGS SBIN0000921 900000035638 SHREE BALAJI HARD INR 1145131.00 part payment INV-2026-00059,900000035638,1145131.00,,HDFC-Current-4421
BL-000576,2026-05-28,2026-05-28,NEFT DR HDFC0001234 900000021678 FROM PRAGATI FAB SERVICES LTD invoice settlement INR 6840,900000021678,,684031.00,HDFC-Current-4421
BL-000577,2026-05-28,2026-05-28,UPI/HDFC0001234/962196531744/ashwmac@ybl/ASHWINI MACHINE PARTS LTD,900000013874,,390439.00,HDFC-Current-4421
BL-000578,2026-05-28,2026-05-28,UPI/HDFC0001234/815536113810/ashwmac@paytm/ASHWINI MACHINE PARTS LTD/RT-2026-000293,900000021568,,330856.00,HDFC-Current-4421
BL-000579,2026-05-28,2026-05-28,UPI/HDFC0001234/928979089032/ashwmac@okaxis/ASHWICI MACHINE PARTS LTD/VB-2026-000357,900000024450,,272115.00,HDFC-Current-4421
BL-000580,2026-05-28,2026-05-28,CHQ CLG ANANT INFRA ELECTRICALS PRIVATE LIMITED ,900000045646,,269010.00,HDFC-Current-4421
BL-000581,2026-05-28,2026-05-28,UPI/HDFC0001234/125648142516/karmcat@okaxis/KARMAN CATERING SERVICES LLP/VB-2026-000296,900000021684,,134703.00,HDFC-Current-4421
BL-000582,2026-05-28,2026-05-28,RAZORPAY PAYMENTS GATEWAY SETTLEMENT setl_00000076 UTR 900000003899,900000003899,144657.48,,HDFC-Current-4421
BL-000583,2026-05-28,2026-05-28,UPI/HDFC0001234/175436292105/everwat@ybl/EVERSTONE WATER TREATMENT COMPANY,900000016707,300813.00,,HDFC-Current-4421
BL-000584,2026-05-28,2026-05-28,NEFT CR HDFC0001234 900000023854 FROM ASHWINI SOLAR EPC PVT LTD milestone 2 INR 380944.00 ,900000023854,380944.00,,HDFC-Current-4421
BL-000585,2026-05-28,2026-05-28,NEFT CR UTIB0002233 900000035011 FROM TRIVIDATA ROOFING PTODUCTS LLP invoice settlement IN,900000035011,489673.00,,HDFC-Current-4421
BL-000586,2026-05-28,2026-05-28,NEFT CR KKBK0000812 900000038665 FROM TRIVIDATA ROOFING PRODUC material supply INR 1564180,900000038665,1564180.00,,HDFC-Current-4421
BL-000587,2026-05-29,2026-05-29,NEFT DR SBIN0000921 900000039285 FROM EVERSTONE RECY  part payment INR 724014.00,900000039285,,724014.00,HDFC-Current-4421
BL-000588,2026-05-29,2026-05-29,NEFT DR HDFC0001234 900000018598 FROM GOLDCREST STEEL TRADERS COMPANY advance INR 618693.0,900000018598,,618693.00,HDFC-Current-4421
BL-000589,2026-05-29,2026-05-29,NEFT DR HDFC0001234 900000026216 FROM KARMAN PRINT SOLUTIONS LTD against inv INR 66348.00 ,900000026216,,66348.00,HDFC-Current-4421
BL-000590,2026-05-29,2026-05-29,NEFT CR SBIN0000921 900000035433 FROM SURYAVANSH PRINT SOLUTIONS & CO part payment INR 537,900000035433,53704.00,,HDFC-Current-4421
BL-000591,2026-05-29,2026-05-29,RAZORPAY PAYMENTS GATEWAY SETTLEMENT setl_00000077 UTR 900000003954,900000003954,87650.22,,HDFC-Current-4421
BL-000592,2026-05-29,2026-05-29,NEFT CR SBIN0000921 900000025683 FROM NALANDA FAB SERVICES PRIVATE security deposit INR 27,900000025683,278417.00,,HDFC-Current-4421
BL-000593,2026-05-29,2026-05-29,NEFT CR ICIC0000429 900000039840 FROM ASHWINI INTERIORS LTD amc renewal INR 518057.00 INV-,900000039840,518057.00,,HDFC-Current-4421
BL-000594,2026-05-29,2026-05-29,NEFT CR ICIC0000429 900000028836 FROM VEDIKA FACILITY  full and final INR 1244536.00,900000028836,1244536.00,,HDFC-Current-4421
BL-000595,2026-05-29,2026-05-29,UPI/HDFC0001234/413456707259/merilab@ybl/MERIDIAN LAB SUPPLIES LLP,900000039484,1547506.00,,HDFC-Current-4421
BL-000596,2026-05-29,2026-05-29,INV-2026-000495 NEFT CR KKBK0000812 900000030855 FROM SURYAVANSH PETRO CHEMICALS NAG again,900000030855,6000000.00,,HDFC-Current-4421
BL-000597,2026-05-30,2026-05-30,UPI/HDFC0001234/798872350912/eversta@okhdfcbank/EVERSTA STAFFING,900000026361,,409300.00,HDFC-Current-4421
BL-000598,2026-05-30,2026-05-30,UPI/HDFC0001234/798872350912/eversta@okhdfcbank/EVERSTA STAFFING,900000026361,,409300.00,HDFC-Current-4421
BL-000599,2026-05-30,2026-05-30,NEFT DR UTIB0002233 900000035829 FROM MERIDIAN POHYMERS PVT LTD amc renewal INR 387179.00 ,900000035829,,387179.00,HDFC-Current-4421
BL-000600,2026-05-30,2026-05-30,RAZORPAY PAYMENTS GATEWAY SETTLEMENT setl_00000078 UTR 900000003984,900000003984,141458.28,,HDFC-Current-4421
BL-000601,2026-05-30,2026-05-30,CHQ CLG TRINETRA PIPING SOLUTION ,900000023124,356829.00,,HDFC-Current-4421
BL-000602,2026-05-30,2026-05-30,INV-2026-000671 NEFT CR ICIC0000429 900000038597 FROM ASHWINI INTERIORS & CO part payment ,900000038597,395445.00,,HDFC-Current-4421
BL-000603,2026-05-30,2026-05-30,INV-2026-000858 NEFT CR ICIC0000429 900000045874 FROM ORBITEX PAPER MILLS PRIVATE LIMITED ,900000045874,414676.00,,HDFC-Current-4421
BL-000604,2026-05-30,2026-05-30,UPI/HDFC0001234/150660792304/ashwcol@okaxis/ASHWCOL CHAIN /INV-2026-000546,900000033151,837138.00,,HDFC-Current-4421
BL-000605,2026-05-30,2026-05-30,UPI/HDFC0001234/793298696729/INV-2026-000540/ashwcol@paytm/ASHWINI COLD CHAIN LTD,900000032795,991909.00,,HDFC-Current-4421
BL-000606,2026-05-30,2026-05-30,UPI/HDFC0001234/793298696729/INV-2026-000540/ashwcol@paytm/ASHWINI COLD CHAIN LTD,900000032795,991909.00,,HDFC-Current-4421
BL-000607,2026-05-30,2026-05-30,NEFT CR KKBK0000812 900000043167 FROM PUSHPA METALS AG full and final INR 1278621.00 INV-2,900000043167,1278621.00,,HDFC-Current-4421
BL-000608,2026-05-30,2026-05-30,NEFT CR UTIB0002233 900000018899 FROM NALANDA FAB SERVICES PRIVATE LIMITED freight charges,900000018899,1308051.00,,HDFC-Current-4421
BL-000609,2026-05-30,2026-05-30,NEFT CR UTIB0002233 900000026712 FROM ASHWINI SO full and final INR 1584672.00,900000026712,1584672.00,,HDFC-Current-4421
BL-000610,2026-06-01,2026-06-01,NEFT DR UTIB0002233 900000079743 FROM ACME INDUST material supply INR 3450000.00,900000079743,,3450000.00,HDFC-Current-4421
BL-000611,2026-06-01,2026-06-01,NEFT DR KKBK0000812 900000020547 FROM GOLDCREST STEEL TRADERS COMPANY milestone 2 INR 1790,900000020547,,1790600.00,HDFC-Current-4421
BL-000612,2026-06-01,2026-06-01,NEFT DR ICIC0000429 900000043355 FROM LOHIYA LOGISTICS LTD advance INR 768891.00,900000043355,,768891.00,HDFC-Current-4421
BL-000613,2026-06-01,2026-06-01,NEFT DR ICIC0000429 900000044168 FROM LOHIYA LOGISTICS LTD full and final INR 540893.00 RT,900000044168,,540893.00,HDFC-Current-4421
BL-000614,2026-06-01,2026-06-01,NEFT DR ICIC0000429 900000026975 FROM ZENITH ONE TEXTILES NAG amc renewal INR 479544.00 RT,900000026975,,479544.00,HDFC-Current-4421
BL-000615,2026-06-01,2026-06-01,NEFT DR SBIN0000921 900000041607 FROM LOHIYA LOGISTICS LTD material supply INR 422294.00 V,900000041607,,422294.00,HDFC-Current-4421
BL-000616,2026-06-01,2026-06-01,RT-2026-000779 NEFT DR KKBK0000812 900000042886 FROM LOHIYA LOGISTICS advance INR 386047.0,900000042886,,386047.00,HDFC-Current-4421
BL-000617,2026-06-01,2026-06-01,VB-2026-000696 RTGS KKBK0000812 900000039704 VAISHNAVI PIPI INR 380122.00 full and final,900000039704,,380122.00,HDFC-Current-4421
BL-000618,2026-06-01,2026-06-01,RTGS KKBK0000812 900000035924 VAISPIP QOLUTIONS INR 370123.00 full and final VB-2026-00060,900000035924,,370123.00,HDFC-Current-4421
BL-000619,2026-06-01,2026-06-01,VB-2026-000771 NEFT DR SBIN0000921 900000042474 FROM EVERREC RECYCLERS invoice settlement ,900000042474,,317477.00,HDFC-Current-4421
BL-000620,2026-06-01,2026-06-01,UPI/HDFC0001234/231263066214/eversta@okhdfcbank/EVERSTONE STAFFING/RT-2026-000386,900000025798,,294253.00,HDFC-Current-4421
BL-000621,2026-06-01,2026-06-01,RT-2026-000729 NEFT DR HDFC0001234 900000040919 FROM NORTHLINE ROOFING PRODUCTS RAJ amc re,900000040919,,209749.00,HDFC-Current-4421
BL-000622,2026-06-01,2026-06-01,RT-2026-000435 NEFT DR SBIN0000921 900000028057 FROM PRAGATI FAB SE amc renewal INR 188413,900000028057,,188413.00,HDFC-Current-4421
BL-000623,2026-06-01,2026-06-01,NEFT CR HDFC0001234 900000046725 FROM GOLDCREST WAREHOUSING LLP milestone 2 INR 29237.00 I,900000046725,29237.00,,HDFC-Current-4421
BL-000624,2026-06-01,2026-06-01,RAZORPAY PAYMENTS GATEWAY SETTLEMENT setl_00000080 UTR 900000004105,900000004105,72674.20,,HDFC-Current-4421
BL-000625,2026-06-01,2026-06-01,NEFT CR UTIB0002233 900000048924 FROM GOLDWAR WAREHOUSING full and final INR 115936.00,900000048924,115936.00,,HDFC-Current-4421
BL-000626,2026-06-01,2026-06-01,INV-2026-000563 NEFT CR HDFC0001234 900000033895 FROM SURYAVANSH PRINT SOLUTIONS &VCO invo,900000033895,130506.00,,HDFC-Current-4421
BL-000627,2026-06-01,2026-06-01,NEFT CR HDFC0001234 900000026541 FROM ANANT INFRA advance INR 144830.00 INV-2026-000406,900000026541,144830.00,,HDFC-Current-4421
BL-000628,2026-06-01,2026-06-01,RAZORPAY PAYMENTS GATEWAY SETTLEMENT setl_00000079 UTR 900000004052,900000004052,148420.36,,HDFC-Current-4421
BL-000629,2026-06-01,2026-06-01,INV-2026-000214 NEFT CR KKBK0000812 900000018364 FROM GOLDCREST SECURITY SYSTEMS & CO invo,900000018364,401397.00,,HDFC-Current-4421
BL-000630,2026-06-01,2026-06-01,INV-2026-000362 NEFT CR KKBK0000812 900000024738 FROM SAHYADRI POLYMERS JUB material suppl,900000024738,509037.00,,HDFC-Current-4421
BL-000631,2026-06-01,2026-06-01,NEFT CR UTIB0002233 900000021159 FROM NALANDA FAB SERVICES PRIVATE LIMITED full and final ,900000021159,587170.00,,HDFC-Current-4421
BL-000632,2026-06-01,2026-06-01,NEFT CR UTIB0002233 900000028385 FROM SAHYADRI POLYMERS PRIVATE LIMITED part payment INR 6,900000028385,697592.00,,HDFC-Current-4421
BL-000633,2026-06-01,2026-06-01,UPI/HDFC0001234/556555201120/orbidai@okaxis/ORBITEX DAIR/INV-2026-000843,900000045380,819283.00,,HDFC-Current-4421
BL-000634,2026-06-01,2026-06-01,UPI/HDFC0001234/703887686287/INV-2026-000539/ashwcol@ybl/ASHWINI COLD CHAIN LTD,900000032776,908320.00,,HDFC-Current-4421
BL-000635,2026-06-01,2026-06-01,UPI/HDFC0001234/338831603670/ashwcol@okhdfcbank/ASHWINI CO,900000034646,1593419.00,,HDFC-Current-4421
BL-000636,2026-06-01,2026-06-01,NEFT CR HDFC0001234 900000029255 FROM ORBITEX PAC security deposit INR 2045471.00,900000029255,2045471.00,,HDFC-Current-4421
BL-000637,2026-06-02,2026-06-02,NEFT DR ICIC0000429 900000038215 FROM TRINAGR INPUTS against inv INR 843373.00,900000038215,,843373.00,HDFC-Current-4421
BL-000638,2026-06-02,2026-06-02,RT-2026-000813 CHQ CLG ANANT INFRA ELECTRICALS GUW RT-2026-000813,900000044255,,496527.00,HDFC-Current-4421
BL-000639,2026-06-02,2026-06-02,RT-2026-000330 NEFT DR ICIC0000429 900000023175 FROM TRINETRA SOLAR EPC LLP freight charge,900000023175,,382929.00,HDFC-Current-4421
BL-000640,2026-06-02,2026-06-02,UPI/HDFC0001234/158769989481/RT-2026-000633/merihar@okhdfcbank/MERIDIAN HARDWARE,900000037112,,219924.00,HDFC-Current-4421
BL-000641,2026-06-02,2026-06-02,RAZORPAY PAYMENTS GATEWAY SETTLEMENT setl_00000081 UTR 900000004179,900000004179,37182.10,,HDFC-Current-4421
BL-000642,2026-06-02,2026-06-02,RTGS HDFC0001234 900000033815 SHREHAR HARDWARE INR 254150.00 against inv,900000033815,254150.00,,HDFC-Current-4421
BL-000643,2026-06-02,2026-06-02,NEFT CR SBIN0000921 900000030835 FROM NALANDA FAB SERVICES PRIVATE LIMITED amc renewal INR,900000030835,283069.00,,HDFC-Current-4421
BL-000644,2026-06-02,2026-06-02,UPI/HDFC0001234/204789748974/INV-2026-000536/anancon@okhdfcbank/ANANT INFRA CONVEYANCES PV,900000032672,339551.00,,HDFC-Current-4421
BL-000645,2026-06-02,2026-06-02,NEFT CR KKBK0000812 900000021278 FROM NALANDA FAB SERVICES PRIVATE LIMITED material supply,900000021278,603218.00,,HDFC-Current-4421
BL-000646,2026-06-02,2026-06-02,INV-2026-000336 NEFT CR ICIC0000429 900000023454 FROM GOLDCREST SECURITY SYST amc renewal ,900000023454,839856.00,,HDFC-Current-4421
BL-000647,2026-06-02,2026-06-02,NEFT CR ICIC0000429 900000022507 FROM GOLDCREST SECURITY material supply INR 881339.00 INV,900000022507,881339.00,,HDFC-Current-4421
BL-000648,2026-06-03,2026-06-03,NEFT DR HDFC0001234 900000079857 FROM STATE BANK EQUIP LONN  freight charges INR 1250000.0,900000079857,,1250000.00,HDFC-Current-4421
BL-000649,2026-06-03,2026-06-03,NEFT DR HDFC0001234 900000019385 FROM TRINETRA S  advance INR 547499.00 VB-2026-000241,900000019385,,547499.00,HDFC-Current-4421
BL-000650,2026-06-03,2026-06-03,UPI/HDFC0001234/674103018292/ashwmac@ybl/ASHWINI MACHINE PARTS /VB-2026-000415,900000027042,,305022.00,HDFC-Current-4421
BL-000651,2026-06-03,2026-06-03,UPI/HDFC0001234/979738924665/everwat@paytm/EVERSTONE WATER TREATMENT ,900000020109,94193.00,,HDFC-Current-4421
BL-000652,2026-06-03,2026-06-03,RAZORPAY PAYMENTS GATEWAY SETTLEMENT setl_00000082 UTR 900000004204,900000004204,116241.40,,HDFC-Current-4421
BL-000653,2026-06-03,2026-06-03,UPI/HDFC0001234/614517794755/INV-2026-000794/nalarec@ybl/NALANDA RECYCLMRS LLP,900000043466,212094.00,,HDFC-Current-4421
BL-000654,2026-06-03,2026-06-03,UPI/HDFC0001234/234476229770/anancon@paytm/ANANT INFRA CONVEYA,900000039936,226327.00,,HDFC-Current-4421
BL-000655,2026-06-03,2026-06-03,UPI/HDFC0001234/831520407679/nalarec@okhdfcbank/NALANDA RECYCLERS LLP,900000041466,670320.00,,HDFC-Current-4421
BL-000656,2026-06-03,2026-06-03,INV-2026-000793 NEFT CR ICIC0000429 900000043394 FROM ASHWINI INTERIOR against inv INR 112,900000043394,1129197.00,,HDFC-Current-4421
BL-000657,2026-06-03,2026-06-03,INV-2026-000480 NEFT CR KKBK0000812 900000030197 FROM ORBITEX PACKAGING RAJ full and final,900000030197,2016452.00,,HDFC-Current-4421
BL-000658,2026-06-04,2026-06-04,NEFT DR ICIC0000429 900000044805 FROM LOHIYA LOG part payment INR 406520.00,900000044805,,406520.00,HDFC-Current-4421
BL-000659,2026-06-04,2026-06-04,CHQ CLG ANANT INFRA ELECTRICALS & CO ,900000042665,,368476.00,HDFC-Current-4421
BL-000660,2026-06-04,2026-06-04,UPI/HDFC0001234/639620136249/karmcat@ybl/KARMCAT SXRVICES,900000023646,,68708.00,HDFC-Current-4421
BL-000661,2026-06-04,2026-06-04,RAZORPAY PAYMENTS GATEWAY SETTLEMENT setl_00000083 UTR 900000004212,900000004212,73894.27,,HDFC-Current-4421
BL-000662,2026-06-04,2026-06-04,NEFT CR HDFC0001234 900000037726 FROM SURYAVANSH PRINT SOLUTIONS & CO invoice settlement I,900000037726,125049.00,,HDFC-Current-4421
BL-000663,2026-06-04,2026-06-04,NEFT CR SBIN0000921 900000045396 FROM ORBITEX PAPER M part payment INR 691083.00,900000045396,691083.00,,HDFC-Current-4421
BL-000664,2026-06-04,2026-06-04,NEFT CR ICIC0000429 900000037537 FROM VEDIKA FACILITY MANAGEMENT & CO against inv INR 6943,900000037537,694394.00,,HDFC-Current-4421
BL-000665,2026-06-05,2026-06-05,VB-2026-000592 NEFT DR HDFC0001234 900000035353 FROM NORTHLINE ROOFING PRODUCT security de,900000035353,,798642.00,HDFC-Current-4421
BL-000666,2026-06-05,2026-06-05,RT-2026-000224 NEFT DR SBIN0000921 900000018696 FROM GOLDCREST STEEL TRADERS PRIVATE LIMIT,900000018696,,577251.00,HDFC-Current-4421
BL-000667,2026-06-05,2026-06-05,VB-2026-000502 NEFT DR KKBK0000812 900000031195 FROM KARMAN PRINT SOLUTIONS KOC amc renewa,900000031195,,528923.00,HDFC-Current-4421
BL-000668,2026-06-05,2026-06-05,UPI/HDFC0001234/102306023575/pragcon@okhdfcbank/PRAGATI CONVEYANCES PUN,900000037190,,346096.00,HDFC-Current-4421
BL-000669,2026-06-05,2026-06-05,NEFT DR UTIB0002233 900000036742 FROM KARMAN PRINT  amc renewal INR 300879.00 VB-2026-0006,900000036742,,300879.00,HDFC-Current-4421
BL-000670,2026-06-05,2026-06-05,CHQ CLG ORBITEX WAREHOUSING & CO ,900000039782,,189404.00,HDFC-Current-4421
BL-000671,2026-06-05,2026-06-05,NEFT DR KKBK0000812 900000027975 FROM SHREE BALAJI ANALYTICS PRIVATE LIMITED full and fina,900000027975,,118706.00,HDFC-Current-4421
BL-000672,2026-06-05,2026-06-05,RAZORPAY PAYMENTS GATEWAY SETTLEMENT setl_00000084 UTR 900000004242,900000004242,104226.97,,HDFC-Current-4421
BL-000673,2026-06-05,2026-06-05,NEFT CR UTIB0002233 900000037630 FROM SURYAVANSH PETRO material supply INR 148358.00 INV-2,900000037630,148358.00,,HDFC-Current-4421
BL-000674,2026-06-05,2026-06-05,RTGS HDFC0001234 900000034941 SHREE BALAJI HARDWARE LTD INR 232627.00 security deposit INV,900000034941,232627.00,,HDFC-Current-4421
BL-000675,2026-06-05,2026-06-05,NEFT CR KKBK0000812 900000045474 FROM PUSQPA METALS AGRI full and final INR 527208.00,900000045474,527208.00,,HDFC-Current-4421
BL-000676,2026-06-05,2026-06-05,NEFT CR HDFC0001234 900000025522 FROM GOLDCREST SECURITY SYSTEMS & CO part payment INR 103,900000025522,1035455.00,,HDFC-Current-4421
BL-000677,2026-06-06,2026-06-06,NEFT DR SBIN0000921 900000026471 FROM KARMAN PRI part payment INR 834867.00,900000026471,,834867.00,HDFC-Current-4421
BL-000678,2026-06-06,2026-06-06,NEFT DR KKBK0000812 900000079776 FROM SKYLINE ESTATE security deposit INR 780000.00 RENT-2,900000079776,,780000.00,HDFC-Current-4421
BL-000679,2026-06-06,2026-06-06,NEFT DR UTIB0002233 900000028816 FROM PRAGATI FAB SE freight charges INR 565594.00 RT-2026,900000028816,,565594.00,HDFC-Current-4421
BL-000680,2026-06-06,2026-06-06,NEFT DR KKBK0000812 900000043608 FROM VRUNDAVAN INTERI freight charges INR 506466.00 RT-20,900000043608,,506466.00,HDFC-Current-4421
BL-000681,2026-06-06,2026-06-06,UPI/HDFC0001234/775923092767/eversta@okhdfcbank/EVERSTONE STAFFING & CO,900000036717,,310449.00,HDFC-Current-4421
BL-000682,2026-06-06,2026-06-06,RT-2026-000682 NEFT DR UTIB0002233 900000039090 FROM VRUNDAVAN INTERIORS PVT LTD part paym,900000039090,,72682.00,HDFC-Current-4421
BL-000683,2026-06-06,2026-06-06,RAZORPAY PAYMENTS GATEWAY SETTLEMENT setl_00000085 UTR 900000004255,900000004255,102184.94,,HDFC-Current-4421
BL-000684,2026-06-06,2026-06-06,NEFT CR UTIB0002233 900000025735 FROM NALANDA FAB SERVICES LTD security deposit INR 145307,900000025735,145307.00,,HDFC-Current-4421
BL-000685,2026-06-06,2026-06-06,NEFT CR UTIB0002233 900000025735 FROM NALANDA FAB SERVICES LTD security deposit INR 145307,900000025735,145307.00,,HDFC-Current-4421
BL-000686,2026-06-06,2026-06-06,NEFT CR KKBK0000812 900000027275 FROM NALANDA FAB SE material supply INR 214960.00,900000027275,214960.00,,HDFC-Current-4421
BL-000687,2026-06-06,2026-06-06,INV-2026-000479 NEFT CR HDFC0001234 900000030139 FROM ANANT INFRA ST material supply INR 6,900000030139,617559.00,,HDFC-Current-4421
BL-000688,2026-06-06,2026-06-06,NEFT CR UTIB0002233 900000026855 FROM ASHWINI SOLAR EPC NAG security deposit INR 791955.00,900000026855,791955.00,,HDFC-Current-4421
BL-000689,2026-06-08,2026-06-08,NEFT DR HDFC0001234 900000047301 FROM LOHIYA LOGISTICS LTD milestone 2 INR 381219.00 VB-20,900000047301,,381219.00,HDFC-Current-4421
BL-000690,2026-06-08,2026-06-08,RT-2026-000389 NEFT DR ICIC0000429 900000025900 FROM TRINETRA SOLAR E amc renewal INR 3460,900000025900,,346060.00,HDFC-Current-4421
BL-000691,2026-06-08,2026-06-08,NEFT DR UTIB0002233 900000038407 FROM TRINAGR IN security deposit INR 275714.00 RT-2026-00,900000038407,,275714.00,HDFC-Current-4421
BL-000692,2026-06-08,2026-06-08,UPI/HDFC0001234/554621033767/ashwmac@okhdfcbank/ASHWINI MACHINE P,900000031275,,149044.00,HDFC-Current-4421
BL-000693,2026-06-08,2026-06-08,NEFT DR SBIN0000921 900000022686 FROM SHREANA AN against inv INR 136703.00 RT-2026-000316,900000022686,,136703.00,HDFC-Current-4421
BL-000694,2026-06-08,2026-06-08,NEFT DR ICIC0000429 900000023657 FROM SHREE BALAJI ANALYTICS PRIVATE LIMITED milestone 2 I,900000023657,,108341.00,HDFC-Current-4421
BL-000695,2026-06-08,2026-06-08,NEFT DR KKBK0000812 900000039212 FROM MERIDIAN POLYMERS & CO material supply INR 84735.00,900000039212,,84735.00,HDFC-Current-4421
BL-000696,2026-06-08,2026-06-08,RAZORPAY PAYMENTS GATEWAY SETTLEMENT setl_00000087 UTR 900000004317,900000004317,12870.90,,HDFC-Current-4421
BL-000697,2026-06-08,2026-06-08,RAZORPAY PAYMENTS GATEWAY SETTLEMENT setl_00000086 UTR 900000004295,900000004295,224853.62,,HDFC-Current-4421
BL-000698,2026-06-08,2026-06-08,NEFT CR HDFC0001234 900000022587 FROM ASHWINI SOXAR EPC PVT LTD against inv INR 301201.00,900000022587,301201.00,,HDFC-Current-4421
BL-000699,2026-06-08,2026-06-08,NEFT CR KKBK0000812 900000036911 FROM ASHWINI CABLE SYSTE advance INR 313633.00,900000036911,313633.00,,HDFC-Current-4421
BL-000700,2026-06-08,2026-06-08,RTGS SBIN0000921 900000019697 SHREE BALAJI MACHINE PARTS & CO INR 546127.00 amc renewal,900000019697,546127.00,,HDFC-Current-4421
BL-000701,2026-06-08,2026-06-08,NEFT CR HDFC0001234 900000028817 FROM ORBITEX PACKAGING PRIVATE LIMITED against inv INR 59,900000028817,591630.00,,HDFC-Current-4421
BL-000702,2026-06-08,2026-06-08,INV-2026-000666 NEFT CR UTIB0002233 900000038339 FROM COPPERLEAF ELEC amc renewal INR 5918,900000038339,591852.00,,HDFC-Current-4421
BL-000703,2026-06-09,2026-06-09,CHQ CLG ORBITEX WAREHOUSTNG & CO ,900000038998,,297582.00,HDFC-Current-4421
BL-000704,2026-06-09,2026-06-09,RAZORPAY PAYMENTS GATEWAY SETTLEMENT setl_00000088 UTR 900000004330,900000004330,50405.31,,HDFC-Current-4421
BL-000705,2026-06-09,2026-06-09,NEFT CR KKBK0000812 900000031523 FROM ANANT INFRA STAFFING P milestone 2 INR 117100.00 INV,900000031523,117100.00,,HDFC-Current-4421
BL-000706,2026-06-09,2026-06-09,INV-2026-000436 NEFT CR ICIC0000429 900000028153 FROM NALANDA FAB SERVICES PRIVATE LIMITED,900000028153,121736.00,,HDFC-Current-4421
BL-000707,2026-06-09,2026-06-09,NEFT CR SBIN0000921 900000028374 FROM NALANDA FAB SERVICES PRIVATE LIMITED invoice settlem,900000028374,230482.00,,HDFC-Current-4421
BL-000708,2026-06-09,2026-06-09,NEFT CR SBIN0000921 900000024098 FROM ASHWINI SOLAR EPC P against inv INR 330557.00,900000024098,330557.00,,HDFC-Current-4421
BL-000709,2026-06-09,2026-06-09,UPI/HDFC0001234/415582436641/INV-2026-000910/orbidai@okhdfcbank/ORBIDAI FOODS,900000048369,409467.00,,HDFC-Current-4421
BL-000710,2026-06-09,2026-06-09,NEFT CR UTIB0002233 900000029003 FROM ANANT INFRA STAFFING milestone 2 INR 805047.00,900000029003,805047.00,,HDFC-Current-4421
BL-000711,2026-06-09,2026-06-09,NEFT CR ICIC0000429 900000034448 FROM SAHYADRI P part payment INR 4091866.00,900000034448,4091866.00,,HDFC-Current-4421
BL-000712,2026-06-10,2026-06-10,UPI/HDFC0001234/820212317556/eversta@okhdfcbank/EVERSTONE STAFFING & CO,900000040150,,574798.00,HDFC-Current-4421
BL-000713,2026-06-10,2026-06-10,RT-2026-000551 NEFT DR SBIN0000921 900000033308 FROM KARMAN PRINT SOLUTIONS & CO invoice s,900000033308,,442036.00,HDFC-Current-4421
BL-000714,2026-06-10,2026-06-10,CHQ CLG ANANT INFRA ELECTRICALS LTD VB-2026-000809,900000044123,,171641.00,HDFC-Current-4421
BL-000715,2026-06-10,2026-06-10,CHQ CLG ORBITEX WAREHOUSING COI ,900000041346,,166955.00,HDFC-Current-4421
BL-000716,2026-06-10,2026-06-10,RTGS UTIB0002233 900000046500 SUNDARA WATER TREATMENT LTD INR 99061.00 invoice settlement ,900000046500,,99061.00,HDFC-Current-4421
BL-000717,2026-06-10,2026-06-10,RAZORPAY PAYMENTS GATEWAY SETTLEMENT setl_00000089 UTR 900000004358,900000004358,129553.14,,HDFC-Current-4421
BL-000718,2026-06-10,2026-06-10,UPI/HDFC0001234/560860304871/anancon@okaxis/ANANT INFRA CONVEYANCE,900000044610,176900.00,,HDFC-Current-4421
BL-000719,2026-06-10,2026-06-10,UPI/HDFC0001234/919745437020/INV-2026-000968/orbidai@paytm/ORBITEX DAIRY FOODS PVT LTD,900000051386,288719.00,,HDFC-Current-4421
BL-000720,2026-06-10,2026-06-10,NEFT CR SBIN0000921 900000041449 FROM SURYAVANSH PRINT SOLUTIONS LLP security deposit INR ,900000041449,297704.00,,HDFC-Current-4421
BL-000721,2026-06-10,2026-06-10,INV-2026-000490 NEFT CR ICIC0000429 900000030636 FROM ANANT INFRA STAFFING HUB invoice set,900000030636,501544.00,,HDFC-Current-4421
BL-000722,2026-06-10,2026-06-10,NEFT CR SBIN0000921 900000040028 FROM SURYAVANSH PETRO CHEMICALS & CO full and final INR 5,900000040028,504606.00,,HDFC-Current-4421
BL-000723,2026-06-10,2026-06-10,NEFT CR KKBK0000812 900000041015 FROM TRIVIDATA ROOFING PROD security deposit INR 775130.0,900000041015,775130.00,,HDFC-Current-4421
BL-000724,2026-06-11,2026-06-11,UPI/HDFC0001234/699326875549/pragcon@paytm/PRAGATI CONVEYANCES PVT LTD,900000038061,,292419.00,HDFC-Current-4421
BL-000725,2026-06-11,2026-06-11,RT-2026-000741 NEFT DR KKBK0000812 900000041341 FROM MERIDIAN POLYMERS  freight charges IN,900000041341,,119962.00,HDFC-Current-4421
BL-000726,2026-06-11,2026-06-11,RAZORPAY PAYMENTS GATEWAY SETTLEMENT setl_00000090 UTR 900000004417,900000004417,102159.40,,HDFC-Current-4421
BL-000727,2026-06-11,2026-06-11,UPI/HDFC0001234/298594245478/nalarec@ybl/NALALDA RECYCLE/INV-2026-000922,900000049051,662635.00,,HDFC-Current-4421
BL-000728,2026-06-11,2026-06-11,NEFT CR UTIB0002233 900000080734 FROM ASHWINI CABLE SYSTEMS LLP amc renewal INR 801228.00,900000080734,801228.00,,HDFC-Current-4421
BL-000729,2026-06-11,2026-06-11,NEFT CR UTIB0002233 900000038086 FROM SURYAVANSH PETRO CHEMICALS & CO amc renewal INR 1985,900000038086,1985013.00,,HDFC-Current-4421
BL-000730,2026-06-12,2026-06-12,UPI/HDFC0001234/756698906383/merihar@okaxis/MERIDIAN HARDWARE,900000040682,,493274.00,HDFC-Current-4421
BL-000731,2026-06-12,2026-06-12,NEFT DR ICIC0000429 900000021692 FROM TRINETRA SOLAR EPC LTD part payment INR 345767.00 RT,900000021692,,345767.00,HDFC-Current-4421
BL-000732,2026-06-12,2026-06-12,NEFT DR UTIB0002233 900000039195 FROM TRINETRA AGRI INPUTS COMPANY invoice settlement INR ,900000039195,,311306.00,HDFC-Current-4421
BL-000733,2026-06-12,2026-06-12,NEFT DR UTIB0002233 900000039195 FROM TRINETRA AGRI INPUTS COMPANY invoice settlement INR ,900000039195,,311306.00,HDFC-Current-4421
BL-000734,2026-06-12,2026-06-12,UPI/HDFC0001234/440694542218/RT-2026-000652/bluecol@okaxis/BLUEPEAK COLD CHAIN PVT LTD,900000037842,,300064.00,HDFC-Current-4421
BL-000735,2026-06-12,2026-06-12,NEFT DR HDFC0001234 900000024371 FROM GOLDCREST STEEL TRADERS COMPANY invoice settlement I,900000024371,,281109.00,HDFC-Current-4421
BL-000736,2026-06-12,2026-06-12,UPI/HDFC0001234/773633079081/RT-2026-000552/eversta@okhdfcbank/EVYRSTONE S,900000033321,,273086.00,HDFC-Current-4421
BL-000737,2026-06-12,2026-06-12,NEFT DR SBIN0000921 900000040838 FROM MERIDIAN POLYMERSDLTD freight charges INR 83100.00,900000040838,,83100.00,HDFC-Current-4421
BL-000738,2026-06-12,2026-06-12,UPI/HDFC0001234/593156398327/VB-2026-000500/karmcat@ybl/KARMAN CATERING SERVICES & CO,900000031120,,80448.00,HDFC-Current-4421
BL-000739,2026-06-12,2026-06-12,RAZORPAY PAYMENTS GATEWAY SETTLEMENT setl_00000091 UTR 900000004483,900000004483,99375.62,,HDFC-Current-4421
BL-000740,2026-06-12,2026-06-12,INV-2026-000912 NEFT CR UTIB0002233 900000048490 FROM PUSHPA METALS AGRI INPUTS PVT LTD mi,900000048490,838218.00,,HDFC-Current-4421
BL-000741,2026-06-12,2026-06-12,"INV-2026-000713,INV-2026-000720,INV-2026-000838 NEFT CR HDFC0001234 900000080810 FROM GOLD",900000080810,1142792.00,,HDFC-Current-4421
BL-000742,2026-06-13,2026-06-13,CHQ CLG ORBITEX WAREHOUSING & CO ,900000035134,,356323.00,HDFC-Current-4421
BL-000743,2026-06-13,2026-06-13,UPI/HDFC0001234/442030737713/bluecol@okaxis/BLUECOL CH,900000037144,,235244.00,HDFC-Current-4421
BL-000744,2026-06-13,2026-06-13,RAZORPAY PAYMENTS GATEWAY SETTLEMENT setl_00000092 UTR 900000004488,900000004488,68878.44,,HDFC-Current-4421
BL-000745,2026-06-13,2026-06-13,NEFT CR KKBK0000812 900000026648 FROM NALANDA FAB SERVI material supply INR 186327.00 INV-,900000026648,186327.00,,HDFC-Current-4421
BL-000746,2026-06-13,2026-06-13,NEFT CR HDFC0001234 900000041761 FROM SAHYADRI POLYMERS PVT LTD freight charges INR 197932,900000041761,197932.00,,HDFC-Current-4421
BL-000747,2026-06-13,2026-06-13,NEFT CR UTIB0002233 900000042293 FROM ASHWINI CABLE SYSTEMS LLP amc renewal INR 282518.00 ,900000042293,282518.00,,HDFC-Current-4421
BL-000748,2026-06-13,2026-06-13,INV-2026-000762 NEFT CR HDFC0001234 900000042120 FROM SURYAVANSH PRINT SOLUTIONS & CO mile,900000042120,418049.00,,HDFC-Current-4421
BL-000749,2026-06-13,2026-06-13,CHQ CLG VEDIKA TEXTILES COMPANY INV-2026-000870,900000046356,540975.00,,HDFC-Current-4421
BL-000750,2026-06-15,2026-06-15,NEFT DR UTIB0002233 900000045942 FROM VRUNDAVAN INTERIORS PVT LTD amc renewal INR 288912.0,900000045942,,288912.00,HDFC-Current-4421
BL-000751,2026-06-15,2026-06-15,NEFT DR KKBK0000812 900000040745 FROM MERIDIAN POLYMERS invoice settlement INR 231002.00 R,900000040745,,231002.00,HDFC-Current-4421
BL-000752,2026-06-15,2026-06-15,VB-2026-000904 CHQ CLG ANANT INFRA EL VB-2026-000904,900000048042,,224978.00,HDFC-Current-4421
BL-000753,2026-06-15,2026-06-15,NEFT DR UTIB0002233 900000055043 FROM VRUNDAVAN INTERIORS  amc renewal INR 213511.00 VB-20,900000055043,,213511.00,HDFC-Current-4421
BL-000754,2026-06-15,2026-06-15,NEFT DR KKBK0000812 900000036548 FROM PRAGATI FAB SERVICES NTD part payment INR 200158.00 ,900000036548,,200158.00,HDFC-Current-4421
BL-000755,2026-06-15,2026-06-15,NEFT DR UTIB0002233 900000032071 FROM KARMPRI SOLUTIONS freight charges INR 199901.00,900000032071,,199901.00,HDFC-Current-4421
BL-000756,2026-06-15,2026-06-15,VB-2026-000576 NEFT DR UTIB0002233 900000034625 FROM KARMAN PRINT SO milestone 2 INR 15715,900000034625,,157154.00,HDFC-Current-4421
BL-000757,2026-06-15,2026-06-15,UPI/HDFC0001234/238800366545/karmcat@ybl/KARMAN CATERING SERVICES LLP,900000029883,,103232.00,HDFC-Current-4421
BL-000758,2026-06-15,2026-06-15,RAZORPAY PAYMENTS GATEWAY SETTLEMENT setl_00000094 UTR 900000004598,900000004598,13286.12,,HDFC-Current-4421
BL-000759,2026-06-15,2026-06-15,RAZORPAY PAYMENTS GATEWAY SETTLEMENT setl_00000093 UTR 900000004518,900000004518,106999.76,,HDFC-Current-4421
BL-000760,2026-06-15,2026-06-15,UPI/HDFC0001234/421614521043/everwat@ybl/EVERSTONE W,900000027519,252561.00,,HDFC-Current-4421
BL-000761,2026-06-15,2026-06-15,NEFT CR ICIC0000429 900000034705 FROM COPPERLEAF ELECTRICALS PVT LTD against inv INR 37283,900000034705,372835.00,,HDFC-Current-4421
BL-000762,2026-06-15,2026-06-15,INV-2026-000848 NEFT CR ICIC0000429 900000045449 FROM ASHWINI INTER  invoice settlement IN,900000045449,501292.00,,HDFC-Current-4421
BL-000763,2026-06-15,2026-06-15,NEFT CR ICIC0000429 900000040365 FROM TRIVIDATA ROOFING PRODUCTS & CO amc renewal INR 6121,900000040365,612192.00,,HDFC-Current-4421
BL-000764,2026-06-15,2026-06-15,RTGS ICIC0000429 900000033546 SHREE BALAJI HARDWARE PRIVATE  INR 1029228.00 full and final,900000033546,1029228.00,,HDFC-Current-4421
BL-000765,2026-06-15,2026-06-15,UPI/HDFC0001234/528485131467/ashwcol@ybl/ASHWINI COLD CHAIN LTD,900000041062,1242496.00,,HDFC-Current-4421
BL-000766,2026-06-15,2026-06-15,INV-2026-000643 NEFT CR ICIC0000429 900000037574 FROM ANANT INFRA STAFFING HUB against inv,900000037574,1749554.00,,HDFC-Current-4421
BL-000767,2026-06-16,2026-06-16,NEFT DR KKBK0000812 900000045104 FROM TRINETRA AGRI INPUTS COMPANY invoice settlement INR ,900000045104,,583326.00,HDFC-Current-4421
BL-000768,2026-06-16,2026-06-16,RAZORPAY PAYMENTS GATEWAY SETTLEMENT setl_00000095 UTR 900000004644,900000004644,4807.29,,HDFC-Current-4421
BL-000769,2026-06-16,2026-06-16,INV-2026-000659 NEFT CR ICIC0000429 900000038156 FROM ANANT INFRA STAFFING HUB amc renewal,900000038156,60376.00,,HDFC-Current-4421
BL-000770,2026-06-16,2026-06-16,NEFT CR UTIB0002233 900000049203 FROM GOLDCREST STEEL TRADERS COMPANY part payment INR 273,900000049203,273711.00,,HDFC-Current-4421
BL-000771,2026-06-16,2026-06-16,UPI/HDFC0001234/293771375599/INV-2026-000939/orbidai@paytm/ORBITEX DAIRY FOODS PVT LTD,900000049681,411842.00,,HDFC-Current-4421
BL-000772,2026-06-16,2026-06-16,UPI/HDFC0001234/581525925913/merilab@paytm/MERIDIAN LAB SU,900000056458,863928.00,,HDFC-Current-4421
BL-000773,2026-06-16,2026-06-16,NEFT CR ICIC0000429 900000052702 FROM ORBITEX PAPER MILLS PVT LTD milestone 2 INR 2566277.,900000052702,2566277.00,,HDFC-Current-4421
BL-000774,2026-06-17,2026-06-17,CHQ CLG ANANT INFRA ELECTRICAL RT-2026-000915,900000048636,,516240.00,HDFC-Current-4421
BL-000775,2026-06-17,2026-06-17,RT-2026-000522 NEFT DR KKBK0000812 900000032075 FROM PRAGATI FAB SERVICES PVT LTD freight ,900000032075,,471454.00,HDFC-Current-4421
BL-000776,2026-06-17,2026-06-17,NEFT DR KKBK0000812 900000042481 FROM PRAGATI FAB SEQVI freight charges INR 374846.00 VB-2,900000042481,,374846.00,HDFC-Current-4421
BL-000777,2026-06-17,2026-06-17,RTGS HDFC0001234 900000050341 SUNDARA WATER TREATMENT JAI INR 191982.00 against inv RT-202,900000050341,,191982.00,HDFC-Current-4421
BL-000778,2026-06-17,2026-06-17,NEFT DR UTIB0002233 900000031442 FROM SHREE BALAJI ANA advance INR 143209.00 VB-2026-00050,900000031442,,143209.00,HDFC-Current-4421
BL-000779,2026-06-17,2026-06-17,NEFT DR HDFC0001234 900000030601 FROM GOLDCREST STEEL TRADERS & CO full and final INR 1180,900000030601,,118069.00,HDFC-Current-4421
BL-000780,2026-06-17,2026-06-17,UPI/HDFC0001234/264456865403/RT-2026-000420/karmcat@paytm/KARMAN CATE,900000027229,,100266.00,HDFC-Current-4421
BL-000781,2026-06-17,2026-06-17,RAZORPAY PAYMENTS GATEWAY SETTLEMENT setl_00000096 UTR 900000004709,900000004709,153022.64,,HDFC-Current-4421
BL-000782,2026-06-17,2026-06-17,UPI/HDFC0001234/385793413822/INV-2026-000393/everwat@ybl/EVERSTONE WATER TREATMENT COMPANY,900000026004,251750.00,,HDFC-Current-4421
BL-000783,2026-06-17,2026-06-17,NEFT CR ICIC0000429 900000029455 FROM GOLDCREST SECURITY SYSTE invoice settlement INR 2800,900000029455,280009.00,,HDFC-Current-4421
BL-000784,2026-06-18,2026-06-18,NEFT DR KKBK0000812 900000030623 FROM SHREE BALAJI  against inv INR 991430.00 RT-2026-0004,900000030623,,991430.00,HDFC-Current-4421
BL-000785,2026-06-18,2026-06-18,NEFT DR ICIC0000429 900000041880 FROM PRAGATI FAB SERVICES & CO security deposit INR 38564,900000041880,,385641.00,HDFC-Current-4421
BL-000786,2026-06-18,2026-06-18,CHQ CLG ORBITEX WAREHOUSING & CO ,900000042458,,283603.00,HDFC-Current-4421
BL-000787,2026-06-18,2026-06-18,RAZORPAY PAYMENTS GATEWAY SETTLEMENT setl_00000097 UTR 900000004716,900000004716,77139.81,,HDFC-Current-4421
BL-000788,2026-06-18,2026-06-18,NEFT CR HDFC0001234 900000057129 FROM GOLDCREST WAREH full and final INR 153846.00,900000057129,153846.00,,HDFC-Current-4421
BL-000789,2026-06-18,2026-06-18,INV-2026-000746 NEFT CR KKBK0000812 900000041461 FROM ZENITH ONE LOGISTI milestone 2 INR 1,900000041461,162041.00,,HDFC-Current-4421
BL-000790,2026-06-18,2026-06-18,UPI/HDFC0001234/591252908590/anancon@okaxis/ANANT INFRA ,900000041058,171398.00,,HDFC-Current-4421
BL-000791,2026-06-18,2026-06-18,NEFT CR UTIB0002233 900000036079 FROM COPPERLEAF ELECTRI material supply INR 405538.00,900000036079,405538.00,,HDFC-Current-4421
BL-000792,2026-06-18,2026-06-18,NEFT CR HDFC0001234 900000037666 FROM VEDIKA FACILITY MANAGEMENT & CO invoice settlement I,900000037666,1129321.00,,HDFC-Current-4421
BL-000793,2026-06-18,2026-06-18,INV-2026-000688 NEFT CR SBIN0000921 900000039373 FROM SAHYADRI POLYMERS freight charges IN,900000039373,1470720.00,,HDFC-Current-4421
BL-000794,2026-06-19,2026-06-19,NEFT DR ICIC0000429 900000029844 FROM ZENITH ONE TEXTILES LLP security deposit INR 952965.,900000029844,,952965.00,HDFC-Current-4421
BL-000795,2026-06-19,2026-06-19,NEFT DR ICIC0000429 900000043309 FROM TRINETRA AGRI INPUTS advance INR 532258.00,900000043309,,532258.00,HDFC-Current-4421
BL-000796,2026-06-19,2026-06-19,UPI/HDFC0001234/267264215659/pragcon@paytm/PRAGATI CONVEYANCES PVT ETD/RT-2026-000862,900000046031,,390779.00,HDFC-Current-4421
BL-000797,2026-06-19,2026-06-19,RT-2026-000929 RTGS SBIN0000921 900000049233 SUNDARA WATER TREATMENT LTD INR 311335.00 mil,900000049233,,311335.00,HDFC-Current-4421
BL-000798,2026-06-19,2026-06-19,VB-2026-000801 NEFT DR HDFC0001234 900000043786 FROM PRAGATI FAB SERVICES NOI security dep,900000043786,,258065.00,HDFC-Current-4421
BL-000799,2026-06-19,2026-06-19,UPI/HDFC0001234/553439532137/ashwmac@okaxis/ASHWINI MACHINE PA,900000041224,,115977.00,HDFC-Current-4421
BL-000800,2026-06-19,2026-06-19,RAZORPAY PAYMENTS GATEWAY SETTLEMENT setl_00000098 UTR 900000004734,900000004734,30294.03,,HDFC-Current-4421
BL-000801,2026-06-19,2026-06-19,UPI/HDFC0001234/864527677904/INV-2026-000491/everwat@okaxis/EVERWAT TREATMENT,900000030683,454951.00,,HDFC-Current-4421
BL-000802,2026-06-19,2026-06-19,NEFT CR KKBK0000812 900000036365 FROM ORBITEX PACKAGING LTD part payment INR 519276.00,900000036365,519276.00,,HDFC-Current-4421
BL-000803,2026-06-19,2026-06-19,RTGS KKBK0000812 900000053599 SAPTAGIRI ANALYTICS PRIVATE LIMITED INR 523685.00 invoice se,900000053599,523685.00,,HDFC-Current-4421
BL-000804,2026-06-19,2026-06-19,INV-2026-000764 NEFT CR ICIC0000429 900000042287 FROM ASHWINI CAB milestone 2 INR 540619.0,900000042287,540619.00,,HDFC-Current-4421
BL-000805,2026-06-19,2026-06-19,UPI/HDFC0001234/155291965662/INV-2026-000816/ashwcol@okhdfcbank/ASHWINI COLD CHAIN LTD,900000044380,1219996.00,,HDFC-Current-4421
BL-000806,2026-06-20,2026-06-20,NEFT DR SBIN0000921 900000034095 FROM TRINETRA SOLAR security deposit INR 443148.00,900000034095,,443148.00,HDFC-Current-4421
BL-000807,2026-06-20,2026-06-20,NEFT DR SBIN0000921 900000048727 FROM VRUNINT INTERIORS milestone 2 INR 246257.00,900000048727,,246257.00,HDFC-Current-4421
BL-000808,2026-06-20,2026-06-20,RAZORPAY PAYMENTS GATEWAY SETTLEMENT setl_00000099 UTR 900000004736,900000004736,97822.06,,HDFC-Current-4421
BL-000809,2026-06-20,2026-06-20,NEFT CR KKBK0000812 900000044656 FROM TRIVIDATA ROOFING PRODUC security deposit INR 145754,900000044656,145754.00,,HDFC-Current-4421
BL-000810,2026-06-20,2026-06-20,UPI/HDFC0001234/110286668565/INV-2026-000516/everwat@okhdfcbank/EVERSTONE WATER TREATMENT ,900000031753,180181.00,,HDFC-Current-4421
BL-000811,2026-06-20,2026-06-20,INV-2026-000773 NEFT CR SBIN0000921 900000042483 FROM VEDIKA FACJLITY M milestone 2 INR 32,900000042483,324338.00,,HDFC-Current-4421
BL-000812,2026-06-20,2026-06-20,NEFT CR ICIC0000429 900000047522 FROM ASHWINI CABLE SYSTEMS LLP freight charges INR 389602,900000047522,389602.00,,HDFC-Current-4421
BL-000813,2026-06-22,2026-06-22,UPI/HDFC0001234/434756160278/ashwmac@ybl/ASHWINI MACHINE PARTS LTD,900000033999,,963555.00,HDFC-Current-4421
BL-000814,2026-06-22,2026-06-22,NEFT DR SBIN0000921 900000031683 FROM GOLDCREST STEEL TRADERS against inv INR 782618.00,900000031683,,782618.00,HDFC-Current-4421
BL-000815,2026-06-22,2026-06-22,UPI/HDFC0001234/376187255156/ashwmac@paytm/ASHWINI MACHINE PARTS LTD/VB-2026-000509,900000031540,,685318.00,HDFC-Current-4421
BL-000816,2026-06-22,2026-06-22,UPI/HDFC0001234/346386933707/eversta@okhdfcbank/EVERSTONE ST /VB-2026-000619,900000036677,,402685.00,HDFC-Current-4421
BL-000817,2026-06-22,2026-06-22,UPI/HDFC0001234/859565451834/ashwmac@paytm/ASHWINI MACHINE PAR,900000037820,,332658.00,HDFC-Current-4421
BL-000818,2026-06-22,2026-06-22,NEFT DR HDFC0001234 900000025367 FROM GOLDCREST STEEL TRADERS COMPANY security deposit INR,900000025367,,253376.00,HDFC-Current-4421
BL-000819,2026-06-22,2026-06-22,RAZORPAY PAYMENTS GATEWAY SETTLEMENT setl_00000101 UTR 900000004797,900000004797,32263.82,,HDFC-Current-4421
BL-000820,2026-06-22,2026-06-22,RAZORPAY PAYMENTS GATEWAY SETTLEMENT setl_00000100 UTR 900000004772,900000004772,117649.77,,HDFC-Current-4421
BL-000821,2026-06-22,2026-06-22,RTGS SBIN0000921 900000026791 SHREE BALAJI MACHINE P INR 243536.00 part payment,900000026791,243536.00,,HDFC-Current-4421
BL-000822,2026-06-22,2026-06-22,CHQ CLG VEDIKA TEXTILES COMPANY INV-2026-000885,900000046948,313051.00,,HDFC-Current-4421
BL-000823,2026-06-22,2026-06-22,NEFT CR ICIC0000429 900000045003 FROM ASHWCAB SY  material supply INR 317240.00,900000045003,317240.00,,HDFC-Current-4421
BL-000824,2026-06-22,2026-06-22,RTGS UTIB0002233 900000040439 SHREE BALAJI HARDW INR 324642.00 advance,900000040439,324642.00,,HDFC-Current-4421
BL-000825,2026-06-22,2026-06-22,INV-2026-001088 NEFT CR HDFC0001234 900000056242 FROM ORBITEX PAPER MILLS PVT LTD full and,900000056242,384566.00,,HDFC-Current-4421
BL-000826,2026-06-22,2026-06-22,INV-2026-000744 NEFT CR HDFC0001234 900000041412 FROM COPPERLEAF ELECTRICALS LTD against i,900000041412,431943.00,,HDFC-Current-4421
BL-000827,2026-06-22,2026-06-22,RTGS UTIB0002233 900000056748 SAPTAGIRI ANA  INR 512834.00 advance INV-2026-001098,900000056748,512834.00,,HDFC-Current-4421
BL-000828,2026-06-22,2026-06-22,NEFT CR KKBK0000812 900000044431 FROM SURYAVANSH PRINT SOLUTIONS & CO amc renewal INR 5158,900000044431,515841.00,,HDFC-Current-4421
BL-000829,2026-06-22,2026-06-22,UPI/HDFC0001234/296225211137/ashwcol@okhdfcbank/ASHWCOL CHAIN /INV-2026-000819,900000044454,573222.00,,HDFC-Current-4421
BL-000830,2026-06-22,2026-06-22,NEFT CR HDFC0001234 900000035568 FROM VEDIKA FACILITY MANAGEMENT NAG advance INR 603177.00,900000035568,603177.00,,HDFC-Current-4421
BL-000831,2026-06-22,2026-06-22,RTGS HDFC0001234 900000059886 SAPTAGIRI ANALYTICS LTD INR 659961.00 advance INV-2026-00115,900000059886,659961.00,,HDFC-Current-4421
BL-000832,2026-06-22,2026-06-22,NEFT CR UTIB0002233 900000047737 FROM GOLDCREST STEEL TRADERS COMPANY security deposit INR,900000047737,816812.00,,HDFC-Current-4421
BL-000833,2026-06-22,2026-06-22,INV-2026-000463 NEFT CR HDFC0001234 900000029464 FROM ANANT PNFRA STAFFING PRIVATE LIMITED,900000029464,1744766.00,,HDFC-Current-4421
BL-000834,2026-06-23,2026-06-23,RT-2026-001082 NEFT DR SBIN0000921 900000055936 FROM VRUNDAVAN INTERIORS NOI invoice settl,900000055936,,521299.00,HDFC-Current-4421
BL-000835,2026-06-23,2026-06-23,RTGS SBIN0000921 900000046113 VAISHNAVI PIPING SOLUTIONS LTD INR 508327.00 advance VB-2026,900000046113,,508327.00,HDFC-Current-4421
BL-000836,2026-06-23,2026-06-23,RTGS SBIN0000921 900000046113 VAISHNAVI PIPING SOLUTIONS LTD INR 508327.00 advance VB-2026,900000046113,,508327.00,HDFC-Current-4421
BL-000837,2026-06-23,2026-06-23,NEFT DR ICIC0000429 900000044189 FROM NORTHLINE ROOFING PRODUCTS PVT LTD milestone 2 INR 1,900000044189,,137745.00,HDFC-Current-4421
BL-000838,2026-06-23,2026-06-23,UPI/HDFC0001234/720887354864/VB-2026-000470/karmcat@ybl/KARMAN CATERING SERVICES LLP,900000029660,,131046.00,HDFC-Current-4421
BL-000839,2026-06-23,2026-06-23,NEFT CR HDFC0001234 900000032583 FROM NALANDA FAB SERVICES PRIVATE LI against inv INR 1213,900000032583,121398.00,,HDFC-Current-4421
BL-000840,2026-06-23,2026-06-23,NEFT CR HDFC0001234 900000059228 FROM GOLDCREST WAREHOUSING PRIVAT material supply INR 220,900000059228,220498.00,,HDFC-Current-4421
BL-000841,2026-06-23,2026-06-23,UPI/HDFC0001234/826807648935/nalarec@paytm/NALANDA RECYCLERS LLP/INV-2026-001052,900000054834,438529.00,,HDFC-Current-4421
BL-000842,2026-06-23,2026-06-23,INV-2026-000806 NEFT CR SBIN0000921 900000044045 FROM ORBIPAC PACKAGING  amc renewal INR 4,900000044045,491215.00,,HDFC-Current-4421
BL-000843,2026-06-23,2026-06-23,INV-2026-000934 CHQ CLG VEDIKA TEXTILES PRIVATE LIMITED INV-2026-000934,900000049410,524516.00,,HDFC-Current-4421
BL-000844,2026-06-23,2026-06-23,RTGS HDFC0001234 900000036983 SHREEFBALAJI INR 562141.00 milestone 2 INV-2026-000630,900000036983,562141.00,,HDFC-Current-4421
BL-000845,2026-06-24,2026-06-24,RT-2026-000477 NEFT DR UTIB0002233 900000030072 FROM GOLDCREST STEEL TRADERS CO invoice se,900000030072,,1229034.00,HDFC-Current-4421
BL-000846,2026-06-24,2026-06-24,NEFT DR SBIN0000921 900000041145 FROM KARMAN PRINT SOLUTION against inv INR 142153.00,900000041145,,142153.00,HDFC-Current-4421
BL-000847,2026-06-24,2026-06-24,CHQ CLG TRINPIP SOLUTIONS INV-2026-000766,900000042304,96089.00,,HDFC-Current-4421
BL-000848,2026-06-24,2026-06-24,RAZORPAY PAYMENTS GATEWAY SETTLEMENT setl_00000102 UTR 900000004850,900000004850,173539.43,,HDFC-Current-4421
BL-000849,2026-06-24,2026-06-24,NEFT CR KKBK0000812 900000043177 FROM COPPERLEAF ELECTRICALS PVT LTD advance INR 430160.00,900000043177,430160.00,,HDFC-Current-4421
BL-000850,2026-06-24,2026-06-24,NEFT CR UTIB0002233 900000043944 FROM SURYAVANSH PETRO CHEMICALS & CO full and final INR 1,900000043944,1547955.00,,HDFC-Current-4421
BL-000851,2026-06-25,2026-06-25,UPI/HDFC0001234/435557273608/VB-2026-000803/pragcon@ybl/PRAGCON CONVEYANCES ,900000043887,,881185.00,HDFC-Current-4421
BL-000852,2026-06-25,2026-06-25,CHQ CLG ANANT INFRA ELECTRICALS ,900000052421,,598695.00,HDFC-Current-4421
BL-000853,2026-06-25,2026-06-25,VB-2026-000863 NEFT DR UTIB0002233 900000046058 FROM VRUNDAVAN INTERIOR  freight charges I,900000046058,,545443.00,HDFC-Current-4421
BL-000854,2026-06-25,2026-06-25,UPI/HDFC0001234/319916908399/pragcon@okhdfcbank/PRAGATI CONVEYANCE,900000052361,,498311.00,HDFC-Current-4421
BL-000855,2026-06-25,2026-06-25,NEFT DR KKBK0000812 900000043487 FROM TRINETRA AGRI INPUT freight charges INR 352052.00,900000043487,,352052.00,HDFC-Current-4421
BL-000856,2026-06-25,2026-06-25,NEFT DR KKBK0000812 900000034341 FROM GOLDCREST STEEL TRADERS COMPANY invoice settlement I,900000034341,,310439.00,HDFC-Current-4421
BL-000857,2026-06-25,2026-06-25,CHQ CLG ORBITEX WARE VB-2026-000874,900000046554,,237820.00,HDFC-Current-4421
BL-000858,2026-06-25,2026-06-25,UPI/HDFC0001234/534813549791/merihar@ybl/MERIDIAN HARDWARE /RT-2026-000893,900000047454,,214642.00,HDFC-Current-4421
BL-000859,2026-06-25,2026-06-25,NEFT DR ICIC0000429 900000040911 FROM PRAQATI FAB  advance INR 186702.00,900000040911,,186702.00,HDFC-Current-4421
BL-000860,2026-06-25,2026-06-25,RT-2026-000683 NEFT DR UTIB0002233 900000039162 FROM SHREE BALAJI ANALY amc renewal INR 17,900000039162,,176229.00,HDFC-Current-4421
BL-000861,2026-06-25,2026-06-25,VB-2026-001058 CHQ CLG ANANT INFRA ELECTRICALS PVT LTD VB-2026-001058,900000055031,,148910.00,HDFC-Current-4421
BL-000862,2026-06-25,2026-06-25,RT-2026-000853 NEFT DR UTIB0002233 900000045674 FROM MERIDIAN POLYM milestone 2 INR 56606.,900000045674,,56606.00,HDFC-Current-4421
BL-000863,2026-06-25,2026-06-25,RAZORPAY PAYMENTS GATEWAY SETTLEMENT setl_00000103 UTR 900000004939,900000004939,115495.80,,HDFC-Current-4421
BL-000864,2026-06-25,2026-06-25,NEFT CR KKBK0000812 900000046463 FROM SURYAVANSH PRINT SOLUTIONS & CO milestone 2 INR 1453,900000046463,145316.00,,HDFC-Current-4421
BL-000865,2026-06-25,2026-06-25,INV-2026-000703 CHQ CLG TRINETRA PIPING SOLUTIONS LLP INV-2026-000703,900000039928,305938.00,,HDFC-Current-4421
BL-000866,2026-06-25,2026-06-25,NEFT CR SBIN0000921 900000053617 FROM GOLDCREST STEEL TRA part payment INR 1495531.00 INV-,900000053617,1495531.00,,HDFC-Current-4421
BL-000867,2026-06-26,2026-06-26,NEFT DR UTIB0002233 900000053422 FROM LOHIYA LOGISTICS PUN against inv INR 950580.00,900000053422,,950580.00,HDFC-Current-4421
BL-000868,2026-06-26,2026-06-26,RT-2026-000821 RTGS UTIB0002233 900000044523 VAISHNAVI PIPING SOLUTIONS LLP INR 851847.00 ,900000044523,,851847.00,HDFC-Current-4421
BL-000869,2026-06-26,2026-06-26,NEFT CR HDFC0001234 900000058813 FROM GOLDCREST WAREHOUSING PR material supply INR 45728.0,900000058813,45728.00,,HDFC-Current-4421
BL-000870,2026-06-26,2026-06-26,RAZORPAY PAYMENTS GATEWAY SETTLEMENT setl_00000104 UTR 900000004975,900000004975,70004.34,,HDFC-Current-4421
BL-000871,2026-06-26,2026-06-26,INV-2026-000755 NEFT CR ICIC0000429 900000041705 FROM SAHYADRI POLYMERS PVT LTD full and f,900000041705,356059.00,,HDFC-Current-4421
BL-000872,2026-06-26,2026-06-26,NEFT CR UTIB0002233 900000044055 FROM SURYAVANSH PETRO CHEMICALS & CO amc renewal INR 3879,900000044055,387906.00,,HDFC-Current-4421
BL-000873,2026-06-26,2026-06-26,NEFT CR HDFC0001234 900000047836 FROM TRIVIDATA ROOFING PRODUC security deposit INR 698432,900000047836,698432.00,,HDFC-Current-4421
BL-000874,2026-06-26,2026-06-26,NEFT CR HDFC0001234 900000045045 FROM SURYPET CHEM amc renewal INR 1571754.00,900000045045,1571754.00,,HDFC-Current-4421
BL-000875,2026-06-27,2026-06-27,NEFT DR HDFC0001234 900000034438 FROM TRINETRA SOLAR EPC LLP full and final INR 969070.00 ,900000034438,,969070.00,HDFC-Current-4421
BL-000876,2026-06-27,2026-06-27,RT-2026-001132 CHQ CLG ANANT INFRA ELECTRICALS LTD RT-2026-001132,900000058447,,182943.00,HDFC-Current-4421
BL-000877,2026-06-27,2026-06-27,INV-2026-000639 CHQ CLG TRINETRA PIPING INV-2026-000639,900000037350,105968.00,,HDFC-Current-4421
BL-000878,2026-06-27,2026-06-27,RAZORPAY PAYMENTS GATEWAY SETTLEMENT setl_00000105 UTR 900000005010,900000005010,132586.68,,HDFC-Current-4421
BL-000879,2026-06-27,2026-06-27,INV-2026-000545 NEFT CR ICIC0000429 900000033083 FROM GOLDCREST SECURITY amc renewal INR 3,900000033083,374741.00,,HDFC-Current-4421
BL-000880,2026-06-27,2026-06-27,NEFT CR SBIN0000921 900000033228 FROM ASHWINI SOLAR EPC PVTJLTD part payment INR 433388.00,900000033228,433388.00,,HDFC-Current-4421
BL-000881,2026-06-27,2026-06-27,UPI/HDFC0001234/366907507100/ashwcol@ybl/ASHWINI COLD CHAIN COMPANY/INV-2026-000823,900000044653,683400.00,,HDFC-Current-4421
BL-000882,2026-06-27,2026-06-27,"UPI/HDFC0001234/463703849643/orbidai@okaxis/ORBITEX DAIRY FOODS PVT LTD/INV-2026-000970,IN",900000080867,2217558.00,,HDFC-Current-4421
BL-000883,2026-06-29,2026-06-29,NEFT DR KKBK0000812 900000052222 FROM EVERSTONE RECYCLERS PUN security deposit INR 1277369,900000052222,,1277369.00,HDFC-Current-4421
BL-000884,2026-06-29,2026-06-29,RT-2026-000800 NEFT DR KKBK0000812 900000043707 FROM PRAGATI FAB SERVICES LTD material sup,900000043707,,1238232.00,HDFC-Current-4421
BL-000885,2026-06-29,2026-06-29,RT-2026-001007 NEFT DR HDFC0001234 900000052889 FROM VRUNDAVAN INTERIORS NOI material supp,900000052889,,644226.00,HDFC-Current-4421
BL-000886,2026-06-29,2026-06-29,UPI/HDFC0001234/912490579967/merihar@okaxis/MERIDIAN HARDWARE /RT-2026-000901,900000047911,,565387.00,HDFC-Current-4421
BL-000887,2026-06-29,2026-06-29,UPI/HDFC0001234/761558299089/eversta@okaxis/EVERSTONE STAF,900000041258,,493717.00,HDFC-Current-4421
BL-000888,2026-06-29,2026-06-29,VB-2026-000589 NEFT DR UTIB0002233 900000035190 FROM ZENITH ONE TEXTILES COMPANY security ,900000035190,,452377.00,HDFC-Current-4421
BL-000889,2026-06-29,2026-06-29,NEFT DR ICIC0000429 900000038576 FROM GOLDCREST STEEL TRADERS milestone 2 INR 449167.00 RT,900000038576,,449167.00,HDFC-Current-4421
BL-000890,2026-06-29,2026-06-29,UPI/HDFC0001234/875920563766/RT-2026-000796/eversta@okhdfcbank/EVERSTONE STAFF,900000043496,,314920.00,HDFC-Current-4421
BL-000891,2026-06-29,2026-06-29,NEFT DR SBIN0000921 900000032986 FROM TRINETRA SOLAR EPC CO amc renewal INR 287185.00,900000032986,,287185.00,HDFC-Current-4421
BL-000892,2026-06-29,2026-06-29,NEFT DR UTIB0002233 900000036751 FROM TRINETRA SOLAR EP full and final INR 246089.00 RT-20,900000036751,,246089.00,HDFC-Current-4421
BL-000893,2026-06-29,2026-06-29,CHQ CLG ANANT INFRA ELECTRICALS LTD ,900000058694,,245421.00,HDFC-Current-4421
BL-000894,2026-06-29,2026-06-29,NEFT DR SBIN0000921 900000048212 FROM TRINETRA AGRI INPUTS COMPANY freight charges INR 237,900000048212,,237683.00,HDFC-Current-4421
BL-000895,2026-06-29,2026-06-29,NEFT DR SBIN0000921 900000037186 FROM PRAGATI FAB advance INR 234015.00 VB-2026-000635,900000037186,,234015.00,HDFC-Current-4421
BL-000896,2026-06-29,2026-06-29,RTGS UTIB0002233 900000045974 VAISHNAVI PIPING SOLUTIONS PUN INR 201652.00 amc renewal VB-,900000045974,,201652.00,HDFC-Current-4421
BL-000897,2026-06-29,2026-06-29,UPI/HDFC0001234/889139435734/VB-2026-000840/bluecol@paytm/BLUEPEAK COLD,900000045144,,113813.00,HDFC-Current-4421
BL-000898,2026-06-29,2026-06-29,RAZORPAY PAYMENTS GATEWAY SETTLEMENT setl_00000107 UTR 900000005096,900000005096,22095.24,,HDFC-Current-4421
BL-000899,2026-06-29,2026-06-29,NEFT CR HDFC0001234 900000037665 FROM GOLDCREST SECURITY SYSTEMS PRIVATE LIMITED milestone,900000037665,140072.00,,HDFC-Current-4421
BL-000900,2026-06-29,2026-06-29,INV-2026-000613 CHQ CLG TRINETRA PIPING SOLUTION INV-2026-000613,900000036394,160679.00,,HDFC-Current-4421
BL-000901,2026-06-29,2026-06-29,UPI/HDFC0001234/518216013015/merilab@okaxis/MERIDIAN LAB SUPPLIES PVT LTD,900000057643,185586.00,,HDFC-Current-4421
BL-000902,2026-06-29,2026-06-29,RAZORPAY PAYMENTS GATEWAY SETTLEMENT setl_00000106 UTR 900000005023,900000005023,233825.74,,HDFC-Current-4421
BL-000903,2026-06-29,2026-06-29,NEFT CR HDFC0001234 900000048357 FROM SURYAVANSH PETR  material supply INR 272448.00,900000048357,272448.00,,HDFC-Current-4421
BL-000904,2026-06-29,2026-06-29,INV-2026-000665 CHQ CLG TRINETRA PIPING SOLUTIONS LLP INV-2026-000665,900000038334,292484.00,,HDFC-Current-4421
BL-000905,2026-06-29,2026-06-29,NEFT CR HDFC0001234 900000042215 FROM ORBITEX PACKALING PVT LTD material supply INR 753025,900000042215,753025.00,,HDFC-Current-4421
BL-000906,2026-06-29,2026-06-29,NEFT CR SBIN0000921 900000044303 FROM VEDIKA FACILITY MANAGEMENT & CO invoice settlement I,900000044303,1064676.00,,HDFC-Current-4421
BL-000907,2026-06-30,2026-06-30,SALARY-202607 NEFT DR KKBK0000812 900000079894 FROM ACME INDUSTRIES PAY milestone 2 INR 34,900000079894,,3450000.00,HDFC-Current-4421
BL-000908,2026-06-30,2026-06-30,NEFT DR KKBK0000812 900000044183 FROM PRAGATI FAB SERVICES LTD security deposit INR 126384,900000044183,,1263846.00,HDFC-Current-4421
BL-000909,2026-06-30,2026-06-30,NEFT DR HDFC0001234 900000044896 FROM PRAGATI FAB SERVICES LTD material supply INR 385143.,900000044896,,385143.00,HDFC-Current-4421
BL-000910,2026-06-30,2026-06-30,UPI/HDFC0001234/809896195711/bluecol@paytm/BLUEPEAK COLD CHAIN KOC,900000041928,,136989.00,HDFC-Current-4421
BL-000911,2026-06-30,2026-06-30,CHQ CLG ANANT INFRA ELDCTRICALS LTD VB-2026-001016,900000053382,,46996.00,HDFC-Current-4421
BL-000912,2026-06-30,2026-06-30,RAZORPAY PAYMENTS GATEWAY SETTLEMENT setl_00000108 UTR 900000005139,900000005139,21169.13,,HDFC-Current-4421
BL-000913,2026-06-30,2026-06-30,CHQ CLG TRINETRA PIPING SOLUTIONS LLP INV-2026-000584,900000035050,215436.00,,HDFC-Current-4421
BL-000914,2026-06-30,2026-06-30,UPI/HDFC0001234/579065929531/INV-2026-001118/orbidai@paytm/ORBITEX DAIRY FOODS PVT LTD,900000057808,438206.00,,HDFC-Current-4421
BL-000915,2026-06-30,2026-06-30,NEFT CR KKBK0000812 900000043087 FROM COPPERLEAF ELECTRICALS PVT LTD milestone 2 INR 44050,900000043087,440509.00,,HDFC-Current-4421
BL-000916,2026-06-30,2026-06-30,NEFT CR HDFC0001234 900000040476 FROM ORBITEX PACKAGING PRIVATE LIMITED advance INR 923504,900000040476,923504.00,,HDFC-Current-4421
BL-000917,2026-06-30,2026-06-30,UPI/HDFC0001234/909839843878/ashwcol@okhdfcbank/ASHWINI COLD CHAIN LTD,900000046752,1318459.00,,HDFC-Current-4421
BL-000918,2026-06-30,2026-06-30,RTGS HDFC0001234 900000042023 SHREE BALAJI HARDWARE PRIVATE LIMITED INR 3291035.00 full an,900000042023,3291035.00,,HDFC-Current-4421
BL-000919,2026-07-01,2026-07-01,UPI/HDFC0001234/577224508323/ashwmac@paytm/ASHWINI MACHIN ,900000040121,,1215879.00,HDFC-Current-4421
BL-000920,2026-07-01,2026-07-01,NEFT DR UTIB0002233 900000035177 FROM TRINETRA SOLAR EPC LLP part payment INR 902340.00,900000035177,,902340.00,HDFC-Current-4421
BL-000921,2026-07-01,2026-07-01,NEFT DR ICIC0000429 900000054691 FROM TRINETRA AGRI INPUTS FAR amc renewal INR 296302.00 V,900000054691,,296302.00,HDFC-Current-4421
BL-000922,2026-07-01,2026-07-01,VB-2026-000738 NEFT DR ICIC0000429 900000041219 FROM ZENITH ONE TEXTILES LLP material supp,900000041219,,251376.00,HDFC-Current-4421
BL-000923,2026-07-01,2026-07-01,CHQ CLG ORBITEX WAREHOUSING & CO ,900000048126,,199305.00,HDFC-Current-4421
BL-000924,2026-07-01,2026-07-01,NEFT DR HDFC0001234 900000035310 FROM SHREE BALAJI ANALYTICS COMPANY against inv INR 17811,900000035310,,178111.00,HDFC-Current-4421
BL-000925,2026-07-01,2026-07-01,RTGS KKBK0000812 900000057930 SUNDARA WATE  INR 163397.00 freight charges,900000057930,,163397.00,HDFC-Current-4421
BL-000926,2026-07-01,2026-07-01,NEFT DR KKBK0000812 900000031633 FROM GOLDCREST STEEL TRADE material supply INR 160224.00,900000031633,,160224.00,HDFC-Current-4421
BL-000927,2026-07-01,2026-07-01,VB-2026-001123 CHQ CLG ANANT INFRA ELECTRICALS LTD VB-2026-001123,900000058025,,156837.00,HDFC-Current-4421
BL-000928,2026-07-01,2026-07-01,RAZORPAY PAYMENTS GATEWAY SETTLEMENT setl_00000109 UTR 900000005218,900000005218,145447.13,,HDFC-Current-4421
BL-000929,2026-07-01,2026-07-01,INV-2026-001073 NEFT CR ICIC0000429 900000055613 FROM GOLDCREST STEEL TRADERS JAI advance ,900000055613,213140.00,,HDFC-Current-4421
BL-000930,2026-07-01,2026-07-01,NEFT CR SBIN0000921 900000054243 FROM TRIVIDATA ROOFING PRODUCTS PVT LTD invoice settlemen,900000054243,455245.00,,HDFC-Current-4421
BL-000931,2026-07-01,2026-07-01,NEFT CR UTIB0002233 900000055183 FROM TRIVIDATA ROOFING PRODUCT against inv INR 553412.00 ,900000055183,553412.00,,HDFC-Current-4421
BL-000932,2026-07-01,2026-07-01,INV-2026-000925 NEFT CR HDFC0001234 900000049119 FROM TRIVIDATA ROOFING PRO part payment I,900000049119,1404378.00,,HDFC-Current-4421
BL-000933,2026-07-02,2026-07-02,CHQ CLG ORBITEX WAREHOUSING LLP VB-2026-000875,900000046649,,394518.00,HDFC-Current-4421
BL-000934,2026-07-02,2026-07-02,NEFT DR SBIN0000921 900000051480 FROM MERIDIAN POLY material supply INR 210033.00 VB-2026-,900000051480,,210033.00,HDFC-Current-4421
BL-000935,2026-07-02,2026-07-02,NEFT DR SBIN0000921 900000035151 FROM GOLDCREST STEEL security deposit INR 127674.00,900000035151,,127674.00,HDFC-Current-4421
BL-000936,2026-07-02,2026-07-02,RAZORPAY PAYMENTS GATEWAY SETTLEMENT setl_00000110 UTR 900000005238,900000005238,116022.69,,HDFC-Current-4421
BL-000937,2026-07-02,2026-07-02,CHQ CLG VEDIKA TEXTI ,900000056619,423059.00,,HDFC-Current-4421
BL-000938,2026-07-02,2026-07-02,INV-2026-000908 NEFT CR SBIN0000921 900000048276 FROM SURYAVANSH PETRO CHEMICALS & CO agai,900000048276,892424.00,,HDFC-Current-4421
BL-000939,2026-07-03,2026-07-03,EMI-202607 NEFT DR UTIB0002233 900000079906 FROM STATE BANK EQUIP LOAN  part payment INR 1,900000079906,,1250000.00,HDFC-Current-4421
BL-000940,2026-07-03,2026-07-03,RT-2026-000758 NEFT DR HDFC0001234 900000041817 FROM ZENITH ONE TEXTILES LLP invoice settl,900000041817,,420245.00,HDFC-Current-4421
BL-000941,2026-07-03,2026-07-03,NEFT DR ICIC0000429 900000048012 FROM TRINETRA AGRI INPUTS COMPANY part payment INR 294911,900000048012,,294911.00,HDFC-Current-4421
BL-000942,2026-07-03,2026-07-03,VB-2026-000533 NEFT DR HDFC0001234 900000032517 FROM GOLDEREST STEEL TRADERS COMPANY advan,900000032517,,250237.00,HDFC-Current-4421
BL-000943,2026-07-03,2026-07-03,UPI/HDFC0001234/133489093558/ashwmac@okhdfcbank/ASHWINI MAOHINE PARTS LTD/VB-2026-000519,900000031913,,69743.00,HDFC-Current-4421
BL-000944,2026-07-03,2026-07-03,NEFT CR SBIN0000921 900000066102 FROM GOLDCREST WARE  against inv INR 115405.00,900000066102,115405.00,,HDFC-Current-4421
BL-000945,2026-07-03,2026-07-03,RAZORPAY PAYMENTS GATEWAY SETTLEMENT setl_00000111 UTR 900000005257,900000005257,123499.65,,HDFC-Current-4421
BL-000946,2026-07-03,2026-07-03,CHQ CLG TRINETRA P ,900000042904,124705.00,,HDFC-Current-4421
BL-000947,2026-07-03,2026-07-03,INV-2026-000944 NEFT CR ICIC0000429 900000050007 FROM ASHWINI INTERIORS & CO part payment ,900000050007,151461.00,,HDFC-Current-4421
BL-000948,2026-07-03,2026-07-03,UPI/HDFC0001234/787071590087/anancon@ybl/ANANT INFRA CONVEYA,900000051982,263437.00,,HDFC-Current-4421
BL-000949,2026-07-03,2026-07-03,NEFT CR KKBK0000812 900000039568 FROM GOLDCREST SECURITY SYSTEMS & CO milestone 2 INR 3824,900000039568,382444.00,,HDFC-Current-4421
BL-000950,2026-07-03,2026-07-03,NEFT CR KKBK0000812 900000049114 FROM SURYAVANSH PRINT SOLUTIONS & CO full and final INR 4,900000049114,432177.00,,HDFC-Current-4421
BL-000951,2026-07-03,2026-07-03,UPI/HDFC0001234/230097726886/orbidai@ybl/ORBITEX DAIRY FOODS PVT LTD,900000060199,507080.00,,HDFC-Current-4421
BL-000952,2026-07-03,2026-07-03,INV-2026-000677 NEFT CR HDFC0001234 900000038838 FROM ASHWINI SOLAR EPC PVT LTD freight ch,900000038838,672093.00,,HDFC-Current-4421
BL-000953,2026-07-04,2026-07-04,NEFT DR ICIC0000429 900000042754 FROM PRAGATI FAB SERVICES LTD advance INR 1237962.00 RT-2,900000042754,,1237962.00,HDFC-Current-4421
BL-000954,2026-07-04,2026-07-04,NEFT DR KKBK0000812 900000055070 FROM VRUNDAVAN INTERIORS WVT LTD milestone 2 INR 174786.0,900000055070,,174786.00,HDFC-Current-4421
BL-000955,2026-07-04,2026-07-04,UPI/HDFC0001234/906983640992/karmcat@paytm/KARMCAT SERVICES,900000040621,,115067.00,HDFC-Current-4421
BL-000956,2026-07-04,2026-07-04,NEFT DR ICIC0000429 900000036485 FROM GOLDCREST STEEL TRADERS PRIVATE  advance INR 114119.,900000036485,,114119.00,HDFC-Current-4421
BL-000957,2026-07-04,2026-07-04,NEFT CR UTIB0002233 900000045409 FROM SURYAVANSH CATERING SERVIC invoice settlement INR 96,900000045409,96882.00,,HDFC-Current-4421
BL-000958,2026-07-04,2026-07-04,RAZORPAY PAYMENTS GATEWAY SETTLEMENT setl_00000112 UTR 900000005294,900000005294,121448.45,,HDFC-Current-4421
BL-000959,2026-07-04,2026-07-04,NEFT CR KKBK0000812 900000049841 FROM TRIVIDATA ROOFING PRODUCTS PVT LTD security deposit ,900000049841,315539.00,,HDFC-Current-4421
BL-000960,2026-07-04,2026-07-04,CHQ CLG TRINETRA PIPING SOLUTIONS LLP INV-2026-000808,900000044067,647330.00,,HDFC-Current-4421
BL-000961,2026-07-04,2026-07-04,UPI/HDFC0001234/355336760737/orbidai@ybl/ORBIDAI FO,900000066169,812013.00,,HDFC-Current-4421
BL-000962,2026-07-04,2026-07-04,RTGS UTIB0002233 900000045865 SHREE BALAJI HARDWARE PRIVATE LIMITED INR 845408.00 advance ,900000045865,845408.00,,HDFC-Current-4421
BL-000963,2026-07-04,2026-07-04,UPI/HDFC0001234/785812958779/ashwcol@okhdfcbank/ASHWINI COLD CHAIN NOI/INV-2026-000928,900000049217,941344.00,,HDFC-Current-4421
BL-000964,2026-07-04,2026-07-04,UPI/HDFC0001234/104833553896/nalarec@okaxis/NALANDA RE,900000054764,1829682.00,,HDFC-Current-4421
BL-000965,2026-07-06,2026-07-06,NEFT DR UTIB0002233 900000079986 FROM INCOME TAX GST DEPOSITS security deposit INR 3138188,900000079986,,3138188.00,HDFC-Current-4421
BL-000966,2026-07-06,2026-07-06,VB-2026-001173 NEFT DR HDFC0001234 900000060826 FROM LOHIYA LOGISTI advance INR 1291850.00,900000060826,,1291850.00,HDFC-Current-4421
BL-000967,2026-07-06,2026-07-06,NEFT DR UTIB0002233 900000079903 FROM SKYLINE LTD  against inv INR 780000.00 RENT-202607,900000079903,,780000.00,HDFC-Current-4421
BL-000968,2026-07-06,2026-07-06,UPI/HDFC0001234/861981366806/ashwmac@okaxis/ASHWINI MACHINE P/VB-2026-000700,900000039808,,610274.00,HDFC-Current-4421
BL-000969,2026-07-06,2026-07-06,UPI/HDFC0001234/641770548029/RT-2026-000946/merihar@ybl/MERIDIAN HARDWARE PRIVATE LIMITED,900000050113,,372019.00,HDFC-Current-4421
BL-000970,2026-07-06,2026-07-06,NEFT DR HDFC0001234 900000041506 FROM TRINETRA SOLAR EPC GUW against inv INR 261596.00,900000041506,,261596.00,HDFC-Current-4421
BL-000971,2026-07-06,2026-07-06,UPI/HDFC0001234/945145913714/VB-2026-000768/ashwmac@okaxis/ASHWINI MACHINE PARTS LTD,900000042395,,149600.00,HDFC-Current-4421
BL-000972,2026-07-06,2026-07-06,UPI/HDFC0001234/445614532966/RT-2026-000681/karmcat@paytm/KARMAN CATERING SERVICES LLP,900000039041,,146313.00,HDFC-Current-4421
BL-000973,2026-07-06,2026-07-06,RT-2026-000886 NEFT DR SBIN0000921 900000046965 FROM NORTHLINE ROOJING PRODUCTS PVT LTD se,900000046965,,133079.00,HDFC-Current-4421
BL-000974,2026-07-06,2026-07-06,NEFT CR KKBK0000812 900000067891 FROM GOLDCREST WAREHOUSING COMPANY security deposit INR 2,900000067891,25206.00,,HDFC-Current-4421
BL-000975,2026-07-06,2026-07-06,RAZORPAY PAYMENTS GATEWAY SETTLEMENT setl_00000114 UTR 900000005444,900000005444,50236.92,,HDFC-Current-4421
BL-000976,2026-07-06,2026-07-06,UPI/HDFC0001234/269682529516/anancon@ybl/ANANT INFRA CONVEYANCES PVT LTD,900000049768,66891.00,,HDFC-Current-4421
BL-000977,2026-07-06,2026-07-06,RAZORPAY PAYMENTS GATEWAY SETTLEMENT setl_00000113 UTR 900000005365,900000005365,95233.40,,HDFC-Current-4421
BL-000978,2026-07-06,2026-07-06,INV-2026-000918 NEFT CR SBIN0000921 900000048799 FROM ASHWINI CABLE full and final INR 222,900000048799,222425.00,,HDFC-Current-4421
BL-000979,2026-07-06,2026-07-06,UPI/HDFC0001234/508266002966/ashwcol@okaxis/ASHWINI COLD CHAIN C/INV-2026-000990,900000052182,240604.00,,HDFC-Current-4421
BL-000980,2026-07-06,2026-07-06,NEFT CR SBIN0000921 900000062278 FROM PUSHAGR INPUTS material supply INR 872963.00,900000062278,872963.00,,HDFC-Current-4421
BL-000981,2026-07-06,2026-07-06,NEFT CR HDFC0001234 900000048399 FROM TRIVIDATA ROOFING PRODUCTS PRIVATE LIMITED material ,900000048399,914727.00,,HDFC-Current-4421
BL-000982,2026-07-06,2026-07-06,NEFT CR ICIC0000429 900000039422 FROM GOLDCREST SECURITY against inv INR 992374.00 INV-202,900000039422,992374.00,,HDFC-Current-4421
BL-000983,2026-07-06,2026-07-06,NEFT CR ICIC0000429 900000058049 FROM ASHWINI INTE  full and final INR 1287280.00,900000058049,1287280.00,,HDFC-Current-4421
BL-000984,2026-07-06,2026-07-06,NEFT CR HDFC0001234 900000048839 FROM VEDIKA FACILITY MANAGEMENT & CO amc renewal INR 1405,900000048839,1405609.00,,HDFC-Current-4421
BL-000985,2026-07-06,2026-07-06,UPI/HDFC0001234/977295995849/ashwcol@ybl/ASHWINI COLD CHAIN LTD,900000049527,1444547.00,,HDFC-Current-4421
BL-000986,2026-07-06,2026-07-06,RTGS UTIB0002233 900000045776 SHREE BALAJI HARDWARE PRI INR 1633019.00 part payment,900000045776,1633019.00,,HDFC-Current-4421
BL-000987,2026-07-06,2026-07-06,INV-2026-001282 NEFT CR SBIN0000921 900000065394 FROM ORBITEX PAPER MILLS PVT LTD mileston,900000065394,2796676.00,,HDFC-Current-4421
BL-000988,2026-07-06,2026-07-06,UPI/HDFC0001234/890754643214/INV-2026-000983/ashwcol@ybl/ASHWINI COLD CHAI,900000051870,3088932.00,,HDFC-Current-4421
BL-000989,2026-07-07,2026-07-07,NEFT DR SBIN0000921 900000047228 FROM TRINETRA AGRI INPUTS FAR invoice settlement INR 5518,900000047228,,551863.00,HDFC-Current-4421
BL-000990,2026-07-07,2026-07-07,NEFT DR ICIC0000429 900000044755 FROM SHREE BALAJIXANALYTICS NOI advance INR 373654.00 VB-,900000044755,,373654.00,HDFC-Current-4421
BL-000991,2026-07-07,2026-07-07,NEFT DR SBIN0000921 900000038217 FROM TRINETRA SOLAR EPC GUW security deposit INR 311423.0,900000038217,,311423.00,HDFC-Current-4421
BL-000992,2026-07-07,2026-07-07,CHQ CLG ORBITEX WA ,900000051221,,300428.00,HDFC-Current-4421
BL-000993,2026-07-07,2026-07-07,UPI/HDFC0001234/450200628535/pragcon@paytm/PRAGATI CONVEYANCES PVT LTD/RT-2026-001006,900000052817,,287836.00,HDFC-Current-4421
BL-000994,2026-07-07,2026-07-07,VB-2026-000575 NEFT DR ICIC0000429 900000034570 FROM GOLDCREST STEEL  material supply INR ,900000034570,,89439.00,HDFC-Current-4421
BL-000995,2026-07-07,2026-07-07,RAZORPAY PAYMENTS GATEWAY SETTLEMENT setl_00000115 UTR 900000005463,900000005463,5500.69,,HDFC-Current-4421
BL-000996,2026-07-08,2026-07-08,RT-2026-000963 RTGS KKBK0000812 900000051143 VAISHNAVI PIPING SO INR 590612.00 security de,900000051143,,590612.00,HDFC-Current-4421
BL-000997,2026-07-08,2026-07-08,NEFT DR KKBK0000812 900000054493 FROM NORTALINE ROO milestone 2 INR 557825.00 VB-2026-0010,900000054493,,557825.00,HDFC-Current-4421
BL-000998,2026-07-08,2026-07-08,NEFT DR HDFC0001234 900000031974 FROM ZENITH ONE TEXTILES PRIVATE LIMITED invoice settleme,900000031974,,380215.00,HDFC-Current-4421
BL-000999,2026-07-08,2026-07-08,VB-2026-000892 NEFT DR UTIB0002233 900000047390 FROM NORTHLINE ROOFING PRODUCTS LLP agains,900000047390,,344674.00,HDFC-Current-4421
BL-001000,2026-07-08,2026-07-08,VB-2026-000623 NEFT DR HDFC0001234 900000036784 FROM GOLDCREST STEEL TRADERS COMPANY secur,900000036784,,140057.00,HDFC-Current-4421
BL-001001,2026-07-08,2026-07-08,RAZORPAY PAYMENTS GATEWAY SETTLEMENT setl_00000116 UTR 900000005508,900000005508,136535.41,,HDFC-Current-4421
BL-001002,2026-07-08,2026-07-08,INV-2026-001149 NEFT CR SBIN0000921 900000059429 FROM GOLDCREST STEEL TRADZRS COMPANY invo,900000059429,379731.00,,HDFC-Current-4421
BL-001003,2026-07-08,2026-07-08,UPI/HDFC0001234/743170254677/INV-2026-000895/anancon@paytm/ANANT INFRA CONVEYANCES PVT LTD,900000047582,484910.00,,HDFC-Current-4421
BL-001004,2026-07-08,2026-07-08,INV-2026-000866 NEFT CR KKBK0000812 900000046175 FROM ORBITEX PACKAGING COMPANY material s,900000046175,518457.00,,HDFC-Current-4421
BL-001005,2026-07-08,2026-07-08,INV-2026-001238 NEFT CR ICIC0000429 900000063445 FROM ORBITEX PAPER MILLS PVT LTD material,900000063445,627549.00,,HDFC-Current-4421
BL-001006,2026-07-08,2026-07-08,UPI/HDFC0001234/609920859630/INV-2026-001274/orbidai@paytm/ORBITEX DAIRY ,900000065031,1003890.00,,HDFC-Current-4421
BL-001007,2026-07-08,2026-07-08,NEFT CR ICIC0000429 900000044665 FROM ORBITEX PACKAGING PRIVATE LIMITED against inv INR 23,900000044665,2382858.00,,HDFC-Current-4421
BL-001008,2026-07-09,2026-07-09,NEFT DR KKBK0000812 900000055528 FROM TRINETRA AGRI IN security deposit INR 324610.00 RT-2,900000055528,,324610.00,HDFC-Current-4421
BL-001009,2026-07-09,2026-07-09,NEFT DR HDFC0001234 900000036600 FROM GOJDCREST STEEL TRADERS NAG advance INR 240652.00 RT,900000036600,,240652.00,HDFC-Current-4421
BL-001010,2026-07-09,2026-07-09,NEFT DR ICIC0000429 900000040085 FROM GOLDCREST STEEL TRADERS COMPANY milestone 2 INR 2404,900000040085,,240430.00,HDFC-Current-4421
BL-001011,2026-07-09,2026-07-09,NEFT DR ICIC0000429 900000040085 FROM GOLDCREST STEEL TRADERS COMPANY milestone 2 INR 2404,900000040085,,240430.00,HDFC-Current-4421
BL-001012,2026-07-09,2026-07-09,VB-2026-001009 CHQ CLG ORBITEX WAREHOUSING PVT LTD VB-2026-001009,900000053000,,156521.00,HDFC-Current-4421
BL-001013,2026-07-09,2026-07-09,UPI/HDFC0001234/591273309032/merihar@okhdfcbank/MERICIAN HARDWARE PRIVATE LIMITED/VB-2026-,900000051576,,138404.00,HDFC-Current-4421
BL-001014,2026-07-09,2026-07-09,RAZORPAY PAYMENTS GATEWAY SETTLEMENT setl_00000117 UTR 900000005522,900000005522,92312.39,,HDFC-Current-4421
BL-001015,2026-07-09,2026-07-09,CHQ CLG TRINETRA PIPING SOLUTIONS LLP INV-2026-000841,900000045211,181804.00,,HDFC-Current-4421
BL-001016,2026-07-09,2026-07-09,UPI/HDFC0001234/310008789622/anancon@ybl/ANANT INFRA CONVEYANCES JAI/INV-2026-000882,900000046833,195847.00,,HDFC-Current-4421
BL-001017,2026-07-09,2026-07-09,NEFT CR KKBK0000812 900000062352 FROM PUSHAGR INPUTS  milestone 2 INR 212598.00 INV-2026-0,900000062352,212598.00,,HDFC-Current-4421
BL-001018,2026-07-09,2026-07-09,NEFT CR KKBK0000812 900000062352 FROM PUSHAGR INPUTS  milestone 2 INR 212598.00 INV-2026-0,900000062352,212598.00,,HDFC-Current-4421
BL-001019,2026-07-09,2026-07-09,RTGS SBIN0000921 900000065713 SAPTAGIRI ANALYTICS LTD INR 224049.00 amc renewal,900000065713,224049.00,,HDFC-Current-4421
BL-001020,2026-07-09,2026-07-09,NEFT CR KKBK0000812 900000061260 FROM GOLDCREST STEEL TRA against inv INR 493713.00 INV-20,900000061260,493713.00,,HDFC-Current-4421
BL-001021,2026-07-09,2026-07-09,INV-2026-001311 RTGS ICIC0000429 900000066861 SAPTAGIRI ANA INR 513031.00 amc renewal,900000066861,513031.00,,HDFC-Current-4421
BL-001022,2026-07-10,2026-07-10,NEFT DR UTIB0002233 900000054423 FROM TRINETRA AGRI INPUTS COMPANY against inv INR 658240.,900000054423,,658240.00,HDFC-Current-4421
BL-001023,2026-07-10,2026-07-10,RTGS SBIN0000921 900000061381 SUNDWAT TREATMENT  INR 190172.00 freight charges,900000061381,,190172.00,HDFC-Current-4421
BL-001024,2026-07-10,2026-07-10,NEFT CR HDFC0001234 900000057085 FROM SURYAVANSH CATER full and final INR 36171.00,900000057085,36171.00,,HDFC-Current-4421
BL-001025,2026-07-10,2026-07-10,RAZORPAY PAYMENTS GATEWAY SETTLEMENT setl_00000118 UTR 900000005619,900000005619,50806.54,,HDFC-Current-4421
BL-001026,2026-07-10,2026-07-10,UPI/HDFC0001234/475518988949/INV-2026-001002/ashwcol@okaxis/ASHWINI COLD CHAIN LTD,900000052668,342913.00,,HDFC-Current-4421
BL-001027,2026-07-10,2026-07-10,NEFT CR KKBK0000812 900000052742 FROM ASHWINI CAB  security deposit INR 392505.00 INV-2026,900000052742,392505.00,,HDFC-Current-4421
BL-001028,2026-07-10,2026-07-10,NEFT CR SBIN0000921 900000051817 FROM VEDIKA FACILITY MANAGEMENT LLP milestone 2 INR 50808,900000051817,508080.00,,HDFC-Current-4421
BL-001029,2026-07-10,2026-07-10,NEFT CR HDFC0001234 900000063793 FROM ASHWINI INTERI  security deposit INR 645606.00 INV-2,900000063793,645606.00,,HDFC-Current-4421
BL-001030,2026-07-10,2026-07-10,INV-2026-000689 NEFT CR KKBK0000812 900000039415 FROM NALANDA FAB SERVICES PRIVATE LIMITED,900000039415,864253.00,,HDFC-Current-4421
BL-001031,2026-07-10,2026-07-10,UPI/HDFC0001234/355835201774/nalarec@paytm/NALAREC RECYCLERS,900000062700,1121502.00,,HDFC-Current-4421
BL-001032,2026-07-10,2026-07-10,NEFT CR ICIC0000429 900000081040 FROM PUSHAGR INPUTS  material supply INR 1241988.00 INV-2,900000081040,1241988.00,,HDFC-Current-4421
BL-001033,2026-07-11,2026-07-11,NEFT DR KKBK0000812 900000038453 FROM SHREE BALAJI part payment INR 417559.00,900000038453,,417559.00,HDFC-Current-4421
BL-001034,2026-07-11,2026-07-11,VB-2026-000712 NEFT DR SBIN0000921 900000040256 FROM TRINETRA SOLAR EPC LLP against inv IN,900000040256,,317868.00,HDFC-Current-4421
BL-001035,2026-07-11,2026-07-11,VB-2026-000799 NEFT DR SBIN0000921 900000043669 FROM ZENITH ONE TEXTILES LLP material supp,900000043669,,223126.00,HDFC-Current-4421
BL-001036,2026-07-11,2026-07-11,UPI/HDFC0001234/563569801572/RT-2026-000770/ashwmac@paytm/ASQWINI MACHINE ,900000042462,,200580.00,HDFC-Current-4421
BL-001037,2026-07-11,2026-07-11,UPI/HDFC0001234/878055719424/karmcat@paytm/KARMAN CATERONG SERVICES FAR/VB-2026-000749,900000041470,,159853.00,HDFC-Current-4421
BL-001038,2026-07-11,2026-07-11,RAZORPAY PAYMENTS GATEWAY SETTLEMENT setl_00000119 UTR 900000005647,900000005647,136482.26,,HDFC-Current-4421
BL-001039,2026-07-11,2026-07-11,NEFT CR ICIC0000429 900000042534 FROM ORBITEX PACKA material supply INR 1641575.00,900000042534,1641575.00,,HDFC-Current-4421
BL-001040,2026-07-13,2026-07-13,NEFT DR SBIN0000921 900000059446 FROM EVERSTONE RE  security deposit INR 1147348.00 RT-202,900000059446,,1147348.00,HDFC-Current-4421
BL-001041,2026-07-13,2026-07-13,RTGS SBIN0000921 900000053914 VAISHNAVI PIPING INR 778793.00 against inv VB-2026-001029,900000053914,,778793.00,HDFC-Current-4421
BL-001042,2026-07-13,2026-07-13,UPI/HDFC0001234/231328660378/bluecol@okhdfcbank/BLUEPEAK COLD C,900000049638,,474469.00,HDFC-Current-4421
BL-001043,2026-07-13,2026-07-13,NEFT DR UTIB0002233 900000054007 FROM NORTHLINE ROOFING PRODUCTS RAJ advance INR 440907.00,900000054007,,440907.00,HDFC-Current-4421
BL-001044,2026-07-13,2026-07-13,UPI/HDFC0001234/249464960234/pragcon@paytm/PRAGATI CONVEYANCES PVT LTD/VB-2026-001138,900000058763,,427795.00,HDFC-Current-4421
BL-001045,2026-07-13,2026-07-13,NEFT DR ICIC0000429 900000053537 FROM TRINETRA AGRI INPUTS COMPANY part payment INR 377564,900000053537,,377564.00,HDFC-Current-4421
BL-001046,2026-07-13,2026-07-13,NEFT DR HDFC0001234 900000046662 FROM KARMAN PRINT SOLUTIONS LTD full and final INR 362893,900000046662,,362893.00,HDFC-Current-4421
BL-001047,2026-07-13,2026-07-13,NEFT DR SBIN0000921 900000041175 FROM SHREE BALAJI ANALYTICS PR against inv INR 320272.00,900000041175,,320272.00,HDFC-Current-4421
BL-001048,2026-07-13,2026-07-13,UPI/HDFC0001234/910157703935/VB-2026-000975/pragcon@okaxis/PRAGATI CONVEYANCES,900000051493,,265829.00,HDFC-Current-4421
BL-001049,2026-07-13,2026-07-13,UPI/HDFC0001234/910157703935/VB-2026-000975/pragcon@okaxis/PRAGATI CONVEYANCES,900000051493,,265829.00,HDFC-Current-4421
BL-001050,2026-07-13,2026-07-13,VB-2026-001072 CHQ CLG ORBITEX WAREHOUS VB-2026-001072,900000055579,,197684.00,HDFC-Current-4421
BL-001051,2026-07-13,2026-07-13,UPI/HDFC0001234/185575955379/eversta@ybl/EVERSTONE STAFF/VB-2026-000730,900000040948,,190975.00,HDFC-Current-4421
BL-001052,2026-07-13,2026-07-13,UPI/HDFC0001234/251872532368/bluecol@ybl/BLUEOEAK COLD CHAIN/VB-2026-000932,900000049307,,120936.00,HDFC-Current-4421
BL-001053,2026-07-13,2026-07-13,UPI/HDFC0001234/761791295608/bluecol@okhdfcbank/BLUEPEAK COLD CHA/RT-2026-000931,900000049267,,110238.00,HDFC-Current-4421
BL-001054,2026-07-13,2026-07-13,RAZORPAY PAYMENTS GATEWAY SETTLEMENT setl_00000121 UTR 900000005659,900000005659,19990.66,,HDFC-Current-4421
BL-001055,2026-07-13,2026-07-13,RAZORPAY PAYMENTS GATEWAY SETTLEMENT setl_00000120 UTR 900000005658,900000005658,137845.53,,HDFC-Current-4421
BL-001056,2026-07-13,2026-07-13,UPI/HDFC0001234/581394438918/anancon@ybl/ANANT INFRA CONVEKANCES PVT LTD,900000049063,157384.00,,HDFC-Current-4421
BL-001057,2026-07-13,2026-07-13,NEFT CR KKBK0000812 900000044038 FROM NALANDA FAB SERVICES COMPANY full and final INR 2340,900000044038,234070.00,,HDFC-Current-4421
BL-001058,2026-07-13,2026-07-13,NEFT CR HDFC0001234 900000052534 FROM ASHWCAB SLSTEMS part payment INR 290709.00,900000052534,290709.00,,HDFC-Current-4421
BL-001059,2026-07-13,2026-07-13,NEFT CR KKBK0000812 900000044302 FROM GOLDCREST SECURITY SYSTEMS & CO security deposit INR,900000044302,551633.00,,HDFC-Current-4421
BL-001060,2026-07-13,2026-07-13,NEFT CR ICIC0000429 900000050847 FROM COPPERLEAF ELECTRICALS PVT LTD milestone 2 INR 56095,900000050847,560953.00,,HDFC-Current-4421
BL-001061,2026-07-13,2026-07-13,NEFT CR SBIN0000921 900000049470 FROM SAHYADRI POLYMERS  freight charges INR 600328.00 INV,900000049470,600328.00,,HDFC-Current-4421
BL-001062,2026-07-13,2026-07-13,INV-2026-001202 NEFT CR ICIC0000429 900000061984 FROM GOLDCREST STE freight charges INR 66,900000061984,662890.00,,HDFC-Current-4421
BL-001063,2026-07-13,2026-07-13,INV-2026-001129 NEFT CR KKBK0000812 900000058301 FROM ASHWINI INTERIORS & CO invoice settl,900000058301,796416.00,,HDFC-Current-4421
BL-001064,2026-07-13,2026-07-13,UPI/HDFC0001234/348464749499/INV-2026-001180/nalarec@okaxis/NALANDA RECYCL,900000061190,1047754.00,,HDFC-Current-4421
BL-001065,2026-07-13,2026-07-13,NEFT CR ICIC0000429 900000058864 FROM GOLDCREST STEEL TRADERS P amc renewal INR 1352077.00,900000058864,1352077.00,,HDFC-Current-4421
BL-001066,2026-07-13,2026-07-13,UPI/HDFC0001234/477214381761/merilab@ybl/MERIDIAN LA/INV-2026-001189,900000061485,1437962.00,,HDFC-Current-4421
BL-001067,2026-07-13,2026-07-13,INV-2026-000754 NEFT CR KKBK0000812 900000041663 FROM GOLDCREST SECU part payment INR 1492,900000041663,1492157.00,,HDFC-Current-4421
BL-001068,2026-07-13,2026-07-13,NEFT CR KKBK0000812 900000069166 FROM ORBITEX PAPER full and final INR 2245300.00,900000069166,2245300.00,,HDFC-Current-4421
BL-001069,2026-07-14,2026-07-14,RTGS ICIC0000429 900000053874 VAISHNAVI PIPING SOLUTIONS LTD INR 1310558.00 part payment,900000053874,,1310558.00,HDFC-Current-4421
BL-001070,2026-07-14,2026-07-14,NEFT DR KKBK0000812 900000048079 FROM NORTHLINE ROOFING PRODUCTS PVT LTD milestone 2 INR 8,900000048079,,864363.00,HDFC-Current-4421
BL-001071,2026-07-14,2026-07-14,NEFT DR KKBK0000812 900000062542 FROM EVERSTONE RECYCLERS & CO full and final INR 558491.0,900000062542,,558491.00,HDFC-Current-4421
BL-001072,2026-07-14,2026-07-14,NEFT DR UTIB0002233 900000040967 FROM GOLDCREST STEEL TRADERS COMPANY against inv INR 3579,900000040967,,357940.00,HDFC-Current-4421
BL-001073,2026-07-14,2026-07-14,RTGS KKBK0000812 900000061904 SUNDARA WATER TREATMENT LTD INR 152322.00 freight charges VB,900000061904,,152322.00,HDFC-Current-4421
BL-001074,2026-07-14,2026-07-14,RAZORPAY PAYMENTS GATEWAY SETTLEMENT setl_00000122 UTR 900000005715,900000005715,6657.59,,HDFC-Current-4421
BL-001075,2026-07-14,2026-07-14,INV-2026-000867 NEFT CR ICIC0000429 900000046183 FROM NALANDA FAB SERVICES PUN milestone 2,900000046183,161692.00,,HDFC-Current-4421
BL-001076,2026-07-14,2026-07-14,CHQ CLG VEDIKA TEXTILES COMPANY INV-2026-001182,900000061249,248550.00,,HDFC-Current-4421
BL-001077,2026-07-14,2026-07-14,UPI/HDFC0001234/917623190386/merilab@okaxis/MERIDIAN LAB ,900000065084,257967.00,,HDFC-Current-4421
BL-001078,2026-07-14,2026-07-14,NEFT CR KKBK0000812 900000052465 FROM SURYAVANSH invoice settlement INR 863125.00,900000052465,863125.00,,HDFC-Current-4421
BL-001079,2026-07-15,2026-07-15,NEFT DR UTIB0002233 900000043265 FROM PRAGFAB SERVICES milestone 2 INR 1445114.00 RT-2026-,900000043265,,1445114.00,HDFC-Current-4421
BL-001080,2026-07-15,2026-07-15,VB-2026-001102 NEFT DR HDFC0001234 900000056924 FROM NORTHLINE ROOFIN against inv INR 1246,900000056924,,1246976.00,HDFC-Current-4421
BL-001081,2026-07-15,2026-07-15,RT-2026-000743 NEFT DR UTIB0002233 900000041369 FROM TRINETRA SOLAR EPC LLP material suppl,900000041369,,567951.00,HDFC-Current-4421
BL-001082,2026-07-15,2026-07-15,VB-2026-001224 NEFT DR KKBK0000812 900000062877 FROM EVERSTONE RECYCLEOS & CO part payment,900000062877,,251605.00,HDFC-Current-4421
BL-001083,2026-07-15,2026-07-15,VB-2026-000723 NEFT DR HDFC0001234 900000040579 FROM SHREE BALAJI  amc renewal INR 232432.,900000040579,,232432.00,HDFC-Current-4421
BL-001084,2026-07-15,2026-07-15,RAZORPAY PAYMENTS GATEWAY SETTLEMENT setl_00000123 UTR 900000005762,900000005762,171262.56,,HDFC-Current-4421
BL-001085,2026-07-15,2026-07-15,NEFT CR ICIC0000429 900000046170 FROM ORBITEX PACKAGING PR milestone 2 INR 246817.00 INV-2,900000046170,246817.00,,HDFC-Current-4421
BL-001086,2026-07-15,2026-07-15,NEFT CR HDFC0001234 900000053160 FROM VEDIKA FACILITY MANAGEMENT & CO part payment INR 265,900000053160,265316.00,,HDFC-Current-4421
BL-001087,2026-07-15,2026-07-15,UPI/HDFC0001234/395102902794/nalarec@okaxis/NALANDA RECYCLERS LLP,900000064252,1170483.00,,HDFC-Current-4421
BL-001088,2026-07-15,2026-07-15,NEFT CR HDFC0001234 900000046925 FROM SAHYADRI POLYMERS HUB full and final INR 1518679.00 ,900000046925,1518679.00,,HDFC-Current-4421
BL-001089,2026-07-16,2026-07-16,NEFT DR HDFC0001234 900000064846 FROM LOHIYA LOGISTICS LTD part payment INR 651118.00,900000064846,,651118.00,HDFC-Current-4421
BL-001090,2026-07-16,2026-07-16,CHQ CLG ANANT INFRA JLECTRICALS GUW ,900000064660,,586904.00,HDFC-Current-4421
BL-001091,2026-07-16,2026-07-16,RT-2026-001153 RTGS UTIB0002233 900000059680 VAKSHNAVI PIPING SOLUTIONS LTD INR 501614.00 ,900000059680,,501614.00,HDFC-Current-4421
BL-001092,2026-07-16,2026-07-16,RT-2026-001069 NEFT DR SBIN0000921 900000055476 FROM NORTHLINE ROOFING PRODUCTS PVT LTD fu,900000055476,,162905.00,HDFC-Current-4421
BL-001093,2026-07-16,2026-07-16,UPI/HDFC0001234/767303847662/INV-2026-001279/anancon@paytm/ANANT INFRA CONVEYANCE,900000065181,79524.00,,HDFC-Current-4421
BL-001094,2026-07-16,2026-07-16,RAZORPAY PAYMENTS GATEWAY SETTLEMENT setl_00000124 UTR 900000005784,900000005784,85360.50,,HDFC-Current-4421
BL-001095,2026-07-16,2026-07-16,NEFT CR UTIB0002233 900000053709 FROM SURYAVANSH PETRO CHEMICALS NAG freight charges INR 7,900000053709,703640.00,,HDFC-Current-4421
BL-001096,2026-07-16,2026-07-16,UPI/HDFC0001234/471521388106/INV-2026-001220/nalarec@okhdfcbank/NALANDA RECYCLIRS,900000062735,1001151.00,,HDFC-Current-4421
BL-001097,2026-07-16,2026-07-16,INV-2026-001013 NEFT CR SBIN0000921 900000053172 FROM VEDIKA FACILITY MANAGEMENT & CO invo,900000053172,1395689.00,,HDFC-Current-4421
BL-001098,2026-07-16,2026-07-16,NEFT CR KKBK0000812 900000080961 FROM VEDIFAC MANAGEMENT part payment INR 1435786.00,900000080961,1435786.00,,HDFC-Current-4421
BL-001099,2026-07-17,2026-07-17,VB-2026-000707 NEFT DR SBIN0000921 900000040056 FROM GOLDCREST STEEL TRADERS NAG milestone,900000040056,,477747.00,HDFC-Current-4421
BL-001100,2026-07-17,2026-07-17,VB-2026-000829 NEFT DR KKBK0000812 900000044788 FROM SHHEE BALAJI ANALYTICS COMPANY agains,900000044788,,358025.00,HDFC-Current-4421
BL-001101,2026-07-17,2026-07-17,RTGS UTIB0002233 900000058628 VAISHNAVI PIPING INR 335606.00 advance,900000058628,,335606.00,HDFC-Current-4421
BL-001102,2026-07-17,2026-07-17,RT-2026-000751 NEFT DR SBIN0000921 900000041554 FROM GOLDCREST STEEL TRADERS LLP invoice s,900000041554,,325624.00,HDFC-Current-4421
BL-001103,2026-07-17,2026-07-17,VB-2026-001305 NEFT DR UTIB0002233 900000066658 FROM LOHIYA LOGISTICS PUN invoice settleme,900000066658,,286284.00,HDFC-Current-4421
BL-001104,2026-07-17,2026-07-17,NEFT DR ICIC0000429 900000056253 FROM TRINETRAHAGRI INPUTS COMPANY amc renewal INR 284327.,900000056253,,284327.00,HDFC-Current-4421
BL-001105,2026-07-17,2026-07-17,UPI/HDFC0001234/286432370852/RT-2026-000854/karmcat@ybl/KARMAN CATERIN,900000045695,,146553.00,HDFC-Current-4421
BL-001106,2026-07-17,2026-07-17,UPI/HDFC0001234/198150422778/karmcat@okhdfcbank/KARMAN CATERING SERV,900000044518,,112709.00,HDFC-Current-4421
BL-001107,2026-07-17,2026-07-17,RAZORPAY PAYMENTS GATEWAY SETTLEMENT setl_00000125 UTR 900000005834,900000005834,110403.60,,HDFC-Current-4421
BL-001108,2026-07-17,2026-07-17,UPI/HDFC0001234/327038714320/nalarec@okhdfcbank/NALANDA RECYCLERS /INV-2026-001240,900000063588,179780.00,,HDFC-Current-4421
BL-001109,2026-07-17,2026-07-17,UPI/HDFC0001234/206650164830/nalarec@ybl/NALANDA RE/INV-2026-001299,900000066258,454747.00,,HDFC-Current-4421
BL-001110,2026-07-17,2026-07-17,UPI/HDFC0001234/206650164830/nalarec@ybl/NALANDA RE/INV-2026-001299,900000066258,454747.00,,HDFC-Current-4421
BL-001111,2026-07-17,2026-07-17,NEFT CR SBIN0000921 900000049002 FROM ASHWINI SOLAR EPV PVT LTD invoice settlement INR 936,900000049002,936156.00,,HDFC-Current-4421
BL-001112,2026-07-18,2026-07-18,UPI/HDFC0001234/810515289198/ashwmac@paytm/ASHWINI MACHINE PARTS LTD,900000044971,,972276.00,HDFC-Current-4421
BL-001113,2026-07-18,2026-07-18,NEFT DR SBIN0000921 900000042833 FROM SHREE BALAJI ANALYTICS NOI invoice settlement INR 35,900000042833,,351281.00,HDFC-Current-4421
BL-001114,2026-07-18,2026-07-18,VB-2026-000767 NEFT DR HDFC0001234 900000042324 FROM ZENITH ONE TEXTILES LLP advance INR 2,900000042324,,241500.00,HDFC-Current-4421
BL-001115,2026-07-18,2026-07-18,NEFT DR HDFC0001234 900000060859 FROM NORTHLINE ROOFING PRODUCTS PRIVATE LIMITED amc renew,900000060859,,225669.00,HDFC-Current-4421
BL-001116,2026-07-18,2026-07-18,UPI/HDFC0001234/146933847317/bluecol@paytm/BLUEPEAK COLD CHAIN PVT LTD/VB-2026-001046,900000054645,,201639.00,HDFC-Current-4421
BL-001117,2026-07-18,2026-07-18,UPI/HDFC0001234/819249880531/eversta@ybl/EVERSTONE STAFFING JAI,900000047103,,147862.00,HDFC-Current-4421
BL-001118,2026-07-18,2026-07-18,RAZORPAY PAYMENTS GATEWAY SETTLEMENT setl_00000126 UTR 900000005842,900000005842,95614.03,,HDFC-Current-4421
BL-001119,2026-07-18,2026-07-18,NEFT CR KKBK0000812 900000051462 FROM ASHWCAB SYSTEMS  against inv INR 221666.00,900000051462,221666.00,,HDFC-Current-4421
BL-001120,2026-07-18,2026-07-18,UPI/HDFC0001234/194734820565/INV-2026-001075/anancon@okhdfcbank/ANANT INFRA CONVEYAN,900000055704,340398.00,,HDFC-Current-4421
BL-001121,2026-07-18,2026-07-18,CHQ CLG VEDIKA TEXTILES COMPANY INV-2026-001241,900000063623,455989.00,,HDFC-Current-4421
BL-001122,2026-07-18,2026-07-18,CHQ CLG VEDIKA TEXTILES COMPANY INV-2026-001241,900000063623,455989.00,,HDFC-Current-4421
BL-001123,2026-07-18,2026-07-18,NEFT CR HDFC0001234 900000044394 FROM NALANDA FAB SERVICES LTD invoice settlement INR 4628,900000044394,462894.00,,HDFC-Current-4421
BL-001124,2026-07-18,2026-07-18,UPI/HDFC0001234/553569409309/nalarec@ybl/NALAREC RECYCLERS,900000064130,650671.00,,HDFC-Current-4421
BL-001125,2026-07-18,2026-07-18,RTGS KKBK0000812 900000069238 SAPTANA ANALYTICS INR 816731.00 freight charges,900000069238,816731.00,,HDFC-Current-4421
BL-001126,2026-07-18,2026-07-18,RTGS SBIN0000921 900000069487 SAKTANA ANALYTICS INR 1058022.00 full and final INV-2026-001,900000069487,1058022.00,,HDFC-Current-4421
BL-001127,2026-07-18,2026-07-18,NEFT CR UTIB0002233 900000046785 FROM ASHWINI SOLAR EPC PVT LTD part payment INR 1063405.0,900000046785,1063405.00,,HDFC-Current-4421
BL-001128,2026-07-18,2026-07-18,NEFT CR SBIN0000921 900000045478 FROM NALANDA FAB SERVICES PRIVATE LIMITED amc renewal INR,900000045478,1118244.00,,HDFC-Current-4421
BL-001129,2026-07-20,2026-07-20,NEFT DR SBIN0000921 900000068581 FROM VRUNDAVAN INTER  advance INR 4973828.00,900000068581,,4973828.00,HDFC-Current-4421
BL-001130,2026-07-20,2026-07-20,NEFT DR SBIN0000921 900000047979 FROM PRAGATI FAB SERVICES COMPANY full and final INR 1168,900000047979,,1168429.00,HDFC-Current-4421
BL-001131,2026-07-20,2026-07-20,NEFT DR HDFC0001234 900000069468 FROM LOHIYA LOGISTICS LTD amc renewal INR 436182.00 RT-20,900000069468,,436182.00,HDFC-Current-4421
BL-001132,2026-07-20,2026-07-20,NEFT DR KKBK0000812 900000051699 FROM KARMAN PRINT  milestone 2 INR 390304.00,900000051699,,390304.00,HDFC-Current-4421
BL-001133,2026-07-20,2026-07-20,NEFT DR KKBK0000812 900000051699 FROM KARMAN PRINT  milestone 2 INR 390304.00,900000051699,,390304.00,HDFC-Current-4421
BL-001134,2026-07-20,2026-07-20,UPI/HDFC0001234/388276832458/VB-2026-001032/pragcon@okhdfcbank/PRAGATI CONV,900000054013,,370551.00,HDFC-Current-4421
BL-001135,2026-07-20,2026-07-20,RT-2026-000960 CHQ CLG ORBITEX WAREHOUSING & CO RT-2026-000960,900000051009,,289799.00,HDFC-Current-4421
BL-001136,2026-07-20,2026-07-20,UPI/HDFC0001234/370044407329/bluecol@paytm/BLUEPEAK COLD CHAIN PVT LTD,900000054357,,245992.00,HDFC-Current-4421
BL-001137,2026-07-20,2026-07-20,RTGS UTIB0002233 900000068165 SUNDARA WAT INR 217609.00 milestone 2,900000068165,,217609.00,HDFC-Current-4421
BL-001138,2026-07-20,2026-07-20,NEFT DR SBIN0000921 900000048501 FROM SHREE BALAJI milestone 2 INR 129046.00,900000048501,,129046.00,HDFC-Current-4421
BL-001139,2026-07-20,2026-07-20,NEFT DR UTIB0002233 900000051094 FROM TRINETRA SOLA advance INR 128774.00,900000051094,,128774.00,HDFC-Current-4421
BL-001140,2026-07-20,2026-07-20,UPI/HDFC0001234/574600022535/karmcat@okaxis/KARMAN CATERING SERVICES LLP,900000045906,,125451.00,HDFC-Current-4421
BL-001141,2026-07-20,2026-07-20,RAZORPAY PAYMENTS GATEWAY SETTLEMENT setl_00000128 UTR 900000005922,900000005922,14594.06,,HDFC-Current-4421
BL-001142,2026-07-20,2026-07-20,RAZORPAY PAYMENTS GATEWAY SETTLEMENT setl_00000127 UTR 900000005886,900000005886,95851.72,,HDFC-Current-4421
BL-001143,2026-07-20,2026-07-20,INV-2026-001054 NEFT CR KKBK0000812 900000054898 FROM SURYAVANSH PETRO CHEMICALS LLP freig,900000054898,173025.00,,HDFC-Current-4421
BL-001144,2026-07-20,2026-07-20,NEFT CR SBIN0000921 900000056689 FROM ASHWINI CABLE SYSTEMS PUN security deposit INR 17328,900000056689,173285.00,,HDFC-Current-4421
BL-001145,2026-07-20,2026-07-20,NEFT CR KKBK0000812 900000056391 FROM SURYAVANSH CATERING freight charges INR 178468.00,900000056391,178468.00,,HDFC-Current-4421
BL-001146,2026-07-20,2026-07-20,NEFT CR ICIC0000429 900000057752 FROM COPPERLEAF ELECTRICALS PV against inv INR 183899.00,900000057752,183899.00,,HDFC-Current-4421
BL-001147,2026-07-20,2026-07-20,UPI/HDFC0001234/385464835954/INV-2026-001210/nalarec@okaxis/NALANDA REC,900000062441,387383.00,,HDFC-Current-4421
BL-001148,2026-07-20,2026-07-20,INV-2026-001332 NEFT CR ICIC0000429 900000067784 FROM PUSHPA METALS AGRI INPUTS PVT LTD fr,900000067784,471430.00,,HDFC-Current-4421
BL-001149,2026-07-20,2026-07-20,CHQ CLG VEDIKA TEXTILES ,900000065995,475795.00,,HDFC-Current-4421
BL-001150,2026-07-20,2026-07-20,NEFT CR HDFC0001234 900000050434 FROM VEDIKA FACILITY MANAGEMENT & CO against inv INR 8471,900000050434,847119.00,,HDFC-Current-4421
BL-001151,2026-07-20,2026-07-20,UPI/HDFC0001234/536492307830/nalarec@okaxis/NALANDA RECYCLERS LLP/INV-2026-001326,900000067461,950120.00,,HDFC-Current-4421
BL-001152,2026-07-20,2026-07-20,UPI/HDFC0001234/442291006329/merilab@paytm/MERIDIAN LAB SUPPLIE/INV-2026-001395,900000070191,954485.00,,HDFC-Current-4421
BL-001153,2026-07-20,2026-07-20,NEFT CR SBIN0000921 900000061030 FROM ASHWINI INT  amc renewal INR 1270894.00 INV-2026-001,900000061030,1270894.00,,HDFC-Current-4421
BL-001154,2026-07-21,2026-07-21,NEFT DR HDFC0001234 900000056900 FROM TRINETRA AGRI INPUT security deposit INR 357610.00 R,900000056900,,357610.00,HDFC-Current-4421
BL-001155,2026-07-21,2026-07-21,UPI/HDFC0001234/405459870315/ashwmac@paytm/ASHWINI MACHINE PARTS COMPANY,900000045557,,250508.00,HDFC-Current-4421
BL-001156,2026-07-21,2026-07-21,UPI/HDFC0001234/832193128849/eversta@ybl/EVERSTONE STAFFING & CO/VB-2026-001011,900000053087,,230659.00,HDFC-Current-4421
BL-001157,2026-07-21,2026-07-21,RTGS KKBK0000812 900000068930 SUNDARA WATER TREATMENT COMPANY INR 149316.00 freight charge,900000068930,,149316.00,HDFC-Current-4421
BL-001158,2026-07-21,2026-07-21,NEFT CR ICIC0000429 900000070701 FROM GOLDCREST WAREHOU  part payment INR 196220.00,900000070701,196220.00,,HDFC-Current-4421
BL-001159,2026-07-21,2026-07-21,NEFT CR HDFC0001234 900000049935 FROM NALANDA FAB SERVICES PUN security deposit INR 558884,900000049935,558884.00,,HDFC-Current-4421
BL-001160,2026-07-21,2026-07-21,NEFT CR KKBK0000812 900000064396 FROM GOLDCREST STEEL TRADERS PVT LTD security deposit INR,900000064396,841472.00,,HDFC-Current-4421
BL-001161,2026-07-21,2026-07-21,NEFT CR SBIN0000921 900000055933 FROM COPPERLEAF ELECTRICALS PVT LTD freight charges INR 9,900000055933,940043.00,,HDFC-Current-4421
BL-001162,2026-07-21,2026-07-21,NEFT CR SBIN0000921 900000060398 FROM TRIVIDATA ROOF advance INR 1099406.00,900000060398,1099406.00,,HDFC-Current-4421
BL-001163,2026-07-21,2026-07-21,RTGS SBIN0000921 900000070512 SAPTAGIRI ANALYTICS KOC INR 1114756.00 freight charges,900000070512,1114756.00,,HDFC-Current-4421
BL-001164,2026-07-21,2026-07-21,RTGS SBIN0000921 900000070512 SAPTAGIRI ANALYTICS KOC INR 1114756.00 freight charges,900000070512,1114756.00,,HDFC-Current-4421
BL-001165,2026-07-22,2026-07-22,RTGS HDFC0001234 900000056075 VAISHNAVI PIPING SOLUTIONS LTD INR 1047390.00 against inv VB,900000056075,,1047390.00,HDFC-Current-4421
BL-001166,2026-07-22,2026-07-22,NEFT DR ICIC0000429 900000056334 FROM TRINETRA AGRI INPUTS FAR freight charges INR 354450.,900000056334,,354450.00,HDFC-Current-4421
BL-001167,2026-07-22,2026-07-22,NEFT DR HDFC0001234 900000052926 FROM TRINETRA S milestone 2 INR 222693.00 RT-2026-001008,900000052926,,222693.00,HDFC-Current-4421
BL-001168,2026-07-22,2026-07-22,NEFT CR UTIB0002233 900000060061 FROM SURYANANSH CATERING SERVICES COMPANY amc renewal INR,900000060061,53372.00,,HDFC-Current-4421
BL-001169,2026-07-22,2026-07-22,NEFT CR SBIN0000921 900000046372 FROM NALAFAB SE full and final INR 73821.00,900000046372,73821.00,,HDFC-Current-4421
BL-001170,2026-07-22,2026-07-22,RAZORPAY PAYMENTS GATEWAY SETTLEMENT setl_00000129 UTR 900000005974,900000005974,130512.32,,HDFC-Current-4421
BL-001171,2026-07-22,2026-07-22,NEFT CR SBIN0000921 900000049140 FROM GOLDCREST SE amc renewal INR 331663.00 INV-2026-0009,900000049140,331663.00,,HDFC-Current-4421
BL-001172,2026-07-22,2026-07-22,NEFT CR HDFC0001234 900000069634 FROM PUSHPA METALS AGRI INPUTS PVT LTD invoice settlement,900000069634,579498.00,,HDFC-Current-4421
BL-001173,2026-07-22,2026-07-22,UPI/HDFC0001234/931133210532/INV-2026-001079/ashwcol@ybl/ASHWINI COLD CHAIN LTD,900000055802,764589.00,,HDFC-Current-4421
BL-001174,2026-07-22,2026-07-22,NEFT CR HDFC0001234 900000057664 FROM TRIVIDATA ROOFING PRODUCTS PVT LTD material supply I,900000057664,907554.00,,HDFC-Current-4421
BL-001175,2026-07-22,2026-07-22,NEFT CR UTIB0002233 900000046310 FROM ORBITEX PACKAGINGGPR  against inv INR 1085341.00,900000046310,1085341.00,,HDFC-Current-4421
BL-001176,2026-07-22,2026-07-22,NEFT CR SBIN0000921 900000051985 FROM SAHYADRI POLYMERS PVT LTD milestone 2 INR 3230160.00,900000051985,3230160.00,,HDFC-Current-4421
BL-001177,2026-07-23,2026-07-23,UPI/HDFC0001234/273933481149/VB-2026-000802/ashwmac@okhdfcbank/ASHWINI MACHINE PARTS LTD,900000043827,,1672050.00,HDFC-Current-4421
BL-001178,2026-07-23,2026-07-23,RT-2026-001434 CHQ CLG ANANT INFRA ELECTRICALS LTD RT-2026-001434,900000071291,,483449.00,HDFC-Current-4421
BL-001179,2026-07-23,2026-07-23,RT-2026-001356 CHQ CLG ANANT INFRA ELECTRICALS RT-2026-001356,900000068719,,417362.00,HDFC-Current-4421
BL-001180,2026-07-23,2026-07-23,UPI/HDFC0001234/493937840049/VB-2026-000949/eversta@okhdfcbank/EVERSTONEQSTAFFING COMPANY ,900000050314,,301644.00,HDFC-Current-4421
BL-001181,2026-07-23,2026-07-23,UPI/HDFC0001234/399227946051/pragcon@okhdfcbank/PRAGATI CONVEYANCES PVT LTD,900000056136,,207730.00,HDFC-Current-4421
BL-001182,2026-07-23,2026-07-23,UPI/HDFC0001234/831750735311/VB-2026-001056/eversta@okaxis/EVERSTONE STAFFING JAI,900000054988,,204822.00,HDFC-Current-4421
BL-001183,2026-07-23,2026-07-23,RAZORPAY PAYMENTS GATEWAY SETTLEMENT setl_00000130 UTR 900000006053,900000006053,108031.24,,HDFC-Current-4421
BL-001184,2026-07-23,2026-07-23,UPI/HDFC0001234/550921246025/anancon@okhdfcbank/ANANCON CONV,900000067508,134614.00,,HDFC-Current-4421
BL-001185,2026-07-23,2026-07-23,INV-2026-001022 RTGS SBIN0000921 900000053696 SHREE BALAJI HARDWARE PRIVATE LI INR 2331570,900000053696,2331570.00,,HDFC-Current-4421
BL-001186,2026-07-24,2026-07-24,RTGS SBIN0000921 900000061780 VAISHNAVIAPIPING SOLUTIONS LTD INR 404198.00 material supply,900000061780,,404198.00,HDFC-Current-4421
BL-001187,2026-07-24,2026-07-24,CHQ CLG ORBITEX WAREHOUSING & CO RT-2026-001197,900000061791,,287445.00,HDFC-Current-4421
BL-001188,2026-07-24,2026-07-24,NEFT DR UTIB0002233 900000053816 FROM KARMPRI SOLU security deposit INR 165864.00 RT-2026-,900000053816,,165864.00,HDFC-Current-4421
BL-001189,2026-07-24,2026-07-24,RAZORPAY PAYMENTS GATEWAY SETTLEMENT setl_00000131 UTR 900000006088,900000006088,41480.92,,HDFC-Current-4421
BL-001190,2026-07-24,2026-07-24,NEFT CR ICIC0000429 900000055264 FROM ASHWINI CABLEPSYSTEMS PUN amc renewal INR 396682.00 ,900000055264,396682.00,,HDFC-Current-4421
BL-001191,2026-07-24,2026-07-24,INV-2026-001113 NEFT CR SBIN0000921 900000057577 FROM ZENITH ONE LOGIS amc renewal INR 433,900000057577,433000.00,,HDFC-Current-4421
BL-001192,2026-07-24,2026-07-24,NEFT CR KKBK0000812 900000058210 FROM COPYERLEAF ELECTRICALS PVT LTD amc renewal INR 59754,900000058210,597544.00,,HDFC-Current-4421
BL-001193,2026-07-24,2026-07-24,NEFT CR HDFC0001234 900000069559 FROM PUSHPA METALS A full and final INR 724937.00,900000069559,724937.00,,HDFC-Current-4421
BL-001194,2026-07-24,2026-07-24,UPI/HDFC0001234/171190456366/INV-2026-001367/nalarec@paytm/NALANDA RECYCLERSGLLP,900000069171,819347.00,,HDFC-Current-4421
BL-001195,2026-07-24,2026-07-24,UPI/HDFC0001234/454162638200/merilab@okhdfcbank/MERIDIAN LAB SUPPLIES & CO/INV-2026-001497,900000073045,969809.00,,HDFC-Current-4421
BL-001196,2026-07-24,2026-07-24,INV-2026-001179 NEFT CR UTIB0002233 900000061116 FROM TRIVIDATA ROOFING PRODUCTS NAG advan,900000061116,1530257.00,,HDFC-Current-4421
BL-001197,2026-07-25,2026-07-25,NEFT DR UTIB0002233 900000064776 FROM VRUNDAVAN INTERIORS NOI freight charges INR 716105.0,900000064776,,716105.00,HDFC-Current-4421
BL-001198,2026-07-25,2026-07-25,UPI/HDFC0001234/559120138722/RT-2026-001099/pragcon@okhdfcbank/PRAGATI CONV,900000056804,,394899.00,HDFC-Current-4421
BL-001199,2026-07-25,2026-07-25,NEFT DR UTIB0002233 900000055541 FROM KARMAN PRINT  milestone 2 INR 336022.00,900000055541,,336022.00,HDFC-Current-4421
BL-001200,2026-07-25,2026-07-25,NEFT DR ICIC0000429 900000063904 FROM EVERSTONE REC full and final INR 288085.00 RT-2026-0,900000063904,,288085.00,HDFC-Current-4421
BL-001201,2026-07-25,2026-07-25,NEFT DR UTIB0002233 900000043252 FROM TRINETRA SOLAR EPC LLP amc renewal INR 202108.00,900000043252,,202108.00,HDFC-Current-4421
BL-001202,2026-07-25,2026-07-25,RTGS HDFC0001234 900000069014 SUNDARA WATER TREATMENT LTD INR 131843.00 full and final RT-,900000069014,,131843.00,HDFC-Current-4421
BL-001203,2026-07-25,2026-07-25,NEFT CR KKBK0000812 900000050932 FROM NALANDA FAB SERVICES PRIVATE LIMITED security deposi,900000050932,115379.00,,HDFC-Current-4421
BL-001204,2026-07-25,2026-07-25,RAZORPAY PAYMENTS GATEWAY SETTLEMENT setl_00000132 UTR 900000006147,900000006147,115552.19,,HDFC-Current-4421
BL-001205,2026-07-25,2026-07-25,CHQ CLG VEDIKA TEXTIL ,900000061714,194996.00,,HDFC-Current-4421
BL-001206,2026-07-25,2026-07-25,NEFT CR KKBK0000812 900000057219 FROM TRIVIDATA ROOF  part payment INR 738222.00 INV-2026-,900000057219,738222.00,,HDFC-Current-4421
BL-001207,2026-07-25,2026-07-25,INV-2026-000989 RTGS KKBK0000812 900000052161 SHREE BALAJI HARSWARE LTD INR 1290022.00 inv,900000052161,1290022.00,,HDFC-Current-4421
BL-001208,2026-07-25,2026-07-25,NEFT CR SBIN0000921 900000042975 FROM ASHWSOL EP against inv INR 2126303.00,900000042975,2126303.00,,HDFC-Current-4421
BL-001209,2026-07-27,2026-07-27,VB-2026-001171 NEFT DR HDFC0001234 900000060730 FROM MERIDIAN POAYMERS LTD milestone 2 INR,900000060730,,915312.00,HDFC-Current-4421
BL-001210,2026-07-27,2026-07-27,CHQ CLG ANANT INFRA ELECTRICALS PVT LTD ,900000062670,,801266.00,HDFC-Current-4421
BL-001211,2026-07-27,2026-07-27,CHQ CLG ANANT INFRA ELECTRICALS PVT LTD ,900000062670,,801266.00,HDFC-Current-4421
BL-001212,2026-07-27,2026-07-27,NEFT DR SBIN0000921 900000037917 FROM TRINETRA SOLAR EPC LLP amc renewal INR 563094.00 RT-,900000037917,,563094.00,HDFC-Current-4421
BL-001213,2026-07-27,2026-07-27,NEFT DR SBIN0000921 900000049358 FROM SHREE BALAJI ANALYTICS PRIVATE LIMITED advance INR 3,900000049358,,309044.00,HDFC-Current-4421
BL-001214,2026-07-27,2026-07-27,RTGS HDFC0001234 900000067562 SUNDARA WATER TREATMENT LTD INR 271716.00 freight charges,900000067562,,271716.00,HDFC-Current-4421
BL-001215,2026-07-27,2026-07-27,NEFT DR ICIC0000429 900000055405 FROM NORKHLINE ROOFING PRODUCTS & CO invoice settlement I,900000055405,,233540.00,HDFC-Current-4421
BL-001216,2026-07-27,2026-07-27,CHQ CLG ORBITEX WAREHOUSING & CO VB-2026-001159,900000059969,,216187.00,HDFC-Current-4421
BL-001217,2026-07-27,2026-07-27,RTGS SBIN0000921 900000070612 SUNDARA WA INR 171510.00 part payment RT-2026-001408,900000070612,,171510.00,HDFC-Current-4421
BL-001218,2026-07-27,2026-07-27,CHQ CLG ORBITEX AAREHOUSING & CO ,900000059589,,165813.00,HDFC-Current-4421
BL-001219,2026-07-27,2026-07-27,NEFT DR UTIB0002233 900000039692 FROM TRINETRN SOLAR EPC PVT LTD freight charges INR 14979,900000039692,,149793.00,HDFC-Current-4421
BL-001220,2026-07-27,2026-07-27,CHQ CLG ORBIWAR WW  RT-2026-001246,900000063877,,142832.00,HDFC-Current-4421
BL-001221,2026-07-27,2026-07-27,RAZORPAY PAYMENTS GATEWAY SETTLEMENT setl_00000134 UTR 900000006240,900000006240,67080.92,,HDFC-Current-4421
BL-001222,2026-07-27,2026-07-27,INV-2026-001131 NEFT CR KKBK0000812 900000058407 FROM SURYAVANSH PETRO CHEMICALS NAG miles,900000058407,99174.00,,HDFC-Current-4421
BL-001223,2026-07-27,2026-07-27,RAZORPAY PAYMENTS GATEWAY SETTLEMENT setl_00000133 UTR 900000006162,900000006162,147285.33,,HDFC-Current-4421
BL-001224,2026-07-27,2026-07-27,NEFT CR SBIN0000921 900000046717 FROM ASHWINI SOLAR E material supply INR 163441.00,900000046717,163441.00,,HDFC-Current-4421
BL-001225,2026-07-27,2026-07-27,NEFT CR HDFC0001234 900000068539 FROM GOLDCREST STEEL TRADERS COMPANY amc renewal INR 3380,900000068539,338081.00,,HDFC-Current-4421
BL-001226,2026-07-27,2026-07-27,NEFT CR SBIN0000921 900000062182 FROM TRIVIDATA ROOFING PRODUCTS PRIVATE LIMITED part paym,900000062182,373721.00,,HDFC-Current-4421
BL-001227,2026-07-27,2026-07-27,UPI/HDFC0001234/503541272289/INV-2026-001354/orbidai@okaxis/ORBITEX DAIRY ,900000068639,563959.00,,HDFC-Current-4421
BL-001228,2026-07-27,2026-07-27,INV-2026-000937 NEFT CR HDFC0001234 900000049597 FROM ASHWINI SOLAR EPC PVT LTD full and f,900000049597,805959.00,,HDFC-Current-4421
BL-001229,2026-07-27,2026-07-27,NEFT CR UTIB0002233 900000052720 FROM NALANDA FAB SERVICES PRIVATE LIMITED amc renewal INR,900000052720,999576.00,,HDFC-Current-4421
BL-001230,2026-07-27,2026-07-27,NEFT CR KKBK0000812 900000080912 FROM SURYAVANSH CATERING SERVICES COMPANY advance INR 243,900000080912,2436523.00,,HDFC-Current-4421
BL-001231,2026-07-28,2026-07-28,VB-2026-001386 CHQ CLG ANANT INFRA ELECTRICALS PRIVATE LIMITED VB-2026-001386,900000069839,,660192.00,HDFC-Current-4421
BL-001232,2026-07-28,2026-07-28,RT-2026-001304 RTGS UTIB0002233 900000066571 VAISHNAVI PIPING SOLUTIONS LTD INR 633068.00 ,900000066571,,633068.00,HDFC-Current-4421
BL-001233,2026-07-28,2026-07-28,NEFT DR HDFC0001234 900000053030 FROM SHREE BALAJI ANALYTICS PRI milestone 2 INR 572488.00,900000053030,,572488.00,HDFC-Current-4421
BL-001234,2026-07-28,2026-07-28,NEFT DR HDFC0001234 900000053030 FROM SHREE BALAJI ANALYTICS PRI milestone 2 INR 572488.00,900000053030,,572488.00,HDFC-Current-4421
BL-001235,2026-07-28,2026-07-28,NEFT DR ICIC0000429 900000065472 FROM VRUNDAVAN INTERIORS PVTVLTD part payment INR 554959.,900000065472,,554959.00,HDFC-Current-4421
BL-001236,2026-07-28,2026-07-28,UPI/HDFC0001234/961289787974/merihar@okhdfcbank/MERIDIAN HARDWARE PVT LTD/VB-2026-001215,900000062607,,518240.00,HDFC-Current-4421
BL-001237,2026-07-28,2026-07-28,RT-2026-000887 NEFT DR ICIC0000429 900000047046 FROM KARMAN PRINT SO part payment INR 2994,900000047046,,299491.00,HDFC-Current-4421
BL-001238,2026-07-28,2026-07-28,NEFT DR SBIN0000921 900000063019 FROM TRINETRA AGRI INPUTS COMPANY freight charges INR 282,900000063019,,282742.00,HDFC-Current-4421
BL-001239,2026-07-28,2026-07-28,RAZORPAY PAYMENTS GATEWAY SETTLEMENT setl_00000135 UTR 900000006290,900000006290,13703.17,,HDFC-Current-4421
BL-001240,2026-07-28,2026-07-28,INV-2026-001168 NEFT CR UTIB0002233 900000060491 FROM SURYAVANSH CATERING SERVICES COMPANY,900000060491,117732.00,,HDFC-Current-4421
BL-001241,2026-07-28,2026-07-28,INV-2026-000775 RTGS ICIC0000429 900000042606 SHREMAC PARTS  INR 271307.00 advance,900000042606,271307.00,,HDFC-Current-4421
BL-001242,2026-07-28,2026-07-28,NEFT CR HDFC0001234 900000055289 FROM ANANT INFRA STAFFING PRIVATE LIMITED part payment IN,900000055289,315392.00,,HDFC-Current-4421
BL-001243,2026-07-28,2026-07-28,UPI/HDFC0001234/794023020759/INV-2026-000855/everwat@paytm/EVERSTONE WATER TREATMENT PRIVA,900000045754,428877.00,,HDFC-Current-4421
BL-001244,2026-07-28,2026-07-28,UPI/HDFC0001234/593630731353/INV-2026-001254/nalarec@okhdfcbank/NALANDA RECYCLERS,900000064171,512749.00,,HDFC-Current-4421
BL-001245,2026-07-28,2026-07-28,RTGS SBIN0000921 900000072932 SAPTAGIRI AN INR 790508.00 invoice settlement INV-2026-00149,900000072932,790508.00,,HDFC-Current-4421
BL-001246,2026-07-28,2026-07-28,NEFT CR KKBK0000812 900000059396 FROM SURYAVANSH PETRO CHEMICALS & CO security deposit INR,900000059396,1525035.00,,HDFC-Current-4421
BL-001247,2026-07-29,2026-07-29,UPI/HDFC0001234/772570818338/pragcon@paytm/PRAGATI CONVEYANCES PVT LTD/RT-2026-001306,900000066708,,951693.00,HDFC-Current-4421
BL-001248,2026-07-29,2026-07-29,RT-2026-001134 RTGS HDFC0001234 900000058562 VAISHNAVI PIPING SOLUTIONS LTD INR 537996.00 ,900000058562,,537996.00,HDFC-Current-4421
BL-001249,2026-07-29,2026-07-29,UPI/HDFC0001234/789758180101/ashwmac@ybl/ASHWINI MACHINE PARTS LTD/RT-2026-000979,900000051702,,381863.00,HDFC-Current-4421
BL-001250,2026-07-29,2026-07-29,UPI/HDFC0001234/278587037474/VB-2026-000977/ashwmac@okhdfcbank/ASHWINI MA,900000051609,,298277.00,HDFC-Current-4421
BL-001251,2026-07-29,2026-07-29,RT-2026-001222 RTGS HDFC0001234 900000062738 VAISHNAVI PIPING YOLUTIONS PVT LTD INR 258755,900000062738,,258755.00,HDFC-Current-4421
BL-001252,2026-07-29,2026-07-29,NEFT DR ICIC0000429 900000043222 FROM ZENITH ONE TEXTILES LLP freight charges INR 207821.0,900000043222,,207821.00,HDFC-Current-4421
BL-001253,2026-07-29,2026-07-29,INV-2026-001239 NEFT CR SBIN0000921 900000063510 FROM SURYAVANSH PRIN freight charges INR ,900000063510,30954.00,,HDFC-Current-4421
BL-001254,2026-07-29,2026-07-29,RAZORPAY PAYMENTS GATEWAY SETTLEMENT setl_00000136 UTR 900000006357,900000006357,133303.76,,HDFC-Current-4421
BL-001255,2026-07-29,2026-07-29,CHQ CLG VEDIKA TEXTILES CO INV-2026-001376,900000069469,264095.00,,HDFC-Current-4421
BL-001256,2026-07-29,2026-07-29,CHQ CLG TRINETRA PIPING SOLUTIONS LLP ,900000054084,283494.00,,HDFC-Current-4421
BL-001257,2026-07-29,2026-07-29,CHQ CLG TRINETRA PIPING SOLUTIONS LLP ,900000054084,283494.00,,HDFC-Current-4421
BL-001258,2026-07-29,2026-07-29,RTGS HDFC0001234 900000041632 SHREMAC PARTS INR 348304.00 part payment,900000041632,348304.00,,HDFC-Current-4421
BL-001259,2026-07-29,2026-07-29,"UPI/HDFC0001234/400052953471/anancon@paytm/ANANT INFRA CONVEYANCES JAI/INV-2026-001078,INV",900000081129,546027.00,,HDFC-Current-4421
BL-001260,2026-07-29,2026-07-29,"UPI/HDFC0001234/461264609118/INV-2026-000649,INV-2026-000678,INV-2026-000844/everwat@ybl/E",900000080741,677597.00,,HDFC-Current-4421
BL-001261,2026-07-29,2026-07-29,INV-2026-000837 RTGS SBIN0000921 900000045079 SHREE BALAJI M INR 690939.00 part payment,900000045079,690939.00,,HDFC-Current-4421
BL-001262,2026-07-29,2026-07-29,NEFT CR KKBK0000812 900000055867 FROM COPPERLEAF ELECTRICALS PVT LTD advance INR 836814.00,900000055867,836814.00,,HDFC-Current-4421
BL-001263,2026-07-29,2026-07-29,INV-2026-001001 NEFT CR SBIN0000921 900000052656 FROM ANANT INFRS STAFFING PRIVATE LIMITED,900000052656,903173.00,,HDFC-Current-4421
BL-001264,2026-07-29,2026-07-29,INV-2026-000896 NEFT CR SBIN0000921 900000047677 FROM GOLDCREST SE  against inv INR 133035,900000047677,1330355.00,,HDFC-Current-4421
BL-001265,2026-07-29,2026-07-29,INV-2026-001205 NEFT CR HDFC0001234 900000062093 FROM SURYAVANSH BETRO CHEMICALS & CO secu,900000062093,1418172.00,,HDFC-Current-4421
BL-001266,2026-07-30,2026-07-30,NEFT DR ICIC0000429 900000052284 FROM PRAGATI FAB SERVICES LTD invoice settlement INR 1144,900000052284,,1144491.00,HDFC-Current-4421
BL-001267,2026-07-30,2026-07-30,VB-2026-001234 NEFT DR ICIC0000429 900000063293 FROM VRUNDAVAN I  against inv INR 352303.0,900000063293,,352303.00,HDFC-Current-4421
BL-001268,2026-07-30,2026-07-30,RAZORPAY PAYMENTS GATEWAY SETTLEMENT setl_00000137 UTR 900000006419,900000006419,93943.75,,HDFC-Current-4421
BL-001269,2026-07-30,2026-07-30,INV-2026-000842 RTGS ICIC0000429 900000045303 SHREE BALAJI MACHINE PARTS PRIVATE LIMITED I,900000045303,131077.00,,HDFC-Current-4421
BL-001270,2026-07-30,2026-07-30,NEFT CR SBIN0000921 900000061520 FROM ASHWINI CABLE SY security deposit INR 297433.00 INV-,900000061520,297433.00,,HDFC-Current-4421
BL-001271,2026-07-30,2026-07-30,INV-2026-001218 NEFT CR ICIC0000429 900000062708 FROM SURYAVANSH CATERING SERVICES LLP amc,900000062708,401673.00,,HDFC-Current-4421
BL-001272,2026-07-30,2026-07-30,UPI/HDFC0001234/446383146893/orbidai@okaxis/ORBITEX DAIRY FOODS PVT LTD,900000072712,407315.00,,HDFC-Current-4421
BL-001273,2026-07-30,2026-07-30,INV-2026-001130 NEFT CR ICIC0000429 900000058320 FROM SAHYADRI POLYMERS PVT LTD invoice se,900000058320,486241.00,,HDFC-Current-4421
BL-001274,2026-07-31,2026-07-31,SALARY-202608 NEFT DR UTIB0002233 900000080083 FROM ACME INDUSTRIES PAYROLL PRIVATE LIMITE,900000080083,,3450000.00,HDFC-Current-4421
BL-001275,2026-07-31,2026-07-31,NEFT DR ICIC0000429 900000050228 FROM KARMAN PRINT SOLUTIGNS LTD invoice settlement INR 45,900000050228,,458862.00,HDFC-Current-4421
BL-001276,2026-07-31,2026-07-31,NEFT DR HDFC0001234 900000067260 FROM EVERSTONE RE material supply INR 442231.00 VB-2026-0,900000067260,,442231.00,HDFC-Current-4421
BL-001277,2026-07-31,2026-07-31,NEFT DR KKBK0000812 900000070995 FROM LOHILOG LOGISTICS full and final INR 336398.00,900000070995,,336398.00,HDFC-Current-4421
BL-001278,2026-07-31,2026-07-31,UPI/HDFC0001234/327587654803/RT-2026-001121/eversta@paytm/EVERSTONE STAF,900000057911,,328553.00,HDFC-Current-4421
BL-001279,2026-07-31,2026-07-31,INV-2026-001459 NEFT CR ICIC0000429 900000072031 FROM PUSHPA METALS AGRI INPUTS & CO secur,900000072031,63706.00,,HDFC-Current-4421
BL-001280,2026-07-31,2026-07-31,UPI/HDFC0001234/873016771348/anancon@okhdfcbank/ANANCON CONVEYANCES /INV-2026-001192,900000061595,98046.00,,HDFC-Current-4421
BL-001281,2026-07-31,2026-07-31,INV-2026-001293 NEFT CR ICIC0000429 900000065920 FROM ASHWINI INTERIIRS & CO security depo,900000065920,110629.00,,HDFC-Current-4421
BL-001282,2026-07-31,2026-07-31,RAZORPAY PAYMENTS GATEWAY SETTLEMENT setl_00000138 UTR 900000006508,900000006508,119957.74,,HDFC-Current-4421
BL-001283,2026-07-31,2026-07-31,UPI/HDFC0001234/758120090751/anancon@paytm/ANANT INFRA CONVEYANCES PVT LTD,900000063232,144674.00,,HDFC-Current-4421
BL-001284,2026-07-31,2026-07-31,UPI/HDFC0001234/775176314710/INV-2026-001203/anancon@paytm/ANANT INFRA CONVE,900000062022,229551.00,,HDFC-Current-4421
BL-001285,2026-07-31,2026-07-31,INV-2026-001188 NEFT CR KKBK0000812 900000061446 FROM ZENITH ONE LOGISTICS COMPANY part pa,900000061446,356383.00,,HDFC-Current-4421
BL-001286,2026-07-31,2026-07-31,NEFT CR HDFC0001234 900000055622 FROM ANCNT INFRA STAFFING PRIVATE LIMITED full and final ,900000055622,408350.00,,HDFC-Current-4421
BL-001287,2026-07-31,2026-07-31,NEFT CR UTIB0002233 900000053310 FROM SAHYADRI POLYMERS PVT LTD invoice settlement INR 537,900000053310,537518.00,,HDFC-Current-4421
BL-001288,2026-07-31,2026-07-31,NEFT CR ICIC0000429 900000061267 FROM SAHYADRI POLYMERS PVT LTD milestone 2 INR 1452061.00,900000061267,1452061.00,,HDFC-Current-4421
BL-001289,2026-07-31,2026-07-31,NEFT CR ICIC0000429 900000074882 FROM ORBITEX PA invoice settlement INR 2439231.00 INV-202,900000074882,2439231.00,,HDFC-Current-4421
BL-001290,2026-08-01,2026-08-01,NEFT DR UTIB0002233 900000071380 FROM LOHIYA LOGISTICS LTD milestone 2 INR 1035966.00,900000071380,,1035966.00,HDFC-Current-4421
BL-001291,2026-08-01,2026-08-01,UPI/HDFC0001234/112059601390/VB-2026-001228/merihar@okhdfcbank/MERIDIAN HARDWARE COMPANY,900000063110,,618394.00,HDFC-Current-4421
BL-001292,2026-08-01,2026-08-01,VB-2026-001486 CHQ CLG ANANT INFRA ELECTRICALS LTD VB-2026-001486,900000072742,,431736.00,HDFC-Current-4421
BL-001293,2026-08-01,2026-08-01,UPI/HDFC0001234/650276542968/merihar@okaxis/MERIDIAN HARDWARE NOI/RT-2026-001266,900000064544,,407227.00,HDFC-Current-4421
BL-001294,2026-08-01,2026-08-01,UPI/HDFC0001234/536908492190/bluecol@okhdfcbank/BLUEPEAK COLD CHAIN PVT LTD,900000058776,,407050.00,HDFC-Current-4421
BL-001295,2026-08-01,2026-08-01,NEFT DR KKBK0000812 900000047144 FROM ZENITH ONE  security deposit INR 329140.00 VB-2026-0,900000047144,,329140.00,HDFC-Current-4421
BL-001296,2026-08-01,2026-08-01,NEFT DR UTIB0002233 900000068996 FROM VRUNDAVAN INTERI amc renewal INR 222701.00,900000068996,,222701.00,HDFC-Current-4421
BL-001297,2026-08-01,2026-08-01,RTGS HDFC0001234 900000070747 SUNDARA WATER TREATMENT LTD INR 212461.00 advance RT-2026-00,900000070747,,212461.00,HDFC-Current-4421
BL-001298,2026-08-01,2026-08-01,UPI/HDFC0001234/374522276150/VB-2026-001223/merihar@okaxis/MERIDIAN HARD ,900000062784,,184021.00,HDFC-Current-4421
BL-001299,2026-08-01,2026-08-01,UPI/HDFC0001234/970103777763/bluecol@paytm/BLUEPEAK COLD CHAIN KOC/VB-2026-001067,900000055376,,136485.00,HDFC-Current-4421
BL-001300,2026-08-01,2026-08-01,RAZORPAY PAYMENTS GATEWAY SETTLEMENT setl_00000139 UTR 900000006581,900000006581,103191.83,,HDFC-Current-4421
BL-001301,2026-08-01,2026-08-01,NEFT CR KKBK0000812 900000061643 FROM VEDISA FACILITY MANAGEMENT LLP advance INR 204793.00,900000061643,204793.00,,HDFC-Current-4421
BL-001302,2026-08-01,2026-08-01,CHQ CLG VEDIKA TEXTILES COMPANY ,900000071414,440772.00,,HDFC-Current-4421
BL-001303,2026-08-01,2026-08-01,UPI/HDFC0001234/394562383387/INV-2026-001229/ashwcol@paytm/ASHWINI CO ,900000063203,598519.00,,HDFC-Current-4421
BL-001304,2026-08-01,2026-08-01,UPI/HDFC0001234/708349620304/INV-2026-000868/everwat@okhdfcbank/EVERSTONE WATER TREATMENT ,900000046223,806012.00,,HDFC-Current-4421
BL-001305,2026-08-01,2026-08-01,INV-2026-001048 NEFT CR KKBK0000812 900000054752 FROM ORBITEX PACKAGING RAJ advance INR 12,900000054752,1289831.00,,HDFC-Current-4421
BL-001306,2026-08-01,2026-08-01,"INV-2026-001441,INV-2026-001526,INV-2026-001542 NEFT CR KKBK0000812 900000081263 FROM ORBI",900000081263,2891582.00,,HDFC-Current-4421
BL-001307,2026-08-03,2026-08-03,NEFT DR SBIN0000921 900000063956 FROM NORTHLINE R amc renewal INR 1488201.00,900000063956,,1488201.00,HDFC-Current-4421
BL-001308,2026-08-03,2026-08-03,EMI-202608 NEFT DR KKBK0000812 900000080238 FROM STATE BANK EQUIP LOAN  against inv INR 12,900000080238,,1250000.00,HDFC-Current-4421
BL-001309,2026-08-03,2026-08-03,RT-2026-000964 NEFT DR KKBK0000812 900000051177 FROM SHREE BALAJI ANALYTICS PRIVATE LIMITE,900000051177,,913240.00,HDFC-Current-4421
BL-001310,2026-08-03,2026-08-03,NEFT DR ICIC0000429 900000052403 FROM ZENITH ONE TEXTILES NAG invoice settlement INR 79379,900000052403,,793794.00,HDFC-Current-4421
BL-001311,2026-08-03,2026-08-03,UPI/HDFC0001234/732817070587/bluecol@okhdfcbank/BLUEPEAK COLD CHAIN PVT LTD/VB-2026-001160,900000059987,,408064.00,HDFC-Current-4421
BL-001312,2026-08-03,2026-08-03,CHQ CLG ANANT INFR VB-2026-001449,900000071496,,330885.00,HDFC-Current-4421
BL-001313,2026-08-03,2026-08-03,UPI/HDFC0001234/954578262614/ashwmac@ybl/ASHWINI MACHING PARTS PVT LTD/VB-2026-001044,900000054552,,213156.00,HDFC-Current-4421
BL-001314,2026-08-03,2026-08-03,RTGS KKBK0000812 900000070161 SUNDARA WATER TREATMENT LTD INR 96861.00 freight charges,900000070161,,96861.00,HDFC-Current-4421
BL-001315,2026-08-03,2026-08-03,RAZORPAY PAYMENTS GATEWAY SETTLEMENT setl_00000141 UTR 900000006690,900000006690,56561.07,,HDFC-Current-4421
BL-001316,2026-08-03,2026-08-03,INV-2026-001523 NEFT CR ICIC0000429 900000073861 FROM GOLDCREST WAREHOUSING PRIVATE LIMITE,900000073861,137633.00,,HDFC-Current-4421
BL-001317,2026-08-03,2026-08-03,RAZORPAY PAYMENTS GATEWAY SETTLEMENT setl_00000140 UTR 900000006667,900000006667,147846.77,,HDFC-Current-4421
BL-001318,2026-08-03,2026-08-03,INV-2026-001525 NEFT CR KKBK0000812 900000073984 FROM GOLDCREST STEEL TRADERS QOMPANY part,900000073984,532420.00,,HDFC-Current-4421
BL-001319,2026-08-03,2026-08-03,NEFT CR ICIC0000429 900000068002 FROM ASHWINI INTERIORS amc renewal INR 812298.00,900000068002,812298.00,,HDFC-Current-4421
BL-001320,2026-08-03,2026-08-03,RTGS KKBK0000812 900000075065 SAPTAGIRI ANALYTICS INR 831684.00 amc renewal,900000075065,831684.00,,HDFC-Current-4421
BL-001321,2026-08-03,2026-08-03,INV-2026-001521 RTGS UTIB0002233 900000073744 SAPTAGIRI ANALYTICS LTD INR 929035.00 materi,900000073744,929035.00,,HDFC-Current-4421
BL-001322,2026-08-03,2026-08-03,NEFT CR KKBK0000812 900000052121 FROM ORBITEX PACKAGING PRIVATE LIMITED against inv INR 16,900000052121,1608416.00,,HDFC-Current-4421
BL-001323,2026-08-04,2026-08-04,UPI/HDFC0001234/336951129581/ashwmac@okaxis/ASHWINI MACHINE PARTS COMPANY,900000052404,,1079560.00,HDFC-Current-4421
BL-001324,2026-08-04,2026-08-04,NEFT DR KKBK0000812 900000067250 FROM TRINETRA AGRI INP milestone 2 INR 395872.00,900000067250,,395872.00,HDFC-Current-4421
BL-001325,2026-08-04,2026-08-04,NEFT DR UTIB0002233 900000057478 FROM PRAGATI FAB SER full and final INR 156223.00,900000057478,,156223.00,HDFC-Current-4421
BL-001326,2026-08-04,2026-08-04,UPI/HDFC0001234/289207209019/everwat@okaxis/EVERWAT TREATMENT,900000047768,319151.00,,HDFC-Current-4421
BL-001327,2026-08-04,2026-08-04,NEFT CR ICIC0000429 900000050068 FROM GOLDCREST SECURITY SYSTEMS COMPANY security deposit ,900000050068,370497.00,,HDFC-Current-4421
BL-001328,2026-08-04,2026-08-04,NEFT CR SBIN0000921 900000067859 FROM SAHYADRI POLYMERS PVT LTD amc renewal INR 389891.00 ,900000067859,389891.00,,HDFC-Current-4421
BL-001329,2026-08-04,2026-08-04,NEFT CR SBIN0000921 900000066075 FROM ASHWINI INTERI advance INR 405092.00,900000066075,405092.00,,HDFC-Current-4421
BL-001330,2026-08-04,2026-08-04,INV-2026-001398 NEFT CR UTIB0002233 900000070346 FROM ASHWINI INTERIORS COI security depos,900000070346,643575.00,,HDFC-Current-4421
BL-001331,2026-08-04,2026-08-04,UPI/HDFC0001234/137873711056/INV-2026-001207/ashwcol@paytm/ASHWINI COLD CHAIN LTD,900000062274,1304751.00,,HDFC-Current-4421
BL-001332,2026-08-05,2026-08-05,RENT-202608 NEFT DR HDFC0001234 900000080173 FROM SKYLINE ESTATESGPVT LTD  milestone 2 INR,900000080173,,780000.00,HDFC-Current-4421
BL-001333,2026-08-05,2026-08-05,VB-2026-000831 NEFT DR UTIB0002233 900000044867 FROM ZENITH ONE TEXTILES LLP part payment ,900000044867,,474110.00,HDFC-Current-4421
BL-001334,2026-08-05,2026-08-05,NEFT DR HDFC0001234 900000054636 FROM ZENITH ONE TEXT material supply INR 224381.00 RT-202,900000054636,,224381.00,HDFC-Current-4421
BL-001335,2026-08-05,2026-08-05,INV-2026-001165 CHQ CLG TRINETRA PIPING SOLUTIONS LLP INV-2026-001165,900000060295,116858.00,,HDFC-Current-4421
BL-001336,2026-08-05,2026-08-05,RAZORPAY PAYMENTS GATEWAY SETTLEMENT setl_00000142 UTR 900000006778,900000006778,126355.12,,HDFC-Current-4421
BL-001337,2026-08-05,2026-08-05,NEFT CR SBIN0000921 900000069894 FROM TRIVROO OR advance INR 159431.00,900000069894,159431.00,,HDFC-Current-4421
BL-001338,2026-08-05,2026-08-05,INV-2026-001252 NEFT CR ICIC0000429 900000064062 FROM SURYAVANSH PETRO CHEMICALS PVT LTD i,900000064062,272404.00,,HDFC-Current-4421
BL-001339,2026-08-05,2026-08-05,CHQ CLG VEDIKA TEXTILES PRI INV-2026-001444,900000071454,720961.00,,HDFC-Current-4421
BL-001340,2026-08-06,2026-08-06,RT-2026-001249 NEFT DR UTIB0002233 900000063933 FROM NORTHLINE ROOFING PRODUCTS RAJ amc re,900000063933,,342851.00,HDFC-Current-4421
BL-001341,2026-08-06,2026-08-06,CHQ CLG ANANT INFRA ELECTRICALS LTD ,900000073294,,318821.00,HDFC-Current-4421
BL-001342,2026-08-06,2026-08-06,RT-2026-001330 CHQ CLG ORBITEX WAREHO RT-2026-001330,900000067658,,267643.00,HDFC-Current-4421
BL-001343,2026-08-06,2026-08-06,RTGS KKBK0000812 900000071406 SUNDARA WATER TREATMENT PVT LTD INR 129229.00 against inv,900000071406,,129229.00,HDFC-Current-4421
BL-001344,2026-08-06,2026-08-06,UPI/HDFC0001234/862098472036/merihar@okaxis/MERIDIAN HARDWARE PVT LTD,900000062533,,116759.00,HDFC-Current-4421
BL-001345,2026-08-06,2026-08-06,RAZORPAY PAYMENTS GATEWAY SETTLEMENT setl_00000143 UTR 900000006851,900000006851,56863.43,,HDFC-Current-4421
BL-001346,2026-08-06,2026-08-06,NEFT CR UTIB0002233 900000063716 FROM VEDIKA FACILITY MANAGEMENT & CO milestone 2 INR 1632,900000063716,163284.00,,HDFC-Current-4421
BL-001347,2026-08-06,2026-08-06,NEFT CR KKBK0000812 900000071999 FROM GOLDCREST STEEL TRADERS COMPANY material supply INR ,900000071999,211153.00,,HDFC-Current-4421
BL-001348,2026-08-06,2026-08-06,CHQ CLG TRINETRA PIPING SOLUT INV-2026-001077,900000055788,225758.00,,HDFC-Current-4421
BL-001349,2026-08-06,2026-08-06,NEFT CR KKBK0000812 900000072838 FROM PUSHPA METALS AGRI INPUTS PVT LTD amc renewal INR 32,900000072838,322755.00,,HDFC-Current-4421
BL-001350,2026-08-06,2026-08-06,NEFT CR UTIB0002233 900000054150 FROM GOLDCREST SECURITY SYSTEMS & CO full and final INR 8,900000054150,807131.00,,HDFC-Current-4421
BL-001351,2026-08-06,2026-08-06,NEFT CR HDFC0001234 900000051955 FROM ASHWINI SOLAR EPC LTD advance INR 908708.00 INV-2026,900000051955,908708.00,,HDFC-Current-4421
BL-001352,2026-08-07,2026-08-07,RT-2026-000952 NEFT DR UTIB0002233 900000050400 FROM GOLDCREST STEEL TRADERS NAG material ,900000050400,,868336.00,HDFC-Current-4421
BL-001353,2026-08-07,2026-08-07,RT-2026-000930 NEFT DR SBIN0000921 900000049252 FROM TRINETRA SOLAR E amc renewal INR 8304,900000049252,,830464.00,HDFC-Current-4421
BL-001354,2026-08-07,2026-08-07,RT-2026-001309 RTGS SBIN0000921 900000066816 VAISHNAVI PIPING SOLUTIONS & CO INR 549221.00,900000066816,,549221.00,HDFC-Current-4421
BL-001355,2026-08-07,2026-08-07,NEFT DR HDFC0001234 900000067708 FROM MERIDIAN POLYMERS  full and final INR 422026.00,900000067708,,422026.00,HDFC-Current-4421
BL-001356,2026-08-07,2026-08-07,CHQ CLG ORBITEX WAREHOUSING & CO ,900000066527,,229898.00,HDFC-Current-4421
BL-001357,2026-08-07,2026-08-07,UPI/HDFC0001234/496806359393/pragcon@ybl/PRAGATI CONVEY/VB-2026-001388,900000069881,,209164.00,HDFC-Current-4421
BL-001358,2026-08-07,2026-08-07,UPI/HDFC0001234/554301426414/RT-2026-001225/bluecol@paytm/BLUEPEAK C ,900000062958,,207024.00,HDFC-Current-4421
BL-001359,2026-08-07,2026-08-07,RAZORPAY PAYMENTS GATEWAY SETTLEMENT setl_00000144 UTR 900000006941,900000006941,71350.10,,HDFC-Current-4421
BL-001360,2026-08-07,2026-08-07,NEFT CR ICIC0000429 900000065058 FROM ASHWINI CABLE SYSTEMS LLP advance INR 218826.00,900000065058,218826.00,,HDFC-Current-4421
BL-001361,2026-08-07,2026-08-07,CHQ CLG TRINETRA PIPING SOLUTIONS PUN ,900000055228,396505.00,,HDFC-Current-4421
BL-001362,2026-08-07,2026-08-07,UPI/HDFC0001234/546794458279/everwat@okaxis/EVERSTONE WATER TREATMENT COMPANY/INV-2026-000,900000051432,481247.00,,HDFC-Current-4421
BL-001363,2026-08-07,2026-08-07,NEFT CR HDFC0001234 900000068065 FROM ASHWINI CABLE SYSTEMS PUN against inv INR 553714.00 ,900000068065,553714.00,,HDFC-Current-4421
BL-001364,2026-08-07,2026-08-07,NEFT CR HDFC0001234 900000065711 FROM SURYAVANSH PRINT SOLUTIONS & CO amc renewal INR 6882,900000065711,688219.00,,HDFC-Current-4421
BL-001365,2026-08-07,2026-08-07,NEFT CR SBIN0000921 900000055119 FROM NALANDA FAB SERVICES & CO advance INR 782770.00 INV-,900000055119,782770.00,,HDFC-Current-4421
BL-001366,2026-08-08,2026-08-08,NEFT DR KKBK0000812 900000053516 FROM GOLDCREST STEEL TRADERS & CO invoice settlement INR ,900000053516,,394660.00,HDFC-Current-4421
BL-001367,2026-08-08,2026-08-08,NEFT DR UTIB0002233 900000051485 FROM SHREE BALAJI ANALYTICS material supply INR 328815.00,900000051485,,328815.00,HDFC-Current-4421
BL-001368,2026-08-08,2026-08-08,UPI/HDFC0001234/651799604816/VB-2026-001322/merihar@okaxis/MERIDIAN HARDWARE PRIVATE LIMIT,900000067267,,211409.00,HDFC-Current-4421
BL-001369,2026-08-08,2026-08-08,RAZORPAY PAYMENTS GATEWAY SETTLEMENT setl_00000145 UTR 900000006957,900000006957,107244.23,,HDFC-Current-4421
BL-001370,2026-08-08,2026-08-08,INV-2026-001538 NEFT CR UTIB0002233 900000074363 FROM PUSHPA METALS AGRI INPUTS PVT LTD am,900000074363,110013.00,,HDFC-Current-4421
BL-001371,2026-08-08,2026-08-08,NEFT CR ICIC0000429 900000052060 FROM ASHWINI SOLAR EPC PVT LTD against inv INR 157159.00,900000052060,157159.00,,HDFC-Current-4421
BL-001372,2026-08-08,2026-08-08,NEFT CR HDFC0001234 900000057300 FROM ORBITEX PACKAGING PRIVATE LIMITED invoice settlement,900000057300,326073.00,,HDFC-Current-4421
BL-001373,2026-08-08,2026-08-08,UPI/HDFC0001234/562829651075/nalarec@paytm/NALANDA RECYCLERS LLP,900000071185,392348.00,,HDFC-Current-4421
BL-001374,2026-08-08,2026-08-08,NEFT CR KKBK0000812 900000054290 FROM GOLDCREST SECURITY AYSTEMS & CO against inv INR 6585,900000054290,658596.00,,HDFC-Current-4421
BL-001375,2026-08-08,2026-08-08,NEFT CR ICIC0000429 900000068489 FROM ASHWINI INTERIORS & CO advance INR 1110927.00,900000068489,1110927.00,,HDFC-Current-4421
BL-001376,2026-08-08,2026-08-08,INV-2026-001382 NEFT CR KKBK0000812 900000069691 FROM TRIVIDATA ROOFING PRODUCTS PV milest,900000069691,1858703.00,,HDFC-Current-4421
BL-001377,2026-08-10,2026-08-10,NEFT DR UTIB0002233 900000072286 FROM LOHIYA LOGISTICS LLP amc renewal INR 511922.00 VB-20,900000072286,,511922.00,HDFC-Current-4421
BL-001378,2026-08-10,2026-08-10,UPI/HDFC0001234/886180016587/eversta@paytm/EVERSTONE STAFFING & CO,900000054910,,314902.00,HDFC-Current-4421
BL-001379,2026-08-10,2026-08-10,RT-2026-001448 NEFT DR KKBK0000812 900000071476 FROM EVERREC RECYCLERS against inv INR 313,900000071476,,313342.00,HDFC-Current-4421
BL-001380,2026-08-10,2026-08-10,NEFT DR HDFC0001234 900000048543 FROM TRINETRA SOLAR EPC LLP part payment INR 302957.00,900000048543,,302957.00,HDFC-Current-4421
BL-001381,2026-08-10,2026-08-10,RT-2026-001163 NEFT DR SBIN0000921 900000060183 FROM KARMAN PRINT SOLUTIO full and final I,900000060183,,292905.00,HDFC-Current-4421
BL-001382,2026-08-10,2026-08-10,RT-2026-001410 CHQ CLG ANANT INFRA ELECTRICALS LTD RT-2026-001410,900000070687,,157079.00,HDFC-Current-4421
BL-001383,2026-08-10,2026-08-10,RTGS HDFC0001234 900000074678 SUNDARA WATER TREATMENT & CO INR 153285.00 material supply,900000074678,,153285.00,HDFC-Current-4421
BL-001384,2026-08-10,2026-08-10,RT-2026-001531 RTGS ICIC0000429 900000074099 SUNDARA WATER TREATMENT LTD INR 134806.00 fre,900000074099,,134806.00,HDFC-Current-4421
BL-001385,2026-08-10,2026-08-10,UPI/HDFC0001234/322791747016/karmcat@okhdfcbank/KARMAN CATERING SERVICES FAR,900000053966,,115087.00,HDFC-Current-4421
BL-001386,2026-08-10,2026-08-10,UPI/HDFC0001234/322791747016/karmcat@okhdfcbank/KARMAN CATERING SERVICES FAR,900000053966,,115087.00,HDFC-Current-4421
BL-001387,2026-08-10,2026-08-10,NEFT DR SBIN0000921 900000050315 FROM SHREE BALAJI ANALYTIC advance INR 76131.00,900000050315,,76131.00,HDFC-Current-4421
BL-001388,2026-08-10,2026-08-10,RAZORPAY PAYMENTS GATEWAY SETTLEMENT setl_00000146 UTR 900000007007,900000007007,98885.96,,HDFC-Current-4421
BL-001389,2026-08-10,2026-08-10,INV-2026-001170 NEFT CR KKBK0000812 900000060635 FROM ORBITEX PACKAGING  full and final IN,900000060635,110149.00,,HDFC-Current-4421
BL-001390,2026-08-10,2026-08-10,NEFT CR KKBK0000812 900000064284 FROM ASHWINI CABLE SYSTEMS LLP material supply INR 163011,900000064284,163011.00,,HDFC-Current-4421
BL-001391,2026-08-10,2026-08-10,CHQ CLG TRINETRA PIPING  INV-2026-000966,900000051302,243022.00,,HDFC-Current-4421
BL-001392,2026-08-10,2026-08-10,CHQ CLG TRINETRA PIPING SOLUTIONS PUN INV-2026-001319,900000067214,250959.00,,HDFC-Current-4421
BL-001393,2026-08-10,2026-08-10,INV-2026-000956 RTGS UTIB0002233 900000050695 SHREE BALAJI MACHINE PARTS NOI INR 251085.00,900000050695,251085.00,,HDFC-Current-4421
BL-001394,2026-08-10,2026-08-10,UPI/HDFC0001234/542563792485/INV-2026-001000/everwat@paytm/EVERSTONE WATER TREATMENT COMPA,900000052612,281023.00,,HDFC-Current-4421
BL-001395,2026-08-10,2026-08-10,NEFT CR KKBK0000812 900000074496 FROM PUSHPA MET material supply INR 292223.00 INV-2026-00,900000074496,292223.00,,HDFC-Current-4421
BL-001396,2026-08-10,2026-08-10,NEFT CR KKBK0000812 900000074496 FROM PUSHPA MET material supply INR 292223.00 INV-2026-00,900000074496,292223.00,,HDFC-Current-4421
BL-001397,2026-08-10,2026-08-10,NEFT CR KKBK0000812 900000064043 FROM VEDIKA FACILITY MANAGEMENT & CO full and final INR 3,900000064043,349314.00,,HDFC-Current-4421
BL-001398,2026-08-10,2026-08-10,INV-2026-001297 NEFT CR ICIC0000429 900000066111 FROM SURYAVANSH PETRO BHEMI part payment ,900000066111,423484.00,,HDFC-Current-4421
BL-001399,2026-08-10,2026-08-10,UPI/HDFC0001234/278330850044/merilab@okhdfcbank/MERIDIAN LAB SUPPLIES NAG,900000074714,444932.00,,HDFC-Current-4421
BL-001400,2026-08-10,2026-08-10,NEFT CR HDFC0001234 900000050603 FROM GOLDCREST SECURITY SYSTEMS PRIVATE LIMITED amc renew,900000050603,549316.00,,HDFC-Current-4421
BL-001401,2026-08-10,2026-08-10,NEFT CR SBIN0000921 900000068388 FROM ZENITH ONE  against inv INR 1504320.00,900000068388,1504320.00,,HDFC-Current-4421
BL-001402,2026-08-11,2026-08-11,VB-2026-001232 NEFT DR SBIN0000921 900000063270 FROM NORTHLINE ROOFING PRODUCTS PVT LTD se,900000063270,,1535113.00,HDFC-Current-4421
BL-001403,2026-08-11,2026-08-11,NEFT DR HDFC0001234 900000064414 FROM NORTHLINE ROOFING PRODUCTS RAJ amc renewal INR 13569,900000064414,,1356942.00,HDFC-Current-4421
BL-001404,2026-08-11,2026-08-11,CHQ CLG ORBITEX WARE ,900000069459,,511933.00,HDFC-Current-4421
BL-001405,2026-08-11,2026-08-11,RAZORPAY PAYMENTS GATEWAY SETTLEMENT setl_00000147 UTR 900000007096,900000007096,23132.01,,HDFC-Current-4421
BL-001406,2026-08-11,2026-08-11,UPI/HDFC0001234/679863387764/everwat@okaxis/EVERSTONE WATER TREATMENT PRIVATE LIMITED/INV-,900000054154,68936.00,,HDFC-Current-4421
BL-001407,2026-08-11,2026-08-11,NEFT CR HDFC0001234 900000057866 FROM GOLDCREST SECURITY SYSTE freight charges INR 712570.,900000057866,712570.00,,HDFC-Current-4421
BL-001408,2026-08-11,2026-08-11,NEFT CR HDFC0001234 900000051361 FROM GOLDCREST SECURITY SYSTEMS PRIVATE LIMITED freight c,900000051361,728238.00,,HDFC-Current-4421
BL-001409,2026-08-11,2026-08-11,NEFT CR SBIN0000921 900000072465 FROM GOLDCREST STEEL TRADERS COMPANY amc renewal INR 9527,900000072465,952720.00,,HDFC-Current-4421
BL-001410,2026-08-12,2026-08-12,NEFT DR HDFC0001234 900000070047 FROM TRINETRA AGRI INPUTS COMPANY milestone 2 INR 605687.,900000070047,,605687.00,HDFC-Current-4421
BL-001411,2026-08-12,2026-08-12,UPI/HDFC0001234/464311353189/karmcat@paytm/KARMCAT SE,900000059750,,241808.00,HDFC-Current-4421
BL-001412,2026-08-12,2026-08-12,CHQ CLG TRINETRA PIPING SOLUTIONS PUN ,900000055715,126603.00,,HDFC-Current-4421
BL-001413,2026-08-12,2026-08-12,RAZORPAY PAYMENTS GATEWAY SETTLEMENT setl_00000148 UTR 900000007145,900000007145,145539.70,,HDFC-Current-4421
BL-001414,2026-08-12,2026-08-12,INV-2026-001312 NEFT CR KKBK0000812 900000066924 FROM SURYAVANSH PETRO CHEMICALS & CO invo,900000066924,241989.00,,HDFC-Current-4421
BL-001415,2026-08-12,2026-08-12,NEFT CR SBIN0000921 900000063784 FROM VEDIKA FACILITY MANAGEMENT & CO security deposit INR,900000063784,318508.00,,HDFC-Current-4421
BL-001416,2026-08-12,2026-08-12,INV-2026-001580 NEFT CR UTIB0002233 900000075396 FROM GOLDCREST WAREHOUSING PRIVATE LIMITE,900000075396,347345.00,,HDFC-Current-4421
BL-001417,2026-08-12,2026-08-12,UPI/HDFC0001234/897610508972/everwat@okhdfcbank/EVERSTONE WATER TREQTMENT COMPANY/INV-2026,900000053260,389391.00,,HDFC-Current-4421
BL-001418,2026-08-12,2026-08-12,RTGS UTIB0002233 900000066969 SHREE BALAJI HARDWARE PRIVATE LIMITED INR 427610.00 against ,900000066969,427610.00,,HDFC-Current-4421
BL-001419,2026-08-12,2026-08-12,CHQ CLG VEDIKA TEXUILES LTD ,900000071728,470978.00,,HDFC-Current-4421
BL-001420,2026-08-12,2026-08-12,INV-2026-001390 NEFT CR SBIN0000921 900000069968 FROM TRIVIDATA ROOFIN against inv INR 724,900000069968,724721.00,,HDFC-Current-4421
BL-001421,2026-08-13,2026-08-13,RT-2026-001187 NEFT DR ICIC0000429 900000061397 FROM KARMPCI SOLUTIONS  freight charges IN,900000061397,,273890.00,HDFC-Current-4421
BL-001422,2026-08-13,2026-08-13,RTGS HDFC0001234 900000073515 SUNDARA WATER TREATMENT LTD INR 160674.00 amc renewal RT-202,900000073515,,160674.00,HDFC-Current-4421
BL-001423,2026-08-13,2026-08-13,RAZORPAY PAYMENTS GATEWAY SETTLEMENT setl_00000149 UTR 900000007175,900000007175,112522.31,,HDFC-Current-4421
BL-001424,2026-08-13,2026-08-13,INV-2026-000957 NEFT CR UTIB0002233 900000050783 FROM NALANDA FAB SERVICES PRIVA advance I,900000050783,131654.00,,HDFC-Current-4421
BL-001425,2026-08-13,2026-08-13,UPI/HDFC0001234/570863627342/everwat@okhdfcbank/EVERSTONE WATER TREATMENT JAI,900000054349,132189.00,,HDFC-Current-4421
BL-001426,2026-08-13,2026-08-13,INV-2026-001397 NEFT CR HDFC0001234 900000070264 FROM TRIVIDATA ROOFING PRODUCTS NAG full ,900000070264,235665.00,,HDFC-Current-4421
BL-001427,2026-08-13,2026-08-13,CHQ CLG VEDIKA TEXTILE  INV-2026-001495,900000072952,304388.00,,HDFC-Current-4421
BL-001428,2026-08-13,2026-08-13,NEFT CR SBIN0000921 900000065137 FROM VEDIKA FACILITY milestone 2 INR 558883.00,900000065137,558883.00,,HDFC-Current-4421
BL-001429,2026-08-13,2026-08-13,UPI/HDFC0001234/209232117518/merilab@ybl/MERIDIAN LAB SUPPLIES LLP,900000074300,1074512.00,,HDFC-Current-4421
BL-001430,2026-08-13,2026-08-13,UPI/HDFC0001234/574617833277/merilab@paytm/MERIDIAN LAB,900000076747,1454278.00,,HDFC-Current-4421
BL-001431,2026-08-14,2026-08-14,NEFT DR KKBK0000812 900000056189 FROM ZENITH ONE TEXTIL invoice settlement INR 433012.00 V,900000056189,,433012.00,HDFC-Current-4421
BL-001432,2026-08-14,2026-08-14,UPI/HDFC0001234/211373053568/bluecol@okhdfcbank/BLUEPEAK COLD /VB-2026-001340,900000068106,,372477.00,HDFC-Current-4421
BL-001433,2026-08-14,2026-08-14,UPI/HDFC0001234/848366761827/bluecol@okaxis/BLUEPEAK COLD CHAIN PVT LTD,900000064722,,155062.00,HDFC-Current-4421
BL-001434,2026-08-14,2026-08-14,RAZORPAY PAYMENTS GATEWAY SETTLEMENT setl_00000150 UTR 900000007239,900000007239,67915.78,,HDFC-Current-4421
BL-001435,2026-08-14,2026-08-14,UPI/HDFC0001234/163952600458/anancon@okhdfcbank/ANANT INFRA CONV/INV-2026-001597,900000075713,143995.00,,HDFC-Current-4421
BL-001436,2026-08-14,2026-08-14,NEFT CR HDFC0001234 900000065301 FROM ZENITH ONE LOGISTI full and final INR 258368.00,900000065301,258368.00,,HDFC-Current-4421
BL-001437,2026-08-14,2026-08-14,CHQ CLG VEDIKA TEXTILES LTD ,900000073622,381025.00,,HDFC-Current-4421
BL-001438,2026-08-17,2026-08-17,NEFT DR ICIC0000429 900000069073 FROM PRAGATI FAB SERVIC freight charges INR 2024851.00,900000069073,,2024851.00,HDFC-Current-4421
BL-001439,2026-08-17,2026-08-17,NEFT DR KKBK0000812 900000053746 FROM GOLDCREST STEEL T advance INR 684492.00,900000053746,,684492.00,HDFC-Current-4421
BL-001440,2026-08-17,2026-08-17,NEFT DR UTIB0002233 900000053904 FROM ZENITH ONE  invoice settlement INR 547141.00,900000053904,,547141.00,HDFC-Current-4421
BL-001441,2026-08-17,2026-08-17,NEFT DR HDFC0001234 900000073153 FROM EVERSTONE RECYCLERS & CO freight charges INR 470065.,900000073153,,470065.00,HDFC-Current-4421
BL-001442,2026-08-17,2026-08-17,UPI/HDFC0001234/877057041878/eversta@okhdfcbank/EVERSTONE STAFFING P CO,900000063021,,309011.00,HDFC-Current-4421
BL-001443,2026-08-17,2026-08-17,VB-2026-001574 NEFT DR ICIC0000429 900000075147 FROM EVERSTONE RE part payment INR 299973.,900000075147,,299973.00,HDFC-Current-4421
BL-001444,2026-08-17,2026-08-17,UPI/HDFC0001234/533296364948/ashwmac@okhdfcbank/ASHWINI MACHINE,900000057394,,276928.00,HDFC-Current-4421
BL-001445,2026-08-17,2026-08-17,NEFT DR ICIC0000429 900000075985 FROM LOHAYA LOGISTICS LTD part payment INR 274055.00,900000075985,,274055.00,HDFC-Current-4421
BL-001446,2026-08-17,2026-08-17,NEFT DR HDFC0001234 900000064942 FROM PRAGATI FAB  against inv INR 222213.00,900000064942,,222213.00,HDFC-Current-4421
BL-001447,2026-08-17,2026-08-17,RT-2026-001529 NEFT DR UTIB0002233 900000074052 FROM TRINAGR INIUTS invoice settlement INR,900000074052,,186902.00,HDFC-Current-4421
BL-001448,2026-08-17,2026-08-17,NEFT DR HDFC0001234 900000063323 FROM ZENITH ONE TEXTILES LLP material supply INR 186215.0,900000063323,,186215.00,HDFC-Current-4421
BL-001449,2026-08-17,2026-08-17,NEFT DR HDFC0001234 900000050168 FROM TRINETRA SOLAR full and final INR 184386.00 VB-2026-,900000050168,,184386.00,HDFC-Current-4421
BL-001450,2026-08-17,2026-08-17,UPI/HDFC0001234/207433950864/VB-2026-001409/merihar@ybl/MERIHIAN HARDWARE,900000070636,,142864.00,HDFC-Current-4421
BL-001451,2026-08-17,2026-08-17,UPI/HDFC0001234/281902003856/RT-2026-001324/bluecol@okhdfcbank/BLUEPEAK COLD CHAIN PVT LTD,900000067372,,129699.00,HDFC-Current-4421
BL-001452,2026-08-17,2026-08-17,RT-2026-001236 NEFT DR UTIB0002233 900000063366 FROM KARMAN PRINT SOLUTTONS LTD invoice se,900000063366,,106137.00,HDFC-Current-4421
BL-001453,2026-08-17,2026-08-17,NEFT DR KKBK0000812 900000075596 FROM VRUNDAVAN INTERIORS PRIVATE LIMITED amc renewal INR ,900000075596,,76880.00,HDFC-Current-4421
BL-001454,2026-08-17,2026-08-17,RAZORPAY PAYMENTS GATEWAY SETTLEMENT setl_00000153 UTR 900000007452,900000007452,72573.72,,HDFC-Current-4421
BL-001455,2026-08-17,2026-08-17,CHQ CLG TRINETRA PIPING SOLUTIONS PVT LTD INV-2026-001144,900000059085,101264.00,,HDFC-Current-4421
BL-001456,2026-08-17,2026-08-17,RAZORPAY PAYMENTS GATEWAY SETTLEMENT setl_00000151 UTR 900000007306,900000007306,156430.42,,HDFC-Current-4421
BL-001457,2026-08-17,2026-08-17,RAZORPAY PAYMENTS GATEWAY SETTLEMENT setl_00000152 UTR 900000007356,900000007356,160802.82,,HDFC-Current-4421
BL-001458,2026-08-17,2026-08-17,RTGS KKBK0000812 900000050513 SHREE BALAJI MACHINE INR 248627.00 part payment,900000050513,248627.00,,HDFC-Current-4421
BL-001459,2026-08-17,2026-08-17,INV-2026-001674 RTGS UTIB0002233 900000077315 SAPTAGIRI ANALYTICS LTD INR 255735.00 part p,900000077315,255735.00,,HDFC-Current-4421
BL-001460,2026-08-17,2026-08-17,NEFT CR SBIN0000921 900000056981 FROM GOLDCREST SECURITY SYSTEMS & CO security deposit INR,900000056981,275781.00,,HDFC-Current-4421
BL-001461,2026-08-17,2026-08-17,UPI/HDFC0001234/901898089613/INV-2026-001452/anancon@ybl/ANAPT INFRA CONVEYANCES PVT LTD,900000071698,294003.00,,HDFC-Current-4421
BL-001462,2026-08-17,2026-08-17,UPI/HDFC0001234/368612034789/INV-2026-001561/nalarec@okhdfcbank/NALANDA RECYCLERS LLP,900000074770,369105.00,,HDFC-Current-4421
BL-001463,2026-08-17,2026-08-17,NEFT CR SBIN0000921 900000060984 FROM ANANT INFRA STAFFING advance INR 439521.00 INV-2026-,900000060984,439521.00,,HDFC-Current-4421
BL-001464,2026-08-17,2026-08-17,NEFT CR SBIN0000921 900000060984 FROM ANANT INFRA STAFFING advance INR 439521.00 INV-2026-,900000060984,439521.00,,HDFC-Current-4421
BL-001465,2026-08-17,2026-08-17,UPI/HDFC0001234/132560273141/merilab@paytm/MERIDIAN LAB SUPPLIES LLP/INV-2026-001618,900000076232,609001.00,,HDFC-Current-4421
BL-001466,2026-08-17,2026-08-17,INV-2026-001317 NEFT CR SBIN0000921 900000067124 FROM SURYAVANSH PETRO CHEMICALS NAG again,900000067124,728087.00,,HDFC-Current-4421
BL-001467,2026-08-17,2026-08-17,NEFT CR KKBK0000812 900000068566 FROM SURYAVANSH PETRO CH against inv INR 947888.00 INV-20,900000068566,947888.00,,HDFC-Current-4421
BL-001468,2026-08-17,2026-08-17,NEFT CR KKBK0000812 900000071067 FROM TRIVIDATA ROOFE part payment INR 1249899.00,900000071067,1249899.00,,HDFC-Current-4421
BL-001469,2026-08-17,2026-08-17,RTGS SBIN0000921 900000067198 SHREE BALAJI HARDWARE PRIVATE LIMITED INR 1263197.00 freight,900000067198,1263197.00,,HDFC-Current-4421
BL-001470,2026-08-17,2026-08-17,NEFT CR ICIC0000429 900000071934 FROM GOLDCREST S freight charges INR 1302689.00 INV-2026-,900000071934,1302689.00,,HDFC-Current-4421
BL-001471,2026-08-18,2026-08-18,NEFT DR UTIB0002233 900000063920 FROM PRAGATI FAB SERVIC full and final INR 1103106.00,900000063920,,1103106.00,HDFC-Current-4421
BL-001472,2026-08-18,2026-08-18,NEFT DR SBIN0000921 900000074164 FROM EVERSTONE RECYCLERS & CO freight charges INR 333989.,900000074164,,333989.00,HDFC-Current-4421
BL-001473,2026-08-18,2026-08-18,NEFT DR UTIB0002233 900000051769 FROM GOLDCREST STEEL TRADERS COMPANY milestone 2 INR 2571,900000051769,,257137.00,HDFC-Current-4421
BL-001474,2026-08-18,2026-08-18,RT-2026-001499 NEFT DR ICIC0000429 900000073047 FROM TRPNETRA AGRI INPUT invoice settlemen,900000073047,,233180.00,HDFC-Current-4421
BL-001475,2026-08-18,2026-08-18,NEFT DR SBIN0000921 900000059859 FROM SHREE BALAJI ANALYTICS PRIVATE LIMITED milestone 2 I,900000059859,,141493.00,HDFC-Current-4421
BL-001476,2026-08-18,2026-08-18,UPI/HDFC0001234/120270105299/pragcon@paytm/PRAGATI CONVEYANCES PUN/VB-2026-001424,900000070864,,87770.00,HDFC-Current-4421
BL-001477,2026-08-18,2026-08-18,UPI/HDFC0001234/186515293127/karmcat@okhdfcbank/KARMAN CATERIN /RT-2026-001198,900000061810,,65467.00,HDFC-Current-4421
BL-001478,2026-08-18,2026-08-18,RAZORPAY PAYMENTS GATEWAY SETTLEMENT setl_00000154 UTR 900000007518,900000007518,29568.91,,HDFC-Current-4421
BL-001479,2026-08-18,2026-08-18,UPI/HDFC0001234/844935725266/everwat@okhdfcbank/EVERSTONE WATER TREATMENT COMPANY,900000057058,240866.00,,HDFC-Current-4421
BL-001480,2026-08-18,2026-08-18,NEFT CR UTIB0002233 900000057557 FROM GOLDCREST SECURITY SYSTEMS & CO amc renewal INR 3733,900000057557,373380.00,,HDFC-Current-4421
BL-001481,2026-08-18,2026-08-18,INV-2026-001430 NEFT CR SBIN0000921 900000071205 FROM VEDIKA FACILITY  amc renewal INR 406,900000071205,406176.00,,HDFC-Current-4421
BL-001482,2026-08-18,2026-08-18,NEFT CR UTIB0002233 900000060551 FROM NALANDA FAB SERVICES PUN amc renewal INR 461659.00,900000060551,461659.00,,HDFC-Current-4421
BL-001483,2026-08-18,2026-08-18,RTGS SBIN0000921 900000060374 SHREHAR HARDWARE  INR 488997.00 milestone 2,900000060374,488997.00,,HDFC-Current-4421
BL-001484,2026-08-18,2026-08-18,NEFT CR ICIC0000429 900000070352 FROM TRIVIDATA ROOFING PRODUCTS PVT LTD full and final IN,900000070352,518899.00,,HDFC-Current-4421
BL-001485,2026-08-18,2026-08-18,NEFT CR ICIC0000429 900000067949 FROM COPPERLEAF full and final INR 687142.00 INV-2026-001,900000067949,687142.00,,HDFC-Current-4421
BL-001486,2026-08-18,2026-08-18,UPI/HDFC0001234/585791791696/nalarec@okaxis/NALANDA RECYCLERS LLP/INV-2026-001585,900000075498,941946.00,,HDFC-Current-4421
BL-001487,2026-08-18,2026-08-18,NEFT CR ICIC0000429 900000074437 FROM ASHWINI INTERIORS & CO amc renewal INR 1008580.00,900000074437,1008580.00,,HDFC-Current-4421
BL-001488,2026-08-19,2026-08-19,NEFT DR HDFC0001234 900000060782 FROM SHREE BALAJI ANALYTICS NOI part payment INR 204247.0,900000060782,,204247.00,HDFC-Current-4421
BL-001489,2026-08-19,2026-08-19,RT-2026-001091 NEFT DR ICIC0000429 900000056375 FROM TRINETRA SOLAR EPC LLP amc renewal IN,900000056375,,166281.00,HDFC-Current-4421
BL-001490,2026-08-19,2026-08-19,RTGS ICIC0000429 900000056535 SHREE BALAJI MACHINE PARTS & CO INR 89820.00 against inv,900000056535,89820.00,,HDFC-Current-4421
BL-001491,2026-08-19,2026-08-19,RAZORPAY PAYMENTS GATEWAY SETTLEMENT setl_00000155 UTR 900000007584,900000007584,132870.33,,HDFC-Current-4421
BL-001492,2026-08-19,2026-08-19,CHQ CLG TRINETRA PIPIN INV-2026-001176,900000060946,272026.00,,HDFC-Current-4421
BL-001493,2026-08-19,2026-08-19,INV-2026-001127 NEFT CR UTIB0002233 900000058189 FROM ANANT INFRA SRAFFI full and final IN,900000058189,294124.00,,HDFC-Current-4421
BL-001494,2026-08-20,2026-08-20,NEFT DR KKBK0000812 900000059843 FROM TRINETRA SOLAR EP security deposit INR 1209717.00,900000059843,,1209717.00,HDFC-Current-4421
BL-001495,2026-08-20,2026-08-20,VB-2026-001568 CHQ CLG ANANT INFRA ELECT VB-2026-001568,900000074966,,467058.00,HDFC-Current-4421
BL-001496,2026-08-20,2026-08-20,NEFT DR HDFC0001234 900000061772 FROM ZENITH ONE T milestone 2 INR 295496.00,900000061772,,295496.00,HDFC-Current-4421
BL-001497,2026-08-20,2026-08-20,RAZORPAY PAYMENTS GATEWAY SETTLEMENT setl_00000156 UTR 900000007678,900000007678,89025.20,,HDFC-Current-4421
BL-001498,2026-08-20,2026-08-20,NEFT CR UTIB0002233 900000074788 FROM ASHWINI CABLE SYSTEMS & CO material supply INR 12673,900000074788,126731.00,,HDFC-Current-4421
BL-001499,2026-08-20,2026-08-20,UPI/HDFC0001234/216503004544/INV-2026-001474/anancon@paytm/ANANT INFRA CONVEYANCES PVT LTD,900000072368,139625.00,,HDFC-Current-4421
BL-001500,2026-08-20,2026-08-20,NEFT CR HDFC0001234 900000072920 FROM TRIVIDATA ROOFING PRODUCTS full and final INR 148810,900000072920,148810.00,,HDFC-Current-4421
BL-001501,2026-08-20,2026-08-20,CHQ CLG VEDIKA TEXTILES COMPANY ,900000075024,229522.00,,HDFC-Current-4421
BL-001502,2026-08-20,2026-08-20,UPI/HDFC0001234/352396315360/INV-2026-001428/anancon@ybl/ANANT INFRA CONVEYANCES PRIVATE L,900000071112,317324.00,,HDFC-Current-4421
BL-001503,2026-08-20,2026-08-20,INV-2026-001379 NEFT CR KKBK0000812 900000069587 FROM COPPERLEAI ELECTRICALS PVT LTD part ,900000069587,548334.00,,HDFC-Current-4421
BL-001504,2026-08-20,2026-08-20,UPI/HDFC0001234/911733136158/INV-2026-001126/everwat@ybl/EVERSTONE WATER TREATMENT COMPANY,900000058136,666158.00,,HDFC-Current-4421
BL-001505,2026-08-20,2026-08-20,NEFT CR UTIB0002233 900000076836 FROM PUSHPA METALS AGRI INPUTS PVT LTD full and final INR,900000076836,904149.00,,HDFC-Current-4421
BL-001506,2026-08-20,2026-08-20,NEFT CR SBIN0000921 900000059155 FROM GOLDCREST SECURITY SYSTEMS PRIVATE LI milestone 2 IN,900000059155,1388104.00,,HDFC-Current-4421
BL-001507,2026-08-21,2026-08-21,UPI/HDFC0001234/547003036055/ashwmac@okaxis/ASHWINI MACHINE PA/RT-2026-001135,900000058564,,857948.00,HDFC-Current-4421
BL-001508,2026-08-21,2026-08-21,NEFT DR ICIC0000429 900000073297 FROM MERIDIAN POLYMERS LTD invoice settlement INR 380329.,900000073297,,380329.00,HDFC-Current-4421
BL-001509,2026-08-21,2026-08-21,NEFT DR HDFC0001234 900000068302 FROM PRAGATI FA material supply INR 274371.00,900000068302,,274371.00,HDFC-Current-4421
BL-001510,2026-08-21,2026-08-21,RT-2026-001357 NEFT DR KKBK0000812 900000068798 FROM NORTHLINE  full and final INR 256705.,900000068798,,256705.00,HDFC-Current-4421
BL-001511,2026-08-21,2026-08-21,NEFT DR HDFC0001234 900000071636 FROM MERIDIAN POLYMERS LTD material supply INR 256236.00 ,900000071636,,256236.00,HDFC-Current-4421
BL-001512,2026-08-21,2026-08-21,NEFT DR KKBK0000812 900000055985 FROM GOLDCREST STEEL TRADERS COMPANY security deposit INR,900000055985,,139007.00,HDFC-Current-4421
BL-001513,2026-08-21,2026-08-21,NEFT DR HDFC0001234 900000075108 FROM EVERSTONE RECYCLE material supply INR 47935.00 VB-20,900000075108,,47935.00,HDFC-Current-4421
BL-001514,2026-08-21,2026-08-21,RAZORPAY PAYMENTS GATEWAY SETTLEMENT setl_00000157 UTR 900000007758,900000007758,75461.38,,HDFC-Current-4421
BL-001515,2026-08-21,2026-08-21,NEFT CR SBIN0000921 900000077973 FROM ORBITEX PAPER MILLS PVT LTD advance INR 144406.00 IN,900000077973,144406.00,,HDFC-Current-4421
BL-001516,2026-08-21,2026-08-21,UPI/HDFC0001234/307571627562/nalarec@ybl/NALANDA RE/INV-2026-001638,900000076499,388152.00,,HDFC-Current-4421
BL-001517,2026-08-21,2026-08-21,NEFT CR SBIN0000921 900000078474 FROM ORBITYX PAPER MILLS NOI material supply INR 468086.0,900000078474,468086.00,,HDFC-Current-4421
BL-001518,2026-08-21,2026-08-21,UPI/HDFC0001234/210583712790/ashwcol@paytm/ASHWINI COLD CHAIN PRIVATE LIMITED,900000071251,620737.00,,HDFC-Current-4421
BL-001519,2026-08-21,2026-08-21,UPI/HDFC0001234/597197460601/merilab@okhdfcbank/MERILAB SUP /INV-2026-001629,900000076363,712388.00,,HDFC-Current-4421
BL-001520,2026-08-22,2026-08-22,NEFT DR UTIB0002233 900000077733 FROM LOHIYA LOGISTICS LTD security deposit INR 1090624.00,900000077733,,1090624.00,HDFC-Current-4421
BL-001521,2026-08-22,2026-08-22,UPI/HDFC0001234/657222993567/pragcon@okaxis/PRAGATI CONVEYANCES ,900000071550,,534677.00,HDFC-Current-4421
BL-001522,2026-08-22,2026-08-22,RT-2026-001517 RTGS UTIB0002233 900000073549 VAISHNAVI PIPING SOLUTSONS LTD INR 440265.00 ,900000073549,,440265.00,HDFC-Current-4421
BL-001523,2026-08-22,2026-08-22,NEFT DR SBIN0000921 900000067298 FROM KARMAN PRINT SOLUTIONS PRIVATE LIMITED milestone 2 I,900000067298,,365301.00,HDFC-Current-4421
BL-001524,2026-08-22,2026-08-22,NEFT DR ICIC0000429 900000062593 FROM GOLDCREST STEEL TRADER material supply INR 343851.00,900000062593,,343851.00,HDFC-Current-4421
BL-001525,2026-08-22,2026-08-22,VB-2026-001664 RTGS UTIB0002233 900000077217 SUNDARA WATER TR INR 204978.00 advance,900000077217,,204978.00,HDFC-Current-4421
BL-001526,2026-08-22,2026-08-22,UPI/HDFC0001234/971562058898/karmcat@paytm/KARMAN CATERING SERVICES LLP/VB-2026-001162,900000060128,,160435.00,HDFC-Current-4421
BL-001527,2026-08-22,2026-08-22,VB-2026-001057 NEFT DR SBIN0000921 900000055013 FROM SHREE BALAJI ANALYTIC against inv INR,900000055013,,157602.00,HDFC-Current-4421
BL-001528,2026-08-22,2026-08-22,UPI/HDFC0001234/442393786669/karmcat@okhdfcbank/KARMAN CATERINGLSERVICES /RT-2026-001158,900000059906,,88892.00,HDFC-Current-4421
BL-001529,2026-08-22,2026-08-22,RAZORPAY PAYMENTS GATEWAY SETTLEMENT setl_00000158 UTR 900000007843,900000007843,135032.90,,HDFC-Current-4421
BL-001530,2026-08-22,2026-08-22,UPI/HDFC0001234/805785743460/nalarec@paytm/NALANDA REC/INV-2026-001726,900000078066,315046.00,,HDFC-Current-4421
BL-001531,2026-08-22,2026-08-22,INV-2026-001292 NEFT CR SBIN0000921 900000065875 FROM ORBITEX PACKAGING PRIVATE LIMITED fu,900000065875,484821.00,,HDFC-Current-4421
BL-001532,2026-08-22,2026-08-22,INV-2026-001384 RTGS SBIN0000921 900000069786 SHREE BALAJI HARDWARE PRIVATE LIMITED INR 50,900000069786,505544.00,,HDFC-Current-4421
BL-001533,2026-08-22,2026-08-22,NEFT CR UTIB0002233 900000078648 FROM GOLDCREST WAREHOUSING LLP milestone 2 INR 622543.00,900000078648,622543.00,,HDFC-Current-4421
BL-001534,2026-08-22,2026-08-22,NEFT CR ICIC0000429 900000069107 FROM ORBITEX PAC full and final INR 681584.00 INV-2026-00,900000069107,681584.00,,HDFC-Current-4421
BL-001535,2026-08-22,2026-08-22,NEFT CR HDFC0001234 900000070468 FROM ORBITEX PACKAGING  milestone 2 INR 3024795.00 INV-20,900000070468,3024795.00,,HDFC-Current-4421
BL-001536,2026-08-24,2026-08-24,NEFT DR SBIN0000921 900000076920 FROM VRUNDAVAN INTERIORS PVT LTD invoice settlement INR 1,900000076920,,1072017.00,HDFC-Current-4421
BL-001537,2026-08-24,2026-08-24,NEFT DR KKBK0000812 900000068233 FROM PRAGATI FAB SERVICES LTD amc renewal INR 696324.00,900000068233,,696324.00,HDFC-Current-4421
BL-001538,2026-08-24,2026-08-24,NEFT DR ICIC0000429 900000075516 FROM EVERSTONE RECYCLER  material supply INR 629910.00,900000075516,,629910.00,HDFC-Current-4421
BL-001539,2026-08-24,2026-08-24,NEFT DR HDFC0001234 900000067390 FROM PRAGATI FAB S full and final INR 478928.00,900000067390,,478928.00,HDFC-Current-4421
BL-001540,2026-08-24,2026-08-24,RTGS UTIB0002233 900000074546 VAISHNAVI PIPING SOLUTIONS PRIVATEDLIMITED INR 469033.00 fre,900000074546,,469033.00,HDFC-Current-4421
BL-001541,2026-08-24,2026-08-24,RTGS ICIC0000429 900000073256 VAISHNAVI PIPING SOLUTIONS LTD INR 401216.00 invoice settlem,900000073256,,401216.00,HDFC-Current-4421
BL-001542,2026-08-24,2026-08-24,NEFT DR UTIB0002233 900000066798 FROM TRINETRA SOLAR EPC JLP against inv INR 400147.00 VB-,900000066798,,400147.00,HDFC-Current-4421
BL-001543,2026-08-24,2026-08-24,NEFT DR ICIC0000429 900000072118 FROM MERIDIAN POLYMERS LTD freight charges INR 282464.00 ,900000072118,,282464.00,HDFC-Current-4421
BL-001544,2026-08-24,2026-08-24,RT-2026-001592 NEFT DR UTIB0002233 900000075679 FROM EVERSTONE RRCYC  invoice settlement I,900000075679,,248804.00,HDFC-Current-4421
BL-001545,2026-08-24,2026-08-24,NEFT DR HDFC0001234 900000075887 FROM EVERSTONE R  amc renewal INR 242311.00,900000075887,,242311.00,HDFC-Current-4421
BL-001546,2026-08-24,2026-08-24,RT-2026-001133 NEFT DR HDFC0001234 900000058475 FROM GOLDCREST STEEL TRADERS COMPANY full ,900000058475,,83350.00,HDFC-Current-4421
BL-001547,2026-08-24,2026-08-24,RAZORPAY PAYMENTS GATEWAY SETTLEMENT setl_00000160 UTR 900000007930,900000007930,37077.25,,HDFC-Current-4421
BL-001548,2026-08-24,2026-08-24,RAZORPAY PAYMENTS GATEWAY SETTLEMENT setl_00000159 UTR 900000007913,900000007913,117377.56,,HDFC-Current-4421
BL-001549,2026-08-24,2026-08-24,RTGS ICIC0000429 900000057840 SHREE BALAJI MACHINE PARTS PVT LTD INR 141349.00 security de,900000057840,141349.00,,HDFC-Current-4421
BL-001550,2026-08-24,2026-08-24,INV-2026-001353 NEFT CR ICIC0000429 900000068602 FROM ANANT INFRA STAFFING PRIVATE LIMITED,900000068602,146498.00,,HDFC-Current-4421
BL-001551,2026-08-24,2026-08-24,NEFT CR SBIN0000921 900000078829 FROM GOLDCREST WAREHOUSIN invoice settlement INR 195507.0,900000078829,195507.00,,HDFC-Current-4421
BL-001552,2026-08-24,2026-08-24,NEFT CR SBIN0000921 900000070416 FROM ZENITH ONE LOGISTICS NAG amc renewal INR 216648.00,900000070416,216648.00,,HDFC-Current-4421
BL-001553,2026-08-24,2026-08-24,INV-2026-001381 CHQ CLG TRINETRA PIPING SOLUTIONS LLP INV-2026-001381,900000069678,247124.00,,HDFC-Current-4421
BL-001554,2026-08-24,2026-08-24,RTGS KKBK0000812 900000070554 SHREE BALAJI HARDWARE PUN INR 314115.00 full and final,900000070554,314115.00,,HDFC-Current-4421
BL-001555,2026-08-24,2026-08-24,RTGS UTIB0002233 900000068567 SHREE BALAJI HARDWARE PRIVATE LIMITED INR 425034.00 freight ,900000068567,425034.00,,HDFC-Current-4421
BL-001556,2026-08-24,2026-08-24,UPI/HDFC0001234/725422791199/everwat@okaxis/EVERSTONE WATER TREA,900000059314,474176.00,,HDFC-Current-4421
BL-001557,2026-08-24,2026-08-24,NEFT CR SBIN0000921 900000075310 FROM ASHWINI INTERIORS & CO advance INR 512368.00 INV-202,900000075310,512368.00,,HDFC-Current-4421
BL-001558,2026-08-24,2026-08-24,NEFT CR SBIN0000921 900000072825 FROM TRIVIDATA ROOFING PRODUCTS PVT LTD against inv INR 5,900000072825,525462.00,,HDFC-Current-4421
BL-001559,2026-08-24,2026-08-24,UPI/HDFC0001234/106750225217/nalarec@okaxis/NALANDA RECYCL ,900000078221,620422.00,,HDFC-Current-4421
BL-001560,2026-08-24,2026-08-24,UPI/HDFC0001234/802705989299/orbidai@okhdfcbank/ORBITEX DAIRY FOODS PVT LTD,900000076320,672885.00,,HDFC-Current-4421
BL-001561,2026-08-24,2026-08-24,UPI/HDFC0001234/450566643142/ashwcol@okhdfcbank/ASHWCOL CHAIN,900000072538,890659.00,,HDFC-Current-4421
BL-001562,2026-08-24,2026-08-24,INV-2026-001699 RTGS UTIB0002233 900000077725 SAPTAGIRI ANALYTICS LTD INR 949901.00 agains,900000077725,949901.00,,HDFC-Current-4421
BL-001563,2026-08-24,2026-08-24,NEFT CR HDFC0001234 900000081214 FROM SURYAVANSH PRINT SOLUTIONS & CO against inv INR 1085,900000081214,1085345.00,,HDFC-Current-4421
BL-001564,2026-08-24,2026-08-24,NEFT CR KKBK0000812 900000081147 FROM ORBITEX PACKAGING PRIVATE LIMITED milestone 2 INR 14,900000081147,1452863.00,,HDFC-Current-4421
BL-001565,2026-08-24,2026-08-24,INV-2026-001755 NEFT CR UTIB0002233 900000078390 FROM ORBITEX PAPER MILLS  freight charges,900000078390,3420507.00,,HDFC-Current-4421
BL-001566,2026-08-25,2026-08-25,NEFT DR KKBK0000812 900000075554 FROM MERIDIAN POLYMERS LTD against inv INR 2003723.00,900000075554,,2003723.00,HDFC-Current-4421
BL-001567,2026-08-25,2026-08-25,RT-2026-001505 NEFT DR UTIB0002233 900000073205 FROM MERIDIAN POLYMERS LTD part payment IN,900000073205,,915654.00,HDFC-Current-4421
BL-001568,2026-08-25,2026-08-25,CHQ CLG ORBITJX WAREHOUSING & CO ,900000073436,,379306.00,HDFC-Current-4421
BL-001569,2026-08-25,2026-08-25,UPI/HDFC0001234/388964832625/VB-2026-001528/merihar@okaxis/MERIHAR HARDWARE,900000073998,,260808.00,HDFC-Current-4421
BL-001570,2026-08-25,2026-08-25,RAZORPAY PAYMENTS GATEWAY SETTLEMENT setl_00000161 UTR 900000007963,900000007963,4867.27,,HDFC-Current-4421
BL-001571,2026-08-25,2026-08-25,INV-2026-001819 NEFT CR HDFC0001234 900000078606 FROM ORBITEX PAPER MILLS LLP against inv ,900000078606,90516.00,,HDFC-Current-4421
BL-001572,2026-08-25,2026-08-25,NEFT CR ICIC0000429 900000073918 FROM SURYAVANSH CATERING  material supply INR 120801.00,900000073918,120801.00,,HDFC-Current-4421
BL-001573,2026-08-25,2026-08-25,NEFT CR SBIN0000921 900000065264 FROM ORBIPAC PACKAGWNG invoice settlement INR 253413.00 I,900000065264,253413.00,,HDFC-Current-4421
BL-001574,2026-08-25,2026-08-25,NEFT CR KKBK0000812 900000081335 FROM SURYAVANSH PRINT S security deposit INR 308736.00,900000081335,308736.00,,HDFC-Current-4421
BL-001575,2026-08-25,2026-08-25,CHQ CLG TRINETRA PIPING SOLUTIONS LLP INV-2026-001142,900000058903,440934.00,,HDFC-Current-4421
BL-001576,2026-08-26,2026-08-26,NEFT DR HDFC0001234 900000074651 FROM MERIDIAN POQ  against inv INR 731537.00,900000074651,,731537.00,HDFC-Current-4421
BL-001577,2026-08-26,2026-08-26,NEFT DR SBIN0000921 900000062538 FROM SHREE BALAJI ANALYTICS PRIVATE LIMITED invoice settl,900000062538,,486673.00,HDFC-Current-4421
BL-001578,2026-08-26,2026-08-26,RT-2026-001763 CHQ CLG ANANT INFRA ELECTRICALS LTD RT-2026-001763,900000078409,,275708.00,HDFC-Current-4421
BL-001579,2026-08-26,2026-08-26,NEFT DR ICIC0000429 900000066380 FROM PRAGATI FAB SER milestone 2 INR 218329.00 RT-2026-00,900000066380,,218329.00,HDFC-Current-4421
BL-001580,2026-08-26,2026-08-26,NEFT DR KKBK0000812 900000077583 FROM LOHIYA LOGI material supply INR 179552.00,900000077583,,179552.00,HDFC-Current-4421
BL-001581,2026-08-26,2026-08-26,UPI/HDFC0001234/494530421090/karmcat@okhdfcbank/KARMAN CAT /VB-2026-001151,900000059542,,131088.00,HDFC-Current-4421
BL-001582,2026-08-26,2026-08-26,RAZORPAY PAYMENTS GATEWAY SETTLEMENT setl_00000162 UTR 900000008040,900000008040,150328.61,,HDFC-Current-4421
BL-001583,2026-08-26,2026-08-26,INV-2026-001346 CHQ CLG TRINETRA PIPIN INV-2026-001346,900000068404,152493.00,,HDFC-Current-4421
BL-001584,2026-08-26,2026-08-26,INV-2026-001315 NEFT CR UTIB0002233 900000067046 FROM ORBITEX PACKAGING PRIVATE LI materia,900000067046,851672.00,,HDFC-Current-4421
BL-001585,2026-08-26,2026-08-26,NEFT CR SBIN0000921 900000071849 FROM ORBITEX PACKAGING PR freight charges INR 923888.00,900000071849,923888.00,,HDFC-Current-4421
BL-001586,2026-08-26,2026-08-26,UPI/HDFC0001234/987305348000/orbidai@okaxis/ORBITEX DAIRY F/INV-2026-001767,900000078462,1054876.00,,HDFC-Current-4421
BL-001587,2026-08-27,2026-08-27,VB-2026-001567 NEFT DR HDFC0001234 900000074903 FROM TRINETRA AGRI INPUTS LTD invoice sett,900000074903,,293723.00,HDFC-Current-4421
BL-001588,2026-08-27,2026-08-27,RT-2026-001550 NEFT DR ICIC0000429 900000074622 FROM TRINAGR INPUTS material supply INR 28,900000074622,,282462.00,HDFC-Current-4421
BL-001589,2026-08-27,2026-08-27,RTGS SBIN0000921 900000077867 SUNDARA WATER TREATMENT LTD INR 126072.00 security deposit R,900000077867,,126072.00,HDFC-Current-4421
BL-001590,2026-08-27,2026-08-27,RAZORPAY PAYMENTS GATEWAY SETTLEMENT setl_00000163 UTR 900000008085,900000008085,116550.87,,HDFC-Current-4421
BL-001591,2026-08-27,2026-08-27,UPI/HDFC0001234/139110794253/everwat@paytm/EVERSTONE WATER TREATM,900000061235,134886.00,,HDFC-Current-4421
BL-001592,2026-08-27,2026-08-27,NEFT CR ICIC0000429 900000076577 FROM ASHWINI INTERIORS LTD full and final INR 286360.00,900000076577,286360.00,,HDFC-Current-4421
BL-001593,2026-08-27,2026-08-27,UPI/HDFC0001234/595486257700/merilab@ybl/MERIDIAN LABVS /INV-2026-001678,900000077440,837711.00,,HDFC-Current-4421
BL-001594,2026-08-27,2026-08-27,NEFT CR SBIN0000921 900000072914 FROM VEDIKA FACILITY MANAGEMENT & CO advance INR 1244312.,900000072914,1244312.00,,HDFC-Current-4421
BL-001595,2026-08-27,2026-08-27,NEFT CR UTIB0002233 900000081113 FROM ASHWINI SOLAR EPC P invoice settlement INR 1756826.0,900000081113,1756826.00,,HDFC-Current-4421
BL-001596,2026-08-28,2026-08-28,NEFT DR KKBK0000812 900000064624 FROM TRINETRA SOLAR EP full and final INR 948000.00 VB-20,900000064624,,948000.00,HDFC-Current-4421
BL-001597,2026-08-28,2026-08-28,UPI/HDFC0001234/433301963867/VB-2026-001422/bluecol@paytm/BLUEPEAK COLD ,900000070828,,456823.00,HDFC-Current-4421
BL-001598,2026-08-28,2026-08-28,NEFT DR UTIB0002233 900000078592 FROM LOHILOG LOGISTICS part payment INR 209700.00 VB-2026,900000078592,,209700.00,HDFC-Current-4421
BL-001599,2026-08-28,2026-08-28,UPI/HDFC0001234/756494405402/bluecol@ybl/BLUEPEAK COLD CHAIN PVT LTD,900000073110,,167007.00,HDFC-Current-4421
BL-001600,2026-08-28,2026-08-28,RAZORPAY PAYMENTS GATEWAY SETTLEMENT setl_00000164 UTR 900000008182,900000008182,35044.28,,HDFC-Current-4421
BL-001601,2026-08-28,2026-08-28,INV-2026-001348 NEFT CR SBIN0000921 900000068525 FROM ANANT INFRA STAFFING HUB advance INR,900000068525,81070.00,,HDFC-Current-4421
BL-001602,2026-08-28,2026-08-28,INV-2026-001599 NEFT CR SBIN0000921 900000075816 FROM TRIVIDATA R material supply INR 3060,900000075816,306051.00,,HDFC-Current-4421
BL-001603,2026-08-28,2026-08-28,NEFT CR UTIB0002233 900000064347 FROM GOLDCREST SECURITY SYSTEMS PRIVATE LIMITED amc renew,900000064347,691621.00,,HDFC-Current-4421
BL-001604,2026-08-28,2026-08-28,NEFT CR KKBK0000812 900000078508 FROM PUSHPA METALS AGRI INPUTS PVT LTD material supply IN,900000078508,1080271.00,,HDFC-Current-4421
BL-001605,2026-08-29,2026-08-29,NEFT DR ICIC0000429 900000064507 FROM TRINETRA SOLAR EPC LLP security deposit INR 841115.0,900000064507,,841115.00,HDFC-Current-4421
BL-001606,2026-08-29,2026-08-29,UPI/HDFC0001234/282346846860/ashwmac@ybl/ASHWINI MACHINE PARTS LTD,900000065675,,811461.00,HDFC-Current-4421
BL-001607,2026-08-29,2026-08-29,CHQ CLG ANANT INFR ,900000077731,,606545.00,HDFC-Current-4421
BL-001608,2026-08-29,2026-08-29,UPI/HDFC0001234/440248552839/RT-2026-001463/bluecol@ybl/BLUEPEAK COLD CHAIN PVT LTD,900000072196,,506193.00,HDFC-Current-4421
BL-001609,2026-08-29,2026-08-29,VB-2026-001601 NEFT DR ICIC0000429 900000075849 FROM MERIDIAN POLYMERS LTD part payment IN,900000075849,,284090.00,HDFC-Current-4421
BL-001610,2026-08-29,2026-08-29,UPI/HDFC0001234/891168816002/VB-2026-001285/eversta@ybl/EVERSTONE STAFFING PRIVATE LIMITED,900000065564,,266852.00,HDFC-Current-4421
BL-001611,2026-08-29,2026-08-29,UPI/HDFC0001234/415352622641/karmcat@okaxis/KARMAN CATERING SERVICE,900000068882,,117462.00,HDFC-Current-4421
BL-001612,2026-08-29,2026-08-29,UPI/HDFC0001234/551054959491/pragcon@ybl/PRAGATI CO,900000075626,,105962.00,HDFC-Current-4421
BL-001613,2026-08-29,2026-08-29,RAZORPAY PAYMENTS GATEWAY SETTLEMENT setl_00000165 UTR 900000008197,900000008197,132542.93,,HDFC-Current-4421
BL-001614,2026-08-29,2026-08-29,CHQ CLG VEDIKA TEXTILES INV-2026-001630,900000076420,156596.00,,HDFC-Current-4421
BL-001615,2026-08-29,2026-08-29,INV-2026-001612 NEFT CR ICIC0000429 900000076042 FROM TRIVIDATA ROOFING PRODUCTS PVT LTD m,900000076042,378388.00,,HDFC-Current-4421
BL-001616,2026-08-29,2026-08-29,NEFT CR SBIN0000921 900000064998 FROM ASHWINI SOLAR EPC PVT LTD part payment INR 508003.00,900000064998,508003.00,,HDFC-Current-4421
BL-001617,2026-08-29,2026-08-29,UPI/HDFC0001234/261154846155/nalarec@ybl/NALANDA RECYCLERS LLP,900000077369,1167942.00,,HDFC-Current-4421
BL-001618,2026-08-31,2026-08-31,NEFT DR UTIB0002233 900000080262 FROM ACME INDUSTRIESXPAYROLL  against inv INR 3450000.00 ,900000080262,,3450000.00,HDFC-Current-4421
BL-001619,2026-08-31,2026-08-31,VB-2026-001655 NEFT DR KKBK0000812 900000077016 FROM EVERSTONE RECYCLERS & CO security dep,900000077016,,958776.00,HDFC-Current-4421
BL-001620,2026-08-31,2026-08-31,VB-2026-001655 NEFT DR KKBK0000812 900000077016 FROM EVERSTONE RECYCLERS & CO security dep,900000077016,,958776.00,HDFC-Current-4421
BL-001621,2026-08-31,2026-08-31,VB-2026-001371 NEFT DR SBIN0000921 900000069352 FROM PRAGATI FAB SERVICES LTD material sup,900000069352,,580848.00,HDFC-Current-4421
BL-001622,2026-08-31,2026-08-31,CHQ CLG ORBITEX WAREHOUS  ,900000072267,,485670.00,HDFC-Current-4421
BL-001623,2026-08-31,2026-08-31,NEFT DR SBIN0000921 900000066469 FROM PRAGATI FAB SERVICES LTD part payment INR 408618.00 ,900000066469,,408618.00,HDFC-Current-4421
BL-001624,2026-08-31,2026-08-31,NEFT DR ICIC0000429 900000077513 FROM EVERSTONE RECYCLERS &SCO invoice settlement INR 4085,900000077513,,408545.00,HDFC-Current-4421
BL-001625,2026-08-31,2026-08-31,NEFT DR KKBK0000812 900000070831 FROM ZENITH ONE TEXTILES LLP full and final INR 396820.00,900000070831,,396820.00,HDFC-Current-4421
BL-001626,2026-08-31,2026-08-31,NEFT DR SBIN0000921 900000076184 FROM TRINETRA AGRI INPUSS COMPANY invoice settlement INR ,900000076184,,373824.00,HDFC-Current-4421
BL-001627,2026-08-31,2026-08-31,RTGS UTIB0002233 900000074563 VAISHNAVI PIPING SOLUTIONSULTD INR 364452.00 against inv RT-,900000074563,,364452.00,HDFC-Current-4421
BL-001628,2026-08-31,2026-08-31,RTGS HDFC0001234 900000077144 VAISHNAVI PIPING  INR 313091.00 milestone 2 VB-2026-001663,900000077144,,313091.00,HDFC-Current-4421
BL-001629,2026-08-31,2026-08-31,UPI/HDFC0001234/618347857850/pragcon@okaxis/PRAGATI CONVEYANCES PUN/VB-2026-001502,900000073172,,311353.00,HDFC-Current-4421
BL-001630,2026-08-31,2026-08-31,VB-2026-001615 NEFT DR KKBK0000812 900000076109 FROM MERIDIAN POLYMERS LTD milestone 2 INR,900000076109,,96917.00,HDFC-Current-4421
BL-001631,2026-08-31,2026-08-31,RAZORPAY PAYMENTS GATEWAY SETTLEMENT setl_00000167 UTR 900000008266,900000008266,8571.15,,HDFC-Current-4421
BL-001632,2026-08-31,2026-08-31,RAZORPAY PAYMENTS GATEWAY SETTLEMENT setl_00000166 UTR 900000008234,900000008234,156679.63,,HDFC-Current-4421
BL-001633,2026-08-31,2026-08-31,INV-2026-001185 RTGS SBIN0000921 900000061322 SHREE BALAJI M INR 342408.00 milestone 2,900000061322,342408.00,,HDFC-Current-4421
BL-001634,2026-08-31,2026-08-31,INV-2026-001736 NEFT CR HDFC0001234 900000078219 FROM PUSHPA METALS AGRI INPUTP & CO full ,900000078219,381994.00,,HDFC-Current-4421
BL-001635,2026-08-31,2026-08-31,INV-2026-001313 NEFT CR KKBK0000812 900000066930 FROM SAHYADRI POLYM  security deposit INR,900000066930,618930.00,,HDFC-Current-4421
BL-001636,2026-08-31,2026-08-31,RTGS KKBK0000812 900000073829 SHREE BALAJI HARDWARE PRIVATE LIMITED INR 649969.00 full and,900000073829,649969.00,,HDFC-Current-4421
BL-001637,2026-08-31,2026-08-31,RTGS UTIB0002233 900000078772 SAPTAGIRI ANALYTICS LTD INR 671434.00 freight charges,900000078772,671434.00,,HDFC-Current-4421
BL-001638,2026-08-31,2026-08-31,NEFT CR UTIB0002233 900000065444 FROM ASHWSOL EP advance INR 836066.00 INV-2026-001283,900000065444,836066.00,,HDFC-Current-4421
BL-001639,2026-09-01,2026-09-01,NEFT DR ICIC0000429 900000076582 FROM EVERSTONE REC security deposit INR 493410.00,900000076582,,493410.00,HDFC-Current-4421
BL-001640,2026-09-01,2026-09-01,NEFT DR HDFC0001234 900000075233 FROM MERIDIAN POLYMERS LTD against inv INR 481720.00,900000075233,,481720.00,HDFC-Current-4421
BL-001641,2026-09-01,2026-09-01,NEFT DR SBIN0000921 900000065584 FROM ZENITH ONE TEXTILES LLP milestone 2 INR 431547.00 VB,900000065584,,431547.00,HDFC-Current-4421
BL-001642,2026-09-01,2026-09-01,NEFT DR SBIN0000921 900000078153 FROM EVERSTONE RECYCLERS & CO part payment INR 414018.00 ,900000078153,,414018.00,HDFC-Current-4421
BL-001643,2026-09-01,2026-09-01,VB-2026-001233 NEFT DR UTIB0002233 900000063271 FROM GOLDCREST STEEL TRADERS COMPANY invoi,900000063271,,389821.00,HDFC-Current-4421
BL-001644,2026-09-01,2026-09-01,CHQ CLG ANANT INFRA ELECTRICALS LTD ,900000077774,,343382.00,HDFC-Current-4421
BL-001645,2026-09-01,2026-09-01,CHQ CLG ANANT INFRA ELECTRICALS LTD ,900000077774,,343382.00,HDFC-Current-4421
BL-001646,2026-09-01,2026-09-01,VB-2026-001721 CHQ CLG ANANT INFRA ELECTRICALS LTD VB-2026-001721,900000078061,,340658.00,HDFC-Current-4421
BL-001647,2026-09-01,2026-09-01,UPI/HDFC0001234/633722700259/bluecol@okhdfcbank/BLUEPEAK COLD /RT-2026-001464,900000072255,,215712.00,HDFC-Current-4421
BL-001648,2026-09-01,2026-09-01,RAZORPAY PAYMENTS GATEWAY SETTLEMENT setl_00000168 UTR 900000008339,900000008339,42069.62,,HDFC-Current-4421
BL-001649,2026-09-01,2026-09-01,NEFT CR SBIN0000921 900000073706 FROM ASHWINI CABLE SYSTEMS LTD full and final INR 276057.,900000073706,276057.00,,HDFC-Current-4421
BL-001650,2026-09-01,2026-09-01,RTGS HDFC0001234 900000058997 SHREE BALAJI MACHINE PARTS PVT LTD INR 403930.00 freight cha,900000058997,403930.00,,HDFC-Current-4421
BL-001651,2026-09-01,2026-09-01,INV-2026-001672 NEFT CR KKBK0000812 900000077222 FROM ASHWINI INTE  amc renewal INR 449783,900000077222,449783.00,,HDFC-Current-4421
BL-001652,2026-09-01,2026-09-01,NEFT CR HDFC0001234 900000076848 FROM ASHWINI INTERIORS & CO security deposit INR 541842.0,900000076848,541842.00,,HDFC-Current-4421
BL-001653,2026-09-01,2026-09-01,UPI/HDFC0001234/709507120767/everwat@ybl/EVERSTONE WATER/INV-2026-001261,900000064376,701721.00,,HDFC-Current-4421
BL-001654,2026-09-01,2026-09-01,NEFT CR UTIB0002233 900000077053 FROM SURYAVANSH CATERING SERVICES COMPANY security deposi,900000077053,1014640.00,,HDFC-Current-4421
BL-001655,2026-09-02,2026-09-02,UPI/HDFC0001234/948554698045/VB-2026-001407/eversta@okhdfcbank/EVERSTONE STAFFING PVT LTD,900000070557,,395068.00,HDFC-Current-4421
BL-001656,2026-09-02,2026-09-02,NEFT DR ICIC0000429 900000076108 FROM NORTHLINE ROOFING PRODUCTS COMPANY security deposit ,900000076108,,228865.00,HDFC-Current-4421
BL-001657,2026-09-02,2026-09-02,CHQ CLG ANANT INFRA ELECTRICALS LTD ,900000078904,,184654.00,HDFC-Current-4421
BL-001658,2026-09-02,2026-09-02,NEFT DR HDFC0001234 900000078315 FROM LOHYYA LOGISTICS LTD full and final INR 140245.00 VB,900000078315,,140245.00,HDFC-Current-4421
BL-001659,2026-09-02,2026-09-02,RAZORPAY PAYMENTS GATEWAY SETTLEMENT setl_00000169 UTR 900000008350,900000008350,107941.84,,HDFC-Current-4421
BL-001660,2026-09-02,2026-09-02,NEFT CR KKBK0000812 900000072573 FROM SAHYADRI PO material supply INR 260812.00,900000072573,260812.00,,HDFC-Current-4421
BL-001661,2026-09-02,2026-09-02,INV-2026-001610 NEFT CR UTIB0002233 900000076020 FROM ASHWINI CABLE SYSTEMS LTD material s,900000076020,271711.00,,HDFC-Current-4421
BL-001662,2026-09-02,2026-09-02,CHQ CLG TRINETRA PIP  ,900000065806,306851.00,,HDFC-Current-4421
BL-001663,2026-09-02,2026-09-02,NEFT CR UTIB0002233 900000072526 FROM SURYAVANSH PETRO CHEMICALS & CO invoice settlement I,900000072526,555702.00,,HDFC-Current-4421
BL-001664,2026-09-02,2026-09-02,INV-2026-001582 NEFT CR UTIB0002233 900000075483 FROM ASHWINI INTERI advance INR 705830.00,900000075483,705830.00,,HDFC-Current-4421
BL-001665,2026-09-02,2026-09-02,UPI/HDFC0001234/628698421261/INV-2026-001256/everwat@okhdfcbank/EVERSTONE WATER TREATMENT ,900000064277,1283718.00,,HDFC-Current-4421
BL-001666,2026-09-02,2026-09-02,UPI/HDFC0001234/628698421261/INV-2026-001256/everwat@okhdfcbank/EVERSTONE WATER TREATMENT ,900000064277,1283718.00,,HDFC-Current-4421
BL-001667,2026-09-03,2026-09-03,NEFT DR HDFC0001234 900000080309 FROM STATEDLOAN  amc renewal INR 1250000.00,900000080309,,1250000.00,HDFC-Current-4421
BL-001668,2026-09-03,2026-09-03,UPI/HDFC0001234/833594061524/RT-2026-001310/ashwmac@okhdfcbank/ASHWINI MACHINE PARTS LTD,900000066823,,665604.00,HDFC-Current-4421
BL-001669,2026-09-03,2026-09-03,VB-2026-001633 RTGS HDFC0001234 900000076426 VAISHNAVI PIPING SOLUTIONS & CO INR 448516.00,900000076426,,448516.00,HDFC-Current-4421
BL-001670,2026-09-03,2026-09-03,NEFT DR ICIC0000429 900000068270 FROM ZENITH ONE TEXTILES LLP advance INR 357740.00,900000068270,,357740.00,HDFC-Current-4421
BL-001671,2026-09-03,2026-09-03,CHQ CLG ANANT INFRA ELECTRICALS LTD RT-2026-001839,900000078705,,242882.00,HDFC-Current-4421
BL-001672,2026-09-03,2026-09-03,UPI/HDFC0001234/693034139775/pragcon@ybl/PRAGATI CONOE/VB-2026-001514,900000073352,,205062.00,HDFC-Current-4421
BL-001673,2026-09-03,2026-09-03,NEFT DR SBIN0000921 900000075892 FROM NORTHLINE ROOFING PRODUCTS PVT LTD invoice settlemen,900000075892,,169749.00,HDFC-Current-4421
BL-001674,2026-09-03,2026-09-03,NEFT DR UTIB0002233 900000072088 FROM KARMPRI SOLUTIONS invoice settlement INR 164424.00,900000072088,,164424.00,HDFC-Current-4421
BL-001675,2026-09-03,2026-09-03,UPI/HDFC0001234/135744596182/ashwmac@ybl/ASHWINI MACHINE PARTS LTD/RT-2026-001372,900000069386,,91567.00,HDFC-Current-4421
BL-001676,2026-09-03,2026-09-03,RAZORPAY PAYMENTS GATEWAY SETTLEMENT setl_00000170 UTR 900000008423,900000008423,115951.25,,HDFC-Current-4421
BL-001677,2026-09-03,2026-09-03,INV-2026-001454 NEFT CR HDFC0001234 900000071775 FROM NALANDA FAB SERVICES PRIVATE LIMITED,900000071775,139341.00,,HDFC-Current-4421
BL-001678,2026-09-03,2026-09-03,CHQ CLG VEDIKA TEXTIL ,900000077573,186634.00,,HDFC-Current-4421
BL-001679,2026-09-03,2026-09-03,INV-2026-001355 NEFT CR HDFC0001234 900000068666 FROM NALANDA FAB SERVICES LLP invoice set,900000068666,192041.00,,HDFC-Current-4421
BL-001680,2026-09-03,2026-09-03,INV-2026-001909 NEFT CR KKBK0000812 900000078932 FROM ORBITEX PAPER MILLS PRIVATE LIMITED ,900000078932,398397.00,,HDFC-Current-4421
BL-001681,2026-09-03,2026-09-03,CHQ CLG VEDIKA TEXTILES LLP ,900000077647,425000.00,,HDFC-Current-4421
BL-001682,2026-09-03,2026-09-03,NEFT CR ICIC0000429 900000076676 FROM ASHWINI INTERIORS & CO full and final INR 487576.00 ,900000076676,487576.00,,HDFC-Current-4421
BL-001683,2026-09-03,2026-09-03,NEFT CR HDFC0001234 900000079051 FROM GOLDCRIST WAREHOUS invoice settlement INR 773283.00,900000079051,773283.00,,HDFC-Current-4421
BL-001684,2026-09-03,2026-09-03,INV-2026-001237 NEFT CR SBIN0000921 900000063430 FROM GOLDSEC SYSTEMS  milestone 2 INR 268,900000063430,2680301.00,,HDFC-Current-4421
BL-001685,2026-09-03,2026-09-03,INV-2026-001237 NEFT CR SBIN0000921 900000063430 FROM GOLDSEC SYSTEMS  milestone 2 INR 268,900000063430,2680301.00,,HDFC-Current-4421
BL-001686,2026-09-04,2026-09-04,UPI/HDFC0001234/225222650771/ashwmac@paytm/ASHWINI MACHINE PARTS NOI/RT-2026-001393,900000070107,,1428403.00,HDFC-Current-4421
BL-001687,2026-09-04,2026-09-04,UPI/HDFC0001234/447733162310/karmcat@okaxis/KARMAN CATERING SERVICES LLP/VB-2026-001364,900000069096,,146539.00,HDFC-Current-4421
BL-001688,2026-09-04,2026-09-04,RAZORPAY PAYMENTS GATEWAY SETTLEMENT setl_00000171 UTR 900000008518,900000008518,92986.26,,HDFC-Current-4421
BL-001689,2026-09-04,2026-09-04,CHQ CLG TRINETRA PIPING SOLUTI INV-2026-001370,900000069268,109029.00,,HDFC-Current-4421
BL-001690,2026-09-04,2026-09-04,INV-2026-001598 NEFT CR SBIN0000921 900000075802 FROM ZENILOG LOGISTICS  freight charges I,900000075802,112028.00,,HDFC-Current-4421
BL-001691,2026-09-04,2026-09-04,INV-2026-001483 NEFT CR KKBK0000812 900000072622 FROM ANANT INFRA S against inv INR 165522,900000072622,165522.00,,HDFC-Current-4421
BL-001692,2026-09-04,2026-09-04,NEFT CR ICIC0000429 900000079064 FROM GOLDCREST WAREHOUSING PRIVATE LIMITED milestone 2 IN,900000079064,226526.00,,HDFC-Current-4421
BL-001693,2026-09-04,2026-09-04,NEFT CR HDFC0001234 900000074839 FROM COPPERLEAF ELECTRIC  material supply INR 509637.00,900000074839,509637.00,,HDFC-Current-4421
BL-001694,2026-09-05,2026-09-05,RENT-202609 NEFT DR KKBK0000812 900000080308 FROM SKYLINE ESTATES PVT LTD LTD freight char,900000080308,,770161.00,HDFC-Current-4421
BL-001695,2026-09-05,2026-09-05,NEFT DR ICIC0000429 900000066324 FROM ZENITH OBE TEXTILES NAG against inv INR 470389.00 RT,900000066324,,470389.00,HDFC-Current-4421
BL-001696,2026-09-05,2026-09-05,NEFT DR SBIN0000921 900000077597 FROM VRUNDAVAN INTERIORS COMPANY against inv INR 447313.0,900000077597,,447313.00,HDFC-Current-4421
BL-001697,2026-09-05,2026-09-05,NEFT DR UTIB0002233 900000074232 FROM PRAGATI FAB SERVICES LTD milestone 2 INR 435569.00 V,900000074232,,435569.00,HDFC-Current-4421
BL-001698,2026-09-05,2026-09-05,NEFT DR UTIB0002233 900000070907 FROM KARMAN PRINT SOLUTIONS KOC part payment INR 181314.0,900000070907,,181314.00,HDFC-Current-4421
BL-001699,2026-09-05,2026-09-05,NEFT DR ICIC0000429 900000077945 FROM EVERSTONE RECYCLERS & CO invoice settlement INR 9475,900000077945,,94759.00,HDFC-Current-4421
BL-001700,2026-09-05,2026-09-05,RAZORPAY PAYMENTS GATEWAY SETTLEMENT setl_00000172 UTR 900000008544,900000008544,112927.56,,HDFC-Current-4421
BL-001701,2026-09-05,2026-09-05,NEFT CR HDFC0001234 900000078963 FROM GOLDCREST WAREHOUSING PRLVATE LIMITED security depos,900000078963,253732.00,,HDFC-Current-4421
BL-001702,2026-09-05,2026-09-05,NEFT CR HDFC0001234 900000074236 FROM VEDIKA FACILITY FANAGEMENT & CO part payment INR 554,900000074236,554959.00,,HDFC-Current-4421
BL-001703,2026-09-05,2026-09-05,UPI/HDFC0001234/580030693487/nalarec@okaxis/NALANDA RECYCLERS LLP,900000078406,573273.00,,HDFC-Current-4421
BL-001704,2026-06-23,2026-06-23,NEFT OUTWARD PROCESSING FEE HDFC0001234,900000081348,,1500.00,HDFC-Current-4421
BL-001706,2026-07-07,2026-07-07,SERVICE CHG FOR MONTHLY MAINTAINANCE,900000081413,,2950.00,HDFC-Current-4421
BL-001708,2026-06-10,2026-06-10,CREDIT INTEREST ON SAVINGS BALANCE QUARTERLY,900000081463,184500.00,,HDFC-Current-4421
BL-001710,2026-07-08,2026-07-08,CHEQUE RETURN CHRG INVALID SIGNATURE,900000081535,,500.00,HDFC-Current-4421
BL-001712,2026-08-10,2026-08-10,UPI CR @SUNRISEMARTS@YBL 128734567890123 RANDOM,900000081576,250000.00,,HDFC-Current-4421
BL-001714,2026-08-19,2026-08-19,NEFT CR HDFC0001234 991234567890123 FROM UNKNOWN PARTY XZ,900000081670,1000000.00,,HDFC-Current-4421
