document_id,document_no,counterparty,counterparty_code,document_date,due_date,gross_amount,gst_rate,gst_amount,net_amount,paid_amount,status,currency,notes
AP-VB-2026-000010,VB-2026-000010,Goldcrest Steel Traders Company,VEND-016,2026-03-09,2026-05-08,459415.00,0.18,55130.00,459415.00,459415.00,paid,INR,purchase bill
AP-VB-2026-000011,VB-2026-000011,Karman Catering Services LLP,VEND-014,2026-03-09,2026-05-08,124865.00,0.18,14984.00,124865.00,124865.00,paid,INR,purchase bill
AP-VB-2026-000012,VB-2026-000012,Trinetra Solar EPC LLP,VEND-008,2026-03-09,2026-05-08,281964.00,0.18,50754.00,281964.00,281964.00,paid,INR,purchase bill
AP-VB-2026-000013,VB-2026-000013,Zenith One Textiles LLP,VEND-012,2026-03-09,2026-05-08,635552.00,0.18,114399.00,635552.00,635552.00,paid,INR,purchase bill
AP-RT-2026-000014,RT-2026-000014,Everstone Staffing & Co,VEND-020,2026-03-09,2026-04-23,512457.00,0.18,92242.00,512457.00,512457.00,paid,INR,purchase bill
AP-VB-2026-000015,VB-2026-000015,Trinetra Agri Inputs Company,VEND-018,2026-03-09,2026-04-08,240515.00,0.18,43293.00,240515.00,240515.00,paid,INR,purchase bill
AP-VB-2026-000016,VB-2026-000016,Everstone Recyclers & Co,VEND-007,2026-03-09,2026-03-24,446583.00,0.18,53590.00,446583.00,446583.00,paid,INR,purchase bill
AP-VB-2026-000017,VB-2026-000017,Bluepeak Cold Chain PVT LTD,VEND-022,2026-03-09,2026-04-23,218176.00,0.18,39272.00,218176.00,218176.00,paid,INR,purchase bill
AP-VB-2026-000018,VB-2026-000018,Ashwini Machine Parts Ltd,VEND-003,2026-03-09,2026-05-08,329917.00,0.18,39590.00,329917.00,329917.00,paid,INR,purchase bill
AP-VB-2026-000019,VB-2026-000019,Meridian Polymers Ltd,VEND-001,2026-03-09,2026-04-08,788746.00,0.18,94650.00,788746.00,788746.00,paid,INR,purchase bill
AP-VB-2026-000020,VB-2026-000020,Shree Balaji Analytics Private Limited,VEND-015,2026-03-09,2026-05-08,315932.00,0.18,56868.00,315932.00,315932.00,paid,INR,purchase bill
AP-RT-2026-000028,RT-2026-000028,Goldcrest Steel Traders Company,VEND-016,2026-03-10,2026-05-09,578096.00,0.18,28905.00,578096.00,578096.00,paid,INR,purchase bill
AP-RT-2026-000029,RT-2026-000029,Vrundavan Interiors PVT LTD,VEND-019,2026-03-10,2026-03-25,211244.00,0.18,38024.00,211244.00,211244.00,paid,INR,purchase bill
AP-RT-2026-000030,RT-2026-000030,Northline Roofing Products PVT LTD,VEND-011,2026-03-10,2026-04-09,215011.00,0.18,38702.00,215011.00,215011.00,paid,INR,purchase bill
AP-VB-2026-000031,VB-2026-000031,Karman Print Solutions Ltd,VEND-013,2026-03-10,2026-04-24,419284.00,0.18,20964.00,419284.00,419284.00,paid,INR,purchase bill
AP-VB-2026-000036,VB-2026-000036,Everstone Recyclers & Co,VEND-007,2026-03-11,2026-03-26,147125.00,0.18,7356.00,147125.00,147125.00,paid,INR,purchase bill
AP-RT-2026-000037,RT-2026-000037,Trinetra Agri Inputs Company,VEND-018,2026-03-11,2026-04-10,469965.00,0.18,84594.00,469965.00,469965.00,paid,INR,purchase bill
AP-RT-2026-000038,RT-2026-000038,Shree Balaji Analytics Private Limited,VEND-015,2026-03-11,2026-05-11,254895.00,0.18,45881.00,254895.00,254895.00,paid,INR,purchase bill
AP-RT-2026-000039,RT-2026-000039,Everstone Recyclers & Co,VEND-007,2026-03-11,2026-03-26,1273592.00,0.18,229247.00,1273592.00,1273592.00,paid,INR,purchase bill
AP-VB-2026-000040,VB-2026-000040,Karman Catering Services LLP,VEND-014,2026-03-11,2026-05-11,159248.00,0.18,28665.00,159248.00,159248.00,paid,INR,purchase bill
AP-VB-2026-000041,VB-2026-000041,Everstone Recyclers & Co,VEND-007,2026-03-11,2026-03-26,568080.00,0.18,102254.00,568080.00,568080.00,paid,INR,purchase bill
AP-VB-2026-000052,VB-2026-000052,Northline Roofing Products PVT LTD,VEND-011,2026-03-12,2026-04-11,351920.00,0.18,63346.00,351920.00,351920.00,paid,INR,purchase bill
AP-VB-2026-000053,VB-2026-000053,Ashwini Machine Parts Ltd,VEND-003,2026-03-12,2026-05-11,267367.00,0.18,48126.00,267367.00,267367.00,paid,INR,purchase bill
AP-RT-2026-000054,RT-2026-000054,Trinetra Solar EPC LLP,VEND-008,2026-03-12,2026-05-11,240654.00,0.18,12033.00,240654.00,240654.00,paid,INR,purchase bill
AP-VB-2026-000055,VB-2026-000055,Trinetra Agri Inputs Company,VEND-018,2026-03-12,2026-04-11,355835.00,0.18,17792.00,355835.00,355835.00,paid,INR,purchase bill
AP-VB-2026-000056,VB-2026-000056,Trinetra Agri Inputs Company,VEND-018,2026-03-12,2026-04-11,286755.00,0.18,51616.00,286755.00,286755.00,paid,INR,purchase bill
AP-VB-2026-000057,VB-2026-000057,Northline Roofing Products PVT LTD,VEND-011,2026-03-12,2026-04-11,714223.00,0.18,85707.00,714223.00,714223.00,paid,INR,purchase bill
AP-VB-2026-000058,VB-2026-000058,Lohiya Logistics Ltd,VEND-006,2026-03-12,2026-03-27,356576.00,0.18,64184.00,356576.00,356576.00,paid,INR,purchase bill
AP-VB-2026-000064,VB-2026-000064,Pragati Fab Services Ltd,VEND-017,2026-03-13,2026-04-27,1306764.00,0.18,235218.00,1306764.00,1306764.00,paid,INR,purchase bill
AP-RT-2026-000065,RT-2026-000065,Bluepeak Cold Chain PVT LTD,VEND-022,2026-03-13,2026-04-27,295651.00,0.18,35478.00,295651.00,295651.00,paid,INR,purchase bill
AP-VB-2026-000066,VB-2026-000066,Everstone Staffing & Co,VEND-020,2026-03-13,2026-04-27,706600.00,0.18,127188.00,706600.00,706600.00,paid,INR,purchase bill
AP-RT-2026-000067,RT-2026-000067,Everstone Staffing & Co,VEND-020,2026-03-13,2026-04-27,401094.00,0.18,20055.00,401094.00,401094.00,paid,INR,purchase bill
AP-RT-2026-000068,RT-2026-000068,Pragati Conveyances PVT LTD,VEND-005,2026-03-13,2026-04-13,434496.00,0.18,78209.00,434496.00,418413.00,partial,INR,purchase bill short deduction
AP-RT-2026-000069,RT-2026-000069,Lohiya Logistics Ltd,VEND-006,2026-03-13,2026-03-28,323945.00,0.18,16197.00,323945.00,323945.00,paid,INR,purchase bill
AP-RT-2026-000070,RT-2026-000070,Everstone Recyclers & Co,VEND-007,2026-03-13,2026-03-28,299713.00,0.18,53948.00,299713.00,299713.00,paid,INR,purchase bill
AP-VB-2026-000071,VB-2026-000071,Everstone Staffing & Co,VEND-020,2026-03-13,2026-04-27,450653.00,0.18,54078.00,450653.00,450653.00,paid,INR,purchase bill
AP-VB-2026-000074,VB-2026-000074,Anant Infra Electricals Ltd,VEND-004,2026-03-14,2026-03-30,864555.00,0.18,43228.00,864555.00,864555.00,paid,INR,purchase bill
AP-VB-2026-000075,VB-2026-000075,Vrundavan Interiors PVT LTD,VEND-019,2026-03-14,2026-03-30,414957.00,0.18,74692.00,414957.00,414957.00,paid,INR,purchase bill
AP-RT-2026-000076,RT-2026-000076,Vrundavan Interiors PVT LTD,VEND-019,2026-03-14,2026-03-30,341518.00,0.18,61473.00,341518.00,341518.00,paid,INR,purchase bill
AP-VB-2026-000077,VB-2026-000077,Meridian Hardware Private Limited,VEND-002,2026-03-14,2026-04-13,63188.00,0.18,11374.00,63188.00,63188.00,paid,INR,purchase bill
AP-VB-2026-000079,VB-2026-000079,Vrundavan Interiors PVT LTD,VEND-019,2026-03-15,2026-03-30,340387.00,0.18,61270.00,340387.00,340387.00,paid,INR,purchase bill
AP-VB-2026-000080,VB-2026-000080,Meridian Polymers Ltd,VEND-001,2026-03-15,2026-04-14,182765.00,0.18,21932.00,182765.00,182765.00,paid,INR,purchase bill
AP-VB-2026-000081,VB-2026-000081,Lohiya Logistics Ltd,VEND-006,2026-03-15,2026-03-30,446832.00,0.18,80430.00,446832.00,446832.00,paid,INR,purchase bill
AP-VB-2026-000082,VB-2026-000082,Pragati Conveyances PVT LTD,VEND-005,2026-03-15,2026-04-14,118613.00,0.18,21350.00,118613.00,118613.00,paid,INR,purchase bill
AP-VB-2026-000095,VB-2026-000095,Trinetra Agri Inputs Company,VEND-018,2026-03-16,2026-04-15,727239.00,0.18,36362.00,727239.00,727239.00,paid,INR,purchase bill
AP-RT-2026-000096,RT-2026-000096,Northline Roofing Products PVT LTD,VEND-011,2026-03-16,2026-04-15,725846.00,0.18,130652.00,725846.00,698351.00,partial,INR,purchase bill short deduction
AP-RT-2026-000097,RT-2026-000097,Anant Infra Electricals Ltd,VEND-004,2026-03-16,2026-03-31,601016.00,0.18,30051.00,601016.00,591957.00,partial,INR,purchase bill short deduction
AP-RT-2026-000098,RT-2026-000098,Karman Print Solutions Ltd,VEND-013,2026-03-16,2026-04-30,750448.00,0.18,90054.00,750448.00,750448.00,paid,INR,purchase bill
AP-VB-2026-000099,VB-2026-000099,Trinetra Solar EPC LLP,VEND-008,2026-03-16,2026-05-15,210540.00,0.18,37897.00,210540.00,210540.00,paid,INR,purchase bill
AP-VB-2026-000111,VB-2026-000111,Pragati Fab Services Ltd,VEND-017,2026-03-17,2026-05-01,297159.00,0.18,53489.00,297159.00,297159.00,paid,INR,purchase bill
AP-RT-2026-000112,RT-2026-000112,Everstone Staffing & Co,VEND-020,2026-03-17,2026-05-01,507580.00,0.18,60910.00,507580.00,507580.00,paid,INR,purchase bill
AP-RT-2026-000113,RT-2026-000113,Karman Catering Services LLP,VEND-014,2026-03-17,2026-05-16,122531.00,0.18,22056.00,122531.00,122531.00,paid,INR,purchase bill
AP-VB-2026-000114,VB-2026-000114,Vrundavan Interiors PVT LTD,VEND-019,2026-03-17,2026-04-01,305753.00,0.18,55036.00,305753.00,305753.00,paid,INR,purchase bill
AP-RT-2026-000115,RT-2026-000115,Pragati Conveyances PVT LTD,VEND-005,2026-03-17,2026-04-16,425783.00,0.18,21289.00,425783.00,425783.00,paid,INR,purchase bill
AP-RT-2026-000116,RT-2026-000116,Everstone Staffing & Co,VEND-020,2026-03-17,2026-05-01,367668.00,0.18,44120.00,367668.00,351073.00,partial,INR,purchase bill short deduction
AP-VB-2026-000117,VB-2026-000117,Sundara Water Treatment Ltd,VEND-009,2026-03-17,2026-04-01,174858.00,0.18,31474.00,174858.00,174858.00,paid,INR,purchase bill
AP-RT-2026-000118,RT-2026-000118,Lohiya Logistics Ltd,VEND-006,2026-03-17,2026-04-01,650545.00,0.18,32527.00,650545.00,0.00,overdue,INR,purchase bill
AP-RT-2026-000119,RT-2026-000119,Ashwini Machine Parts Ltd,VEND-003,2026-03-17,2026-05-16,390439.00,0.18,70279.00,390439.00,390439.00,paid,INR,purchase bill
AP-RT-2026-000120,RT-2026-000120,Meridian Polymers Ltd,VEND-001,2026-03-17,2026-04-16,122058.00,0.18,14647.00,122058.00,122058.00,paid,INR,purchase bill
AP-VB-2026-000121,VB-2026-000121,Trinetra Solar EPC LLP,VEND-008,2026-03-17,2026-05-16,723235.00,0.18,36162.00,723235.00,723235.00,paid,INR,purchase bill
AP-RT-2026-000131,RT-2026-000131,Everstone Recyclers & Co,VEND-007,2026-03-18,2026-04-02,278504.00,0.18,50131.00,278504.00,278504.00,paid,INR,purchase bill
AP-VB-2026-000132,VB-2026-000132,Everstone Staffing & Co,VEND-020,2026-03-18,2026-05-02,281654.00,0.18,50698.00,281654.00,281654.00,paid,INR,purchase bill
AP-RT-2026-000133,RT-2026-000133,Meridian Polymers Ltd,VEND-001,2026-03-18,2026-04-17,261969.00,0.18,47154.00,261969.00,261969.00,paid,INR,purchase bill
AP-VB-2026-000134,VB-2026-000134,Karman Catering Services LLP,VEND-014,2026-03-18,2026-05-18,118136.00,0.18,5907.00,118136.00,118136.00,paid,INR,purchase bill
AP-VB-2026-000135,VB-2026-000135,Zenith One Textiles LLP,VEND-012,2026-03-18,2026-05-18,403908.00,0.18,72703.00,403908.00,403908.00,paid,INR,purchase bill
AP-VB-2026-000136,VB-2026-000136,Everstone Staffing & Co,VEND-020,2026-03-18,2026-05-02,211778.00,0.18,38120.00,211778.00,211778.00,paid,INR,purchase bill
AP-RT-2026-000137,RT-2026-000137,Karman Print Solutions Ltd,VEND-013,2026-03-18,2026-05-02,565761.00,0.18,28288.00,565761.00,565761.00,paid,INR,purchase bill
AP-VB-2026-000138,VB-2026-000138,Karman Catering Services LLP,VEND-014,2026-03-18,2026-05-18,113697.00,0.18,5685.00,113697.00,113697.00,paid,INR,purchase bill
AP-VB-2026-000139,VB-2026-000139,Meridian Hardware Private Limited,VEND-002,2026-03-18,2026-04-17,279337.00,0.18,33520.00,279337.00,279337.00,paid,INR,purchase bill
AP-VB-2026-000140,VB-2026-000140,Everstone Recyclers & Co,VEND-007,2026-03-18,2026-04-02,57843.00,0.18,10412.00,57843.00,57843.00,paid,INR,purchase bill
AP-VB-2026-000141,VB-2026-000141,Meridian Hardware Private Limited,VEND-002,2026-03-18,2026-04-17,64080.00,0.18,3204.00,64080.00,64080.00,paid,INR,purchase bill
AP-VB-2026-000152,VB-2026-000152,Bluepeak Cold Chain PVT LTD,VEND-022,2026-03-19,2026-05-04,243566.00,0.18,29228.00,243566.00,243566.00,paid,INR,purchase bill
AP-RT-2026-000153,RT-2026-000153,Meridian Polymers Ltd,VEND-001,2026-03-19,2026-04-18,126219.00,0.18,6311.00,126219.00,126219.00,paid,INR,purchase bill
AP-VB-2026-000154,VB-2026-000154,Trinetra Solar EPC LLP,VEND-008,2026-03-19,2026-05-18,440645.00,0.18,52877.00,440645.00,440645.00,paid,INR,purchase bill
AP-VB-2026-000155,VB-2026-000155,Meridian Polymers Ltd,VEND-001,2026-03-19,2026-04-18,1381689.00,0.18,165803.00,1381689.00,1381689.00,paid,INR,purchase bill
AP-RT-2026-000156,RT-2026-000156,Vrundavan Interiors PVT LTD,VEND-019,2026-03-19,2026-04-03,321315.00,0.18,38558.00,321315.00,321315.00,paid,INR,purchase bill
AP-RT-2026-000158,RT-2026-000158,Trinetra Agri Inputs Company,VEND-018,2026-03-20,2026-04-20,411728.00,0.18,74111.00,411728.00,411728.00,paid,INR,purchase bill
AP-RT-2026-000159,RT-2026-000159,Trinetra Solar EPC LLP,VEND-008,2026-03-20,2026-05-19,411214.00,0.18,20561.00,411214.00,411214.00,paid,INR,purchase bill
AP-RT-2026-000160,RT-2026-000160,Meridian Hardware Private Limited,VEND-002,2026-03-20,2026-04-20,154293.00,0.18,27773.00,154293.00,154293.00,paid,INR,purchase bill
AP-RT-2026-000161,RT-2026-000161,Shree Balaji Analytics Private Limited,VEND-015,2026-03-20,2026-05-19,202686.00,0.18,36483.00,202686.00,202686.00,paid,INR,purchase bill
AP-VB-2026-000162,VB-2026-000162,Anant Infra Electricals Ltd,VEND-004,2026-03-20,2026-04-04,456800.00,0.18,82224.00,456800.00,456800.00,paid,INR,purchase bill
AP-RT-2026-000163,RT-2026-000163,Goldcrest Steel Traders Company,VEND-016,2026-03-20,2026-05-19,355475.00,0.18,63985.00,355475.00,355475.00,paid,INR,purchase bill
AP-RT-2026-000164,RT-2026-000164,Vrundavan Interiors PVT LTD,VEND-019,2026-03-20,2026-04-04,486091.00,0.18,24305.00,486091.00,486091.00,paid,INR,purchase bill
AP-RT-2026-000168,RT-2026-000168,Meridian Hardware Private Limited,VEND-002,2026-03-21,2026-04-20,392055.00,0.18,70570.00,392055.00,392055.00,paid,INR,purchase bill
AP-VB-2026-000169,VB-2026-000169,Vaishnavi Piping Solutions Ltd,VEND-021,2026-03-21,2026-04-20,560552.00,0.18,100899.00,560552.00,560552.00,paid,INR,purchase bill
AP-RT-2026-000170,RT-2026-000170,Everstone Staffing & Co,VEND-020,2026-03-21,2026-05-05,296035.00,0.18,53286.00,296035.00,296035.00,paid,INR,purchase bill
AP-RT-2026-000171,RT-2026-000171,Trinetra Solar EPC LLP,VEND-008,2026-03-21,2026-05-20,447452.00,0.18,22373.00,447452.00,447452.00,paid,INR,purchase bill
AP-RT-2026-000172,RT-2026-000172,Bluepeak Cold Chain PVT LTD,VEND-022,2026-03-21,2026-05-05,252834.00,0.18,12642.00,252834.00,252834.00,paid,INR,purchase bill
AP-VB-2026-000173,VB-2026-000173,Anant Infra Electricals Ltd,VEND-004,2026-03-21,2026-04-06,135699.00,0.18,24426.00,135699.00,135699.00,paid,INR,purchase bill
AP-VB-2026-000189,VB-2026-000189,Pragati Conveyances PVT LTD,VEND-005,2026-03-23,2026-04-22,217010.00,0.18,39062.00,217010.00,217010.00,paid,INR,purchase bill
AP-VB-2026-000190,VB-2026-000190,Trinetra Agri Inputs Company,VEND-018,2026-03-23,2026-04-22,265146.00,0.18,31818.00,265146.00,265146.00,paid,INR,purchase bill
AP-RT-2026-000191,RT-2026-000191,Sundara Water Treatment Ltd,VEND-009,2026-03-23,2026-04-07,298709.00,0.18,35845.00,298709.00,298709.00,paid,INR,purchase bill
AP-RT-2026-000192,RT-2026-000192,Meridian Hardware Private Limited,VEND-002,2026-03-23,2026-04-22,159332.00,0.18,28680.00,159332.00,159332.00,paid,INR,purchase bill
AP-VB-2026-000193,VB-2026-000193,Everstone Staffing & Co,VEND-020,2026-03-23,2026-05-07,153511.00,0.18,27632.00,153511.00,149431.00,partial,INR,purchase bill short deduction
AP-VB-2026-000194,VB-2026-000194,Everstone Recyclers & Co,VEND-007,2026-03-23,2026-04-07,384885.00,0.18,46186.00,384885.00,384885.00,paid,INR,purchase bill
AP-VB-2026-000195,VB-2026-000195,Vaishnavi Piping Solutions Ltd,VEND-021,2026-03-23,2026-04-22,409479.00,0.18,73706.00,409479.00,409479.00,paid,INR,purchase bill
AP-RT-2026-000196,RT-2026-000196,Vaishnavi Piping Solutions Ltd,VEND-021,2026-03-23,2026-04-22,422044.00,0.18,75968.00,422044.00,422044.00,paid,INR,purchase bill
AP-RT-2026-000197,RT-2026-000197,Pragati Conveyances PVT LTD,VEND-005,2026-03-23,2026-04-22,432734.00,0.18,21637.00,432734.00,432734.00,paid,INR,purchase bill
AP-RT-2026-000198,RT-2026-000198,Pragati Conveyances PVT LTD,VEND-005,2026-03-23,2026-04-22,104178.00,0.18,18752.00,104178.00,104178.00,paid,INR,purchase bill
AP-VB-2026-000199,VB-2026-000199,Zenith One Textiles LLP,VEND-012,2026-03-23,2026-05-22,320561.00,0.18,38467.00,320561.00,320561.00,paid,INR,purchase bill
AP-VB-2026-000200,VB-2026-000200,Karman Print Solutions Ltd,VEND-013,2026-03-23,2026-05-07,90640.00,0.18,16315.00,90640.00,90640.00,paid,INR,purchase bill
AP-RT-2026-000207,RT-2026-000207,Meridian Polymers Ltd,VEND-001,2026-03-24,2026-04-23,132099.00,0.18,6605.00,132099.00,132099.00,paid,INR,purchase bill
AP-VB-2026-000208,VB-2026-000208,Pragati Fab Services Ltd,VEND-017,2026-03-24,2026-05-08,425556.00,0.18,76600.00,425556.00,425556.00,paid,INR,purchase bill
AP-VB-2026-000209,VB-2026-000209,Vrundavan Interiors PVT LTD,VEND-019,2026-03-24,2026-04-08,214437.00,0.18,10722.00,214437.00,214437.00,paid,INR,purchase bill
AP-RT-2026-000210,RT-2026-000210,Zenith One Textiles LLP,VEND-012,2026-03-24,2026-05-23,536976.00,0.18,96656.00,536976.00,536976.00,paid,INR,purchase bill
AP-VB-2026-000221,VB-2026-000221,Everstone Recyclers & Co,VEND-007,2026-03-25,2026-04-09,157954.00,0.18,18954.00,157954.00,157954.00,paid,INR,purchase bill
AP-RT-2026-000222,RT-2026-000222,Goldcrest Steel Traders Company,VEND-016,2026-03-25,2026-05-25,618693.00,0.18,111365.00,618693.00,618693.00,paid,INR,purchase bill
AP-RT-2026-000223,RT-2026-000223,Karman Print Solutions Ltd,VEND-013,2026-03-25,2026-05-09,231975.00,0.18,27837.00,231975.00,231975.00,paid,INR,purchase bill
AP-RT-2026-000224,RT-2026-000224,Goldcrest Steel Traders Company,VEND-016,2026-03-25,2026-05-25,577251.00,0.18,28863.00,577251.00,577251.00,paid,INR,purchase bill
AP-VB-2026-000225,VB-2026-000225,Ashwini Machine Parts Ltd,VEND-003,2026-03-25,2026-05-25,250873.00,0.18,45157.00,250873.00,250873.00,paid,INR,purchase bill
AP-RT-2026-000234,RT-2026-000234,Everstone Staffing & Co,VEND-020,2026-03-26,2026-05-11,269622.00,0.18,48532.00,269622.00,269622.00,paid,INR,purchase bill
AP-VB-2026-000235,VB-2026-000235,Trinetra Solar EPC LLP,VEND-008,2026-03-26,2026-05-25,203199.00,0.18,36576.00,203199.00,203199.00,paid,INR,purchase bill
AP-VB-2026-000236,VB-2026-000236,Shree Balaji Analytics Private Limited,VEND-015,2026-03-26,2026-05-25,119284.00,0.18,14314.00,119284.00,119284.00,paid,INR,purchase bill
AP-RT-2026-000237,RT-2026-000237,Trinetra Agri Inputs Company,VEND-018,2026-03-26,2026-04-25,546662.00,0.18,27333.00,546662.00,546662.00,paid,INR,purchase bill
AP-VB-2026-000238,VB-2026-000238,Ashwini Machine Parts Ltd,VEND-003,2026-03-26,2026-05-25,410148.00,0.18,20507.00,410148.00,410148.00,paid,INR,purchase bill
AP-VB-2026-000239,VB-2026-000239,Bluepeak Cold Chain PVT LTD,VEND-022,2026-03-26,2026-05-11,340491.00,0.18,40859.00,340491.00,340491.00,paid,INR,purchase bill
AP-VB-2026-000240,VB-2026-000240,Vaishnavi Piping Solutions Ltd,VEND-021,2026-03-26,2026-04-25,328034.00,0.18,59046.00,328034.00,328034.00,paid,INR,purchase bill
AP-VB-2026-000241,VB-2026-000241,Trinetra Solar EPC LLP,VEND-008,2026-03-26,2026-05-25,547499.00,0.18,98550.00,547499.00,547499.00,paid,INR,purchase bill
AP-VB-2026-000261,VB-2026-000261,Anant Infra Electricals Ltd,VEND-004,2026-03-27,2026-04-11,219681.00,0.18,10984.00,219681.00,219681.00,paid,INR,purchase bill
AP-VB-2026-000262,VB-2026-000262,Northline Roofing Products PVT LTD,VEND-011,2026-03-27,2026-04-27,846057.00,0.18,152290.00,846057.00,846057.00,paid,INR,purchase bill
AP-VB-2026-000263,VB-2026-000263,Pragati Fab Services Ltd,VEND-017,2026-03-27,2026-05-11,466140.00,0.18,23307.00,466140.00,466140.00,paid,INR,purchase bill
AP-RT-2026-000264,RT-2026-000264,Karman Print Solutions Ltd,VEND-013,2026-03-27,2026-05-11,257361.00,0.18,12868.00,257361.00,257361.00,paid,INR,purchase bill
AP-RT-2026-000265,RT-2026-000265,Vaishnavi Piping Solutions Ltd,VEND-021,2026-03-27,2026-04-27,561219.00,0.18,28061.00,561219.00,561219.00,paid,INR,purchase bill
AP-VB-2026-000266,VB-2026-000266,Meridian Polymers Ltd,VEND-001,2026-03-27,2026-04-27,877355.00,0.18,43868.00,877355.00,873688.00,partial,INR,purchase bill short deduction
AP-VB-2026-000267,VB-2026-000267,Vrundavan Interiors PVT LTD,VEND-019,2026-03-27,2026-04-11,57254.00,0.18,10306.00,57254.00,57254.00,paid,INR,purchase bill
AP-RT-2026-000268,RT-2026-000268,Pragati Conveyances PVT LTD,VEND-005,2026-03-27,2026-04-27,657350.00,0.18,118323.00,657350.00,639205.00,partial,INR,purchase bill short deduction
AP-RT-2026-000269,RT-2026-000269,Goldcrest Steel Traders Company,VEND-016,2026-03-27,2026-05-26,1790600.00,0.18,214872.00,1790600.00,1790600.00,paid,INR,purchase bill
AP-VB-2026-000270,VB-2026-000270,Ashwini Machine Parts Ltd,VEND-003,2026-03-27,2026-05-26,138509.00,0.18,24932.00,138509.00,138509.00,paid,INR,purchase bill
AP-RT-2026-000271,RT-2026-000271,Northline Roofing Products PVT LTD,VEND-011,2026-03-27,2026-04-27,212918.00,0.18,38325.00,212918.00,212918.00,paid,INR,purchase bill
AP-RT-2026-000276,RT-2026-000276,Lohiya Logistics Ltd,VEND-006,2026-03-28,2026-04-13,779820.00,0.18,93578.00,779820.00,779820.00,paid,INR,purchase bill
AP-VB-2026-000277,VB-2026-000277,Trinetra Agri Inputs Company,VEND-018,2026-03-28,2026-04-27,421891.00,0.18,75940.00,421891.00,421891.00,paid,INR,purchase bill
AP-RT-2026-000293,RT-2026-000293,Ashwini Machine Parts Ltd,VEND-003,2026-03-30,2026-05-29,330856.00,0.18,59554.00,330856.00,330856.00,paid,INR,purchase bill
AP-RT-2026-000294,RT-2026-000294,Pragati Fab Services Ltd,VEND-017,2026-03-30,2026-05-14,672503.00,0.18,121051.00,672503.00,648163.00,partial,INR,purchase bill short deduction
AP-RT-2026-000295,RT-2026-000295,Pragati Fab Services Ltd,VEND-017,2026-03-30,2026-05-14,684031.00,0.18,123126.00,684031.00,684031.00,paid,INR,purchase bill
AP-VB-2026-000296,VB-2026-000296,Karman Catering Services LLP,VEND-014,2026-03-30,2026-05-29,134703.00,0.18,24247.00,134703.00,134703.00,paid,INR,purchase bill
AP-RT-2026-000297,RT-2026-000297,Trinetra Solar EPC LLP,VEND-008,2026-03-30,2026-05-29,345767.00,0.18,62238.00,345767.00,345767.00,paid,INR,purchase bill
AP-VB-2026-000298,VB-2026-000298,Meridian Polymers Ltd,VEND-001,2026-03-30,2026-04-29,432259.00,0.18,77807.00,432259.00,432259.00,paid,INR,purchase bill
AP-RT-2026-000299,RT-2026-000299,Lohiya Logistics Ltd,VEND-006,2026-03-30,2026-04-14,526399.00,0.18,63168.00,526399.00,526399.00,paid,INR,purchase bill
AP-RT-2026-000300,RT-2026-000300,Karman Print Solutions Ltd,VEND-013,2026-03-30,2026-05-14,132983.00,0.18,15958.00,132983.00,132983.00,paid,INR,purchase bill
AP-RT-2026-000301,RT-2026-000301,Anant Infra Electricals Ltd,VEND-004,2026-03-30,2026-04-14,980015.00,0.18,117602.00,980015.00,980015.00,paid,INR,purchase bill
AP-VB-2026-000315,VB-2026-000315,Everstone Recyclers & Co,VEND-007,2026-03-31,2026-04-15,92471.00,0.18,16645.00,92471.00,92471.00,paid,INR,purchase bill
AP-RT-2026-000316,RT-2026-000316,Shree Balaji Analytics Private Limited,VEND-015,2026-03-31,2026-05-30,136703.00,0.18,6835.00,136703.00,136703.00,paid,INR,purchase bill
AP-VB-2026-000317,VB-2026-000317,Sundara Water Treatment Ltd,VEND-009,2026-03-31,2026-04-15,426819.00,0.18,76827.00,426819.00,426819.00,paid,INR,purchase bill
AP-RT-2026-000318,RT-2026-000318,Sundara Water Treatment Ltd,VEND-009,2026-03-31,2026-04-15,368481.00,0.18,66327.00,368481.00,368481.00,paid,INR,purchase bill
AP-RT-2026-000319,RT-2026-000319,Vrundavan Interiors PVT LTD,VEND-019,2026-03-31,2026-04-15,63345.00,0.18,11402.00,63345.00,63345.00,paid,INR,purchase bill
AP-RT-2026-000320,RT-2026-000320,Vrundavan Interiors PVT LTD,VEND-019,2026-03-31,2026-04-15,525525.00,0.18,94594.00,525525.00,525525.00,paid,INR,purchase bill
AP-RT-2026-000330,RT-2026-000330,Trinetra Solar EPC LLP,VEND-008,2026-04-01,2026-06-01,382929.00,0.18,45951.00,382929.00,382929.00,paid,INR,purchase bill
AP-RT-2026-000331,RT-2026-000331,Karman Print Solutions Ltd,VEND-013,2026-04-01,2026-05-16,194701.00,0.18,9735.00,194701.00,194701.00,paid,INR,purchase bill
AP-VB-2026-000332,VB-2026-000332,Meridian Hardware Private Limited,VEND-002,2026-04-01,2026-05-01,141581.00,0.18,25485.00,141581.00,141581.00,paid,INR,purchase bill
AP-RT-2026-000333,RT-2026-000333,Sundara Water Treatment Ltd,VEND-009,2026-04-01,2026-04-16,103832.00,0.18,12460.00,103832.00,103832.00,paid,INR,purchase bill
AP-RT-2026-000334,RT-2026-000334,Trinetra Agri Inputs Company,VEND-018,2026-04-01,2026-05-01,815315.00,0.18,146757.00,815315.00,815315.00,paid,INR,purchase bill
AP-VB-2026-000340,VB-2026-000340,Karman Catering Services LLP,VEND-014,2026-04-02,2026-06-01,68708.00,0.18,12367.00,68708.00,68708.00,paid,INR,purchase bill
AP-VB-2026-000341,VB-2026-000341,Shree Balaji Analytics Private Limited,VEND-015,2026-04-02,2026-06-01,108341.00,0.18,19501.00,108341.00,108341.00,paid,INR,purchase bill
AP-RT-2026-000351,RT-2026-000351,Everstone Staffing & Co,VEND-020,2026-04-03,2026-05-18,215553.00,0.18,25866.00,215553.00,215553.00,paid,INR,purchase bill
AP-RT-2026-000352,RT-2026-000352,Meridian Polymers Ltd,VEND-001,2026-04-03,2026-05-04,78791.00,0.18,14182.00,78791.00,78791.00,paid,INR,purchase bill
AP-RT-2026-000353,RT-2026-000353,Anant Infra Electricals Ltd,VEND-004,2026-04-03,2026-04-18,176338.00,0.18,31741.00,176338.00,176338.00,paid,INR,purchase bill
AP-VB-2026-000354,VB-2026-000354,Everstone Staffing & Co,VEND-020,2026-04-03,2026-05-18,224159.00,0.18,26899.00,224159.00,224159.00,paid,INR,purchase bill
AP-RT-2026-000355,RT-2026-000355,Goldcrest Steel Traders Company,VEND-016,2026-04-03,2026-06-02,281109.00,0.18,14055.00,281109.00,281109.00,paid,INR,purchase bill
AP-VB-2026-000356,VB-2026-000356,Sundara Water Treatment Ltd,VEND-009,2026-04-03,2026-04-18,149837.00,0.18,17980.00,149837.00,149837.00,paid,INR,purchase bill
AP-VB-2026-000357,VB-2026-000357,Ashwini Machine Parts Ltd,VEND-003,2026-04-03,2026-06-02,272115.00,0.18,32654.00,272115.00,272115.00,paid,INR,purchase bill
AP-VB-2026-000358,VB-2026-000358,Bluepeak Cold Chain PVT LTD,VEND-022,2026-04-04,2026-05-19,615775.00,0.18,110839.00,615775.00,615775.00,paid,INR,purchase bill
AP-VB-2026-000359,VB-2026-000359,Pragati Fab Services Ltd,VEND-017,2026-04-04,2026-05-19,664961.00,0.18,79795.00,664961.00,664961.00,paid,INR,purchase bill
AP-VB-2026-000360,VB-2026-000360,Trinetra Agri Inputs Company,VEND-018,2026-04-04,2026-05-04,311723.00,0.18,15586.00,311723.00,311723.00,paid,INR,purchase bill
AP-VB-2026-000361,VB-2026-000361,Lohiya Logistics Ltd,VEND-006,2026-04-04,2026-04-20,253657.00,0.18,45658.00,253657.00,253657.00,paid,INR,purchase bill
AP-RT-2026-000371,RT-2026-000371,Bluepeak Cold Chain PVT LTD,VEND-022,2026-04-06,2026-05-21,242372.00,0.18,43627.00,242372.00,242372.00,paid,INR,purchase bill
AP-RT-2026-000372,RT-2026-000372,Zenith One Textiles LLP,VEND-012,2026-04-06,2026-06-05,283920.00,0.18,34070.00,283920.00,283920.00,paid,INR,purchase bill
AP-RT-2026-000373,RT-2026-000373,Trinetra Agri Inputs Company,VEND-018,2026-04-06,2026-05-06,355993.00,0.18,64079.00,355993.00,355993.00,paid,INR,purchase bill
AP-RT-2026-000374,RT-2026-000374,Goldcrest Steel Traders Company,VEND-016,2026-04-06,2026-06-05,268025.00,0.18,13401.00,268025.00,253376.00,partial,INR,purchase bill short deduction
AP-RT-2026-000375,RT-2026-000375,Anant Infra Electricals Ltd,VEND-004,2026-04-06,2026-04-21,239588.00,0.18,28751.00,239588.00,239588.00,paid,INR,purchase bill
AP-VB-2026-000376,VB-2026-000376,Lohiya Logistics Ltd,VEND-006,2026-04-06,2026-04-21,561296.00,0.18,28065.00,561296.00,561296.00,paid,INR,purchase bill
AP-RT-2026-000386,RT-2026-000386,Everstone Staffing & Co,VEND-020,2026-04-07,2026-05-22,294253.00,0.18,14713.00,294253.00,294253.00,paid,INR,purchase bill
AP-VB-2026-000387,VB-2026-000387,Meridian Polymers Ltd,VEND-001,2026-04-07,2026-05-07,133378.00,0.18,24008.00,133378.00,133378.00,paid,INR,purchase bill
AP-VB-2026-000388,VB-2026-000388,Bluepeak Cold Chain PVT LTD,VEND-022,2026-04-07,2026-05-22,109950.00,0.18,19791.00,109950.00,109950.00,paid,INR,purchase bill
AP-RT-2026-000389,RT-2026-000389,Trinetra Solar EPC LLP,VEND-008,2026-04-07,2026-06-06,346060.00,0.18,62291.00,346060.00,346060.00,paid,INR,purchase bill
AP-RT-2026-000398,RT-2026-000398,Karman Print Solutions Ltd,VEND-013,2026-04-08,2026-05-23,66348.00,0.18,11943.00,66348.00,66348.00,paid,INR,purchase bill
AP-VB-2026-000399,VB-2026-000399,Vaishnavi Piping Solutions Ltd,VEND-021,2026-04-08,2026-05-08,642683.00,0.18,77122.00,642683.00,642683.00,paid,INR,purchase bill
AP-VB-2026-000400,VB-2026-000400,Orbitex Warehousing & Co,VEND-010,2026-04-08,2026-05-08,441307.00,0.18,79435.00,441307.00,441307.00,paid,INR,purchase bill
AP-RT-2026-000401,RT-2026-000401,Vrundavan Interiors PVT LTD,VEND-019,2026-04-08,2026-04-23,377157.00,0.18,67888.00,377157.00,377157.00,paid,INR,purchase bill
AP-RT-2026-000402,RT-2026-000402,Everstone Staffing & Co,VEND-020,2026-04-08,2026-05-23,409300.00,0.18,20465.00,409300.00,409300.00,paid,INR,purchase bill
AP-VB-2026-000403,VB-2026-000403,Karman Print Solutions Ltd,VEND-013,2026-04-08,2026-05-23,379148.00,0.18,18957.00,379148.00,379148.00,paid,INR,purchase bill
AP-VB-2026-000404,VB-2026-000404,Karman Print Solutions Ltd,VEND-013,2026-04-08,2026-05-23,834867.00,0.18,150276.00,834867.00,834867.00,paid,INR,purchase bill
AP-RT-2026-000413,RT-2026-000413,Zenith One Textiles LLP,VEND-012,2026-04-09,2026-06-08,479544.00,0.18,86318.00,479544.00,479544.00,paid,INR,purchase bill
AP-RT-2026-000414,RT-2026-000414,Everstone Recyclers & Co,VEND-007,2026-04-09,2026-04-24,327019.00,0.18,58863.00,327019.00,327019.00,paid,INR,purchase bill
AP-VB-2026-000415,VB-2026-000415,Ashwini Machine Parts Ltd,VEND-003,2026-04-09,2026-06-08,305022.00,0.18,54904.00,305022.00,305022.00,paid,INR,purchase bill
AP-VB-2026-000416,VB-2026-000416,Anant Infra Electricals Ltd,VEND-004,2026-04-09,2026-04-24,454976.00,0.18,81896.00,454976.00,454976.00,paid,INR,purchase bill
AP-RT-2026-000417,RT-2026-000417,Meridian Polymers Ltd,VEND-001,2026-04-09,2026-05-09,109085.00,0.18,19635.00,109085.00,109085.00,paid,INR,purchase bill
AP-RT-2026-000418,RT-2026-000418,Pragati Conveyances PVT LTD,VEND-005,2026-04-09,2026-05-09,418900.00,0.18,50268.00,418900.00,418900.00,paid,INR,purchase bill
AP-VB-2026-000419,VB-2026-000419,Sundara Water Treatment Ltd,VEND-009,2026-04-09,2026-04-24,232540.00,0.18,41857.00,232540.00,232540.00,paid,INR,purchase bill
AP-RT-2026-000420,RT-2026-000420,Karman Catering Services LLP,VEND-014,2026-04-09,2026-06-08,100266.00,0.18,18048.00,100266.00,100266.00,paid,INR,purchase bill
AP-VB-2026-000429,VB-2026-000429,Vrundavan Interiors PVT LTD,VEND-019,2026-04-10,2026-04-25,1621619.00,0.18,291891.00,1621619.00,1621619.00,paid,INR,purchase bill
AP-RT-2026-000430,RT-2026-000430,Northline Roofing Products PVT LTD,VEND-011,2026-04-10,2026-05-11,352675.00,0.18,63481.00,352675.00,352675.00,paid,INR,purchase bill
AP-RT-2026-000431,RT-2026-000431,Meridian Polymers Ltd,VEND-001,2026-04-10,2026-05-11,299099.00,0.18,14955.00,299099.00,299099.00,paid,INR,purchase bill
AP-VB-2026-000432,VB-2026-000432,Vrundavan Interiors PVT LTD,VEND-019,2026-04-10,2026-04-25,465634.00,0.18,83814.00,465634.00,465634.00,paid,INR,purchase bill
AP-VB-2026-000433,VB-2026-000433,Vrundavan Interiors PVT LTD,VEND-019,2026-04-10,2026-04-25,1037563.00,0.18,124508.00,1037563.00,1037563.00,paid,INR,purchase bill
AP-RT-2026-000434,RT-2026-000434,Shree Balaji Analytics Private Limited,VEND-015,2026-04-10,2026-06-09,118706.00,0.18,5935.00,118706.00,118706.00,paid,INR,purchase bill
AP-RT-2026-000435,RT-2026-000435,Pragati Fab Services Ltd,VEND-017,2026-04-10,2026-05-25,188413.00,0.18,22610.00,188413.00,188413.00,paid,INR,purchase bill
AP-VB-2026-000437,VB-2026-000437,Vrundavan Interiors PVT LTD,VEND-019,2026-04-11,2026-04-27,342161.00,0.18,61589.00,342161.00,0.00,overdue,INR,purchase bill
AP-RT-2026-000438,RT-2026-000438,Vrundavan Interiors PVT LTD,VEND-019,2026-04-11,2026-04-27,145507.00,0.18,26191.00,145507.00,145507.00,paid,INR,purchase bill
AP-RT-2026-000439,RT-2026-000439,Vrundavan Interiors PVT LTD,VEND-019,2026-04-11,2026-04-27,310826.00,0.18,55949.00,310826.00,310826.00,paid,INR,purchase bill
AP-VB-2026-000440,VB-2026-000440,Everstone Recyclers & Co,VEND-007,2026-04-11,2026-04-27,715805.00,0.18,85897.00,715805.00,715805.00,paid,INR,purchase bill
AP-VB-2026-000447,VB-2026-000447,Pragati Conveyances PVT LTD,VEND-005,2026-04-13,2026-05-13,246369.00,0.18,44346.00,246369.00,246369.00,paid,INR,purchase bill
AP-RT-2026-000448,RT-2026-000448,Pragati Fab Services Ltd,VEND-017,2026-04-13,2026-05-28,565594.00,0.18,28280.00,565594.00,565594.00,paid,INR,purchase bill
AP-RT-2026-000456,RT-2026-000456,Meridian Polymers Ltd,VEND-001,2026-04-14,2026-05-14,264145.00,0.18,31697.00,264145.00,264145.00,paid,INR,purchase bill
AP-RT-2026-000457,RT-2026-000457,Lohiya Logistics Ltd,VEND-006,2026-04-14,2026-04-29,397480.00,0.18,47698.00,397480.00,397480.00,paid,INR,purchase bill
AP-VB-2026-000458,VB-2026-000458,Trinetra Agri Inputs Company,VEND-018,2026-04-14,2026-05-14,465110.00,0.18,23256.00,465110.00,465110.00,paid,INR,purchase bill
AP-VB-2026-000469,VB-2026-000469,Lohiya Logistics Ltd,VEND-006,2026-04-15,2026-04-30,297246.00,0.18,35670.00,297246.00,297246.00,paid,INR,purchase bill
AP-VB-2026-000470,VB-2026-000470,Karman Catering Services LLP,VEND-014,2026-04-15,2026-06-15,131046.00,0.18,23588.00,131046.00,131046.00,paid,INR,purchase bill
AP-RT-2026-000471,RT-2026-000471,Sundara Water Treatment Ltd,VEND-009,2026-04-15,2026-04-30,112489.00,0.18,20248.00,112489.00,112489.00,paid,INR,purchase bill
AP-RT-2026-000472,RT-2026-000472,Orbitex Warehousing & Co,VEND-010,2026-04-15,2026-05-15,468983.00,0.18,84417.00,468983.00,468983.00,paid,INR,purchase bill
AP-VB-2026-000473,VB-2026-000473,Zenith One Textiles LLP,VEND-012,2026-04-15,2026-06-15,952965.00,0.18,171534.00,952965.00,952965.00,paid,INR,purchase bill
AP-VB-2026-000474,VB-2026-000474,Karman Catering Services LLP,VEND-014,2026-04-15,2026-06-15,103232.00,0.18,18582.00,103232.00,103232.00,paid,INR,purchase bill
AP-VB-2026-000475,VB-2026-000475,Orbitex Warehousing & Co,VEND-010,2026-04-15,2026-05-15,555562.00,0.18,27778.00,555562.00,555562.00,paid,INR,purchase bill
AP-RT-2026-000476,RT-2026-000476,Meridian Polymers Ltd,VEND-001,2026-04-15,2026-05-15,267961.00,0.18,13398.00,267961.00,267961.00,paid,INR,purchase bill
AP-RT-2026-000477,RT-2026-000477,Goldcrest Steel Traders Company,VEND-016,2026-04-15,2026-06-15,1229034.00,0.18,61452.00,1229034.00,1229034.00,paid,INR,purchase bill
AP-VB-2026-000485,VB-2026-000485,Orbitex Warehousing & Co,VEND-010,2026-04-16,2026-05-16,151841.00,0.18,27331.00,151841.00,151841.00,paid,INR,purchase bill
AP-RT-2026-000486,RT-2026-000486,Pragati Conveyances PVT LTD,VEND-005,2026-04-16,2026-05-16,380114.00,0.18,19006.00,380114.00,380114.00,paid,INR,purchase bill
AP-VB-2026-000487,VB-2026-000487,Northline Roofing Products PVT LTD,VEND-011,2026-04-16,2026-05-16,431517.00,0.18,77673.00,431517.00,431517.00,paid,INR,purchase bill
AP-VB-2026-000488,VB-2026-000488,Goldcrest Steel Traders Company,VEND-016,2026-04-16,2026-06-15,118069.00,0.18,14168.00,118069.00,118069.00,paid,INR,purchase bill
AP-RT-2026-000489,RT-2026-000489,Shree Balaji Analytics Private Limited,VEND-015,2026-04-16,2026-06-15,991430.00,0.18,49572.00,991430.00,991430.00,paid,INR,purchase bill
AP-VB-2026-000498,VB-2026-000498,Meridian Polymers Ltd,VEND-001,2026-04-17,2026-05-18,664616.00,0.18,119631.00,664616.00,664616.00,paid,INR,purchase bill
AP-RT-2026-000499,RT-2026-000499,Everstone Recyclers & Co,VEND-007,2026-04-17,2026-05-02,454221.00,0.18,81760.00,454221.00,454221.00,paid,INR,purchase bill
AP-VB-2026-000500,VB-2026-000500,Karman Catering Services LLP,VEND-014,2026-04-17,2026-06-16,80448.00,0.18,14481.00,80448.00,80448.00,paid,INR,purchase bill
AP-RT-2026-000501,RT-2026-000501,Meridian Hardware Private Limited,VEND-002,2026-04-17,2026-05-18,1672409.00,0.18,301034.00,1672409.00,1672409.00,paid,INR,purchase bill
AP-VB-2026-000502,VB-2026-000502,Karman Print Solutions Ltd,VEND-013,2026-04-17,2026-06-01,528923.00,0.18,95206.00,528923.00,528923.00,paid,INR,purchase bill
AP-RT-2026-000503,RT-2026-000503,Ashwini Machine Parts Ltd,VEND-003,2026-04-17,2026-06-16,149044.00,0.18,17885.00,149044.00,149044.00,paid,INR,purchase bill
AP-VB-2026-000507,VB-2026-000507,Shree Balaji Analytics Private Limited,VEND-015,2026-04-18,2026-06-17,143209.00,0.18,25778.00,143209.00,143209.00,paid,INR,purchase bill
AP-VB-2026-000509,VB-2026-000509,Ashwini Machine Parts Ltd,VEND-003,2026-04-19,2026-06-18,685318.00,0.18,123357.00,685318.00,685318.00,paid,INR,purchase bill
AP-RT-2026-000510,RT-2026-000510,Everstone Recyclers & Co,VEND-007,2026-04-19,2026-05-04,1006886.00,0.18,120826.00,1006886.00,1006886.00,paid,INR,purchase bill
AP-RT-2026-000511,RT-2026-000511,Meridian Polymers Ltd,VEND-001,2026-04-19,2026-05-19,631252.00,0.18,113625.00,631252.00,631252.00,paid,INR,purchase bill
AP-RT-2026-000512,RT-2026-000512,Goldcrest Steel Traders Company,VEND-016,2026-04-19,2026-06-18,160224.00,0.18,28840.00,160224.00,160224.00,paid,INR,purchase bill
AP-RT-2026-000513,RT-2026-000513,Goldcrest Steel Traders Company,VEND-016,2026-04-19,2026-06-18,797204.00,0.18,143497.00,797204.00,782618.00,partial,INR,purchase bill short deduction
AP-VB-2026-000519,VB-2026-000519,Ashwini Machine Parts Ltd,VEND-003,2026-04-20,2026-06-19,69743.00,0.18,3487.00,69743.00,69743.00,paid,INR,purchase bill
AP-RT-2026-000520,RT-2026-000520,Zenith One Textiles LLP,VEND-012,2026-04-20,2026-06-19,380215.00,0.18,19011.00,380215.00,380215.00,paid,INR,purchase bill
AP-VB-2026-000521,VB-2026-000521,Karman Print Solutions Ltd,VEND-013,2026-04-20,2026-06-04,199901.00,0.18,35982.00,199901.00,199901.00,paid,INR,purchase bill
AP-RT-2026-000522,RT-2026-000522,Pragati Fab Services Ltd,VEND-017,2026-04-20,2026-06-04,471454.00,0.18,84862.00,471454.00,471454.00,paid,INR,purchase bill
AP-VB-2026-000530,VB-2026-000530,Orbitex Warehousing & Co,VEND-010,2026-04-21,2026-05-21,264324.00,0.18,31719.00,264324.00,264324.00,paid,INR,purchase bill
AP-RT-2026-000531,RT-2026-000531,Vrundavan Interiors PVT LTD,VEND-019,2026-04-21,2026-05-06,419178.00,0.18,20959.00,419178.00,419178.00,paid,INR,purchase bill
AP-RT-2026-000532,RT-2026-000532,Everstone Recyclers & Co,VEND-007,2026-04-21,2026-05-06,154807.00,0.18,27865.00,154807.00,154807.00,paid,INR,purchase bill
AP-VB-2026-000533,VB-2026-000533,Goldcrest Steel Traders Company,VEND-016,2026-04-21,2026-06-20,250237.00,0.18,45043.00,250237.00,250237.00,paid,INR,purchase bill
AP-RT-2026-000541,RT-2026-000541,Trinetra Agri Inputs Company,VEND-018,2026-04-22,2026-05-22,692861.00,0.18,124715.00,692861.00,692861.00,paid,INR,purchase bill
AP-VB-2026-000542,VB-2026-000542,Everstone Recyclers & Co,VEND-007,2026-04-22,2026-05-07,94275.00,0.18,4714.00,94275.00,94275.00,paid,INR,purchase bill
AP-VB-2026-000543,VB-2026-000543,Meridian Hardware Private Limited,VEND-002,2026-04-22,2026-05-22,636878.00,0.18,114638.00,636878.00,636878.00,paid,INR,purchase bill
AP-RT-2026-000544,RT-2026-000544,Trinetra Solar EPC LLP,VEND-008,2026-04-22,2026-06-22,287185.00,0.18,34462.00,287185.00,287185.00,paid,INR,purchase bill
AP-RT-2026-000551,RT-2026-000551,Karman Print Solutions Ltd,VEND-013,2026-04-23,2026-06-08,442036.00,0.18,79566.00,442036.00,442036.00,paid,INR,purchase bill
AP-RT-2026-000552,RT-2026-000552,Everstone Staffing & Co,VEND-020,2026-04-23,2026-06-08,273086.00,0.18,49155.00,273086.00,273086.00,paid,INR,purchase bill
AP-VB-2026-000553,VB-2026-000553,Vaishnavi Piping Solutions Ltd,VEND-021,2026-04-23,2026-05-23,602533.00,0.18,108456.00,602533.00,602533.00,paid,INR,purchase bill
AP-VB-2026-000554,VB-2026-000554,Meridian Hardware Private Limited,VEND-002,2026-04-23,2026-05-23,96077.00,0.18,17294.00,96077.00,96077.00,paid,INR,purchase bill
AP-RT-2026-000555,RT-2026-000555,Northline Roofing Products PVT LTD,VEND-011,2026-04-23,2026-05-23,434651.00,0.18,78237.00,434651.00,434651.00,paid,INR,purchase bill
AP-RT-2026-000564,RT-2026-000564,Lohiya Logistics Ltd,VEND-006,2026-04-24,2026-05-09,259583.00,0.18,46725.00,259583.00,259583.00,paid,INR,purchase bill
AP-RT-2026-000565,RT-2026-000565,Ashwini Machine Parts Ltd,VEND-003,2026-04-24,2026-06-23,963555.00,0.18,115627.00,963555.00,963555.00,paid,INR,purchase bill
AP-RT-2026-000566,RT-2026-000566,Trinetra Solar EPC LLP,VEND-008,2026-04-24,2026-06-23,465419.00,0.18,55850.00,465419.00,443148.00,partial,INR,purchase bill short deduction
AP-VB-2026-000567,VB-2026-000567,Sundara Water Treatment Ltd,VEND-009,2026-04-24,2026-05-09,239859.00,0.18,28783.00,239859.00,239859.00,paid,INR,purchase bill
AP-VB-2026-000568,VB-2026-000568,Everstone Recyclers & Co,VEND-007,2026-04-24,2026-05-09,363825.00,0.18,43659.00,363825.00,363825.00,paid,INR,purchase bill
AP-RT-2026-000569,RT-2026-000569,Goldcrest Steel Traders Company,VEND-016,2026-04-24,2026-06-23,326294.00,0.18,58733.00,326294.00,310439.00,partial,INR,purchase bill short deduction
AP-RT-2026-000570,RT-2026-000570,Trinetra Solar EPC LLP,VEND-008,2026-04-24,2026-06-23,969070.00,0.18,174433.00,969070.00,969070.00,paid,INR,purchase bill
AP-VB-2026-000574,VB-2026-000574,Meridian Hardware Private Limited,VEND-002,2026-04-25,2026-05-25,197648.00,0.18,23718.00,197648.00,197648.00,paid,INR,purchase bill
AP-VB-2026-000575,VB-2026-000575,Goldcrest Steel Traders Company,VEND-016,2026-04-25,2026-06-24,89439.00,0.18,4472.00,89439.00,89439.00,paid,INR,purchase bill
AP-VB-2026-000576,VB-2026-000576,Karman Print Solutions Ltd,VEND-013,2026-04-25,2026-06-09,157154.00,0.18,18858.00,157154.00,157154.00,paid,INR,purchase bill
AP-RT-2026-000585,RT-2026-000585,Orbitex Warehousing & Co,VEND-010,2026-04-27,2026-05-27,356323.00,0.18,42759.00,356323.00,356323.00,paid,INR,purchase bill
AP-RT-2026-000586,RT-2026-000586,Northline Roofing Products PVT LTD,VEND-011,2026-04-27,2026-05-27,706658.00,0.18,127198.00,706658.00,0.00,overdue,INR,purchase bill
AP-RT-2026-000587,RT-2026-000587,Goldcrest Steel Traders Company,VEND-016,2026-04-27,2026-06-26,127674.00,0.18,22981.00,127674.00,127674.00,paid,INR,purchase bill
AP-VB-2026-000588,VB-2026-000588,Trinetra Solar EPC LLP,VEND-008,2026-04-27,2026-06-26,902340.00,0.18,45117.00,902340.00,902340.00,paid,INR,purchase bill
AP-VB-2026-000589,VB-2026-000589,Zenith One Textiles LLP,VEND-012,2026-04-27,2026-06-26,452377.00,0.18,81428.00,452377.00,452377.00,paid,INR,purchase bill
AP-RT-2026-000590,RT-2026-000590,Northline Roofing Products PVT LTD,VEND-011,2026-04-27,2026-05-27,368715.00,0.18,44246.00,368715.00,368715.00,paid,INR,purchase bill
AP-RT-2026-000591,RT-2026-000591,Shree Balaji Analytics Private Limited,VEND-015,2026-04-27,2026-06-26,178111.00,0.18,8906.00,178111.00,178111.00,paid,INR,purchase bill
AP-VB-2026-000592,VB-2026-000592,Northline Roofing Products PVT LTD,VEND-011,2026-04-27,2026-05-27,798642.00,0.18,95837.00,798642.00,798642.00,paid,INR,purchase bill
AP-VB-2026-000600,VB-2026-000600,Meridian Polymers Ltd,VEND-001,2026-04-28,2026-05-28,387179.00,0.18,46461.00,387179.00,387179.00,paid,INR,purchase bill
AP-VB-2026-000601,VB-2026-000601,Vrundavan Interiors PVT LTD,VEND-019,2026-04-28,2026-05-13,944530.00,0.18,47227.00,944530.00,944530.00,paid,INR,purchase bill
AP-VB-2026-000602,VB-2026-000602,Vaishnavi Piping Solutions Ltd,VEND-021,2026-04-28,2026-05-28,370123.00,0.18,18506.00,370123.00,370123.00,paid,INR,purchase bill
AP-VB-2026-000603,VB-2026-000603,Everstone Recyclers & Co,VEND-007,2026-04-28,2026-05-13,433477.00,0.18,78026.00,433477.00,433477.00,paid,INR,purchase bill
AP-RT-2026-000616,RT-2026-000616,Goldcrest Steel Traders Company,VEND-016,2026-04-29,2026-06-29,114119.00,0.18,13694.00,114119.00,114119.00,paid,INR,purchase bill
AP-RT-2026-000617,RT-2026-000617,Pragati Fab Services Ltd,VEND-017,2026-04-29,2026-06-13,200158.00,0.18,36028.00,200158.00,200158.00,paid,INR,purchase bill
AP-RT-2026-000618,RT-2026-000618,Goldcrest Steel Traders Company,VEND-016,2026-04-29,2026-06-29,240652.00,0.18,28878.00,240652.00,240652.00,paid,INR,purchase bill
AP-VB-2026-000619,VB-2026-000619,Everstone Staffing & Co,VEND-020,2026-04-29,2026-06-13,402685.00,0.18,72483.00,402685.00,402685.00,paid,INR,purchase bill
AP-VB-2026-000620,VB-2026-000620,Everstone Staffing & Co,VEND-020,2026-04-29,2026-06-13,310449.00,0.18,55881.00,310449.00,310449.00,paid,INR,purchase bill
AP-VB-2026-000621,VB-2026-000621,Karman Print Solutions Ltd,VEND-013,2026-04-29,2026-06-13,300879.00,0.18,15044.00,300879.00,300879.00,paid,INR,purchase bill
AP-RT-2026-000622,RT-2026-000622,Trinetra Solar EPC LLP,VEND-008,2026-04-29,2026-06-29,246089.00,0.18,44296.00,246089.00,246089.00,paid,INR,purchase bill
AP-VB-2026-000623,VB-2026-000623,Goldcrest Steel Traders Company,VEND-016,2026-04-29,2026-06-29,140057.00,0.18,25210.00,140057.00,140057.00,paid,INR,purchase bill
AP-RT-2026-000633,RT-2026-000633,Meridian Hardware Private Limited,VEND-002,2026-04-30,2026-05-30,219924.00,0.18,10996.00,219924.00,219924.00,paid,INR,purchase bill
AP-VB-2026-000634,VB-2026-000634,Bluepeak Cold Chain PVT LTD,VEND-022,2026-04-30,2026-06-15,247977.00,0.18,44636.00,247977.00,235244.00,partial,INR,purchase bill short deduction
AP-VB-2026-000635,VB-2026-000635,Pragati Fab Services Ltd,VEND-017,2026-04-30,2026-06-15,241579.00,0.18,28989.00,241579.00,234015.00,partial,INR,purchase bill short deduction
AP-VB-2026-000636,VB-2026-000636,Pragati Conveyances PVT LTD,VEND-005,2026-04-30,2026-05-30,346096.00,0.18,62297.00,346096.00,346096.00,paid,INR,purchase bill
AP-RT-2026-000637,RT-2026-000637,Anant Infra Electricals Ltd,VEND-004,2026-04-30,2026-05-15,329346.00,0.18,16467.00,329346.00,329346.00,paid,INR,purchase bill
AP-VB-2026-000651,VB-2026-000651,Ashwini Machine Parts Ltd,VEND-003,2026-05-01,2026-06-30,345247.00,0.18,17262.00,345247.00,332658.00,partial,INR,purchase bill short deduction
AP-RT-2026-000652,RT-2026-000652,Bluepeak Cold Chain PVT LTD,VEND-022,2026-05-01,2026-06-15,300064.00,0.18,54012.00,300064.00,300064.00,paid,INR,purchase bill
AP-RT-2026-000653,RT-2026-000653,Trinetra Solar EPC LLP,VEND-008,2026-05-01,2026-06-30,563094.00,0.18,101357.00,563094.00,563094.00,paid,INR,purchase bill
AP-VB-2026-000654,VB-2026-000654,Everstone Recyclers & Co,VEND-007,2026-05-01,2026-05-16,446820.00,0.18,80428.00,446820.00,446820.00,paid,INR,purchase bill
AP-VB-2026-000655,VB-2026-000655,Vrundavan Interiors PVT LTD,VEND-019,2026-05-01,2026-05-16,139487.00,0.18,25108.00,139487.00,139487.00,paid,INR,purchase bill
AP-VB-2026-000656,VB-2026-000656,Anant Infra Electricals Ltd,VEND-004,2026-05-01,2026-05-16,442942.00,0.18,53153.00,442942.00,442942.00,paid,INR,purchase bill
AP-VB-2026-000657,VB-2026-000657,Pragati Conveyances PVT LTD,VEND-005,2026-05-01,2026-06-01,292419.00,0.18,35090.00,292419.00,292419.00,paid,INR,purchase bill
AP-VB-2026-000660,VB-2026-000660,Trinetra Agri Inputs Company,VEND-018,2026-05-02,2026-06-01,843373.00,0.18,151807.00,843373.00,843373.00,paid,INR,purchase bill
AP-RT-2026-000661,RT-2026-000661,Trinetra Solar EPC LLP,VEND-008,2026-05-02,2026-07-01,311423.00,0.18,37371.00,311423.00,311423.00,paid,INR,purchase bill
AP-RT-2026-000667,RT-2026-000667,Trinetra Agri Inputs Company,VEND-018,2026-05-04,2026-06-03,275714.00,0.18,49629.00,275714.00,275714.00,paid,INR,purchase bill
AP-RT-2026-000668,RT-2026-000668,Shree Balaji Analytics Private Limited,VEND-015,2026-05-04,2026-07-03,417559.00,0.18,75161.00,417559.00,417559.00,paid,INR,purchase bill
AP-RT-2026-000669,RT-2026-000669,Anant Infra Electricals Ltd,VEND-004,2026-05-04,2026-05-19,236795.00,0.18,42623.00,236795.00,236795.00,paid,INR,purchase bill
AP-RT-2026-000670,RT-2026-000670,Goldcrest Steel Traders Company,VEND-016,2026-05-04,2026-07-03,449167.00,0.18,80850.00,449167.00,449167.00,paid,INR,purchase bill
AP-VB-2026-000680,VB-2026-000680,Orbitex Warehousing & Co,VEND-010,2026-05-05,2026-06-04,297582.00,0.18,53565.00,297582.00,297582.00,paid,INR,purchase bill
AP-RT-2026-000681,RT-2026-000681,Karman Catering Services LLP,VEND-014,2026-05-05,2026-07-04,146313.00,0.18,26336.00,146313.00,146313.00,paid,INR,purchase bill
AP-RT-2026-000682,RT-2026-000682,Vrundavan Interiors PVT LTD,VEND-019,2026-05-05,2026-05-20,72682.00,0.18,3634.00,72682.00,72682.00,paid,INR,purchase bill
AP-RT-2026-000683,RT-2026-000683,Shree Balaji Analytics Private Limited,VEND-015,2026-05-05,2026-07-04,176229.00,0.18,31721.00,176229.00,176229.00,paid,INR,purchase bill
AP-VB-2026-000684,VB-2026-000684,Trinetra Agri Inputs Company,VEND-018,2026-05-05,2026-06-04,311306.00,0.18,56035.00,311306.00,311306.00,paid,INR,purchase bill
AP-RT-2026-000685,RT-2026-000685,Meridian Polymers Ltd,VEND-001,2026-05-05,2026-06-04,84735.00,0.18,10168.00,84735.00,84735.00,paid,INR,purchase bill
AP-RT-2026-000686,RT-2026-000686,Everstone Recyclers & Co,VEND-007,2026-05-05,2026-05-20,724014.00,0.18,86882.00,724014.00,724014.00,paid,INR,purchase bill
AP-VB-2026-000694,VB-2026-000694,Lohiya Logistics Ltd,VEND-006,2026-05-06,2026-05-21,496234.00,0.18,59548.00,496234.00,496234.00,paid,INR,purchase bill
AP-RT-2026-000695,RT-2026-000695,Trinetra Solar EPC LLP,VEND-008,2026-05-06,2026-07-06,149793.00,0.18,26963.00,149793.00,149793.00,paid,INR,purchase bill
AP-VB-2026-000696,VB-2026-000696,Vaishnavi Piping Solutions Ltd,VEND-021,2026-05-06,2026-06-05,380122.00,0.18,45615.00,380122.00,380122.00,paid,INR,purchase bill
AP-RT-2026-000697,RT-2026-000697,Lohiya Logistics Ltd,VEND-006,2026-05-06,2026-05-21,1590409.00,0.18,79520.00,1590409.00,1590409.00,paid,INR,purchase bill
AP-RT-2026-000698,RT-2026-000698,Lohiya Logistics Ltd,VEND-006,2026-05-06,2026-05-21,357766.00,0.18,64398.00,357766.00,357766.00,paid,INR,purchase bill
AP-RT-2026-000699,RT-2026-000699,Orbitex Warehousing & Co,VEND-010,2026-05-06,2026-06-05,189404.00,0.18,9470.00,189404.00,189404.00,paid,INR,purchase bill
AP-VB-2026-000700,VB-2026-000700,Ashwini Machine Parts Ltd,VEND-003,2026-05-06,2026-07-06,610274.00,0.18,109849.00,610274.00,610274.00,paid,INR,purchase bill
AP-VB-2026-000707,VB-2026-000707,Goldcrest Steel Traders Company,VEND-016,2026-05-07,2026-07-06,477747.00,0.18,57330.00,477747.00,477747.00,paid,INR,purchase bill
AP-RT-2026-000708,RT-2026-000708,Goldcrest Steel Traders Company,VEND-016,2026-05-07,2026-07-06,240430.00,0.18,28852.00,240430.00,240430.00,paid,INR,purchase bill
AP-RT-2026-000709,RT-2026-000709,Ashwini Machine Parts Ltd,VEND-003,2026-05-07,2026-07-06,1248518.00,0.18,62426.00,1248518.00,1215879.00,partial,INR,purchase bill short deduction
AP-VB-2026-000710,VB-2026-000710,Everstone Staffing & Co,VEND-020,2026-05-07,2026-06-22,607680.00,0.18,30384.00,607680.00,574798.00,partial,INR,purchase bill short deduction
AP-RT-2026-000711,RT-2026-000711,Anant Infra Electricals Ltd,VEND-004,2026-05-07,2026-05-22,872150.00,0.18,104658.00,872150.00,872150.00,paid,INR,purchase bill
AP-VB-2026-000712,VB-2026-000712,Trinetra Solar EPC LLP,VEND-008,2026-05-07,2026-07-06,317868.00,0.18,38144.00,317868.00,317868.00,paid,INR,purchase bill
AP-VB-2026-000723,VB-2026-000723,Shree Balaji Analytics Private Limited,VEND-015,2026-05-08,2026-07-07,232432.00,0.18,27892.00,232432.00,232432.00,paid,INR,purchase bill
AP-RT-2026-000724,RT-2026-000724,Karman Catering Services LLP,VEND-014,2026-05-08,2026-07-07,115067.00,0.18,20712.00,115067.00,115067.00,paid,INR,purchase bill
AP-VB-2026-000725,VB-2026-000725,Meridian Hardware Private Limited,VEND-002,2026-05-08,2026-06-08,493274.00,0.18,88789.00,493274.00,493274.00,paid,INR,purchase bill
AP-RT-2026-000726,RT-2026-000726,Meridian Polymers Ltd,VEND-001,2026-05-08,2026-06-08,231002.00,0.18,41580.00,231002.00,231002.00,paid,INR,purchase bill
AP-VB-2026-000727,VB-2026-000727,Meridian Polymers Ltd,VEND-001,2026-05-08,2026-06-08,83100.00,0.18,9972.00,83100.00,83100.00,paid,INR,purchase bill
AP-VB-2026-000728,VB-2026-000728,Pragati Fab Services Ltd,VEND-017,2026-05-08,2026-06-22,186702.00,0.18,9335.00,186702.00,186702.00,paid,INR,purchase bill
AP-RT-2026-000729,RT-2026-000729,Northline Roofing Products PVT LTD,VEND-011,2026-05-08,2026-06-08,209749.00,0.18,37755.00,209749.00,209749.00,paid,INR,purchase bill
AP-VB-2026-000730,VB-2026-000730,Everstone Staffing & Co,VEND-020,2026-05-08,2026-06-22,190975.00,0.18,34375.00,190975.00,190975.00,paid,INR,purchase bill
AP-RT-2026-000731,RT-2026-000731,Goldcrest Steel Traders Company,VEND-016,2026-05-08,2026-07-07,357940.00,0.18,42953.00,357940.00,357940.00,paid,INR,purchase bill
AP-VB-2026-000736,VB-2026-000736,Karman Print Solutions Ltd,VEND-013,2026-05-09,2026-06-23,142153.00,0.18,25588.00,142153.00,142153.00,paid,INR,purchase bill
AP-RT-2026-000737,RT-2026-000737,Shree Balaji Analytics Private Limited,VEND-015,2026-05-09,2026-07-08,320272.00,0.18,57649.00,320272.00,320272.00,paid,INR,purchase bill
AP-VB-2026-000738,VB-2026-000738,Zenith One Textiles LLP,VEND-012,2026-05-09,2026-07-08,251376.00,0.18,45248.00,251376.00,251376.00,paid,INR,purchase bill
AP-RT-2026-000739,RT-2026-000739,Ashwini Machine Parts Ltd,VEND-003,2026-05-09,2026-07-08,115977.00,0.18,5799.00,115977.00,115977.00,paid,INR,purchase bill
AP-RT-2026-000740,RT-2026-000740,Everstone Staffing & Co,VEND-020,2026-05-09,2026-06-23,493717.00,0.18,24686.00,493717.00,493717.00,paid,INR,purchase bill
AP-RT-2026-000741,RT-2026-000741,Meridian Polymers Ltd,VEND-001,2026-05-09,2026-06-08,119962.00,0.18,21593.00,119962.00,119962.00,paid,INR,purchase bill
AP-VB-2026-000742,VB-2026-000742,Orbitex Warehousing & Co,VEND-010,2026-05-09,2026-06-08,166955.00,0.18,30052.00,166955.00,166955.00,paid,INR,purchase bill
AP-RT-2026-000743,RT-2026-000743,Trinetra Solar EPC LLP,VEND-008,2026-05-09,2026-07-08,567951.00,0.18,28398.00,567951.00,567951.00,paid,INR,purchase bill
AP-VB-2026-000749,VB-2026-000749,Karman Catering Services LLP,VEND-014,2026-05-11,2026-07-10,159853.00,0.18,28774.00,159853.00,159853.00,paid,INR,purchase bill
AP-VB-2026-000750,VB-2026-000750,Trinetra Solar EPC LLP,VEND-008,2026-05-11,2026-07-10,261596.00,0.18,47087.00,261596.00,261596.00,paid,INR,purchase bill
AP-RT-2026-000751,RT-2026-000751,Goldcrest Steel Traders Company,VEND-016,2026-05-11,2026-07-10,325624.00,0.18,58612.00,325624.00,325624.00,paid,INR,purchase bill
AP-VB-2026-000752,VB-2026-000752,Lohiya Logistics Ltd,VEND-006,2026-05-11,2026-05-26,422294.00,0.18,76013.00,422294.00,422294.00,paid,INR,purchase bill
AP-RT-2026-000758,RT-2026-000758,Zenith One Textiles LLP,VEND-012,2026-05-12,2026-07-11,420245.00,0.18,21012.00,420245.00,420245.00,paid,INR,purchase bill
AP-RT-2026-000759,RT-2026-000759,Pragati Fab Services Ltd,VEND-017,2026-05-12,2026-06-26,385641.00,0.18,69415.00,385641.00,385641.00,paid,INR,purchase bill
AP-VB-2026-000760,VB-2026-000760,Bluepeak Cold Chain PVT LTD,VEND-022,2026-05-12,2026-06-26,136989.00,0.18,16439.00,136989.00,136989.00,paid,INR,purchase bill
AP-VB-2026-000767,VB-2026-000767,Zenith One Textiles LLP,VEND-012,2026-05-13,2026-07-13,241500.00,0.18,43470.00,241500.00,241500.00,paid,INR,purchase bill
AP-VB-2026-000768,VB-2026-000768,Ashwini Machine Parts Ltd,VEND-003,2026-05-13,2026-07-13,149600.00,0.18,26928.00,149600.00,149600.00,paid,INR,purchase bill
AP-RT-2026-000769,RT-2026-000769,Orbitex Warehousing & Co,VEND-010,2026-05-13,2026-06-12,283603.00,0.18,14180.00,283603.00,283603.00,paid,INR,purchase bill
AP-RT-2026-000770,RT-2026-000770,Ashwini Machine Parts Ltd,VEND-003,2026-05-13,2026-07-13,200580.00,0.18,10029.00,200580.00,200580.00,paid,INR,purchase bill
AP-VB-2026-000771,VB-2026-000771,Everstone Recyclers & Co,VEND-007,2026-05-13,2026-05-28,317477.00,0.18,15874.00,317477.00,317477.00,paid,INR,purchase bill
AP-VB-2026-000772,VB-2026-000772,Pragati Fab Services Ltd,VEND-017,2026-05-13,2026-06-27,374846.00,0.18,18742.00,374846.00,374846.00,paid,INR,purchase bill
AP-VB-2026-000776,VB-2026-000776,Anant Infra Electricals Ltd,VEND-004,2026-05-14,2026-05-29,368476.00,0.18,66326.00,368476.00,368476.00,paid,INR,purchase bill
AP-RT-2026-000777,RT-2026-000777,Pragati Fab Services Ltd,VEND-017,2026-05-14,2026-06-29,1237962.00,0.18,222833.00,1237962.00,1237962.00,paid,INR,purchase bill
AP-RT-2026-000778,RT-2026-000778,Shree Balaji Analytics Private Limited,VEND-015,2026-05-14,2026-07-13,351281.00,0.18,42154.00,351281.00,351281.00,paid,INR,purchase bill
AP-RT-2026-000779,RT-2026-000779,Lohiya Logistics Ltd,VEND-006,2026-05-14,2026-05-29,386047.00,0.18,46326.00,386047.00,386047.00,paid,INR,purchase bill
AP-VB-2026-000787,VB-2026-000787,Zenith One Textiles LLP,VEND-012,2026-05-15,2026-07-14,207821.00,0.18,37408.00,207821.00,207821.00,paid,INR,purchase bill
AP-RT-2026-000788,RT-2026-000788,Trinetra Solar EPC LLP,VEND-008,2026-05-15,2026-07-14,202108.00,0.18,24253.00,202108.00,202108.00,paid,INR,purchase bill
AP-VB-2026-000789,VB-2026-000789,Lohiya Logistics Ltd,VEND-006,2026-05-15,2026-05-30,535471.00,0.18,26774.00,535471.00,535471.00,paid,INR,purchase bill
AP-RT-2026-000790,RT-2026-000790,Pragati Fab Services Ltd,VEND-017,2026-05-15,2026-06-29,1445114.00,0.18,260121.00,1445114.00,1445114.00,paid,INR,purchase bill
AP-VB-2026-000791,VB-2026-000791,Trinetra Agri Inputs Company,VEND-018,2026-05-15,2026-06-15,551301.00,0.18,66156.00,551301.00,532258.00,partial,INR,purchase bill short deduction
AP-VB-2026-000792,VB-2026-000792,Lohiya Logistics Ltd,VEND-006,2026-05-15,2026-05-30,768891.00,0.18,92267.00,768891.00,768891.00,paid,INR,purchase bill
AP-VB-2026-000795,VB-2026-000795,Trinetra Agri Inputs Company,VEND-018,2026-05-16,2026-06-15,352052.00,0.18,63369.00,352052.00,352052.00,paid,INR,purchase bill
AP-RT-2026-000796,RT-2026-000796,Everstone Staffing & Co,VEND-020,2026-05-16,2026-06-30,314920.00,0.18,56686.00,314920.00,314920.00,paid,INR,purchase bill
AP-RT-2026-000797,RT-2026-000797,Anant Infra Electricals Ltd,VEND-004,2026-05-16,2026-06-01,600901.00,0.18,30045.00,600901.00,600901.00,paid,INR,purchase bill
AP-RT-2026-000798,RT-2026-000798,Vrundavan Interiors PVT LTD,VEND-019,2026-05-16,2026-06-01,506466.00,0.18,91164.00,506466.00,506466.00,paid,INR,purchase bill
AP-VB-2026-000799,VB-2026-000799,Zenith One Textiles LLP,VEND-012,2026-05-16,2026-07-15,223126.00,0.18,11156.00,223126.00,223126.00,paid,INR,purchase bill
AP-RT-2026-000800,RT-2026-000800,Pragati Fab Services Ltd,VEND-017,2026-05-16,2026-06-30,1238232.00,0.18,222882.00,1238232.00,1238232.00,paid,INR,purchase bill
AP-VB-2026-000801,VB-2026-000801,Pragati Fab Services Ltd,VEND-017,2026-05-16,2026-06-30,272782.00,0.18,32734.00,272782.00,258065.00,partial,INR,purchase bill short deduction
AP-VB-2026-000802,VB-2026-000802,Ashwini Machine Parts Ltd,VEND-003,2026-05-17,2026-07-16,1672050.00,0.18,300969.00,1672050.00,1672050.00,paid,INR,purchase bill
AP-VB-2026-000803,VB-2026-000803,Pragati Conveyances PVT LTD,VEND-005,2026-05-17,2026-06-16,881185.00,0.18,105742.00,881185.00,881185.00,paid,INR,purchase bill
AP-VB-2026-000809,VB-2026-000809,Anant Infra Electricals Ltd,VEND-004,2026-05-18,2026-06-02,171641.00,0.18,20597.00,171641.00,171641.00,paid,INR,purchase bill
AP-RT-2026-000810,RT-2026-000810,Lohiya Logistics Ltd,VEND-006,2026-05-18,2026-06-02,540893.00,0.18,27045.00,540893.00,540893.00,paid,INR,purchase bill
AP-VB-2026-000811,VB-2026-000811,Pragati Fab Services Ltd,VEND-017,2026-05-18,2026-07-02,1263846.00,0.18,63192.00,1263846.00,1263846.00,paid,INR,purchase bill
AP-RT-2026-000812,RT-2026-000812,Northline Roofing Products PVT LTD,VEND-011,2026-05-18,2026-06-17,137745.00,0.18,24794.00,137745.00,137745.00,paid,INR,purchase bill
AP-RT-2026-000813,RT-2026-000813,Anant Infra Electricals Ltd,VEND-004,2026-05-18,2026-06-02,496527.00,0.18,89375.00,496527.00,496527.00,paid,INR,purchase bill
AP-VB-2026-000820,VB-2026-000820,Karman Catering Services LLP,VEND-014,2026-05-19,2026-07-18,112709.00,0.18,20288.00,112709.00,112709.00,paid,INR,purchase bill
AP-RT-2026-000821,RT-2026-000821,Vaishnavi Piping Solutions Ltd,VEND-021,2026-05-19,2026-06-18,851847.00,0.18,153332.00,851847.00,851847.00,paid,INR,purchase bill
AP-VB-2026-000828,VB-2026-000828,Shree Balaji Analytics Private Limited,VEND-015,2026-05-20,2026-07-20,373654.00,0.18,67258.00,373654.00,373654.00,paid,INR,purchase bill
AP-VB-2026-000829,VB-2026-000829,Shree Balaji Analytics Private Limited,VEND-015,2026-05-20,2026-07-20,358025.00,0.18,17901.00,358025.00,358025.00,paid,INR,purchase bill
AP-VB-2026-000830,VB-2026-000830,Lohiya Logistics Ltd,VEND-006,2026-05-20,2026-06-04,406520.00,0.18,20326.00,406520.00,406520.00,paid,INR,purchase bill
AP-VB-2026-000831,VB-2026-000831,Zenith One Textiles LLP,VEND-012,2026-05-20,2026-07-20,474110.00,0.18,85340.00,474110.00,474110.00,paid,INR,purchase bill
AP-RT-2026-000832,RT-2026-000832,Pragati Fab Services Ltd,VEND-017,2026-05-20,2026-07-04,385143.00,0.18,69326.00,385143.00,385143.00,paid,INR,purchase bill
AP-VB-2026-000833,VB-2026-000833,Ashwini Machine Parts Ltd,VEND-003,2026-05-20,2026-07-20,972276.00,0.18,48614.00,972276.00,972276.00,paid,INR,purchase bill
AP-VB-2026-000839,VB-2026-000839,Trinetra Agri Inputs Company,VEND-018,2026-05-21,2026-06-20,583326.00,0.18,29166.00,583326.00,583326.00,paid,INR,purchase bill
AP-VB-2026-000840,VB-2026-000840,Bluepeak Cold Chain PVT LTD,VEND-022,2026-05-21,2026-07-06,113813.00,0.18,5691.00,113813.00,113813.00,paid,INR,purchase bill
AP-VB-2026-000851,VB-2026-000851,Ashwini Machine Parts Ltd,VEND-003,2026-05-22,2026-07-21,250508.00,0.18,12525.00,250508.00,250508.00,paid,INR,purchase bill
AP-RT-2026-000852,RT-2026-000852,Anant Infra Electricals Ltd,VEND-004,2026-05-22,2026-06-06,269010.00,0.18,32281.00,269010.00,269010.00,paid,INR,purchase bill
AP-RT-2026-000853,RT-2026-000853,Meridian Polymers Ltd,VEND-001,2026-05-22,2026-06-22,60133.00,0.18,7216.00,60133.00,56606.00,partial,INR,purchase bill short deduction
AP-RT-2026-000854,RT-2026-000854,Karman Catering Services LLP,VEND-014,2026-05-22,2026-07-21,146553.00,0.18,26380.00,146553.00,146553.00,paid,INR,purchase bill
AP-VB-2026-000859,VB-2026-000859,Karman Catering Services LLP,VEND-014,2026-05-23,2026-07-22,125451.00,0.18,6273.00,125451.00,125451.00,paid,INR,purchase bill
AP-VB-2026-000860,VB-2026-000860,Vrundavan Interiors PVT LTD,VEND-019,2026-05-23,2026-06-08,288912.00,0.18,14446.00,288912.00,288912.00,paid,INR,purchase bill
AP-VB-2026-000861,VB-2026-000861,Vaishnavi Piping Solutions Ltd,VEND-021,2026-05-23,2026-06-22,201652.00,0.18,10083.00,201652.00,201652.00,paid,INR,purchase bill
AP-RT-2026-000862,RT-2026-000862,Pragati Conveyances PVT LTD,VEND-005,2026-05-23,2026-06-22,390779.00,0.18,70340.00,390779.00,390779.00,paid,INR,purchase bill
AP-VB-2026-000863,VB-2026-000863,Vrundavan Interiors PVT LTD,VEND-019,2026-05-24,2026-06-08,545443.00,0.18,98180.00,545443.00,545443.00,paid,INR,purchase bill
AP-VB-2026-000864,VB-2026-000864,Vaishnavi Piping Solutions Ltd,VEND-021,2026-05-24,2026-06-23,508327.00,0.18,60999.00,508327.00,508327.00,paid,INR,purchase bill
AP-VB-2026-000873,VB-2026-000873,Sundara Water Treatment Ltd,VEND-009,2026-05-25,2026-06-09,99061.00,0.18,17831.00,99061.00,99061.00,paid,INR,purchase bill
AP-VB-2026-000874,VB-2026-000874,Orbitex Warehousing & Co,VEND-010,2026-05-25,2026-06-24,237820.00,0.18,28538.00,237820.00,237820.00,paid,INR,purchase bill
AP-VB-2026-000875,VB-2026-000875,Orbitex Warehousing & Co,VEND-010,2026-05-25,2026-06-24,394518.00,0.18,47342.00,394518.00,394518.00,paid,INR,purchase bill
AP-VB-2026-000876,VB-2026-000876,Karman Print Solutions Ltd,VEND-013,2026-05-25,2026-07-09,362893.00,0.18,18145.00,362893.00,362893.00,paid,INR,purchase bill
AP-RT-2026-000886,RT-2026-000886,Northline Roofing Products PVT LTD,VEND-011,2026-05-26,2026-06-25,133079.00,0.18,23954.00,133079.00,133079.00,paid,INR,purchase bill
AP-RT-2026-000887,RT-2026-000887,Karman Print Solutions Ltd,VEND-013,2026-05-26,2026-07-10,299491.00,0.18,53908.00,299491.00,299491.00,paid,INR,purchase bill
AP-VB-2026-000888,VB-2026-000888,Everstone Staffing & Co,VEND-020,2026-05-26,2026-07-10,147862.00,0.18,7393.00,147862.00,147862.00,paid,INR,purchase bill
AP-VB-2026-000889,VB-2026-000889,Zenith One Textiles LLP,VEND-012,2026-05-26,2026-07-25,329140.00,0.18,59245.00,329140.00,329140.00,paid,INR,purchase bill
AP-VB-2026-000890,VB-2026-000890,Trinetra Agri Inputs Company,VEND-018,2026-05-26,2026-06-25,551863.00,0.18,66224.00,551863.00,551863.00,paid,INR,purchase bill
AP-VB-2026-000891,VB-2026-000891,Lohiya Logistics Ltd,VEND-006,2026-05-26,2026-06-10,381219.00,0.18,19061.00,381219.00,381219.00,paid,INR,purchase bill
AP-VB-2026-000892,VB-2026-000892,Northline Roofing Products PVT LTD,VEND-011,2026-05-26,2026-06-25,344674.00,0.18,17234.00,344674.00,344674.00,paid,INR,purchase bill
AP-RT-2026-000893,RT-2026-000893,Meridian Hardware Private Limited,VEND-002,2026-05-26,2026-06-25,214642.00,0.18,38636.00,214642.00,214642.00,paid,INR,purchase bill
AP-RT-2026-000901,RT-2026-000901,Meridian Hardware Private Limited,VEND-002,2026-05-27,2026-06-26,565387.00,0.18,67846.00,565387.00,565387.00,paid,INR,purchase bill
AP-VB-2026-000902,VB-2026-000902,Pragati Fab Services Ltd,VEND-017,2026-05-27,2026-07-11,1168429.00,0.18,58421.00,1168429.00,1168429.00,paid,INR,purchase bill
AP-RT-2026-000903,RT-2026-000903,Trinetra Agri Inputs Company,VEND-018,2026-05-27,2026-06-26,294911.00,0.18,35389.00,294911.00,294911.00,paid,INR,purchase bill
AP-VB-2026-000904,VB-2026-000904,Anant Infra Electricals Ltd,VEND-004,2026-05-27,2026-06-11,238028.00,0.18,11901.00,238028.00,224978.00,partial,INR,purchase bill short deduction
AP-VB-2026-000905,VB-2026-000905,Northline Roofing Products PVT LTD,VEND-011,2026-05-27,2026-06-26,864363.00,0.18,155585.00,864363.00,864363.00,paid,INR,purchase bill
AP-VB-2026-000906,VB-2026-000906,Orbitex Warehousing & Co,VEND-010,2026-05-27,2026-06-26,199305.00,0.18,9965.00,199305.00,199305.00,paid,INR,purchase bill
AP-VB-2026-000907,VB-2026-000907,Trinetra Agri Inputs Company,VEND-018,2026-05-27,2026-06-26,237683.00,0.18,11884.00,237683.00,237683.00,paid,INR,purchase bill
AP-VB-2026-000913,VB-2026-000913,Shree Balaji Analytics Private Limited,VEND-015,2026-05-28,2026-07-27,129046.00,0.18,23228.00,129046.00,129046.00,paid,INR,purchase bill
AP-RT-2026-000914,RT-2026-000914,Trinetra Solar EPC LLP,VEND-008,2026-05-28,2026-07-27,302957.00,0.18,54532.00,302957.00,302957.00,paid,INR,purchase bill
AP-RT-2026-000915,RT-2026-000915,Anant Infra Electricals Ltd,VEND-004,2026-05-28,2026-06-12,516240.00,0.18,92923.00,516240.00,516240.00,paid,INR,purchase bill
AP-VB-2026-000916,VB-2026-000916,Vrundavan Interiors PVT LTD,VEND-019,2026-05-28,2026-06-12,246257.00,0.18,44326.00,246257.00,246257.00,paid,INR,purchase bill
AP-RT-2026-000929,RT-2026-000929,Sundara Water Treatment Ltd,VEND-009,2026-05-29,2026-06-13,311335.00,0.18,15567.00,311335.00,311335.00,paid,INR,purchase bill
AP-RT-2026-000930,RT-2026-000930,Trinetra Solar EPC LLP,VEND-008,2026-05-29,2026-07-28,861592.00,0.18,155087.00,861592.00,830464.00,partial,INR,purchase bill short deduction
AP-RT-2026-000931,RT-2026-000931,Bluepeak Cold Chain PVT LTD,VEND-022,2026-05-29,2026-07-13,110238.00,0.18,13229.00,110238.00,110238.00,paid,INR,purchase bill
AP-VB-2026-000932,VB-2026-000932,Bluepeak Cold Chain PVT LTD,VEND-022,2026-05-29,2026-07-13,120936.00,0.18,21768.00,120936.00,120936.00,paid,INR,purchase bill
AP-VB-2026-000933,VB-2026-000933,Shree Balaji Analytics Private Limited,VEND-015,2026-05-29,2026-07-28,309044.00,0.18,37085.00,309044.00,309044.00,paid,INR,purchase bill
AP-VB-2026-000938,VB-2026-000938,Bluepeak Cold Chain PVT LTD,VEND-022,2026-05-30,2026-07-14,474469.00,0.18,85404.00,474469.00,474469.00,paid,INR,purchase bill
AP-RT-2026-000946,RT-2026-000946,Meridian Hardware Private Limited,VEND-002,2026-06-01,2026-07-01,372019.00,0.18,66963.00,372019.00,372019.00,paid,INR,purchase bill
AP-VB-2026-000947,VB-2026-000947,Trinetra Solar EPC LLP,VEND-008,2026-06-01,2026-07-31,184386.00,0.18,9219.00,184386.00,184386.00,paid,INR,purchase bill
AP-RT-2026-000948,RT-2026-000948,Karman Print Solutions Ltd,VEND-013,2026-06-01,2026-07-16,458862.00,0.18,82595.00,458862.00,458862.00,paid,INR,purchase bill
AP-VB-2026-000949,VB-2026-000949,Everstone Staffing & Co,VEND-020,2026-06-01,2026-07-16,301644.00,0.18,15082.00,301644.00,301644.00,paid,INR,purchase bill
AP-VB-2026-000950,VB-2026-000950,Shree Balaji Analytics Private Limited,VEND-015,2026-06-01,2026-07-31,76131.00,0.18,13704.00,76131.00,76131.00,paid,INR,purchase bill
AP-RT-2026-000951,RT-2026-000951,Sundara Water Treatment Ltd,VEND-009,2026-06-01,2026-06-16,191982.00,0.18,9599.00,191982.00,191982.00,paid,INR,purchase bill
AP-RT-2026-000952,RT-2026-000952,Goldcrest Steel Traders Company,VEND-016,2026-06-01,2026-07-31,910708.00,0.18,163927.00,910708.00,868336.00,partial,INR,purchase bill short deduction
AP-RT-2026-000960,RT-2026-000960,Orbitex Warehousing & Co,VEND-010,2026-06-02,2026-07-02,289799.00,0.18,34776.00,289799.00,289799.00,paid,INR,purchase bill
AP-VB-2026-000961,VB-2026-000961,Zenith One Textiles LLP,VEND-012,2026-06-02,2026-08-01,316649.00,0.18,56997.00,316649.00,0.00,overdue,INR,purchase bill
AP-VB-2026-000962,VB-2026-000962,Trinetra Solar EPC LLP,VEND-008,2026-06-02,2026-08-01,128774.00,0.18,15453.00,128774.00,128774.00,paid,INR,purchase bill
AP-RT-2026-000963,RT-2026-000963,Vaishnavi Piping Solutions Ltd,VEND-021,2026-06-02,2026-07-02,590612.00,0.18,106310.00,590612.00,590612.00,paid,INR,purchase bill
AP-RT-2026-000964,RT-2026-000964,Shree Balaji Analytics Private Limited,VEND-015,2026-06-02,2026-08-01,913240.00,0.18,109589.00,913240.00,913240.00,paid,INR,purchase bill
AP-VB-2026-000965,VB-2026-000965,Orbitex Warehousing & Co,VEND-010,2026-06-02,2026-07-02,300428.00,0.18,54077.00,300428.00,300428.00,paid,INR,purchase bill
AP-VB-2026-000973,VB-2026-000973,Meridian Polymers Ltd,VEND-001,2026-06-03,2026-07-03,210033.00,0.18,37806.00,210033.00,210033.00,paid,INR,purchase bill
AP-VB-2026-000974,VB-2026-000974,Shree Balaji Analytics Private Limited,VEND-015,2026-06-03,2026-08-03,328815.00,0.18,16441.00,328815.00,328815.00,paid,INR,purchase bill
AP-VB-2026-000975,VB-2026-000975,Pragati Conveyances PVT LTD,VEND-005,2026-06-03,2026-07-03,265829.00,0.18,31899.00,265829.00,265829.00,paid,INR,purchase bill
AP-VB-2026-000976,VB-2026-000976,Meridian Hardware Private Limited,VEND-002,2026-06-03,2026-07-03,138404.00,0.18,6920.00,138404.00,138404.00,paid,INR,purchase bill
AP-VB-2026-000977,VB-2026-000977,Ashwini Machine Parts Ltd,VEND-003,2026-06-03,2026-08-03,298277.00,0.18,14914.00,298277.00,298277.00,paid,INR,purchase bill
AP-RT-2026-000978,RT-2026-000978,Karman Print Solutions Ltd,VEND-013,2026-06-03,2026-07-18,390304.00,0.18,46836.00,390304.00,390304.00,paid,INR,purchase bill
AP-RT-2026-000979,RT-2026-000979,Ashwini Machine Parts Ltd,VEND-003,2026-06-03,2026-08-03,381863.00,0.18,68735.00,381863.00,381863.00,paid,INR,purchase bill
AP-VB-2026-000980,VB-2026-000980,Goldcrest Steel Traders Company,VEND-016,2026-06-03,2026-08-03,257137.00,0.18,46285.00,257137.00,257137.00,paid,INR,purchase bill
AP-VB-2026-000991,VB-2026-000991,Everstone Recyclers & Co,VEND-007,2026-06-04,2026-06-19,1277369.00,0.18,63868.00,1277369.00,1277369.00,paid,INR,purchase bill
AP-VB-2026-000992,VB-2026-000992,Pragati Fab Services Ltd,VEND-017,2026-06-04,2026-07-20,1144491.00,0.18,206008.00,1144491.00,1144491.00,paid,INR,purchase bill
AP-VB-2026-000993,VB-2026-000993,Pragati Conveyances PVT LTD,VEND-005,2026-06-04,2026-07-04,498311.00,0.18,89696.00,498311.00,498311.00,paid,INR,purchase bill
AP-VB-2026-000994,VB-2026-000994,Zenith One Textiles LLP,VEND-012,2026-06-04,2026-08-03,793794.00,0.18,142883.00,793794.00,793794.00,paid,INR,purchase bill
AP-VB-2026-000995,VB-2026-000995,Ashwini Machine Parts Ltd,VEND-003,2026-06-04,2026-08-03,1079560.00,0.18,194321.00,1079560.00,1079560.00,paid,INR,purchase bill
AP-RT-2026-000996,RT-2026-000996,Anant Infra Electricals Ltd,VEND-004,2026-06-04,2026-06-19,598695.00,0.18,107765.00,598695.00,598695.00,paid,INR,purchase bill
AP-RT-2026-001006,RT-2026-001006,Pragati Conveyances PVT LTD,VEND-005,2026-06-05,2026-07-06,287836.00,0.18,51810.00,287836.00,287836.00,paid,INR,purchase bill
AP-RT-2026-001007,RT-2026-001007,Vrundavan Interiors PVT LTD,VEND-019,2026-06-05,2026-06-20,644226.00,0.18,115961.00,644226.00,644226.00,paid,INR,purchase bill
AP-RT-2026-001008,RT-2026-001008,Trinetra Solar EPC LLP,VEND-008,2026-06-05,2026-08-04,222693.00,0.18,40085.00,222693.00,222693.00,paid,INR,purchase bill
AP-VB-2026-001009,VB-2026-001009,Orbitex Warehousing & Co,VEND-010,2026-06-05,2026-07-06,163743.00,0.18,19649.00,163743.00,156521.00,partial,INR,purchase bill short deduction
AP-RT-2026-001010,RT-2026-001010,Shree Balaji Analytics Private Limited,VEND-015,2026-06-05,2026-08-04,572488.00,0.18,28624.00,572488.00,572488.00,paid,INR,purchase bill
AP-VB-2026-001011,VB-2026-001011,Everstone Staffing & Co,VEND-020,2026-06-05,2026-07-20,230659.00,0.18,11533.00,230659.00,230659.00,paid,INR,purchase bill
AP-VB-2026-001016,VB-2026-001016,Anant Infra Electricals Ltd,VEND-004,2026-06-06,2026-06-22,46996.00,0.18,5640.00,46996.00,46996.00,paid,INR,purchase bill
AP-VB-2026-001017,VB-2026-001017,Lohiya Logistics Ltd,VEND-006,2026-06-06,2026-06-22,950580.00,0.18,47529.00,950580.00,950580.00,paid,INR,purchase bill
AP-VB-2026-001018,VB-2026-001018,Goldcrest Steel Traders Company,VEND-016,2026-06-06,2026-08-05,394660.00,0.18,71039.00,394660.00,394660.00,paid,INR,purchase bill
AP-RT-2026-001019,RT-2026-001019,Trinetra Agri Inputs Company,VEND-018,2026-06-06,2026-07-06,377564.00,0.18,67962.00,377564.00,377564.00,paid,INR,purchase bill
AP-VB-2026-001025,VB-2026-001025,Goldcrest Steel Traders Company,VEND-016,2026-06-08,2026-08-07,684492.00,0.18,123209.00,684492.00,684492.00,paid,INR,purchase bill
AP-RT-2026-001026,RT-2026-001026,Karman Print Solutions Ltd,VEND-013,2026-06-08,2026-07-23,165864.00,0.18,19904.00,165864.00,165864.00,paid,INR,purchase bill
AP-RT-2026-001027,RT-2026-001027,Vaishnavi Piping Solutions Ltd,VEND-021,2026-06-08,2026-07-08,1310558.00,0.18,235900.00,1310558.00,1310558.00,paid,INR,purchase bill
AP-RT-2026-001028,RT-2026-001028,Zenith One Textiles LLP,VEND-012,2026-06-08,2026-08-07,547141.00,0.18,65657.00,547141.00,547141.00,paid,INR,purchase bill
AP-VB-2026-001029,VB-2026-001029,Vaishnavi Piping Solutions Ltd,VEND-021,2026-06-08,2026-07-08,825602.00,0.18,41280.00,825602.00,778793.00,partial,INR,purchase bill short deduction
AP-RT-2026-001030,RT-2026-001030,Karman Catering Services LLP,VEND-014,2026-06-08,2026-08-07,115087.00,0.18,13810.00,115087.00,115087.00,paid,INR,purchase bill
AP-RT-2026-001031,RT-2026-001031,Northline Roofing Products PVT LTD,VEND-011,2026-06-08,2026-07-08,440907.00,0.18,79363.00,440907.00,440907.00,paid,INR,purchase bill
AP-VB-2026-001032,VB-2026-001032,Pragati Conveyances PVT LTD,VEND-005,2026-06-08,2026-07-08,370551.00,0.18,66699.00,370551.00,370551.00,paid,INR,purchase bill
AP-VB-2026-001041,VB-2026-001041,Bluepeak Cold Chain PVT LTD,VEND-022,2026-06-09,2026-07-24,245992.00,0.18,44279.00,245992.00,245992.00,paid,INR,purchase bill
AP-RT-2026-001042,RT-2026-001042,Trinetra Agri Inputs Company,VEND-018,2026-06-09,2026-07-09,697160.00,0.18,83659.00,697160.00,658240.00,partial,INR,purchase bill short deduction
AP-VB-2026-001043,VB-2026-001043,Northline Roofing Products PVT LTD,VEND-011,2026-06-09,2026-07-09,557825.00,0.18,66939.00,557825.00,557825.00,paid,INR,purchase bill
AP-VB-2026-001044,VB-2026-001044,Ashwini Machine Parts Ltd,VEND-003,2026-06-09,2026-08-08,213156.00,0.18,38368.00,213156.00,213156.00,paid,INR,purchase bill
AP-RT-2026-001045,RT-2026-001045,Zenith One Textiles LLP,VEND-012,2026-06-09,2026-08-08,224381.00,0.18,40389.00,224381.00,224381.00,paid,INR,purchase bill
AP-VB-2026-001046,VB-2026-001046,Bluepeak Cold Chain PVT LTD,VEND-022,2026-06-09,2026-07-24,201639.00,0.18,36295.00,201639.00,201639.00,paid,INR,purchase bill
AP-VB-2026-001047,VB-2026-001047,Trinetra Agri Inputs Company,VEND-018,2026-06-09,2026-07-09,296302.00,0.18,53334.00,296302.00,296302.00,paid,INR,purchase bill
AP-RT-2026-001055,RT-2026-001055,Everstone Staffing & Co,VEND-020,2026-06-10,2026-07-25,314902.00,0.18,15745.00,314902.00,314902.00,paid,INR,purchase bill
AP-VB-2026-001056,VB-2026-001056,Everstone Staffing & Co,VEND-020,2026-06-10,2026-07-25,215261.00,0.18,38747.00,215261.00,204822.00,partial,INR,purchase bill short deduction
AP-VB-2026-001057,VB-2026-001057,Shree Balaji Analytics Private Limited,VEND-015,2026-06-10,2026-08-10,157602.00,0.18,18912.00,157602.00,157602.00,paid,INR,purchase bill
AP-VB-2026-001058,VB-2026-001058,Anant Infra Electricals Ltd,VEND-004,2026-06-10,2026-06-25,148910.00,0.18,17869.00,148910.00,148910.00,paid,INR,purchase bill
AP-VB-2026-001059,VB-2026-001059,Vrundavan Interiors PVT LTD,VEND-019,2026-06-10,2026-06-25,213511.00,0.18,38432.00,213511.00,213511.00,paid,INR,purchase bill
AP-RT-2026-001060,RT-2026-001060,Vrundavan Interiors PVT LTD,VEND-019,2026-06-10,2026-06-25,174786.00,0.18,31461.00,174786.00,174786.00,paid,INR,purchase bill
AP-VB-2026-001067,VB-2026-001067,Bluepeak Cold Chain PVT LTD,VEND-022,2026-06-11,2026-07-27,136485.00,0.18,6824.00,136485.00,136485.00,paid,INR,purchase bill
AP-RT-2026-001068,RT-2026-001068,Northline Roofing Products PVT LTD,VEND-011,2026-06-11,2026-07-11,233540.00,0.18,42037.00,233540.00,233540.00,paid,INR,purchase bill
AP-RT-2026-001069,RT-2026-001069,Northline Roofing Products PVT LTD,VEND-011,2026-06-11,2026-07-11,162905.00,0.18,8145.00,162905.00,162905.00,paid,INR,purchase bill
AP-RT-2026-001070,RT-2026-001070,Trinetra Agri Inputs Company,VEND-018,2026-06-11,2026-07-11,324610.00,0.18,38953.00,324610.00,324610.00,paid,INR,purchase bill
AP-RT-2026-001071,RT-2026-001071,Karman Print Solutions Ltd,VEND-013,2026-06-11,2026-07-27,336022.00,0.18,40323.00,336022.00,336022.00,paid,INR,purchase bill
AP-VB-2026-001072,VB-2026-001072,Orbitex Warehousing & Co,VEND-010,2026-06-11,2026-07-11,197684.00,0.18,23722.00,197684.00,197684.00,paid,INR,purchase bill
AP-RT-2026-001082,RT-2026-001082,Vrundavan Interiors PVT LTD,VEND-019,2026-06-12,2026-06-27,521299.00,0.18,93834.00,521299.00,521299.00,paid,INR,purchase bill
AP-RT-2026-001083,RT-2026-001083,Goldcrest Steel Traders Company,VEND-016,2026-06-12,2026-08-11,139007.00,0.18,6950.00,139007.00,139007.00,paid,INR,purchase bill
AP-VB-2026-001084,VB-2026-001084,Vaishnavi Piping Solutions Ltd,VEND-021,2026-06-12,2026-07-13,1047390.00,0.18,52370.00,1047390.00,1047390.00,paid,INR,purchase bill
AP-RT-2026-001085,RT-2026-001085,Pragati Conveyances PVT LTD,VEND-005,2026-06-12,2026-07-13,207730.00,0.18,37391.00,207730.00,207730.00,paid,INR,purchase bill
AP-VB-2026-001086,VB-2026-001086,Zenith One Textiles LLP,VEND-012,2026-06-12,2026-08-11,433012.00,0.18,77942.00,433012.00,433012.00,paid,INR,purchase bill
AP-VB-2026-001089,VB-2026-001089,Trinetra Agri Inputs Company,VEND-018,2026-06-13,2026-07-13,284327.00,0.18,51179.00,284327.00,284327.00,paid,INR,purchase bill
AP-RT-2026-001090,RT-2026-001090,Trinetra Agri Inputs Company,VEND-018,2026-06-13,2026-07-13,354450.00,0.18,63801.00,354450.00,354450.00,paid,INR,purchase bill
AP-RT-2026-001091,RT-2026-001091,Trinetra Solar EPC LLP,VEND-008,2026-06-13,2026-08-12,168944.00,0.18,30410.00,168944.00,166281.00,partial,INR,purchase bill short deduction
AP-RT-2026-001099,RT-2026-001099,Pragati Conveyances PVT LTD,VEND-005,2026-06-15,2026-07-15,394899.00,0.18,71082.00,394899.00,394899.00,paid,INR,purchase bill
AP-VB-2026-001100,VB-2026-001100,Pragati Fab Services Ltd,VEND-017,2026-06-15,2026-07-30,1182353.00,0.18,141882.00,1182353.00,0.00,overdue,INR,purchase bill
AP-RT-2026-001101,RT-2026-001101,Trinetra Agri Inputs Company,VEND-018,2026-06-15,2026-07-15,357610.00,0.18,64370.00,357610.00,357610.00,paid,INR,purchase bill
AP-VB-2026-001102,VB-2026-001102,Northline Roofing Products PVT LTD,VEND-011,2026-06-15,2026-07-15,1246976.00,0.18,62349.00,1246976.00,1246976.00,paid,INR,purchase bill
AP-VB-2026-001110,VB-2026-001110,Ashwini Machine Parts Ltd,VEND-003,2026-06-16,2026-08-17,276928.00,0.18,49847.00,276928.00,276928.00,paid,INR,purchase bill
AP-RT-2026-001111,RT-2026-001111,Pragati Fab Services Ltd,VEND-017,2026-06-16,2026-07-31,156223.00,0.18,28120.00,156223.00,156223.00,paid,INR,purchase bill
AP-RT-2026-001121,RT-2026-001121,Everstone Staffing & Co,VEND-020,2026-06-17,2026-08-01,328553.00,0.18,16428.00,328553.00,328553.00,paid,INR,purchase bill
AP-RT-2026-001122,RT-2026-001122,Sundara Water Treatment Ltd,VEND-009,2026-06-17,2026-07-02,163397.00,0.18,19608.00,163397.00,163397.00,paid,INR,purchase bill
AP-VB-2026-001123,VB-2026-001123,Anant Infra Electricals Ltd,VEND-004,2026-06-17,2026-07-02,156837.00,0.18,28231.00,156837.00,156837.00,paid,INR,purchase bill
AP-RT-2026-001132,RT-2026-001132,Anant Infra Electricals Ltd,VEND-004,2026-06-18,2026-07-03,182943.00,0.18,32930.00,182943.00,182943.00,paid,INR,purchase bill
AP-RT-2026-001133,RT-2026-001133,Goldcrest Steel Traders Company,VEND-016,2026-06-18,2026-08-17,83350.00,0.18,4168.00,83350.00,83350.00,paid,INR,purchase bill
AP-RT-2026-001134,RT-2026-001134,Vaishnavi Piping Solutions Ltd,VEND-021,2026-06-18,2026-07-18,537996.00,0.18,26900.00,537996.00,537996.00,paid,INR,purchase bill
AP-RT-2026-001135,RT-2026-001135,Ashwini Machine Parts Ltd,VEND-003,2026-06-18,2026-08-17,857948.00,0.18,154431.00,857948.00,857948.00,paid,INR,purchase bill
AP-RT-2026-001136,RT-2026-001136,Vaishnavi Piping Solutions Ltd,VEND-021,2026-06-18,2026-07-18,335606.00,0.18,60409.00,335606.00,335606.00,paid,INR,purchase bill
AP-VB-2026-001137,VB-2026-001137,Anant Infra Electricals Ltd,VEND-004,2026-06-18,2026-07-03,245421.00,0.18,12271.00,245421.00,245421.00,paid,INR,purchase bill
AP-VB-2026-001138,VB-2026-001138,Pragati Conveyances PVT LTD,VEND-005,2026-06-18,2026-07-18,427795.00,0.18,77003.00,427795.00,427795.00,paid,INR,purchase bill
AP-RT-2026-001139,RT-2026-001139,Bluepeak Cold Chain PVT LTD,VEND-022,2026-06-18,2026-08-03,407050.00,0.18,20353.00,407050.00,407050.00,paid,INR,purchase bill
AP-RT-2026-001150,RT-2026-001150,Everstone Recyclers & Co,VEND-007,2026-06-19,2026-07-04,1147348.00,0.18,137682.00,1147348.00,1147348.00,paid,INR,purchase bill
AP-VB-2026-001151,VB-2026-001151,Karman Catering Services LLP,VEND-014,2026-06-19,2026-08-18,131088.00,0.18,23596.00,131088.00,131088.00,paid,INR,purchase bill
AP-VB-2026-001152,VB-2026-001152,Orbitex Warehousing & Co,VEND-010,2026-06-19,2026-07-20,165813.00,0.18,29846.00,165813.00,165813.00,paid,INR,purchase bill
AP-RT-2026-001153,RT-2026-001153,Vaishnavi Piping Solutions Ltd,VEND-021,2026-06-19,2026-07-20,501614.00,0.18,60194.00,501614.00,501614.00,paid,INR,purchase bill
AP-VB-2026-001154,VB-2026-001154,Karman Catering Services LLP,VEND-014,2026-06-19,2026-08-18,241808.00,0.18,43525.00,241808.00,241808.00,paid,INR,purchase bill
AP-VB-2026-001155,VB-2026-001155,Trinetra Solar EPC LLP,VEND-008,2026-06-19,2026-08-18,1209717.00,0.18,145166.00,1209717.00,1209717.00,paid,INR,purchase bill
AP-VB-2026-001156,VB-2026-001156,Shree Balaji Analytics Private Limited,VEND-015,2026-06-19,2026-08-18,141493.00,0.18,25469.00,141493.00,141493.00,paid,INR,purchase bill
AP-RT-2026-001158,RT-2026-001158,Karman Catering Services LLP,VEND-014,2026-06-20,2026-08-19,88892.00,0.18,4445.00,88892.00,88892.00,paid,INR,purchase bill
AP-VB-2026-001159,VB-2026-001159,Orbitex Warehousing & Co,VEND-010,2026-06-20,2026-07-20,216187.00,0.18,38914.00,216187.00,216187.00,paid,INR,purchase bill
AP-VB-2026-001160,VB-2026-001160,Bluepeak Cold Chain PVT LTD,VEND-022,2026-06-20,2026-08-04,408064.00,0.18,73452.00,408064.00,408064.00,paid,INR,purchase bill
AP-VB-2026-001162,VB-2026-001162,Karman Catering Services LLP,VEND-014,2026-06-21,2026-08-20,161138.00,0.18,29005.00,161138.00,160435.00,partial,INR,purchase bill short deduction
AP-RT-2026-001163,RT-2026-001163,Karman Print Solutions Ltd,VEND-013,2026-06-21,2026-08-05,292905.00,0.18,52723.00,292905.00,292905.00,paid,INR,purchase bill
AP-VB-2026-001171,VB-2026-001171,Meridian Polymers Ltd,VEND-001,2026-06-22,2026-07-22,946350.00,0.18,170343.00,946350.00,915312.00,partial,INR,purchase bill short deduction
AP-VB-2026-001172,VB-2026-001172,Shree Balaji Analytics Private Limited,VEND-015,2026-06-22,2026-08-21,204247.00,0.18,24510.00,204247.00,204247.00,paid,INR,purchase bill
AP-VB-2026-001173,VB-2026-001173,Lohiya Logistics Ltd,VEND-006,2026-06-22,2026-07-07,1291850.00,0.18,155022.00,1291850.00,1291850.00,paid,INR,purchase bill
AP-VB-2026-001174,VB-2026-001174,Trinetra Solar EPC LLP,VEND-008,2026-06-22,2026-08-21,618068.00,0.18,111252.00,618068.00,0.00,overdue,INR,purchase bill
AP-VB-2026-001175,VB-2026-001175,Northline Roofing Products PVT LTD,VEND-011,2026-06-22,2026-07-22,225669.00,0.18,11283.00,225669.00,225669.00,paid,INR,purchase bill
AP-VB-2026-001186,VB-2026-001186,Sundara Water Treatment Ltd,VEND-009,2026-06-23,2026-07-08,190172.00,0.18,22821.00,190172.00,190172.00,paid,INR,purchase bill
AP-RT-2026-001187,RT-2026-001187,Karman Print Solutions Ltd,VEND-013,2026-06-23,2026-08-07,275309.00,0.18,13765.00,275309.00,273890.00,partial,INR,purchase bill short deduction
AP-RT-2026-001195,RT-2026-001195,Zenith One Textiles LLP,VEND-012,2026-06-24,2026-08-24,295496.00,0.18,53189.00,295496.00,295496.00,paid,INR,purchase bill
AP-VB-2026-001196,VB-2026-001196,Vaishnavi Piping Solutions Ltd,VEND-021,2026-06-24,2026-07-24,404198.00,0.18,20210.00,404198.00,404198.00,paid,INR,purchase bill
AP-RT-2026-001197,RT-2026-001197,Orbitex Warehousing & Co,VEND-010,2026-06-24,2026-07-24,287445.00,0.18,14372.00,287445.00,287445.00,paid,INR,purchase bill
AP-RT-2026-001198,RT-2026-001198,Karman Catering Services LLP,VEND-014,2026-06-24,2026-08-24,65467.00,0.18,11784.00,65467.00,65467.00,paid,INR,purchase bill
AP-VB-2026-001199,VB-2026-001199,Sundara Water Treatment Ltd,VEND-009,2026-06-24,2026-07-09,152322.00,0.18,18279.00,152322.00,152322.00,paid,INR,purchase bill
AP-VB-2026-001211,VB-2026-001211,Meridian Hardware Private Limited,VEND-002,2026-06-25,2026-07-25,116759.00,0.18,5838.00,116759.00,116759.00,paid,INR,purchase bill
AP-VB-2026-001212,VB-2026-001212,Shree Balaji Analytics Private Limited,VEND-015,2026-06-25,2026-08-24,486673.00,0.18,87601.00,486673.00,486673.00,paid,INR,purchase bill
AP-RT-2026-001213,RT-2026-001213,Everstone Recyclers & Co,VEND-007,2026-06-25,2026-07-10,558491.00,0.18,27925.00,558491.00,558491.00,paid,INR,purchase bill
AP-RT-2026-001214,RT-2026-001214,Goldcrest Steel Traders Company,VEND-016,2026-06-25,2026-08-24,343851.00,0.18,61893.00,343851.00,343851.00,paid,INR,purchase bill
AP-VB-2026-001215,VB-2026-001215,Meridian Hardware Private Limited,VEND-002,2026-06-25,2026-07-25,518240.00,0.18,93283.00,518240.00,518240.00,paid,INR,purchase bill
AP-RT-2026-001216,RT-2026-001216,Anant Infra Electricals Ltd,VEND-004,2026-06-25,2026-07-10,801266.00,0.18,144228.00,801266.00,801266.00,paid,INR,purchase bill
AP-RT-2026-001222,RT-2026-001222,Vaishnavi Piping Solutions Ltd,VEND-021,2026-06-26,2026-07-27,258755.00,0.18,46576.00,258755.00,258755.00,paid,INR,purchase bill
AP-VB-2026-001223,VB-2026-001223,Meridian Hardware Private Limited,VEND-002,2026-06-26,2026-07-27,184021.00,0.18,9201.00,184021.00,184021.00,paid,INR,purchase bill
AP-VB-2026-001224,VB-2026-001224,Everstone Recyclers & Co,VEND-007,2026-06-26,2026-07-11,251605.00,0.18,45289.00,251605.00,251605.00,paid,INR,purchase bill
AP-RT-2026-001225,RT-2026-001225,Bluepeak Cold Chain PVT LTD,VEND-022,2026-06-26,2026-08-10,207024.00,0.18,24843.00,207024.00,207024.00,paid,INR,purchase bill
AP-RT-2026-001226,RT-2026-001226,Trinetra Agri Inputs Company,VEND-018,2026-06-26,2026-07-27,282742.00,0.18,33929.00,282742.00,282742.00,paid,INR,purchase bill
AP-VB-2026-001227,VB-2026-001227,Everstone Staffing & Co,VEND-020,2026-06-26,2026-08-10,309011.00,0.18,55622.00,309011.00,309011.00,paid,INR,purchase bill
AP-VB-2026-001228,VB-2026-001228,Meridian Hardware Private Limited,VEND-002,2026-06-26,2026-07-27,618394.00,0.18,74207.00,618394.00,618394.00,paid,INR,purchase bill
AP-VB-2026-001232,VB-2026-001232,Northline Roofing Products PVT LTD,VEND-011,2026-06-27,2026-07-27,1535113.00,0.18,276320.00,1535113.00,1535113.00,paid,INR,purchase bill
AP-VB-2026-001233,VB-2026-001233,Goldcrest Steel Traders Company,VEND-016,2026-06-27,2026-08-26,389821.00,0.18,70168.00,389821.00,389821.00,paid,INR,purchase bill
AP-VB-2026-001234,VB-2026-001234,Vrundavan Interiors PVT LTD,VEND-019,2026-06-27,2026-07-13,352303.00,0.18,63415.00,352303.00,352303.00,paid,INR,purchase bill
AP-VB-2026-001235,VB-2026-001235,Zenith One Textiles LLP,VEND-012,2026-06-27,2026-08-26,186215.00,0.18,9311.00,186215.00,186215.00,paid,INR,purchase bill
AP-RT-2026-001236,RT-2026-001236,Karman Print Solutions Ltd,VEND-013,2026-06-27,2026-08-11,109022.00,0.18,19624.00,109022.00,106137.00,partial,INR,purchase bill short deduction
AP-RT-2026-001246,RT-2026-001246,Orbitex Warehousing & Co,VEND-010,2026-06-29,2026-07-29,142832.00,0.18,25710.00,142832.00,142832.00,paid,INR,purchase bill
AP-RT-2026-001247,RT-2026-001247,Everstone Recyclers & Co,VEND-007,2026-06-29,2026-07-14,288085.00,0.18,14404.00,288085.00,288085.00,paid,INR,purchase bill
AP-RT-2026-001248,RT-2026-001248,Pragati Fab Services Ltd,VEND-017,2026-06-29,2026-08-13,1103106.00,0.18,198559.00,1103106.00,1103106.00,paid,INR,purchase bill
AP-RT-2026-001249,RT-2026-001249,Northline Roofing Products PVT LTD,VEND-011,2026-06-29,2026-07-29,342851.00,0.18,61713.00,342851.00,342851.00,paid,INR,purchase bill
AP-VB-2026-001250,VB-2026-001250,Northline Roofing Products PVT LTD,VEND-011,2026-06-29,2026-07-29,1488201.00,0.18,267876.00,1488201.00,1488201.00,paid,INR,purchase bill
AP-VB-2026-001264,VB-2026-001264,Northline Roofing Products PVT LTD,VEND-011,2026-06-30,2026-07-30,1356942.00,0.18,244250.00,1356942.00,1356942.00,paid,INR,purchase bill
AP-VB-2026-001265,VB-2026-001265,Trinetra Solar EPC LLP,VEND-008,2026-06-30,2026-08-29,841115.00,0.18,151401.00,841115.00,841115.00,paid,INR,purchase bill
AP-RT-2026-001266,RT-2026-001266,Meridian Hardware Private Limited,VEND-002,2026-06-30,2026-07-30,427155.00,0.18,51259.00,427155.00,407227.00,partial,INR,purchase bill short deduction
AP-VB-2026-001267,VB-2026-001267,Trinetra Solar EPC LLP,VEND-008,2026-06-30,2026-08-29,948000.00,0.18,170640.00,948000.00,948000.00,paid,INR,purchase bill
AP-RT-2026-001268,RT-2026-001268,Anant Infra Electricals Ltd,VEND-004,2026-06-30,2026-07-15,586904.00,0.18,70428.00,586904.00,586904.00,paid,INR,purchase bill
AP-RT-2026-001269,RT-2026-001269,Bluepeak Cold Chain PVT LTD,VEND-022,2026-06-30,2026-08-14,155062.00,0.18,27911.00,155062.00,155062.00,paid,INR,purchase bill
AP-RT-2026-001270,RT-2026-001270,Vrundavan Interiors PVT LTD,VEND-019,2026-06-30,2026-07-15,716105.00,0.18,85933.00,716105.00,716105.00,paid,INR,purchase bill
AP-VB-2026-001271,VB-2026-001271,Lohiya Logistics Ltd,VEND-006,2026-06-30,2026-07-15,656302.00,0.18,78756.00,656302.00,651118.00,partial,INR,purchase bill short deduction
AP-VB-2026-001272,VB-2026-001272,Pragati Fab Services Ltd,VEND-017,2026-06-30,2026-08-14,222213.00,0.18,11111.00,222213.00,222213.00,paid,INR,purchase bill
AP-VB-2026-001284,VB-2026-001284,Vrundavan Interiors PVT LTD,VEND-019,2026-07-01,2026-07-16,554959.00,0.18,99893.00,554959.00,554959.00,paid,INR,purchase bill
AP-VB-2026-001285,VB-2026-001285,Everstone Staffing & Co,VEND-020,2026-07-01,2026-08-17,276613.00,0.18,49790.00,276613.00,266852.00,partial,INR,purchase bill short deduction
AP-VB-2026-001286,VB-2026-001286,Zenith One Textiles LLP,VEND-012,2026-07-01,2026-08-31,431547.00,0.18,77678.00,431547.00,431547.00,paid,INR,purchase bill
AP-VB-2026-001287,VB-2026-001287,Karman Print Solutions Ltd,VEND-013,2026-07-01,2026-08-17,483319.00,0.18,57998.00,483319.00,0.00,overdue,INR,purchase bill
AP-VB-2026-001288,VB-2026-001288,Ashwini Machine Parts Ltd,VEND-003,2026-07-01,2026-08-31,811461.00,0.18,146063.00,811461.00,811461.00,paid,INR,purchase bill
AP-RT-2026-001300,RT-2026-001300,Zenith One Textiles LLP,VEND-012,2026-07-02,2026-08-31,470389.00,0.18,23519.00,470389.00,470389.00,paid,INR,purchase bill
AP-RT-2026-001301,RT-2026-001301,Pragati Fab Services Ltd,VEND-017,2026-07-02,2026-08-17,218329.00,0.18,39299.00,218329.00,218329.00,paid,INR,purchase bill
AP-VB-2026-001302,VB-2026-001302,Pragati Fab Services Ltd,VEND-017,2026-07-02,2026-08-17,408618.00,0.18,73551.00,408618.00,408618.00,paid,INR,purchase bill
AP-RT-2026-001303,RT-2026-001303,Orbitex Warehousing & Co,VEND-010,2026-07-02,2026-08-01,229898.00,0.18,27588.00,229898.00,229898.00,paid,INR,purchase bill
AP-RT-2026-001304,RT-2026-001304,Vaishnavi Piping Solutions Ltd,VEND-021,2026-07-02,2026-08-01,658295.00,0.18,78995.00,658295.00,633068.00,partial,INR,purchase bill short deduction
AP-VB-2026-001305,VB-2026-001305,Lohiya Logistics Ltd,VEND-006,2026-07-02,2026-07-17,286284.00,0.18,51531.00,286284.00,286284.00,paid,INR,purchase bill
AP-RT-2026-001306,RT-2026-001306,Pragati Conveyances PVT LTD,VEND-005,2026-07-02,2026-08-01,951693.00,0.18,47585.00,951693.00,951693.00,paid,INR,purchase bill
AP-RT-2026-001307,RT-2026-001307,Goldcrest Steel Traders Company,VEND-016,2026-07-02,2026-08-31,427993.00,0.18,77039.00,427993.00,0.00,overdue,INR,purchase bill
AP-VB-2026-001308,VB-2026-001308,Trinetra Solar EPC LLP,VEND-008,2026-07-02,2026-08-31,400147.00,0.18,20007.00,400147.00,400147.00,paid,INR,purchase bill
AP-RT-2026-001309,RT-2026-001309,Vaishnavi Piping Solutions Ltd,VEND-021,2026-07-02,2026-08-01,549221.00,0.18,27461.00,549221.00,549221.00,paid,INR,purchase bill
AP-RT-2026-001310,RT-2026-001310,Ashwini Machine Parts Ltd,VEND-003,2026-07-02,2026-08-31,665604.00,0.18,119809.00,665604.00,665604.00,paid,INR,purchase bill
AP-RT-2026-001320,RT-2026-001320,Trinetra Agri Inputs Company,VEND-018,2026-07-03,2026-08-03,413409.00,0.18,20670.00,413409.00,395872.00,partial,INR,purchase bill short deduction
AP-VB-2026-001321,VB-2026-001321,Everstone Recyclers & Co,VEND-007,2026-07-03,2026-07-18,442231.00,0.18,79602.00,442231.00,442231.00,paid,INR,purchase bill
AP-VB-2026-001322,VB-2026-001322,Meridian Hardware Private Limited,VEND-002,2026-07-03,2026-08-03,211409.00,0.18,10570.00,211409.00,211409.00,paid,INR,purchase bill
AP-RT-2026-001323,RT-2026-001323,Karman Print Solutions Ltd,VEND-013,2026-07-03,2026-08-17,365301.00,0.18,65754.00,365301.00,365301.00,paid,INR,purchase bill
AP-RT-2026-001324,RT-2026-001324,Bluepeak Cold Chain PVT LTD,VEND-022,2026-07-03,2026-08-17,129699.00,0.18,15564.00,129699.00,129699.00,paid,INR,purchase bill
AP-RT-2026-001325,RT-2026-001325,Pragati Fab Services Ltd,VEND-017,2026-07-03,2026-08-17,478928.00,0.18,23946.00,478928.00,478928.00,paid,INR,purchase bill
AP-RT-2026-001329,RT-2026-001329,Sundara Water Treatment Ltd,VEND-009,2026-07-04,2026-07-20,271716.00,0.18,32606.00,271716.00,271716.00,paid,INR,purchase bill
AP-RT-2026-001330,RT-2026-001330,Orbitex Warehousing & Co,VEND-010,2026-07-04,2026-08-03,267643.00,0.18,13382.00,267643.00,267643.00,paid,INR,purchase bill
AP-RT-2026-001331,RT-2026-001331,Meridian Polymers Ltd,VEND-001,2026-07-04,2026-08-03,422026.00,0.18,75965.00,422026.00,422026.00,paid,INR,purchase bill
AP-RT-2026-001339,RT-2026-001339,Ashwini Machine Parts Ltd,VEND-003,2026-07-06,2026-09-04,166706.00,0.18,30007.00,166706.00,0.00,overdue,INR,purchase bill
AP-VB-2026-001340,VB-2026-001340,Bluepeak Cold Chain PVT LTD,VEND-022,2026-07-06,2026-08-20,372477.00,0.18,67046.00,372477.00,372477.00,paid,INR,purchase bill
AP-VB-2026-001341,VB-2026-001341,Sundara Water Treatment Ltd,VEND-009,2026-07-06,2026-07-21,217609.00,0.18,10880.00,217609.00,217609.00,paid,INR,purchase bill
AP-RT-2026-001342,RT-2026-001342,Pragati Fab Services Ltd,VEND-017,2026-07-06,2026-08-20,696324.00,0.18,125338.00,696324.00,696324.00,paid,INR,purchase bill
AP-VB-2026-001343,VB-2026-001343,Zenith One Textiles LLP,VEND-012,2026-07-06,2026-09-04,357740.00,0.18,17887.00,357740.00,357740.00,paid,INR,purchase bill
AP-VB-2026-001344,VB-2026-001344,Pragati Fab Services Ltd,VEND-017,2026-07-06,2026-08-20,274371.00,0.18,13719.00,274371.00,274371.00,paid,INR,purchase bill
AP-VB-2026-001352,VB-2026-001352,Vrundavan Interiors PVT LTD,VEND-019,2026-07-07,2026-07-22,4973828.00,0.18,596859.00,4973828.00,4973828.00,paid,INR,purchase bill
AP-RT-2026-001356,RT-2026-001356,Anant Infra Electricals Ltd,VEND-004,2026-07-08,2026-07-23,417362.00,0.18,50083.00,417362.00,417362.00,paid,INR,purchase bill
AP-RT-2026-001357,RT-2026-001357,Northline Roofing Products PVT LTD,VEND-011,2026-07-08,2026-08-07,256705.00,0.18,46207.00,256705.00,256705.00,paid,INR,purchase bill
AP-VB-2026-001358,VB-2026-001358,Karman Catering Services LLP,VEND-014,2026-07-08,2026-09-07,117462.00,0.18,21143.00,117462.00,117462.00,paid,INR,purchase bill
AP-RT-2026-001359,RT-2026-001359,Karman Catering Services LLP,VEND-014,2026-07-08,2026-09-07,99140.00,0.18,11897.00,99140.00,0.00,open,INR,purchase bill
AP-RT-2026-001360,RT-2026-001360,Sundara Water Treatment Ltd,VEND-009,2026-07-08,2026-07-23,149316.00,0.18,17918.00,149316.00,149316.00,paid,INR,purchase bill
AP-VB-2026-001361,VB-2026-001361,Vrundavan Interiors PVT LTD,VEND-019,2026-07-08,2026-07-23,222701.00,0.18,40086.00,222701.00,222701.00,paid,INR,purchase bill
AP-RT-2026-001362,RT-2026-001362,Sundara Water Treatment Ltd,VEND-009,2026-07-08,2026-07-23,131843.00,0.18,23732.00,131843.00,131843.00,paid,INR,purchase bill
AP-VB-2026-001363,VB-2026-001363,Pragati Fab Services Ltd,VEND-017,2026-07-08,2026-08-22,2024851.00,0.18,364473.00,2024851.00,2024851.00,paid,INR,purchase bill
AP-VB-2026-001364,VB-2026-001364,Karman Catering Services LLP,VEND-014,2026-07-08,2026-09-07,146539.00,0.18,17585.00,146539.00,146539.00,paid,INR,purchase bill
AP-VB-2026-001371,VB-2026-001371,Pragati Fab Services Ltd,VEND-017,2026-07-09,2026-08-24,580848.00,0.18,29042.00,580848.00,580848.00,paid,INR,purchase bill
AP-RT-2026-001372,RT-2026-001372,Ashwini Machine Parts Ltd,VEND-003,2026-07-09,2026-09-07,91567.00,0.18,16482.00,91567.00,91567.00,paid,INR,purchase bill
AP-RT-2026-001373,RT-2026-001373,Orbitex Warehousing & Co,VEND-010,2026-07-09,2026-08-08,511933.00,0.18,92148.00,511933.00,511933.00,paid,INR,purchase bill
AP-VB-2026-001374,VB-2026-001374,Trinetra Solar EPC LLP,VEND-008,2026-07-09,2026-09-07,105581.00,0.18,5279.00,105581.00,0.00,open,INR,purchase bill short deduction
AP-RT-2026-001375,RT-2026-001375,Lohiya Logistics Ltd,VEND-006,2026-07-09,2026-07-24,436182.00,0.18,78513.00,436182.00,436182.00,paid,INR,purchase bill
AP-VB-2026-001386,VB-2026-001386,Anant Infra Electricals Ltd,VEND-004,2026-07-10,2026-07-25,660192.00,0.18,118835.00,660192.00,660192.00,paid,INR,purchase bill
AP-VB-2026-001387,VB-2026-001387,Everstone Staffing & Co,VEND-020,2026-07-10,2026-08-24,280057.00,0.18,50410.00,280057.00,0.00,overdue,INR,purchase bill
AP-VB-2026-001388,VB-2026-001388,Pragati Conveyances PVT LTD,VEND-005,2026-07-10,2026-08-10,209164.00,0.18,37650.00,209164.00,209164.00,paid,INR,purchase bill
AP-VB-2026-001391,VB-2026-001391,Trinetra Agri Inputs Company,VEND-018,2026-07-11,2026-08-10,605687.00,0.18,30284.00,605687.00,605687.00,paid,INR,purchase bill
AP-RT-2026-001392,RT-2026-001392,Trinetra Solar EPC LLP,VEND-008,2026-07-11,2026-09-09,303111.00,0.18,54560.00,303111.00,0.00,open,INR,purchase bill
AP-RT-2026-001393,RT-2026-001393,Ashwini Machine Parts Ltd,VEND-003,2026-07-11,2026-09-09,1428403.00,0.18,171408.00,1428403.00,1428403.00,paid,INR,purchase bill
AP-RT-2026-001394,RT-2026-001394,Sundara Water Treatment Ltd,VEND-009,2026-07-11,2026-07-27,96861.00,0.18,11623.00,96861.00,96861.00,paid,INR,purchase bill
AP-RT-2026-001406,RT-2026-001406,Goldcrest Steel Traders Company,VEND-016,2026-07-13,2026-09-11,195840.00,0.18,35251.00,195840.00,0.00,open,INR,purchase bill
AP-VB-2026-001407,VB-2026-001407,Everstone Staffing & Co,VEND-020,2026-07-13,2026-08-27,395068.00,0.18,71112.00,395068.00,395068.00,paid,INR,purchase bill
AP-RT-2026-001408,RT-2026-001408,Sundara Water Treatment Ltd,VEND-009,2026-07-13,2026-07-28,171510.00,0.18,30872.00,171510.00,171510.00,paid,INR,purchase bill
AP-VB-2026-001409,VB-2026-001409,Meridian Hardware Private Limited,VEND-002,2026-07-13,2026-08-12,142864.00,0.18,7143.00,142864.00,142864.00,paid,INR,purchase bill
AP-RT-2026-001410,RT-2026-001410,Anant Infra Electricals Ltd,VEND-004,2026-07-13,2026-07-28,157079.00,0.18,7854.00,157079.00,157079.00,paid,INR,purchase bill
AP-VB-2026-001411,VB-2026-001411,Karman Print Solutions Ltd,VEND-013,2026-07-13,2026-08-27,155485.00,0.18,18658.00,155485.00,0.00,overdue,INR,purchase bill
AP-VB-2026-001420,VB-2026-001420,Shree Balaji Analytics Private Limited,VEND-015,2026-07-14,2026-09-12,291043.00,0.18,34925.00,291043.00,0.00,open,INR,purchase bill
AP-RT-2026-001421,RT-2026-001421,Sundara Water Treatment Ltd,VEND-009,2026-07-14,2026-07-29,212461.00,0.18,25495.00,212461.00,212461.00,paid,INR,purchase bill
AP-VB-2026-001422,VB-2026-001422,Bluepeak Cold Chain PVT LTD,VEND-022,2026-07-14,2026-08-28,456823.00,0.18,82228.00,456823.00,456823.00,paid,INR,purchase bill
AP-RT-2026-001423,RT-2026-001423,Zenith One Textiles LLP,VEND-012,2026-07-14,2026-09-12,396820.00,0.18,71428.00,396820.00,396820.00,paid,INR,purchase bill
AP-VB-2026-001424,VB-2026-001424,Pragati Conveyances PVT LTD,VEND-005,2026-07-14,2026-08-13,87770.00,0.18,4389.00,87770.00,87770.00,paid,INR,purchase bill
AP-VB-2026-001425,VB-2026-001425,Karman Print Solutions Ltd,VEND-013,2026-07-14,2026-08-28,181314.00,0.18,21758.00,181314.00,181314.00,paid,INR,purchase bill
AP-RT-2026-001426,RT-2026-001426,Lohiya Logistics Ltd,VEND-006,2026-07-14,2026-07-29,336398.00,0.18,16820.00,336398.00,336398.00,paid,INR,purchase bill
AP-RT-2026-001434,RT-2026-001434,Anant Infra Electricals Ltd,VEND-004,2026-07-15,2026-07-30,483449.00,0.18,87021.00,483449.00,483449.00,paid,INR,purchase bill
AP-VB-2026-001435,VB-2026-001435,Lohiya Logistics Ltd,VEND-006,2026-07-15,2026-07-30,1035966.00,0.18,186474.00,1035966.00,1035966.00,paid,INR,purchase bill
AP-VB-2026-001436,VB-2026-001436,Zenith One Textiles LLP,VEND-012,2026-07-15,2026-09-14,413455.00,0.18,74422.00,413455.00,0.00,open,INR,purchase bill
AP-RT-2026-001437,RT-2026-001437,Shree Balaji Analytics Private Limited,VEND-015,2026-07-15,2026-09-14,176263.00,0.18,21152.00,176263.00,0.00,open,INR,purchase bill
AP-RT-2026-001438,RT-2026-001438,Karman Catering Services LLP,VEND-014,2026-07-15,2026-09-14,97021.00,0.18,4851.00,97021.00,0.00,open,INR,purchase bill
AP-RT-2026-001439,RT-2026-001439,Sundara Water Treatment Ltd,VEND-009,2026-07-15,2026-07-30,130342.00,0.18,23462.00,130342.00,129229.00,partial,INR,purchase bill short deduction
AP-VB-2026-001446,VB-2026-001446,Goldcrest Steel Traders Company,VEND-016,2026-07-16,2026-09-14,198292.00,0.18,35693.00,198292.00,0.00,open,INR,purchase bill
AP-RT-2026-001447,RT-2026-001447,Karman Print Solutions Ltd,VEND-013,2026-07-16,2026-08-31,192985.00,0.18,34737.00,192985.00,0.00,overdue,INR,purchase bill
AP-RT-2026-001448,RT-2026-001448,Everstone Recyclers & Co,VEND-007,2026-07-16,2026-07-31,313342.00,0.18,37601.00,313342.00,313342.00,paid,INR,purchase bill
AP-VB-2026-001449,VB-2026-001449,Anant Infra Electricals Ltd,VEND-004,2026-07-16,2026-07-31,330885.00,0.18,16544.00,330885.00,330885.00,paid,INR,purchase bill
AP-VB-2026-001450,VB-2026-001450,Pragati Conveyances PVT LTD,VEND-005,2026-07-16,2026-08-17,539556.00,0.18,64747.00,539556.00,534677.00,partial,INR,purchase bill short deduction
AP-VB-2026-001451,VB-2026-001451,Meridian Polymers Ltd,VEND-001,2026-07-16,2026-08-17,256236.00,0.18,46122.00,256236.00,256236.00,paid,INR,purchase bill
AP-RT-2026-001460,RT-2026-001460,Karman Print Solutions Ltd,VEND-013,2026-07-17,2026-08-31,164424.00,0.18,29596.00,164424.00,164424.00,paid,INR,purchase bill
AP-RT-2026-001461,RT-2026-001461,Meridian Polymers Ltd,VEND-001,2026-07-17,2026-08-17,282464.00,0.18,50844.00,282464.00,282464.00,paid,INR,purchase bill
AP-VB-2026-001462,VB-2026-001462,Karman Catering Services LLP,VEND-014,2026-07-17,2026-09-15,155040.00,0.18,27907.00,155040.00,0.00,open,INR,purchase bill
AP-RT-2026-001463,RT-2026-001463,Bluepeak Cold Chain PVT LTD,VEND-022,2026-07-17,2026-08-31,506193.00,0.18,25310.00,506193.00,506193.00,paid,INR,purchase bill
AP-RT-2026-001464,RT-2026-001464,Bluepeak Cold Chain PVT LTD,VEND-022,2026-07-17,2026-08-31,215712.00,0.18,38828.00,215712.00,215712.00,paid,INR,purchase bill
AP-VB-2026-001465,VB-2026-001465,Orbitex Warehousing & Co,VEND-010,2026-07-17,2026-08-17,485670.00,0.18,87421.00,485670.00,485670.00,paid,INR,purchase bill
AP-VB-2026-001469,VB-2026-001469,Goldcrest Steel Traders Company,VEND-016,2026-07-18,2026-09-16,561535.00,0.18,67384.00,561535.00,0.00,open,INR,purchase bill
AP-RT-2026-001470,RT-2026-001470,Karman Catering Services LLP,VEND-014,2026-07-18,2026-09-16,174488.00,0.18,20939.00,174488.00,0.00,open,INR,purchase bill
AP-VB-2026-001471,VB-2026-001471,Lohiya Logistics Ltd,VEND-006,2026-07-18,2026-08-03,511922.00,0.18,25596.00,511922.00,511922.00,paid,INR,purchase bill
AP-RT-2026-001472,RT-2026-001472,Shree Balaji Analytics Private Limited,VEND-015,2026-07-18,2026-09-16,419102.00,0.18,50292.00,419102.00,0.00,open,INR,purchase bill short deduction
AP-VB-2026-001473,VB-2026-001473,Zenith One Textiles LLP,VEND-012,2026-07-18,2026-09-16,251049.00,0.18,30126.00,251049.00,0.00,open,INR,purchase bill
AP-VB-2026-001485,VB-2026-001485,Pragati Fab Services Ltd,VEND-017,2026-07-20,2026-09-03,477392.00,0.18,23870.00,477392.00,0.00,overdue,INR,purchase bill
AP-VB-2026-001486,VB-2026-001486,Anant Infra Electricals Ltd,VEND-004,2026-07-20,2026-08-04,455514.00,0.18,81993.00,455514.00,431736.00,partial,INR,purchase bill short deduction
AP-VB-2026-001487,VB-2026-001487,Trinetra Solar EPC LLP,VEND-008,2026-07-20,2026-09-18,688354.00,0.18,123904.00,688354.00,0.00,open,INR,purchase bill
AP-RT-2026-001498,RT-2026-001498,Zenith One Textiles LLP,VEND-012,2026-07-21,2026-09-19,668487.00,0.18,80218.00,668487.00,0.00,open,INR,purchase bill
AP-RT-2026-001499,RT-2026-001499,Trinetra Agri Inputs Company,VEND-018,2026-07-21,2026-08-20,233180.00,0.18,41972.00,233180.00,233180.00,paid,INR,purchase bill
AP-RT-2026-001500,RT-2026-001500,Bluepeak Cold Chain PVT LTD,VEND-022,2026-07-21,2026-09-04,167007.00,0.18,30061.00,167007.00,167007.00,paid,INR,purchase bill
AP-RT-2026-001501,RT-2026-001501,Everstone Recyclers & Co,VEND-007,2026-07-21,2026-08-05,470065.00,0.18,84612.00,470065.00,470065.00,paid,INR,purchase bill
AP-VB-2026-001502,VB-2026-001502,Pragati Conveyances PVT LTD,VEND-005,2026-07-21,2026-08-20,311353.00,0.18,37362.00,311353.00,311353.00,paid,INR,purchase bill
AP-RT-2026-001503,RT-2026-001503,Zenith One Textiles LLP,VEND-012,2026-07-21,2026-09-19,224991.00,0.18,40498.00,224991.00,0.00,open,INR,purchase bill
AP-RT-2026-001504,RT-2026-001504,Everstone Staffing & Co,VEND-020,2026-07-21,2026-09-04,116782.00,0.18,5839.00,116782.00,0.00,overdue,INR,purchase bill
AP-RT-2026-001505,RT-2026-001505,Meridian Polymers Ltd,VEND-001,2026-07-21,2026-08-20,915654.00,0.18,109878.00,915654.00,915654.00,paid,INR,purchase bill
AP-VB-2026-001506,VB-2026-001506,Vaishnavi Piping Solutions Ltd,VEND-021,2026-07-21,2026-08-20,401216.00,0.18,72219.00,401216.00,401216.00,paid,INR,purchase bill
AP-VB-2026-001511,VB-2026-001511,Anant Infra Electricals Ltd,VEND-004,2026-07-22,2026-08-06,318821.00,0.18,15941.00,318821.00,318821.00,paid,INR,purchase bill
AP-VB-2026-001512,VB-2026-001512,Meridian Polymers Ltd,VEND-001,2026-07-22,2026-08-21,380329.00,0.18,19016.00,380329.00,380329.00,paid,INR,purchase bill
AP-VB-2026-001513,VB-2026-001513,Goldcrest Steel Traders Company,VEND-016,2026-07-22,2026-09-21,589751.00,0.18,29488.00,589751.00,0.00,open,INR,purchase bill
AP-VB-2026-001514,VB-2026-001514,Pragati Conveyances PVT LTD,VEND-005,2026-07-22,2026-08-21,205062.00,0.18,24607.00,205062.00,205062.00,paid,INR,purchase bill
AP-VB-2026-001515,VB-2026-001515,Orbitex Warehousing & Co,VEND-010,2026-07-22,2026-08-21,379306.00,0.18,68275.00,379306.00,379306.00,paid,INR,purchase bill
AP-RT-2026-001516,RT-2026-001516,Sundara Water Treatment Ltd,VEND-009,2026-07-22,2026-08-06,160674.00,0.18,28921.00,160674.00,160674.00,paid,INR,purchase bill
AP-RT-2026-001517,RT-2026-001517,Vaishnavi Piping Solutions Ltd,VEND-021,2026-07-22,2026-08-21,440265.00,0.18,22013.00,440265.00,440265.00,paid,INR,purchase bill
AP-VB-2026-001528,VB-2026-001528,Meridian Hardware Private Limited,VEND-002,2026-07-23,2026-08-22,260808.00,0.18,46945.00,260808.00,260808.00,paid,INR,purchase bill
AP-RT-2026-001529,RT-2026-001529,Trinetra Agri Inputs Company,VEND-018,2026-07-23,2026-08-22,186902.00,0.18,33642.00,186902.00,186902.00,paid,INR,purchase bill
AP-VB-2026-001530,VB-2026-001530,Ashwini Machine Parts Ltd,VEND-003,2026-07-23,2026-09-21,385396.00,0.18,46248.00,385396.00,0.00,open,INR,purchase bill
AP-RT-2026-001531,RT-2026-001531,Sundara Water Treatment Ltd,VEND-009,2026-07-23,2026-08-07,134806.00,0.18,24265.00,134806.00,134806.00,paid,INR,purchase bill
AP-VB-2026-001532,VB-2026-001532,Everstone Recyclers & Co,VEND-007,2026-07-23,2026-08-07,333989.00,0.18,16699.00,333989.00,333989.00,paid,INR,purchase bill
AP-VB-2026-001533,VB-2026-001533,Pragati Fab Services Ltd,VEND-017,2026-07-23,2026-09-07,435569.00,0.18,78402.00,435569.00,435569.00,paid,INR,purchase bill
AP-RT-2026-001545,RT-2026-001545,Zenith One Textiles LLP,VEND-012,2026-07-24,2026-09-22,280527.00,0.18,50495.00,280527.00,0.00,open,INR,purchase bill
AP-RT-2026-001546,RT-2026-001546,Bluepeak Cold Chain PVT LTD,VEND-022,2026-07-24,2026-09-07,350993.00,0.18,63179.00,350993.00,0.00,open,INR,purchase bill
AP-RT-2026-001547,RT-2026-001547,Vaishnavi Piping Solutions Ltd,VEND-021,2026-07-24,2026-08-24,469033.00,0.18,56284.00,469033.00,469033.00,paid,INR,purchase bill
AP-VB-2026-001548,VB-2026-001548,Ashwini Machine Parts Ltd,VEND-003,2026-07-24,2026-09-22,308196.00,0.18,55475.00,308196.00,0.00,open,INR,purchase bill
AP-RT-2026-001549,RT-2026-001549,Vaishnavi Piping Solutions Ltd,VEND-021,2026-07-24,2026-08-24,364452.00,0.18,43734.00,364452.00,364452.00,paid,INR,purchase bill
AP-RT-2026-001550,RT-2026-001550,Trinetra Agri Inputs Company,VEND-018,2026-07-24,2026-08-24,282462.00,0.18,33895.00,282462.00,282462.00,paid,INR,purchase bill
AP-RT-2026-001551,RT-2026-001551,Karman Print Solutions Ltd,VEND-013,2026-07-24,2026-09-07,531495.00,0.18,95669.00,531495.00,0.00,open,INR,purchase bill
AP-VB-2026-001554,VB-2026-001554,Meridian Polymers Ltd,VEND-001,2026-07-25,2026-08-24,746267.00,0.18,37313.00,746267.00,731537.00,partial,INR,purchase bill short deduction
AP-RT-2026-001555,RT-2026-001555,Karman Print Solutions Ltd,VEND-013,2026-07-25,2026-09-08,681970.00,0.18,81836.00,681970.00,0.00,open,INR,purchase bill
AP-RT-2026-001557,RT-2026-001557,Karman Catering Services LLP,VEND-014,2026-07-26,2026-09-24,50417.00,0.18,9075.00,50417.00,0.00,open,INR,purchase bill
AP-VB-2026-001558,VB-2026-001558,Sundara Water Treatment Ltd,VEND-009,2026-07-26,2026-08-10,153285.00,0.18,18394.00,153285.00,153285.00,paid,INR,purchase bill
AP-RT-2026-001565,RT-2026-001565,Pragati Fab Services Ltd,VEND-017,2026-07-27,2026-09-10,1151155.00,0.18,138139.00,1151155.00,0.00,open,INR,purchase bill
AP-RT-2026-001566,RT-2026-001566,Shree Balaji Analytics Private Limited,VEND-015,2026-07-27,2026-09-25,112768.00,0.18,20298.00,112768.00,0.00,open,INR,purchase bill
AP-VB-2026-001567,VB-2026-001567,Trinetra Agri Inputs Company,VEND-018,2026-07-27,2026-08-26,293723.00,0.18,14686.00,293723.00,293723.00,paid,INR,purchase bill
AP-VB-2026-001568,VB-2026-001568,Anant Infra Electricals Ltd,VEND-004,2026-07-27,2026-08-11,478042.00,0.18,86048.00,478042.00,467058.00,partial,INR,purchase bill short deduction
AP-VB-2026-001573,VB-2026-001573,Everstone Recyclers & Co,VEND-007,2026-07-28,2026-08-12,47935.00,0.18,5752.00,47935.00,47935.00,paid,INR,purchase bill
AP-VB-2026-001574,VB-2026-001574,Everstone Recyclers & Co,VEND-007,2026-07-28,2026-08-12,299973.00,0.18,53995.00,299973.00,299973.00,paid,INR,purchase bill
AP-VB-2026-001575,VB-2026-001575,Meridian Polymers Ltd,VEND-001,2026-07-28,2026-08-27,481720.00,0.18,86710.00,481720.00,481720.00,paid,INR,purchase bill
AP-VB-2026-001576,VB-2026-001576,Bluepeak Cold Chain PVT LTD,VEND-022,2026-07-28,2026-09-11,219187.00,0.18,26302.00,219187.00,0.00,open,INR,purchase bill
AP-VB-2026-001586,VB-2026-001586,Everstone Recyclers & Co,VEND-007,2026-07-29,2026-08-13,629910.00,0.18,113384.00,629910.00,629910.00,paid,INR,purchase bill
AP-RT-2026-001587,RT-2026-001587,Everstone Staffing & Co,VEND-020,2026-07-29,2026-09-12,321545.00,0.18,16077.00,321545.00,0.00,open,INR,purchase bill
AP-VB-2026-001588,VB-2026-001588,Meridian Polymers Ltd,VEND-001,2026-07-29,2026-08-28,2003723.00,0.18,100186.00,2003723.00,2003723.00,paid,INR,purchase bill
AP-VB-2026-001589,VB-2026-001589,Vrundavan Interiors PVT LTD,VEND-019,2026-07-29,2026-08-13,76880.00,0.18,9226.00,76880.00,76880.00,paid,INR,purchase bill
AP-RT-2026-001590,RT-2026-001590,Pragati Conveyances PVT LTD,VEND-005,2026-07-29,2026-08-28,105962.00,0.18,19073.00,105962.00,105962.00,paid,INR,purchase bill
AP-RT-2026-001591,RT-2026-001591,Ashwini Machine Parts Ltd,VEND-003,2026-07-29,2026-09-28,214247.00,0.18,10712.00,214247.00,0.00,open,INR,purchase bill
AP-RT-2026-001592,RT-2026-001592,Everstone Recyclers & Co,VEND-007,2026-07-29,2026-08-13,248804.00,0.18,44785.00,248804.00,248804.00,paid,INR,purchase bill
AP-VB-2026-001601,VB-2026-001601,Meridian Polymers Ltd,VEND-001,2026-07-30,2026-08-29,284090.00,0.18,51136.00,284090.00,284090.00,paid,INR,purchase bill
AP-VB-2026-001602,VB-2026-001602,Karman Print Solutions Ltd,VEND-013,2026-07-30,2026-09-14,1005752.00,0.18,181035.00,1005752.00,0.00,open,INR,purchase bill short deduction
AP-VB-2026-001603,VB-2026-001603,Everstone Recyclers & Co,VEND-007,2026-07-30,2026-08-14,242311.00,0.18,43616.00,242311.00,242311.00,paid,INR,purchase bill
AP-VB-2026-001604,VB-2026-001604,Northline Roofing Products PVT LTD,VEND-011,2026-07-30,2026-08-29,169749.00,0.18,30555.00,169749.00,169749.00,paid,INR,purchase bill
AP-VB-2026-001605,VB-2026-001605,Lohiya Logistics Ltd,VEND-006,2026-07-30,2026-08-14,274055.00,0.18,32887.00,274055.00,274055.00,paid,INR,purchase bill
AP-RT-2026-001613,RT-2026-001613,Shree Balaji Analytics Private Limited,VEND-015,2026-07-31,2026-09-29,108475.00,0.18,19525.00,108475.00,0.00,open,INR,purchase bill
AP-RT-2026-001614,RT-2026-001614,Northline Roofing Products PVT LTD,VEND-011,2026-07-31,2026-08-31,228865.00,0.18,11443.00,228865.00,228865.00,paid,INR,purchase bill
AP-VB-2026-001615,VB-2026-001615,Meridian Polymers Ltd,VEND-001,2026-07-31,2026-08-31,96917.00,0.18,11630.00,96917.00,96917.00,paid,INR,purchase bill
AP-VB-2026-001616,VB-2026-001616,Trinetra Agri Inputs Company,VEND-018,2026-07-31,2026-08-31,373824.00,0.18,67288.00,373824.00,373824.00,paid,INR,purchase bill
AP-VB-2026-001621,VB-2026-001621,Goldcrest Steel Traders Company,VEND-016,2026-08-01,2026-09-30,292114.00,0.18,14606.00,292114.00,0.00,open,INR,purchase bill
AP-RT-2026-001622,RT-2026-001622,Karman Catering Services LLP,VEND-014,2026-08-01,2026-09-30,114319.00,0.18,20577.00,114319.00,0.00,open,INR,purchase bill
AP-VB-2026-001623,VB-2026-001623,Everstone Staffing & Co,VEND-020,2026-08-02,2026-09-16,174132.00,0.18,31344.00,174132.00,0.00,open,INR,purchase bill
AP-VB-2026-001624,VB-2026-001624,Trinetra Agri Inputs Company,VEND-018,2026-08-02,2026-09-01,239423.00,0.18,43096.00,239423.00,0.00,overdue,INR,purchase bill
AP-RT-2026-001625,RT-2026-001625,Bluepeak Cold Chain PVT LTD,VEND-022,2026-08-02,2026-09-16,271535.00,0.18,13577.00,271535.00,0.00,open,INR,purchase bill
AP-RT-2026-001626,RT-2026-001626,Goldcrest Steel Traders Company,VEND-016,2026-08-02,2026-10-01,248308.00,0.18,12415.00,248308.00,0.00,open,INR,purchase bill
AP-VB-2026-001627,VB-2026-001627,Shree Balaji Analytics Private Limited,VEND-015,2026-08-02,2026-10-01,477367.00,0.18,23868.00,477367.00,0.00,open,INR,purchase bill
AP-VB-2026-001633,VB-2026-001633,Vaishnavi Piping Solutions Ltd,VEND-021,2026-08-03,2026-09-02,448516.00,0.18,80733.00,448516.00,448516.00,paid,INR,purchase bill
AP-VB-2026-001634,VB-2026-001634,Goldcrest Steel Traders Company,VEND-016,2026-08-03,2026-10-03,935900.00,0.18,46795.00,935900.00,0.00,open,INR,purchase bill
AP-VB-2026-001641,VB-2026-001641,Everstone Recyclers & Co,VEND-007,2026-08-04,2026-08-19,493410.00,0.18,59209.00,493410.00,493410.00,paid,INR,purchase bill
AP-RT-2026-001642,RT-2026-001642,Pragati Fab Services Ltd,VEND-017,2026-08-04,2026-09-18,373083.00,0.18,67155.00,373083.00,0.00,open,INR,purchase bill
AP-RT-2026-001652,RT-2026-001652,Vrundavan Interiors PVT LTD,VEND-019,2026-08-05,2026-08-20,1072017.00,0.18,128642.00,1072017.00,1072017.00,paid,INR,purchase bill
AP-RT-2026-001653,RT-2026-001653,Zenith One Textiles LLP,VEND-012,2026-08-05,2026-10-05,384793.00,0.18,69263.00,384793.00,0.00,open,INR,purchase bill
AP-RT-2026-001654,RT-2026-001654,Orbitex Warehousing & Co,VEND-010,2026-08-05,2026-09-04,301214.00,0.18,15061.00,301214.00,0.00,overdue,INR,purchase bill
AP-VB-2026-001655,VB-2026-001655,Everstone Recyclers & Co,VEND-007,2026-08-05,2026-08-20,958776.00,0.18,172580.00,958776.00,958776.00,paid,INR,purchase bill
AP-VB-2026-001663,VB-2026-001663,Vaishnavi Piping Solutions Ltd,VEND-021,2026-08-06,2026-09-05,313091.00,0.18,37571.00,313091.00,313091.00,paid,INR,purchase bill
AP-VB-2026-001664,VB-2026-001664,Sundara Water Treatment Ltd,VEND-009,2026-08-06,2026-08-21,207117.00,0.18,37281.00,207117.00,204978.00,partial,INR,purchase bill short deduction
AP-RT-2026-001665,RT-2026-001665,Ashwini Machine Parts Ltd,VEND-003,2026-08-06,2026-10-05,544231.00,0.18,97962.00,544231.00,0.00,open,INR,purchase bill
AP-VB-2026-001666,VB-2026-001666,Zenith One Textiles LLP,VEND-012,2026-08-06,2026-10-05,415943.00,0.18,74870.00,415943.00,0.00,open,INR,purchase bill
AP-RT-2026-001667,RT-2026-001667,Trinetra Agri Inputs Company,VEND-018,2026-08-06,2026-09-05,409878.00,0.18,73778.00,409878.00,0.00,open,INR,purchase bill
AP-RT-2026-001679,RT-2026-001679,Meridian Hardware Private Limited,VEND-002,2026-08-07,2026-09-07,88768.00,0.18,10652.00,88768.00,0.00,open,INR,purchase bill
AP-RT-2026-001680,RT-2026-001680,Everstone Staffing & Co,VEND-020,2026-08-07,2026-09-21,231361.00,0.18,41645.00,231361.00,0.00,open,INR,purchase bill
AP-VB-2026-001681,VB-2026-001681,Bluepeak Cold Chain PVT LTD,VEND-022,2026-08-07,2026-09-21,223374.00,0.18,40207.00,223374.00,0.00,open,INR,purchase bill
AP-RT-2026-001682,RT-2026-001682,Everstone Recyclers & Co,VEND-007,2026-08-07,2026-08-22,421195.00,0.18,75815.00,421195.00,408545.00,partial,INR,purchase bill short deduction
AP-RT-2026-001683,RT-2026-001683,Everstone Staffing & Co,VEND-020,2026-08-07,2026-09-21,505763.00,0.18,60692.00,505763.00,0.00,open,INR,purchase bill
AP-VB-2026-001684,VB-2026-001684,Everstone Staffing & Co,VEND-020,2026-08-07,2026-09-21,242192.00,0.18,43595.00,242192.00,0.00,open,INR,purchase bill
AP-RT-2026-001687,RT-2026-001687,Vaishnavi Piping Solutions Ltd,VEND-021,2026-08-08,2026-09-07,629760.00,0.18,75571.00,629760.00,0.00,open,INR,purchase bill
AP-RT-2026-001688,RT-2026-001688,Lohiya Logistics Ltd,VEND-006,2026-08-08,2026-08-24,179552.00,0.18,8978.00,179552.00,179552.00,paid,INR,purchase bill
AP-VB-2026-001689,VB-2026-001689,Bluepeak Cold Chain PVT LTD,VEND-022,2026-08-08,2026-09-22,1581544.00,0.18,189785.00,1581544.00,0.00,open,INR,purchase bill
AP-RT-2026-001690,RT-2026-001690,Vrundavan Interiors PVT LTD,VEND-019,2026-08-08,2026-08-24,447313.00,0.18,22366.00,447313.00,447313.00,paid,INR,purchase bill
AP-RT-2026-001701,RT-2026-001701,Anant Infra Electricals Ltd,VEND-004,2026-08-10,2026-08-25,606545.00,0.18,72785.00,606545.00,606545.00,paid,INR,purchase bill
AP-RT-2026-001702,RT-2026-001702,Lohiya Logistics Ltd,VEND-006,2026-08-10,2026-08-25,1090624.00,0.18,130875.00,1090624.00,1090624.00,paid,INR,purchase bill
AP-VB-2026-001703,VB-2026-001703,Anant Infra Electricals Ltd,VEND-004,2026-08-10,2026-08-25,343382.00,0.18,17169.00,343382.00,343382.00,paid,INR,purchase bill
AP-RT-2026-001704,RT-2026-001704,Everstone Staffing & Co,VEND-020,2026-08-10,2026-09-24,409125.00,0.18,49095.00,409125.00,0.00,open,INR,purchase bill
AP-VB-2026-001705,VB-2026-001705,Bluepeak Cold Chain PVT LTD,VEND-022,2026-08-10,2026-09-24,279278.00,0.18,13964.00,279278.00,0.00,open,INR,purchase bill
AP-RT-2026-001706,RT-2026-001706,Sundara Water Treatment Ltd,VEND-009,2026-08-10,2026-08-25,126072.00,0.18,22693.00,126072.00,126072.00,paid,INR,purchase bill
AP-RT-2026-001707,RT-2026-001707,Everstone Recyclers & Co,VEND-007,2026-08-10,2026-08-25,94759.00,0.18,17057.00,94759.00,94759.00,paid,INR,purchase bill
AP-RT-2026-001716,RT-2026-001716,Pragati Fab Services Ltd,VEND-017,2026-08-11,2026-09-25,69858.00,0.18,12574.00,69858.00,0.00,open,INR,purchase bill
AP-RT-2026-001717,RT-2026-001717,Pragati Fab Services Ltd,VEND-017,2026-08-11,2026-09-25,246666.00,0.18,29600.00,246666.00,0.00,open,INR,purchase bill
AP-RT-2026-001718,RT-2026-001718,Zenith One Textiles LLP,VEND-012,2026-08-11,2026-10-10,358178.00,0.18,17909.00,358178.00,0.00,open,INR,purchase bill
AP-RT-2026-001719,RT-2026-001719,Bluepeak Cold Chain PVT LTD,VEND-022,2026-08-11,2026-09-25,274717.00,0.18,13736.00,274717.00,0.00,open,INR,purchase bill
AP-RT-2026-001720,RT-2026-001720,Goldcrest Steel Traders Company,VEND-016,2026-08-11,2026-10-10,206424.00,0.18,37156.00,206424.00,0.00,open,INR,purchase bill
AP-VB-2026-001721,VB-2026-001721,Anant Infra Electricals Ltd,VEND-004,2026-08-11,2026-08-26,340658.00,0.18,17033.00,340658.00,340658.00,paid,INR,purchase bill
AP-VB-2026-001730,VB-2026-001730,Karman Catering Services LLP,VEND-014,2026-08-12,2026-10-12,88255.00,0.18,15886.00,88255.00,0.00,open,INR,purchase bill
AP-RT-2026-001731,RT-2026-001731,Everstone Recyclers & Co,VEND-007,2026-08-12,2026-08-27,414018.00,0.18,74523.00,414018.00,414018.00,paid,INR,purchase bill
AP-VB-2026-001732,VB-2026-001732,Zenith One Textiles LLP,VEND-012,2026-08-12,2026-10-12,409972.00,0.18,73795.00,409972.00,0.00,open,INR,purchase bill
AP-RT-2026-001733,RT-2026-001733,Northline Roofing Products PVT LTD,VEND-011,2026-08-12,2026-09-11,205993.00,0.18,37079.00,205993.00,0.00,open,INR,purchase bill
AP-RT-2026-001734,RT-2026-001734,Shree Balaji Analytics Private Limited,VEND-015,2026-08-12,2026-10-12,165375.00,0.18,29767.00,165375.00,0.00,open,INR,purchase bill
AP-RT-2026-001735,RT-2026-001735,Zenith One Textiles LLP,VEND-012,2026-08-12,2026-10-12,508182.00,0.18,60982.00,508182.00,0.00,open,INR,purchase bill
AP-RT-2026-001744,RT-2026-001744,Everstone Staffing & Co,VEND-020,2026-08-13,2026-09-28,205371.00,0.18,24645.00,205371.00,0.00,open,INR,purchase bill
AP-VB-2026-001745,VB-2026-001745,Bluepeak Cold Chain PVT LTD,VEND-022,2026-08-13,2026-09-28,310677.00,0.18,15534.00,310677.00,0.00,open,INR,purchase bill
AP-RT-2026-001746,RT-2026-001746,Ashwini Machine Parts Ltd,VEND-003,2026-08-13,2026-10-12,1266166.00,0.18,63308.00,1266166.00,0.00,open,INR,purchase bill
AP-RT-2026-001747,RT-2026-001747,Northline Roofing Products PVT LTD,VEND-011,2026-08-13,2026-09-12,168657.00,0.18,30358.00,168657.00,0.00,open,INR,purchase bill
AP-RT-2026-001748,RT-2026-001748,Vaishnavi Piping Solutions Ltd,VEND-021,2026-08-13,2026-09-12,315151.00,0.18,56727.00,315151.00,0.00,open,INR,purchase bill
AP-VB-2026-001749,VB-2026-001749,Lohiya Logistics Ltd,VEND-006,2026-08-13,2026-08-28,140245.00,0.18,7012.00,140245.00,140245.00,paid,INR,purchase bill
AP-RT-2026-001761,RT-2026-001761,Trinetra Agri Inputs Company,VEND-018,2026-08-14,2026-09-14,552809.00,0.18,99506.00,552809.00,0.00,open,INR,purchase bill
AP-VB-2026-001762,VB-2026-001762,Pragati Conveyances PVT LTD,VEND-005,2026-08-14,2026-09-14,853823.00,0.18,42691.00,853823.00,0.00,open,INR,purchase bill
AP-RT-2026-001763,RT-2026-001763,Anant Infra Electricals Ltd,VEND-004,2026-08-14,2026-08-29,275708.00,0.18,33085.00,275708.00,275708.00,paid,INR,purchase bill
AP-RT-2026-001764,RT-2026-001764,Goldcrest Steel Traders Company,VEND-016,2026-08-14,2026-10-13,603061.00,0.18,72367.00,603061.00,0.00,open,INR,purchase bill
AP-VB-2026-001765,VB-2026-001765,Everstone Staffing & Co,VEND-020,2026-08-14,2026-09-28,429740.00,0.18,77353.00,429740.00,0.00,open,INR,purchase bill
AP-RT-2026-001769,RT-2026-001769,Meridian Hardware Private Limited,VEND-002,2026-08-15,2026-09-14,206177.00,0.18,10309.00,206177.00,0.00,open,INR,purchase bill
AP-RT-2026-001770,RT-2026-001770,Karman Catering Services LLP,VEND-014,2026-08-15,2026-10-14,121571.00,0.18,21883.00,121571.00,0.00,open,INR,purchase bill
AP-RT-2026-001771,RT-2026-001771,Goldcrest Steel Traders Company,VEND-016,2026-08-15,2026-10-14,608935.00,0.18,109608.00,608935.00,0.00,open,INR,purchase bill
AP-VB-2026-001772,VB-2026-001772,Trinetra Solar EPC LLP,VEND-008,2026-08-15,2026-10-14,289895.00,0.18,52181.00,289895.00,0.00,open,INR,purchase bill
AP-VB-2026-001773,VB-2026-001773,Everstone Recyclers & Co,VEND-007,2026-08-15,2026-08-31,408485.00,0.18,49018.00,408485.00,0.00,overdue,INR,purchase bill
AP-VB-2026-001780,VB-2026-001780,Trinetra Agri Inputs Company,VEND-018,2026-08-17,2026-09-16,374331.00,0.18,67380.00,374331.00,0.00,open,INR,purchase bill
AP-RT-2026-001781,RT-2026-001781,Orbitex Warehousing & Co,VEND-010,2026-08-17,2026-09-16,654296.00,0.18,32715.00,654296.00,0.00,open,INR,purchase bill
AP-VB-2026-001782,VB-2026-001782,Pragati Fab Services Ltd,VEND-017,2026-08-17,2026-10-01,835410.00,0.18,150374.00,835410.00,0.00,open,INR,purchase bill
AP-VB-2026-001783,VB-2026-001783,Vaishnavi Piping Solutions Ltd,VEND-021,2026-08-17,2026-09-16,388021.00,0.18,69844.00,388021.00,0.00,open,INR,purchase bill
AP-VB-2026-001793,VB-2026-001793,Northline Roofing Products PVT LTD,VEND-011,2026-08-18,2026-09-17,311889.00,0.18,15594.00,311889.00,0.00,open,INR,purchase bill
AP-VB-2026-001794,VB-2026-001794,Meridian Polymers Ltd,VEND-001,2026-08-18,2026-09-17,78214.00,0.18,14079.00,78214.00,0.00,open,INR,purchase bill
AP-RT-2026-001795,RT-2026-001795,Vaishnavi Piping Solutions Ltd,VEND-021,2026-08-18,2026-09-17,297207.00,0.18,53497.00,297207.00,0.00,open,INR,purchase bill
AP-RT-2026-001796,RT-2026-001796,Orbitex Warehousing & Co,VEND-010,2026-08-18,2026-09-17,378756.00,0.18,68176.00,378756.00,0.00,open,INR,purchase bill
AP-RT-2026-001797,RT-2026-001797,Shree Balaji Analytics Private Limited,VEND-015,2026-08-18,2026-10-17,374255.00,0.18,67366.00,374255.00,0.00,open,INR,purchase bill
AP-RT-2026-001806,RT-2026-001806,Bluepeak Cold Chain PVT LTD,VEND-022,2026-08-19,2026-10-03,268138.00,0.18,32177.00,268138.00,0.00,open,INR,purchase bill short deduction
AP-RT-2026-001807,RT-2026-001807,Ashwini Machine Parts Ltd,VEND-003,2026-08-19,2026-10-19,124566.00,0.18,22422.00,124566.00,0.00,open,INR,purchase bill
AP-VB-2026-001808,VB-2026-001808,Trinetra Solar EPC LLP,VEND-008,2026-08-19,2026-10-19,202959.00,0.18,36533.00,202959.00,0.00,open,INR,purchase bill
AP-VB-2026-001809,VB-2026-001809,Lohiya Logistics Ltd,VEND-006,2026-08-19,2026-09-03,209700.00,0.18,25164.00,209700.00,209700.00,paid,INR,purchase bill
AP-RT-2026-001810,RT-2026-001810,Karman Catering Services LLP,VEND-014,2026-08-19,2026-10-19,151179.00,0.18,27212.00,151179.00,0.00,open,INR,purchase bill
AP-VB-2026-001814,VB-2026-001814,Pragati Conveyances PVT LTD,VEND-005,2026-08-20,2026-09-19,235846.00,0.18,42452.00,235846.00,0.00,open,INR,purchase bill
AP-VB-2026-001815,VB-2026-001815,Vaishnavi Piping Solutions Ltd,VEND-021,2026-08-20,2026-09-19,294721.00,0.18,14736.00,294721.00,0.00,open,INR,purchase bill
AP-VB-2026-001816,VB-2026-001816,Vaishnavi Piping Solutions Ltd,VEND-021,2026-08-20,2026-09-19,321402.00,0.18,38568.00,321402.00,0.00,open,INR,purchase bill short deduction
AP-VB-2026-001817,VB-2026-001817,Trinetra Agri Inputs Company,VEND-018,2026-08-20,2026-09-19,289134.00,0.18,34696.00,289134.00,0.00,open,INR,purchase bill
AP-VB-2026-001825,VB-2026-001825,Orbitex Warehousing & Co,VEND-010,2026-08-21,2026-09-21,223181.00,0.18,40173.00,223181.00,0.00,open,INR,purchase bill
AP-VB-2026-001826,VB-2026-001826,Meridian Polymers Ltd,VEND-001,2026-08-21,2026-09-21,157458.00,0.18,28342.00,157458.00,0.00,open,INR,purchase bill
AP-VB-2026-001827,VB-2026-001827,Orbitex Warehousing & Co,VEND-010,2026-08-21,2026-09-21,451703.00,0.18,22585.00,451703.00,0.00,open,INR,purchase bill
AP-RT-2026-001828,RT-2026-001828,Pragati Fab Services Ltd,VEND-017,2026-08-21,2026-10-05,337750.00,0.18,16888.00,337750.00,0.00,open,INR,purchase bill
AP-VB-2026-001829,VB-2026-001829,Everstone Staffing & Co,VEND-020,2026-08-21,2026-10-05,471928.00,0.18,23596.00,471928.00,0.00,open,INR,purchase bill
AP-VB-2026-001830,VB-2026-001830,Trinetra Agri Inputs Company,VEND-018,2026-08-21,2026-09-21,553387.00,0.18,27669.00,553387.00,0.00,open,INR,purchase bill
AP-RT-2026-001831,RT-2026-001831,Bluepeak Cold Chain PVT LTD,VEND-022,2026-08-21,2026-10-05,240940.00,0.18,43369.00,240940.00,0.00,open,INR,purchase bill
AP-RT-2026-001832,RT-2026-001832,Meridian Hardware Private Limited,VEND-002,2026-08-21,2026-09-21,164703.00,0.18,29647.00,164703.00,0.00,open,INR,purchase bill
AP-VB-2026-001833,VB-2026-001833,Pragati Fab Services Ltd,VEND-017,2026-08-21,2026-10-05,403035.00,0.18,72546.00,403035.00,0.00,open,INR,purchase bill
AP-VB-2026-001837,VB-2026-001837,Northline Roofing Products PVT LTD,VEND-011,2026-08-22,2026-09-21,112582.00,0.18,5629.00,112582.00,0.00,open,INR,purchase bill
AP-RT-2026-001838,RT-2026-001838,Bluepeak Cold Chain PVT LTD,VEND-022,2026-08-22,2026-10-06,372218.00,0.18,66999.00,372218.00,0.00,open,INR,purchase bill
AP-RT-2026-001839,RT-2026-001839,Anant Infra Electricals Ltd,VEND-004,2026-08-22,2026-09-07,242882.00,0.18,12144.00,242882.00,242882.00,paid,INR,purchase bill
AP-RT-2026-001840,RT-2026-001840,Northline Roofing Products PVT LTD,VEND-011,2026-08-22,2026-09-21,165023.00,0.18,29704.00,165023.00,0.00,open,INR,purchase bill
AP-VB-2026-001841,VB-2026-001841,Vaishnavi Piping Solutions Ltd,VEND-021,2026-08-22,2026-09-21,284939.00,0.18,14247.00,284939.00,0.00,open,INR,purchase bill
AP-RT-2026-001843,RT-2026-001843,Vaishnavi Piping Solutions Ltd,VEND-021,2026-08-23,2026-09-22,612961.00,0.18,110333.00,612961.00,0.00,open,INR,purchase bill
AP-VB-2026-001844,VB-2026-001844,Trinetra Agri Inputs Company,VEND-018,2026-08-23,2026-09-22,308016.00,0.18,36962.00,308016.00,0.00,open,INR,purchase bill
AP-RT-2026-001845,RT-2026-001845,Zenith One Textiles LLP,VEND-012,2026-08-23,2026-10-22,478226.00,0.18,86081.00,478226.00,0.00,open,INR,purchase bill
AP-RT-2026-001846,RT-2026-001846,Everstone Recyclers & Co,VEND-007,2026-08-23,2026-09-07,91691.00,0.18,16504.00,91691.00,0.00,open,INR,purchase bill
AP-RT-2026-001847,RT-2026-001847,Karman Catering Services LLP,VEND-014,2026-08-23,2026-10-22,239691.00,0.18,11985.00,239691.00,0.00,open,INR,purchase bill
AP-VB-2026-001848,VB-2026-001848,Goldcrest Steel Traders Company,VEND-016,2026-08-23,2026-10-22,194105.00,0.18,34939.00,194105.00,0.00,open,INR,purchase bill
AP-RT-2026-001849,RT-2026-001849,Shree Balaji Analytics Private Limited,VEND-015,2026-08-23,2026-10-22,335268.00,0.18,60348.00,335268.00,0.00,open,INR,purchase bill
AP-RT-2026-001856,RT-2026-001856,Everstone Recyclers & Co,VEND-007,2026-08-24,2026-09-08,413797.00,0.18,74483.00,413797.00,0.00,open,INR,purchase bill
AP-RT-2026-001857,RT-2026-001857,Anant Infra Electricals Ltd,VEND-004,2026-08-24,2026-09-08,184654.00,0.18,33238.00,184654.00,184654.00,paid,INR,purchase bill
AP-RT-2026-001858,RT-2026-001858,Karman Catering Services LLP,VEND-014,2026-08-24,2026-10-23,114954.00,0.18,20692.00,114954.00,0.00,open,INR,purchase bill
AP-VB-2026-001859,VB-2026-001859,Trinetra Solar EPC LLP,VEND-008,2026-08-24,2026-10-23,443062.00,0.18,53167.00,443062.00,0.00,open,INR,purchase bill
AP-RT-2026-001873,RT-2026-001873,Anant Infra Electricals Ltd,VEND-004,2026-08-25,2026-09-09,895376.00,0.18,44769.00,895376.00,0.00,open,INR,purchase bill
AP-RT-2026-001874,RT-2026-001874,Karman Print Solutions Ltd,VEND-013,2026-08-25,2026-10-09,1499016.00,0.18,269823.00,1499016.00,0.00,open,INR,purchase bill
AP-RT-2026-001875,RT-2026-001875,Everstone Recyclers & Co,VEND-007,2026-08-25,2026-09-09,192505.00,0.18,23101.00,192505.00,0.00,open,INR,purchase bill
AP-RT-2026-001876,RT-2026-001876,Northline Roofing Products PVT LTD,VEND-011,2026-08-25,2026-09-24,1007540.00,0.18,181357.00,1007540.00,0.00,open,INR,purchase bill
AP-RT-2026-001885,RT-2026-001885,Trinetra Agri Inputs Company,VEND-018,2026-08-26,2026-09-25,190456.00,0.18,22855.00,190456.00,0.00,open,INR,purchase bill
AP-VB-2026-001886,VB-2026-001886,Bluepeak Cold Chain PVT LTD,VEND-022,2026-08-26,2026-10-10,208866.00,0.18,37596.00,208866.00,0.00,open,INR,purchase bill
AP-RT-2026-001887,RT-2026-001887,Shree Balaji Analytics Private Limited,VEND-015,2026-08-26,2026-10-26,842630.00,0.18,151673.00,842630.00,0.00,open,INR,purchase bill
AP-RT-2026-001888,RT-2026-001888,Meridian Hardware Private Limited,VEND-002,2026-08-26,2026-09-25,295653.00,0.18,35478.00,295653.00,0.00,open,INR,purchase bill
AP-VB-2026-001889,VB-2026-001889,Pragati Conveyances PVT LTD,VEND-005,2026-08-26,2026-09-25,304582.00,0.18,54825.00,304582.00,0.00,open,INR,purchase bill
AP-VB-2026-001890,VB-2026-001890,Meridian Polymers Ltd,VEND-001,2026-08-26,2026-09-25,168249.00,0.18,30285.00,168249.00,0.00,open,INR,purchase bill
AP-VB-2026-001891,VB-2026-001891,Karman Catering Services LLP,VEND-014,2026-08-26,2026-10-26,139711.00,0.18,16765.00,139711.00,0.00,open,INR,purchase bill
AP-RT-2026-001902,RT-2026-001902,Trinetra Solar EPC LLP,VEND-008,2026-08-27,2026-10-26,142731.00,0.18,7137.00,142731.00,0.00,open,INR,purchase bill
AP-VB-2026-001903,VB-2026-001903,Goldcrest Steel Traders Company,VEND-016,2026-08-27,2026-10-26,324260.00,0.18,16213.00,324260.00,0.00,open,INR,purchase bill
AP-RT-2026-001904,RT-2026-001904,Orbitex Warehousing & Co,VEND-010,2026-08-27,2026-09-26,499030.00,0.18,89825.00,499030.00,0.00,open,INR,purchase bill
AP-RT-2026-001905,RT-2026-001905,Ashwini Machine Parts Ltd,VEND-003,2026-08-27,2026-10-26,783723.00,0.18,141070.00,783723.00,0.00,open,INR,purchase bill
AP-RT-2026-001915,RT-2026-001915,Vrundavan Interiors PVT LTD,VEND-019,2026-08-28,2026-09-12,321499.00,0.18,57870.00,321499.00,0.00,open,INR,purchase bill
AP-VB-2026-001916,VB-2026-001916,Pragati Fab Services Ltd,VEND-017,2026-08-28,2026-10-12,349298.00,0.18,62874.00,349298.00,0.00,open,INR,purchase bill
AP-VB-2026-001917,VB-2026-001917,Everstone Staffing & Co,VEND-020,2026-08-28,2026-10-12,274285.00,0.18,13714.00,274285.00,0.00,open,INR,purchase bill short deduction
AP-RT-2026-001918,RT-2026-001918,Everstone Recyclers & Co,VEND-007,2026-08-28,2026-09-12,658943.00,0.18,79073.00,658943.00,0.00,open,INR,purchase bill
AP-VB-2026-001919,VB-2026-001919,Karman Catering Services LLP,VEND-014,2026-08-28,2026-10-27,120884.00,0.18,6044.00,120884.00,0.00,open,INR,purchase bill
AP-RT-2026-001923,RT-2026-001923,Karman Catering Services LLP,VEND-014,2026-08-29,2026-10-28,92379.00,0.18,16628.00,92379.00,0.00,open,INR,purchase bill
AP-RT-2026-001924,RT-2026-001924,Sundara Water Treatment Ltd,VEND-009,2026-08-29,2026-09-14,335983.00,0.18,60477.00,335983.00,0.00,open,INR,purchase bill
AP-VB-2026-001925,VB-2026-001925,Zenith One Textiles LLP,VEND-012,2026-08-30,2026-10-29,269402.00,0.18,48492.00,269402.00,0.00,open,INR,purchase bill
AP-RT-2026-001926,RT-2026-001926,Karman Print Solutions Ltd,VEND-013,2026-08-30,2026-10-14,235988.00,0.18,11799.00,235988.00,0.00,open,INR,purchase bill
AP-VB-2026-001927,VB-2026-001927,Vaishnavi Piping Solutions Ltd,VEND-021,2026-08-30,2026-09-29,222476.00,0.18,26697.00,222476.00,0.00,open,INR,purchase bill
AP-RT-2026-001928,RT-2026-001928,Pragati Fab Services Ltd,VEND-017,2026-08-30,2026-10-14,988222.00,0.18,177880.00,988222.00,0.00,open,INR,purchase bill
AP-VB-2026-001929,VB-2026-001929,Meridian Hardware Private Limited,VEND-002,2026-08-30,2026-09-29,110014.00,0.18,13202.00,110014.00,0.00,open,INR,purchase bill short deduction
AP-RT-2026-001939,RT-2026-001939,Goldcrest Steel Traders Company,VEND-016,2026-08-31,2026-10-30,297747.00,0.18,53594.00,297747.00,0.00,open,INR,purchase bill
AP-RT-2026-001940,RT-2026-001940,Bluepeak Cold Chain PVT LTD,VEND-022,2026-08-31,2026-10-15,95706.00,0.18,4785.00,95706.00,0.00,open,INR,purchase bill
AP-VB-2026-001941,VB-2026-001941,Anant Infra Electricals Ltd,VEND-004,2026-08-31,2026-09-15,189592.00,0.18,9480.00,189592.00,0.00,open,INR,purchase bill
AP-VB-2026-001942,VB-2026-001942,Goldcrest Steel Traders Company,VEND-016,2026-08-31,2026-10-30,534576.00,0.18,26729.00,534576.00,0.00,open,INR,purchase bill
AP-RT-2026-001943,RT-2026-001943,Pragati Fab Services Ltd,VEND-017,2026-08-31,2026-10-15,772200.00,0.18,138996.00,772200.00,0.00,open,INR,purchase bill
AP-VB-2026-001951,VB-2026-001951,Lohiya Logistics Ltd,VEND-006,2026-09-01,2026-09-16,334436.00,0.18,60198.00,334436.00,0.00,open,INR,purchase bill
AP-VB-2026-001952,VB-2026-001952,Goldcrest Steel Traders Company,VEND-016,2026-09-01,2026-10-31,286359.00,0.18,34363.00,286359.00,0.00,open,INR,purchase bill
AP-RT-2026-001953,RT-2026-001953,Trinetra Agri Inputs Company,VEND-018,2026-09-01,2026-10-01,617959.00,0.18,111233.00,617959.00,0.00,open,INR,purchase bill
AP-VB-2026-001954,VB-2026-001954,Trinetra Agri Inputs Company,VEND-018,2026-09-01,2026-10-01,275265.00,0.18,49548.00,275265.00,0.00,open,INR,purchase bill
AP-VB-2026-001955,VB-2026-001955,Pragati Fab Services Ltd,VEND-017,2026-09-01,2026-10-16,447273.00,0.18,80509.00,447273.00,0.00,open,INR,purchase bill
AP-RT-2026-001956,RT-2026-001956,Bluepeak Cold Chain PVT LTD,VEND-022,2026-09-01,2026-10-16,487942.00,0.18,87830.00,487942.00,0.00,open,INR,purchase bill
AP-RT-2026-001965,RT-2026-001965,Pragati Fab Services Ltd,VEND-017,2026-09-02,2026-10-17,629398.00,0.18,75528.00,629398.00,0.00,open,INR,purchase bill
AP-VB-2026-001966,VB-2026-001966,Anant Infra Electricals Ltd,VEND-004,2026-09-02,2026-09-17,175334.00,0.18,31560.00,175334.00,0.00,open,INR,purchase bill
AP-VB-2026-001967,VB-2026-001967,Zenith One Textiles LLP,VEND-012,2026-09-02,2026-11-02,468838.00,0.18,56261.00,468838.00,0.00,open,INR,purchase bill
AP-RT-2026-001968,RT-2026-001968,Northline Roofing Products PVT LTD,VEND-011,2026-09-02,2026-10-03,663339.00,0.18,33167.00,663339.00,0.00,open,INR,purchase bill
AP-RT-2026-001969,RT-2026-001969,Bluepeak Cold Chain PVT LTD,VEND-022,2026-09-02,2026-10-17,827475.00,0.18,41374.00,827475.00,0.00,open,INR,purchase bill
AP-VB-2026-001970,VB-2026-001970,Lohiya Logistics Ltd,VEND-006,2026-09-02,2026-09-17,300135.00,0.18,54024.00,300135.00,0.00,open,INR,purchase bill
AP-RT-2026-001971,RT-2026-001971,Vaishnavi Piping Solutions Ltd,VEND-021,2026-09-02,2026-10-03,394234.00,0.18,47308.00,394234.00,0.00,open,INR,purchase bill
AP-VB-2026-001972,VB-2026-001972,Vaishnavi Piping Solutions Ltd,VEND-021,2026-09-02,2026-10-03,368980.00,0.18,44278.00,368980.00,0.00,open,INR,purchase bill
AP-RT-2026-001981,RT-2026-001981,Zenith One Textiles LLP,VEND-012,2026-09-03,2026-11-02,279583.00,0.18,50325.00,279583.00,0.00,open,INR,purchase bill
AP-RT-2026-001982,RT-2026-001982,Lohiya Logistics Ltd,VEND-006,2026-09-03,2026-09-18,417402.00,0.18,75132.00,417402.00,0.00,open,INR,purchase bill
AP-VB-2026-001983,VB-2026-001983,Goldcrest Steel Traders Company,VEND-016,2026-09-03,2026-11-02,224684.00,0.18,26962.00,224684.00,0.00,open,INR,purchase bill
AP-RT-2026-001984,RT-2026-001984,Pragati Conveyances PVT LTD,VEND-005,2026-09-03,2026-10-03,436815.00,0.18,78627.00,436815.00,0.00,open,INR,purchase bill
AP-VB-2026-001985,VB-2026-001985,Vrundavan Interiors PVT LTD,VEND-019,2026-09-03,2026-09-18,209826.00,0.18,37769.00,209826.00,0.00,open,INR,purchase bill
AP-RT-2026-001986,RT-2026-001986,Karman Print Solutions Ltd,VEND-013,2026-09-03,2026-10-19,310465.00,0.18,55884.00,310465.00,0.00,open,INR,purchase bill
AP-VB-2026-001987,VB-2026-001987,Karman Catering Services LLP,VEND-014,2026-09-03,2026-11-02,129046.00,0.18,23228.00,129046.00,0.00,open,INR,purchase bill
AP-VB-2026-001996,VB-2026-001996,Orbitex Warehousing & Co,VEND-010,2026-09-04,2026-10-05,203581.00,0.18,24430.00,203581.00,0.00,open,INR,purchase bill
AP-VB-2026-001997,VB-2026-001997,Trinetra Solar EPC LLP,VEND-008,2026-09-04,2026-11-03,116024.00,0.18,5801.00,116024.00,0.00,open,INR,purchase bill
AP-VB-2026-001998,VB-2026-001998,Northline Roofing Products PVT LTD,VEND-011,2026-09-04,2026-10-05,310499.00,0.18,37260.00,310499.00,0.00,open,INR,purchase bill
AP-VB-2026-001999,VB-2026-001999,Lohiya Logistics Ltd,VEND-006,2026-09-04,2026-09-19,532615.00,0.18,95871.00,532615.00,0.00,open,INR,purchase bill
AP-RT-2026-002000,RT-2026-002000,Lohiya Logistics Ltd,VEND-006,2026-09-04,2026-09-19,497065.00,0.18,24853.00,497065.00,0.00,open,INR,purchase bill
AP-RT-2026-002001,RT-2026-002001,Lohiya Logistics Ltd,VEND-006,2026-09-04,2026-09-19,436354.00,0.18,52362.00,436354.00,0.00,open,INR,purchase bill
AP-RT-2026-002004,RT-2026-002004,Karman Catering Services LLP,VEND-014,2026-09-05,2026-11-04,154551.00,0.18,27819.00,154551.00,0.00,open,INR,purchase bill
AP-VB-2026-002005,VB-2026-002005,Everstone Staffing & Co,VEND-020,2026-09-05,2026-10-20,346762.00,0.18,62417.00,346762.00,0.00,open,INR,purchase bill
AP-VB-2026-002006,VB-2026-002006,Ashwini Machine Parts Ltd,VEND-003,2026-09-05,2026-11-04,388839.00,0.18,69991.00,388839.00,0.00,open,INR,purchase bill
AP-SALARY-202603-0,SALARY-202603,Acme Industries Payroll,RECUR-SALARY,2026-02-28,2026-03-02,3450000.00,0.18,0.00,3450000.00,3450000.00,paid,INR,recurring salary
AP-RENT-202603-0,RENT-202603,Skyline Estates Pvt Ltd,RECUR-RENT,2026-03-03,2026-03-05,780000.00,0.18,0.00,780000.00,780000.00,paid,INR,recurring rent
AP-EMI-202603-0,EMI-202603,State Bank Equip Loan,RECUR-EMI,2026-03-01,2026-03-03,1250000.00,0.18,0.00,1250000.00,1250000.00,paid,INR,recurring emi
AP-SALARY-202604-0,SALARY-202604,Acme Industries Payroll,RECUR-SALARY,2026-03-30,2026-04-01,3450000.00,0.18,0.00,3450000.00,3450000.00,paid,INR,recurring salary
AP-RENT-202604-0,RENT-202604,Skyline Estates Pvt Ltd,RECUR-RENT,2026-04-04,2026-04-06,780000.00,0.18,0.00,780000.00,780000.00,paid,INR,recurring rent
AP-EMI-202604-0,EMI-202604,State Bank Equip Loan,RECUR-EMI,2026-04-01,2026-04-03,1250000.00,0.18,0.00,1250000.00,1250000.00,paid,INR,recurring emi
AP-GST-202604,GST-202604,Income Tax GST Deposits,RECUR-GST,2026-04-02,2026-04-06,3971495.00,0.18,0.00,3971495.00,3971495.00,paid,INR,statutory
AP-SALARY-202605-0,SALARY-202605,Acme Industries Payroll,RECUR-SALARY,2026-04-29,2026-05-01,3450000.00,0.18,0.00,3450000.00,3450000.00,paid,INR,recurring salary
AP-RENT-202605-0,RENT-202605,Skyline Estates Pvt Ltd,RECUR-RENT,2026-05-03,2026-05-05,780000.00,0.18,0.00,780000.00,780000.00,paid,INR,recurring rent
AP-EMI-202605-0,EMI-202605,State Bank Equip Loan,RECUR-EMI,2026-05-02,2026-05-04,1250000.00,0.18,0.00,1250000.00,1250000.00,paid,INR,recurring emi
AP-SALARY-202606-0,SALARY-202606,Acme Industries Payroll,RECUR-SALARY,2026-05-30,2026-06-01,3450000.00,0.18,0.00,3450000.00,3450000.00,paid,INR,recurring salary
AP-RENT-202606-0,RENT-202606,Skyline Estates Pvt Ltd,RECUR-RENT,2026-06-03,2026-06-05,780000.00,0.18,0.00,780000.00,780000.00,paid,INR,recurring rent
AP-EMI-202606-0,EMI-202606,State Bank Equip Loan,RECUR-EMI,2026-06-01,2026-06-03,1250000.00,0.18,0.00,1250000.00,1250000.00,paid,INR,recurring emi
AP-SALARY-202607-0,SALARY-202607,Acme Industries Payroll,RECUR-SALARY,2026-06-29,2026-07-01,3450000.00,0.18,0.00,3450000.00,3450000.00,paid,INR,recurring salary
AP-RENT-202607-0,RENT-202607,Skyline Estates Pvt Ltd,RECUR-RENT,2026-07-04,2026-07-06,780000.00,0.18,0.00,780000.00,780000.00,paid,INR,recurring rent
AP-EMI-202607-0,EMI-202607,State Bank Equip Loan,RECUR-EMI,2026-07-01,2026-07-03,1250000.00,0.18,0.00,1250000.00,1250000.00,paid,INR,recurring emi
AP-GST-202607,GST-202607,Income Tax GST Deposits,RECUR-GST,2026-07-02,2026-07-06,3138188.00,0.18,0.00,3138188.00,3138188.00,paid,INR,statutory
AP-SALARY-202608-0,SALARY-202608,Acme Industries Payroll,RECUR-SALARY,2026-07-30,2026-08-01,3450000.00,0.18,0.00,3450000.00,3450000.00,paid,INR,recurring salary
AP-RENT-202608-0,RENT-202608,Skyline Estates Pvt Ltd,RECUR-RENT,2026-08-03,2026-08-05,780000.00,0.18,0.00,780000.00,780000.00,paid,INR,recurring rent
AP-EMI-202608-0,EMI-202608,State Bank Equip Loan,RECUR-EMI,2026-08-01,2026-08-03,1250000.00,0.18,0.00,1250000.00,1250000.00,paid,INR,recurring emi
AP-SALARY-202609-0,SALARY-202609,Acme Industries Payroll,RECUR-SALARY,2026-08-30,2026-09-01,3450000.00,0.18,0.00,3450000.00,3450000.00,paid,INR,recurring salary
AP-RENT-202609-0,RENT-202609,Skyline Estates Pvt Ltd,RECUR-RENT,2026-09-03,2026-09-05,780000.00,0.18,0.00,780000.00,770161.00,partial,INR,recurring rent short deduction
AP-EMI-202609-0,EMI-202609,State Bank Equip Loan,RECUR-EMI,2026-09-01,2026-09-03,1250000.00,0.18,0.00,1250000.00,1250000.00,paid,INR,recurring emi
