document_id,document_no,counterparty,counterparty_code,document_date,due_date,gross_amount,gst_rate,gst_amount,net_amount,paid_amount,status,currency,notes
AR-INV-2026-000001,INV-2026-000001,Nalanda Fab Services Private Limited,CUST-017,2026-03-09,2026-05-08,165088.00,0.18,29716.00,165088.00,0.00,overdue,INR,tax invoice
AR-INV-2026-000002,INV-2026-000002,Everstone Water Treatment Company,CUST-009,2026-03-09,2026-05-08,190337.00,0.18,34261.00,190337.00,0.00,overdue,INR,tax invoice
AR-INV-2026-000003,INV-2026-000003,Orbitex Paper Mills PVT LTD,CUST-025,2026-03-09,2026-03-16,240349.00,0.18,43263.00,240349.00,0.00,overdue,INR,tax invoice
AR-INV-2026-000004,INV-2026-000004,Ashwini Cable Systems LLP,CUST-023,2026-03-09,2026-04-08,816227.00,0.18,146921.00,816227.00,0.00,overdue,INR,tax invoice
AR-INV-2026-000005,INV-2026-000005,Goldcrest Security Systems & Co,CUST-024,2026-03-09,2026-05-08,1288560.00,0.18,231941.00,1288560.00,0.00,overdue,INR,tax invoice
AR-INV-2026-000006,INV-2026-000006,Suryavansh Catering Services Company,CUST-014,2026-03-09,2026-04-08,89978.00,0.18,16196.00,89978.00,0.00,overdue,INR,tax invoice
AR-INV-2026-000007,INV-2026-000007,Meridian Lab Supplies LLP,CUST-029,2026-03-09,2026-03-16,559106.00,0.18,100639.00,559106.00,0.00,overdue,INR,tax invoice
AR-INV-2026-000008,INV-2026-000008,Ashwini Cold Chain Ltd,CUST-022,2026-03-09,2026-04-08,674824.00,0.18,121468.00,674824.00,0.00,overdue,INR,tax invoice
AR-INV-2026-000009,INV-2026-000009,Copperleaf Electricals PVT LTD,CUST-004,2026-03-09,2026-04-23,461895.00,0.18,83141.00,461895.00,0.00,overdue,INR,tax invoice
AR-INV-2026-000021,INV-2026-000021,Vedika Facility Management & Co,CUST-028,2026-03-10,2026-04-24,680246.00,0.18,122444.00,680246.00,0.00,overdue,INR,tax invoice
AR-INV-2026-000022,INV-2026-000022,Suryavansh Catering Services Company,CUST-014,2026-03-10,2026-04-09,203327.00,0.18,36599.00,203327.00,0.00,overdue,INR,tax invoice
AR-INV-2026-000023,INV-2026-000023,Vedika Textiles Company,CUST-012,2026-03-10,2026-03-25,181803.00,0.18,32725.00,181803.00,0.00,overdue,INR,tax invoice
AR-INV-2026-000024,INV-2026-000024,Goldcrest Steel Traders Company,CUST-016,2026-03-10,2026-03-25,3384171.00,0.18,609151.00,3384171.00,0.00,overdue,INR,tax invoice
AR-INV-2026-000025,INV-2026-000025,Zenith One Logistics & Co,CUST-006,2026-03-10,2026-04-09,222258.00,0.18,40006.00,222258.00,0.00,overdue,INR,tax invoice
AR-INV-2026-000026,INV-2026-000026,Nalanda Recyclers LLP,CUST-007,2026-03-10,2026-03-25,265388.00,0.18,47770.00,265388.00,0.00,overdue,INR,tax invoice
AR-INV-2026-000027,INV-2026-000027,Zenith One Logistics & Co,CUST-006,2026-03-10,2026-04-09,77959.00,0.18,14033.00,77959.00,0.00,overdue,INR,tax invoice
AR-INV-2026-000032,INV-2026-000032,Goldcrest Steel Traders Company,CUST-016,2026-03-11,2026-03-26,741924.00,0.18,133546.00,741924.00,0.00,overdue,INR,tax invoice
AR-INV-2026-000033,INV-2026-000033,Vedika Textiles Company,CUST-012,2026-03-11,2026-03-26,240464.00,0.18,43284.00,240464.00,0.00,overdue,INR,tax invoice
AR-INV-2026-000034,INV-2026-000034,Vedika Textiles Company,CUST-012,2026-03-11,2026-03-26,516239.00,0.18,92923.00,516239.00,0.00,overdue,INR,tax invoice
AR-INV-2026-000035,INV-2026-000035,Shree Balaji Machine Parts & Co,CUST-003,2026-03-11,2026-05-11,506856.00,0.18,91234.00,506856.00,0.00,overdue,INR,tax invoice
AR-INV-2026-000042,INV-2026-000042,Suryavansh Catering Services Company,CUST-014,2026-03-12,2026-04-11,147400.00,0.18,26532.00,147400.00,0.00,overdue,INR,tax invoice
AR-INV-2026-000043,INV-2026-000043,Goldcrest Warehousing Private Limited,CUST-010,2026-03-12,2026-03-19,129629.00,0.18,23333.00,129629.00,0.00,overdue,INR,tax invoice
AR-INV-2026-000044,INV-2026-000044,Ashwini Interiors & Co,CUST-019,2026-03-12,2026-04-11,318339.00,0.18,57301.00,318339.00,0.00,overdue,INR,tax invoice
AR-INV-2026-000045,INV-2026-000045,Copperleaf Electricals PVT LTD,CUST-004,2026-03-12,2026-04-27,386622.00,0.18,69592.00,386622.00,0.00,overdue,INR,tax invoice
AR-INV-2026-000046,INV-2026-000046,Vedika Facility Management & Co,CUST-028,2026-03-12,2026-04-27,400725.00,0.18,72130.00,400725.00,0.00,overdue,INR,tax invoice
AR-INV-2026-000047,INV-2026-000047,Copperleaf Electricals PVT LTD,CUST-004,2026-03-12,2026-04-27,219050.00,0.18,39429.00,219050.00,0.00,overdue,INR,tax invoice
AR-INV-2026-000048,INV-2026-000048,Nalanda Recyclers LLP,CUST-007,2026-03-12,2026-03-27,189651.00,0.18,34137.00,189651.00,0.00,overdue,INR,tax invoice
AR-INV-2026-000049,INV-2026-000049,Trinetra Piping Solutions LLP,CUST-021,2026-03-12,2026-05-11,135700.00,0.18,24426.00,135700.00,0.00,overdue,INR,tax invoice
AR-INV-2026-000050,INV-2026-000050,Zenith One Logistics & Co,CUST-006,2026-03-12,2026-04-11,167465.00,0.18,30144.00,167465.00,0.00,overdue,INR,tax invoice
AR-INV-2026-000051,INV-2026-000051,Zenith One Logistics & Co,CUST-006,2026-03-12,2026-04-11,211536.00,0.18,38076.00,211536.00,0.00,overdue,INR,tax invoice
AR-INV-2026-000059,INV-2026-000059,Ashwini Interiors & Co,CUST-019,2026-03-13,2026-04-13,273211.00,0.18,49178.00,273211.00,0.00,overdue,INR,tax invoice
AR-INV-2026-000060,INV-2026-000060,Zenith One Logistics & Co,CUST-006,2026-03-13,2026-04-13,1498295.00,0.18,269693.00,1498295.00,0.00,overdue,INR,tax invoice
AR-INV-2026-000061,INV-2026-000061,Suryavansh Catering Services Company,CUST-014,2026-03-13,2026-04-13,403648.00,0.18,72657.00,403648.00,0.00,overdue,INR,tax invoice
AR-INV-2026-000062,INV-2026-000062,Sahyadri Polymers PVT LTD,CUST-001,2026-03-13,2026-04-27,270705.00,0.18,48727.00,270705.00,0.00,overdue,INR,tax invoice
AR-INV-2026-000063,INV-2026-000063,Suryavansh Catering Services Company,CUST-014,2026-03-13,2026-04-13,548061.00,0.18,98651.00,548061.00,0.00,overdue,INR,tax invoice
AR-INV-2026-000072,INV-2026-000072,Vedika Facility Management & Co,CUST-028,2026-03-14,2026-04-28,897718.00,0.18,161589.00,897718.00,0.00,overdue,INR,tax invoice
AR-INV-2026-000073,INV-2026-000073,Anant Infra Staffing Private Limited,CUST-020,2026-03-14,2026-04-28,1884284.00,0.18,339171.00,1884284.00,0.00,overdue,INR,tax invoice
AR-INV-2026-000078,INV-2026-000078,Everstone Water Treatment Company,CUST-009,2026-03-15,2026-05-14,141860.00,0.18,25535.00,141860.00,0.00,overdue,INR,tax invoice
AR-INV-2026-000083,INV-2026-000083,Orbitex Paper Mills PVT LTD,CUST-025,2026-03-16,2026-03-23,2311505.00,0.18,416071.00,2311505.00,0.00,overdue,INR,tax invoice
AR-INV-2026-000084,INV-2026-000084,Saptagiri Analytics Ltd,CUST-015,2026-03-16,2026-03-23,326859.00,0.18,58835.00,326859.00,0.00,overdue,INR,tax invoice
AR-INV-2026-000085,INV-2026-000085,Shree Balaji Hardware Private Limited,CUST-002,2026-03-16,2026-04-30,5472308.00,0.18,985015.00,5472308.00,0.00,overdue,INR,tax invoice
AR-INV-2026-000086,INV-2026-000086,Suryavansh Catering Services Company,CUST-014,2026-03-16,2026-04-15,720643.00,0.18,129716.00,720643.00,0.00,overdue,INR,tax invoice
AR-INV-2026-000087,INV-2026-000087,Copperleaf Electricals PVT LTD,CUST-004,2026-03-16,2026-04-30,372322.00,0.18,67018.00,372322.00,0.00,overdue,INR,tax invoice
AR-INV-2026-000088,INV-2026-000088,Goldcrest Warehousing Private Limited,CUST-010,2026-03-16,2026-03-23,148366.00,0.18,26706.00,148366.00,0.00,overdue,INR,tax invoice
AR-INV-2026-000089,INV-2026-000089,Sahyadri Polymers PVT LTD,CUST-001,2026-03-16,2026-04-30,545430.00,0.18,98177.00,545430.00,0.00,overdue,INR,tax invoice
AR-INV-2026-000090,INV-2026-000090,Nalanda Recyclers LLP,CUST-007,2026-03-16,2026-03-31,692980.00,0.18,124736.00,692980.00,0.00,overdue,INR,tax invoice
AR-INV-2026-000091,INV-2026-000091,Ashwini Cable Systems LLP,CUST-023,2026-03-16,2026-04-15,471128.00,0.18,84803.00,471128.00,0.00,overdue,INR,tax invoice
AR-INV-2026-000092,INV-2026-000092,Vedika Facility Management & Co,CUST-028,2026-03-16,2026-04-30,499100.00,0.18,89838.00,499100.00,0.00,overdue,INR,tax invoice
AR-INV-2026-000093,INV-2026-000093,Shree Balaji Machine Parts & Co,CUST-003,2026-03-16,2026-05-15,92617.00,0.18,16671.00,92617.00,0.00,overdue,INR,tax invoice
AR-INV-2026-000094,INV-2026-000094,Trividata Roofing Products PVT LTD,CUST-011,2026-03-16,2026-04-15,1025564.00,0.18,184602.00,1025564.00,0.00,overdue,INR,tax invoice
AR-INV-2026-000100,INV-2026-000100,Orbitex Packaging Private Limited,CUST-027,2026-03-17,2026-05-01,364825.00,0.18,65668.00,364825.00,0.00,overdue,INR,tax invoice
AR-INV-2026-000101,INV-2026-000101,Everstone Water Treatment Company,CUST-009,2026-03-17,2026-05-16,290350.00,0.18,52263.00,290350.00,0.00,overdue,INR,tax invoice
AR-INV-2026-000102,INV-2026-000102,Pushpa Metals Agri Inputs PVT LTD,CUST-018,2026-03-17,2026-03-24,1018707.00,0.18,183367.00,1018707.00,0.00,overdue,INR,tax invoice
AR-INV-2026-000103,INV-2026-000103,Ashwini Cable Systems LLP,CUST-023,2026-03-17,2026-04-16,410872.00,0.18,73957.00,410872.00,0.00,overdue,INR,tax invoice
AR-INV-2026-000104,INV-2026-000104,Goldcrest Security Systems & Co,CUST-024,2026-03-17,2026-05-16,1874315.00,0.18,337377.00,1874315.00,0.00,overdue,INR,tax invoice
AR-INV-2026-000105,INV-2026-000105,Goldcrest Security Systems & Co,CUST-024,2026-03-17,2026-05-16,424889.00,0.18,76480.00,424889.00,0.00,overdue,INR,tax invoice
AR-INV-2026-000106,INV-2026-000106,Nalanda Recyclers LLP,CUST-007,2026-03-17,2026-04-01,328598.00,0.18,59148.00,328598.00,0.00,overdue,INR,tax invoice
AR-INV-2026-000107,INV-2026-000107,Vedika Facility Management & Co,CUST-028,2026-03-17,2026-05-01,303234.00,0.18,54582.00,303234.00,0.00,overdue,INR,tax invoice
AR-INV-2026-000108,INV-2026-000108,Orbitex Packaging Private Limited,CUST-027,2026-03-17,2026-05-01,458321.00,0.18,82498.00,458321.00,0.00,overdue,INR,tax invoice
AR-INV-2026-000109,INV-2026-000109,Ashwini Solar EPC PVT LTD,CUST-008,2026-03-17,2026-05-01,251372.00,0.18,45247.00,251372.00,0.00,overdue,INR,tax invoice
AR-INV-2026-000110,INV-2026-000110,Shree Balaji Hardware Private Limited,CUST-002,2026-03-17,2026-05-01,505807.00,0.18,91045.00,505807.00,0.00,overdue,INR,tax invoice
AR-INV-2026-000122,INV-2026-000122,Suryavansh Print Solutions & Co,CUST-013,2026-03-18,2026-04-17,53966.00,0.18,9714.00,53966.00,0.00,overdue,INR,tax invoice
AR-INV-2026-000123,INV-2026-000123,Orbitex Packaging Private Limited,CUST-027,2026-03-18,2026-05-02,699758.00,0.18,125956.00,699758.00,0.00,overdue,INR,tax invoice
AR-INV-2026-000124,INV-2026-000124,Nalanda Fab Services Private Limited,CUST-017,2026-03-18,2026-05-18,94813.00,0.18,17066.00,94813.00,0.00,overdue,INR,tax invoice short deduction
AR-INV-2026-000125,INV-2026-000125,Suryavansh Print Solutions & Co,CUST-013,2026-03-18,2026-04-17,332945.00,0.18,59930.00,332945.00,0.00,overdue,INR,tax invoice
AR-INV-2026-000126,INV-2026-000126,Orbitex Paper Mills PVT LTD,CUST-025,2026-03-18,2026-03-25,1549325.00,0.18,278878.00,1549325.00,0.00,overdue,INR,tax invoice short deduction
AR-INV-2026-000127,INV-2026-000127,Copperleaf Electricals PVT LTD,CUST-004,2026-03-18,2026-05-02,558756.00,0.18,100576.00,558756.00,0.00,overdue,INR,tax invoice
AR-INV-2026-000128,INV-2026-000128,Orbitex Packaging Private Limited,CUST-027,2026-03-18,2026-05-02,677771.00,0.18,121999.00,677771.00,0.00,overdue,INR,tax invoice
AR-INV-2026-000129,INV-2026-000129,Suryavansh Petro Chemicals & Co,CUST-030,2026-03-18,2026-04-17,428894.00,0.18,77201.00,428894.00,0.00,overdue,INR,tax invoice
AR-INV-2026-000130,INV-2026-000130,Trinetra Piping Solutions LLP,CUST-021,2026-03-18,2026-05-18,130565.00,0.18,23502.00,130565.00,0.00,overdue,INR,tax invoice
AR-INV-2026-000142,INV-2026-000142,Orbitex Paper Mills PVT LTD,CUST-025,2026-03-19,2026-03-26,374720.00,0.18,67450.00,374720.00,0.00,overdue,INR,tax invoice
AR-INV-2026-000143,INV-2026-000143,Orbitex Packaging Private Limited,CUST-027,2026-03-19,2026-05-04,2325469.00,0.18,418584.00,2325469.00,0.00,overdue,INR,tax invoice
AR-INV-2026-000144,INV-2026-000144,Meridian Lab Supplies LLP,CUST-029,2026-03-19,2026-03-26,362931.00,0.18,65328.00,362931.00,0.00,overdue,INR,tax invoice
AR-INV-2026-000145,INV-2026-000145,Orbitex Packaging Private Limited,CUST-027,2026-03-19,2026-05-04,346306.00,0.18,62335.00,346306.00,0.00,overdue,INR,tax invoice
AR-INV-2026-000146,INV-2026-000146,Trividata Roofing Products PVT LTD,CUST-011,2026-03-19,2026-04-18,567503.00,0.18,102151.00,567503.00,0.00,overdue,INR,tax invoice
AR-INV-2026-000147,INV-2026-000147,Anant Infra Conveyances PVT LTD,CUST-005,2026-03-19,2026-04-18,56793.00,0.18,10223.00,56793.00,0.00,overdue,INR,tax invoice
AR-INV-2026-000148,INV-2026-000148,Sahyadri Polymers PVT LTD,CUST-001,2026-03-19,2026-05-04,966332.00,0.18,173940.00,966332.00,0.00,overdue,INR,tax invoice
AR-INV-2026-000149,INV-2026-000149,Nalanda Recyclers LLP,CUST-007,2026-03-19,2026-04-03,469380.00,0.18,84488.00,469380.00,0.00,open,INR,tax invoice
AR-INV-2026-000150,INV-2026-000150,Saptagiri Analytics Ltd,CUST-015,2026-03-19,2026-03-26,784113.00,0.18,141140.00,784113.00,0.00,overdue,INR,tax invoice
AR-INV-2026-000151,INV-2026-000151,Suryavansh Catering Services Company,CUST-014,2026-03-19,2026-04-18,74140.00,0.18,13345.00,74140.00,0.00,overdue,INR,tax invoice
AR-INV-2026-000157,INV-2026-000157,Copperleaf Electricals PVT LTD,CUST-004,2026-03-20,2026-05-04,579746.00,0.18,104354.00,579746.00,0.00,overdue,INR,tax invoice
AR-INV-2026-000165,INV-2026-000165,Shree Balaji Hardware Private Limited,CUST-002,2026-03-21,2026-05-05,1708406.00,0.18,307513.00,1708406.00,0.00,overdue,INR,tax invoice
AR-INV-2026-000166,INV-2026-000166,Meridian Lab Supplies LLP,CUST-029,2026-03-21,2026-03-28,1002598.00,0.18,180468.00,1002598.00,0.00,overdue,INR,tax invoice
AR-INV-2026-000167,INV-2026-000167,Everstone Water Treatment Company,CUST-009,2026-03-21,2026-05-20,201362.00,0.18,36245.00,201362.00,0.00,overdue,INR,tax invoice
AR-INV-2026-000174,INV-2026-000174,Orbitex Paper Mills PVT LTD,CUST-025,2026-03-23,2026-03-30,1218737.00,0.18,219373.00,1218737.00,0.00,overdue,INR,tax invoice
AR-INV-2026-000175,INV-2026-000175,Copperleaf Electricals PVT LTD,CUST-004,2026-03-23,2026-05-07,1685544.00,0.18,303398.00,1685544.00,0.00,overdue,INR,tax invoice
AR-INV-2026-000176,INV-2026-000176,Pushpa Metals Agri Inputs PVT LTD,CUST-018,2026-03-23,2026-03-30,354680.00,0.18,63842.00,354680.00,0.00,overdue,INR,tax invoice
AR-INV-2026-000177,INV-2026-000177,Copperleaf Electricals PVT LTD,CUST-004,2026-03-23,2026-05-07,353732.00,0.18,63672.00,353732.00,0.00,overdue,INR,tax invoice
AR-INV-2026-000178,INV-2026-000178,Goldcrest Security Systems & Co,CUST-024,2026-03-23,2026-05-22,3888364.00,0.18,699906.00,3888364.00,0.00,overdue,INR,tax invoice
AR-INV-2026-000179,INV-2026-000179,Everstone Water Treatment Company,CUST-009,2026-03-23,2026-05-22,300813.00,0.18,54146.00,300813.00,0.00,overdue,INR,tax invoice
AR-INV-2026-000180,INV-2026-000180,Ashwini Solar EPC PVT LTD,CUST-008,2026-03-23,2026-05-07,477550.00,0.18,85959.00,477550.00,0.00,overdue,INR,tax invoice
AR-INV-2026-000181,INV-2026-000181,Ashwini Cold Chain Ltd,CUST-022,2026-03-23,2026-04-22,533253.00,0.18,95986.00,533253.00,0.00,overdue,INR,tax invoice
AR-INV-2026-000182,INV-2026-000182,Sahyadri Polymers PVT LTD,CUST-001,2026-03-23,2026-05-07,1145592.00,0.18,206207.00,1145592.00,0.00,overdue,INR,tax invoice
AR-INV-2026-000183,INV-2026-000183,Vedika Textiles Company,CUST-012,2026-03-23,2026-04-07,131281.00,0.18,23631.00,131281.00,0.00,overdue,INR,tax invoice
AR-INV-2026-000184,INV-2026-000184,Copperleaf Electricals PVT LTD,CUST-004,2026-03-23,2026-05-07,1384328.00,0.18,249179.00,1384328.00,0.00,overdue,INR,tax invoice
AR-INV-2026-000185,INV-2026-000185,Goldcrest Warehousing Private Limited,CUST-010,2026-03-23,2026-03-30,961448.00,0.18,173061.00,961448.00,0.00,overdue,INR,tax invoice short deduction
AR-INV-2026-000186,INV-2026-000186,Orbitex Dairy Foods PVT LTD,CUST-026,2026-03-23,2026-03-30,669758.00,0.18,120556.00,669758.00,0.00,overdue,INR,tax invoice
AR-INV-2026-000187,INV-2026-000187,Suryavansh Print Solutions & Co,CUST-013,2026-03-23,2026-04-22,218504.00,0.18,39331.00,218504.00,0.00,overdue,INR,tax invoice
AR-INV-2026-000188,INV-2026-000188,Goldcrest Steel Traders Company,CUST-016,2026-03-23,2026-04-07,635662.00,0.18,114419.00,635662.00,0.00,overdue,INR,tax invoice
AR-INV-2026-000201,INV-2026-000201,Sahyadri Polymers PVT LTD,CUST-001,2026-03-24,2026-05-08,983633.00,0.18,177054.00,983633.00,0.00,overdue,INR,tax invoice
AR-INV-2026-000202,INV-2026-000202,Saptagiri Analytics Ltd,CUST-015,2026-03-24,2026-03-31,674577.00,0.18,121424.00,674577.00,0.00,overdue,INR,tax invoice
AR-INV-2026-000203,INV-2026-000203,Ashwini Cable Systems LLP,CUST-023,2026-03-24,2026-04-23,263143.00,0.18,47366.00,263143.00,0.00,overdue,INR,tax invoice short deduction
AR-INV-2026-000204,INV-2026-000204,Meridian Lab Supplies LLP,CUST-029,2026-03-24,2026-03-31,569943.00,0.18,102590.00,569943.00,0.00,overdue,INR,tax invoice
AR-INV-2026-000205,INV-2026-000205,Trinetra Piping Solutions LLP,CUST-021,2026-03-24,2026-05-23,633056.00,0.18,113950.00,633056.00,0.00,overdue,INR,tax invoice
AR-INV-2026-000206,INV-2026-000206,Vedika Textiles Company,CUST-012,2026-03-24,2026-04-08,234236.00,0.18,42162.00,234236.00,0.00,overdue,INR,tax invoice
AR-INV-2026-000211,INV-2026-000211,Orbitex Packaging Private Limited,CUST-027,2026-03-25,2026-05-09,394783.00,0.18,71061.00,394783.00,0.00,overdue,INR,tax invoice
AR-INV-2026-000212,INV-2026-000212,Orbitex Packaging Private Limited,CUST-027,2026-03-25,2026-05-09,2083834.00,0.18,375090.00,2083834.00,0.00,overdue,INR,tax invoice
AR-INV-2026-000213,INV-2026-000213,Goldcrest Warehousing Private Limited,CUST-010,2026-03-25,2026-04-01,104906.00,0.18,18883.00,104906.00,0.00,open,INR,tax invoice
AR-INV-2026-000214,INV-2026-000214,Goldcrest Security Systems & Co,CUST-024,2026-03-25,2026-05-25,411461.00,0.18,74063.00,411461.00,0.00,overdue,INR,tax invoice short deduction
AR-INV-2026-000215,INV-2026-000215,Vedika Facility Management & Co,CUST-028,2026-03-25,2026-05-09,467443.00,0.18,84140.00,467443.00,0.00,overdue,INR,tax invoice
AR-INV-2026-000216,INV-2026-000216,Vedika Textiles Company,CUST-012,2026-03-25,2026-04-09,523889.00,0.18,94300.00,523889.00,0.00,overdue,INR,tax invoice
AR-INV-2026-000217,INV-2026-000217,Orbitex Packaging Private Limited,CUST-027,2026-03-25,2026-05-09,1091304.00,0.18,196435.00,1091304.00,0.00,overdue,INR,tax invoice
AR-INV-2026-000218,INV-2026-000218,Anant Infra Conveyances PVT LTD,CUST-005,2026-03-25,2026-04-24,103298.00,0.18,18594.00,103298.00,0.00,overdue,INR,tax invoice
AR-INV-2026-000219,INV-2026-000219,Ashwini Interiors & Co,CUST-019,2026-03-25,2026-04-24,357338.00,0.18,64321.00,357338.00,0.00,overdue,INR,tax invoice
AR-INV-2026-000220,INV-2026-000220,Zenith One Logistics & Co,CUST-006,2026-03-25,2026-04-24,261579.00,0.18,47084.00,261579.00,0.00,overdue,INR,tax invoice
AR-INV-2026-000226,INV-2026-000226,Sahyadri Polymers PVT LTD,CUST-001,2026-03-26,2026-05-11,1034038.00,0.18,186127.00,1034038.00,0.00,overdue,INR,tax invoice
AR-INV-2026-000227,INV-2026-000227,Nalanda Fab Services Private Limited,CUST-017,2026-03-26,2026-05-25,235430.00,0.18,42377.00,235430.00,0.00,overdue,INR,tax invoice
AR-INV-2026-000228,INV-2026-000228,Nalanda Fab Services Private Limited,CUST-017,2026-03-26,2026-05-25,1308051.00,0.18,235449.00,1308051.00,0.00,overdue,INR,tax invoice
AR-INV-2026-000229,INV-2026-000229,Goldcrest Security Systems & Co,CUST-024,2026-03-26,2026-05-25,321081.00,0.18,57795.00,321081.00,0.00,overdue,INR,tax invoice
AR-INV-2026-000230,INV-2026-000230,Goldcrest Steel Traders Company,CUST-016,2026-03-26,2026-04-10,293276.00,0.18,52790.00,293276.00,0.00,overdue,INR,tax invoice
AR-INV-2026-000231,INV-2026-000231,Ashwini Cable Systems LLP,CUST-023,2026-03-26,2026-04-25,229656.00,0.18,41338.00,229656.00,0.00,open,INR,tax invoice
AR-INV-2026-000232,INV-2026-000232,Shree Balaji Hardware Private Limited,CUST-002,2026-03-26,2026-05-11,547056.00,0.18,98470.00,547056.00,0.00,overdue,INR,tax invoice short deduction
AR-INV-2026-000233,INV-2026-000233,Goldcrest Warehousing Private Limited,CUST-010,2026-03-26,2026-04-02,95201.00,0.18,17136.00,95201.00,0.00,open,INR,tax invoice
AR-INV-2026-000242,INV-2026-000242,Ashwini Interiors & Co,CUST-019,2026-03-27,2026-04-27,466916.00,0.18,84045.00,466916.00,0.00,overdue,INR,tax invoice
AR-INV-2026-000243,INV-2026-000243,Zenith One Logistics & Co,CUST-006,2026-03-27,2026-04-27,2589772.00,0.18,466159.00,2589772.00,0.00,overdue,INR,tax invoice
AR-INV-2026-000244,INV-2026-000244,Zenith One Logistics & Co,CUST-006,2026-03-27,2026-04-27,73479.00,0.18,13226.00,73479.00,0.00,overdue,INR,tax invoice
AR-INV-2026-000245,INV-2026-000245,Suryavansh Catering Services Company,CUST-014,2026-03-27,2026-04-27,77960.00,0.18,14033.00,77960.00,0.00,overdue,INR,tax invoice
AR-INV-2026-000246,INV-2026-000246,Vedika Textiles Company,CUST-012,2026-03-27,2026-04-11,123816.00,0.18,22287.00,123816.00,0.00,overdue,INR,tax invoice
AR-INV-2026-000247,INV-2026-000247,Shree Balaji Machine Parts & Co,CUST-003,2026-03-27,2026-05-26,546127.00,0.18,98303.00,546127.00,0.00,overdue,INR,tax invoice
AR-INV-2026-000248,INV-2026-000248,Saptagiri Analytics Ltd,CUST-015,2026-03-27,2026-04-03,439369.00,0.18,79086.00,439369.00,0.00,overdue,INR,tax invoice short deduction
AR-INV-2026-000249,INV-2026-000249,Orbitex Packaging Private Limited,CUST-027,2026-03-27,2026-05-11,392514.00,0.18,70653.00,392514.00,0.00,overdue,INR,tax invoice
AR-INV-2026-000250,INV-2026-000250,Ashwini Cable Systems LLP,CUST-023,2026-03-27,2026-04-27,124877.00,0.18,22478.00,124877.00,0.00,open,INR,tax invoice
AR-INV-2026-000251,INV-2026-000251,Orbitex Paper Mills PVT LTD,CUST-025,2026-03-27,2026-04-03,779286.00,0.18,140271.00,779286.00,0.00,overdue,INR,tax invoice
AR-INV-2026-000252,INV-2026-000252,Zenith One Logistics & Co,CUST-006,2026-03-27,2026-04-27,613476.00,0.18,110426.00,613476.00,0.00,overdue,INR,tax invoice
AR-INV-2026-000253,INV-2026-000253,Orbitex Dairy Foods PVT LTD,CUST-026,2026-03-27,2026-04-03,730399.00,0.18,131472.00,730399.00,0.00,overdue,INR,tax invoice
AR-INV-2026-000254,INV-2026-000254,Meridian Lab Supplies LLP,CUST-029,2026-03-27,2026-04-03,700433.00,0.18,126078.00,700433.00,0.00,overdue,INR,tax invoice
AR-INV-2026-000255,INV-2026-000255,Goldcrest Warehousing Private Limited,CUST-010,2026-03-27,2026-04-03,224486.00,0.18,40407.00,224486.00,0.00,open,INR,tax invoice
AR-INV-2026-000256,INV-2026-000256,Meridian Lab Supplies LLP,CUST-029,2026-03-27,2026-04-03,452482.00,0.18,81447.00,452482.00,0.00,overdue,INR,tax invoice
AR-INV-2026-000257,INV-2026-000257,Everstone Water Treatment Company,CUST-009,2026-03-27,2026-05-26,94193.00,0.18,16955.00,94193.00,0.00,overdue,INR,tax invoice
AR-INV-2026-000258,INV-2026-000258,Suryavansh Print Solutions & Co,CUST-013,2026-03-27,2026-04-27,95183.00,0.18,17133.00,95183.00,0.00,overdue,INR,tax invoice
AR-INV-2026-000259,INV-2026-000259,Ashwini Cold Chain Ltd,CUST-022,2026-03-27,2026-04-27,2194977.00,0.18,395096.00,2194977.00,0.00,overdue,INR,tax invoice
AR-INV-2026-000260,INV-2026-000260,Shree Balaji Machine Parts & Co,CUST-003,2026-03-27,2026-05-26,184643.00,0.18,33236.00,184643.00,0.00,overdue,INR,tax invoice
AR-INV-2026-000272,INV-2026-000272,Vedika Facility Management & Co,CUST-028,2026-03-28,2026-05-12,630481.00,0.18,113487.00,630481.00,0.00,overdue,INR,tax invoice
AR-INV-2026-000273,INV-2026-000273,Orbitex Packaging Private Limited,CUST-027,2026-03-28,2026-05-12,113703.00,0.18,20467.00,113703.00,0.00,overdue,INR,tax invoice
AR-INV-2026-000274,INV-2026-000274,Pushpa Metals Agri Inputs PVT LTD,CUST-018,2026-03-28,2026-04-04,320506.00,0.18,57691.00,320506.00,0.00,overdue,INR,tax invoice
AR-INV-2026-000275,INV-2026-000275,Nalanda Fab Services Private Limited,CUST-017,2026-03-28,2026-05-27,60784.00,0.18,10941.00,60784.00,0.00,overdue,INR,tax invoice
AR-INV-2026-000278,INV-2026-000278,Ashwini Solar EPC PVT LTD,CUST-008,2026-03-30,2026-05-14,512380.00,0.18,92228.00,512380.00,0.00,overdue,INR,tax invoice
AR-INV-2026-000279,INV-2026-000279,Trinetra Piping Solutions LLP,CUST-021,2026-03-30,2026-05-29,84034.00,0.18,15126.00,84034.00,0.00,overdue,INR,tax invoice
AR-INV-2026-000280,INV-2026-000280,Trividata Roofing Products PVT LTD,CUST-011,2026-03-30,2026-04-29,428761.00,0.18,77177.00,428761.00,0.00,overdue,INR,tax invoice
AR-INV-2026-000281,INV-2026-000281,Nalanda Fab Services Private Limited,CUST-017,2026-03-30,2026-05-29,587170.00,0.18,105691.00,587170.00,0.00,overdue,INR,tax invoice
AR-INV-2026-000282,INV-2026-000282,Nalanda Fab Services Private Limited,CUST-017,2026-03-30,2026-05-29,212837.00,0.18,38311.00,212837.00,0.00,overdue,INR,tax invoice
AR-INV-2026-000283,INV-2026-000283,Nalanda Fab Services Private Limited,CUST-017,2026-03-30,2026-05-29,603218.00,0.18,108579.00,603218.00,0.00,overdue,INR,tax invoice
AR-INV-2026-000284,INV-2026-000284,Nalanda Fab Services Private Limited,CUST-017,2026-03-30,2026-05-29,102387.00,0.18,18430.00,102387.00,0.00,overdue,INR,tax invoice
AR-INV-2026-000285,INV-2026-000285,Suryavansh Print Solutions & Co,CUST-013,2026-03-30,2026-04-29,336402.00,0.18,60552.00,336402.00,0.00,overdue,INR,tax invoice
AR-INV-2026-000286,INV-2026-000286,Orbitex Dairy Foods PVT LTD,CUST-026,2026-03-30,2026-04-06,788313.00,0.18,141896.00,788313.00,0.00,overdue,INR,tax invoice
AR-INV-2026-000287,INV-2026-000287,Saptagiri Analytics Ltd,CUST-015,2026-03-30,2026-04-06,1168944.00,0.18,210410.00,1168944.00,0.00,overdue,INR,tax invoice short deduction
AR-INV-2026-000288,INV-2026-000288,Nalanda Recyclers LLP,CUST-007,2026-03-30,2026-04-14,932058.00,0.18,167770.00,932058.00,0.00,open,INR,tax invoice
AR-INV-2026-000289,INV-2026-000289,Suryavansh Catering Services Company,CUST-014,2026-03-30,2026-04-29,528905.00,0.18,95203.00,528905.00,0.00,open,INR,tax invoice
AR-INV-2026-000290,INV-2026-000290,Meridian Lab Supplies LLP,CUST-029,2026-03-30,2026-04-06,815948.00,0.18,146871.00,815948.00,0.00,overdue,INR,tax invoice
AR-INV-2026-000291,INV-2026-000291,Orbitex Paper Mills PVT LTD,CUST-025,2026-03-30,2026-04-06,1034426.00,0.18,186197.00,1034426.00,0.00,overdue,INR,tax invoice
AR-INV-2026-000292,INV-2026-000292,Orbitex Packaging Private Limited,CUST-027,2026-03-30,2026-05-14,1463037.00,0.18,263347.00,1463037.00,0.00,overdue,INR,tax invoice
AR-INV-2026-000302,INV-2026-000302,Ashwini Cold Chain Ltd,CUST-022,2026-03-31,2026-04-30,787184.00,0.18,141693.00,787184.00,0.00,overdue,INR,tax invoice
AR-INV-2026-000303,INV-2026-000303,Nalanda Recyclers LLP,CUST-007,2026-03-31,2026-04-15,1441705.00,0.18,259507.00,1441705.00,0.00,open,INR,tax invoice
AR-INV-2026-000304,INV-2026-000304,Orbitex Dairy Foods PVT LTD,CUST-026,2026-03-31,2026-04-07,388286.00,0.18,69891.00,388286.00,0.00,overdue,INR,tax invoice
AR-INV-2026-000305,INV-2026-000305,Saptagiri Analytics Ltd,CUST-015,2026-03-31,2026-04-07,319737.00,0.18,57553.00,319737.00,0.00,overdue,INR,tax invoice
AR-INV-2026-000306,INV-2026-000306,Suryavansh Petro Chemicals & Co,CUST-030,2026-03-31,2026-04-30,53493.00,0.18,9629.00,53493.00,0.00,overdue,INR,tax invoice
AR-INV-2026-000307,INV-2026-000307,Shree Balaji Hardware Private Limited,CUST-002,2026-03-31,2026-05-15,203677.00,0.18,36662.00,203677.00,0.00,overdue,INR,tax invoice
AR-INV-2026-000308,INV-2026-000308,Ashwini Solar EPC PVT LTD,CUST-008,2026-03-31,2026-05-15,547540.00,0.18,98557.00,547540.00,0.00,overdue,INR,tax invoice
AR-INV-2026-000309,INV-2026-000309,Vedika Facility Management & Co,CUST-028,2026-03-31,2026-05-15,1146371.00,0.18,206347.00,1146371.00,0.00,overdue,INR,tax invoice
AR-INV-2026-000310,INV-2026-000310,Goldcrest Steel Traders Company,CUST-016,2026-03-31,2026-04-15,900789.00,0.18,162142.00,900789.00,0.00,overdue,INR,tax invoice short deduction
AR-INV-2026-000311,INV-2026-000311,Nalanda Recyclers LLP,CUST-007,2026-03-31,2026-04-15,1198403.00,0.18,215713.00,1198403.00,0.00,overdue,INR,tax invoice
AR-INV-2026-000312,INV-2026-000312,Goldcrest Security Systems & Co,CUST-024,2026-03-31,2026-05-30,881339.00,0.18,158641.00,881339.00,0.00,overdue,INR,tax invoice
AR-INV-2026-000313,INV-2026-000313,Goldcrest Warehousing Private Limited,CUST-010,2026-03-31,2026-04-07,423990.00,0.18,76318.00,423990.00,0.00,overdue,INR,tax invoice
AR-INV-2026-000314,INV-2026-000314,Ashwini Solar EPC PVT LTD,CUST-008,2026-03-31,2026-05-15,306404.00,0.18,55153.00,306404.00,0.00,overdue,INR,tax invoice short deduction
AR-INV-2026-000321,INV-2026-000321,Anant Infra Conveyances PVT LTD,CUST-005,2026-04-01,2026-05-01,71041.00,0.18,12787.00,71041.00,0.00,overdue,INR,tax invoice
AR-INV-2026-000322,INV-2026-000322,Saptagiri Analytics Ltd,CUST-015,2026-04-01,2026-04-08,946607.00,0.18,170389.00,946607.00,0.00,overdue,INR,tax invoice
AR-INV-2026-000323,INV-2026-000323,Nalanda Recyclers LLP,CUST-007,2026-04-01,2026-04-16,451101.00,0.18,81198.00,451101.00,0.00,open,INR,tax invoice
AR-INV-2026-000324,INV-2026-000324,Orbitex Paper Mills PVT LTD,CUST-025,2026-04-01,2026-04-08,858645.00,0.18,154556.00,858645.00,0.00,overdue,INR,tax invoice short deduction
AR-INV-2026-000325,INV-2026-000325,Anant Infra Staffing Private Limited,CUST-020,2026-04-01,2026-05-16,3045523.00,0.18,548194.00,3045523.00,0.00,overdue,INR,tax invoice
AR-INV-2026-000326,INV-2026-000326,Anant Infra Conveyances PVT LTD,CUST-005,2026-04-01,2026-05-01,45680.00,0.18,8222.00,45680.00,0.00,overdue,INR,tax invoice
AR-INV-2026-000327,INV-2026-000327,Suryavansh Petro Chemicals & Co,CUST-030,2026-04-01,2026-05-01,232063.00,0.18,41771.00,232063.00,0.00,overdue,INR,tax invoice
AR-INV-2026-000328,INV-2026-000328,Trinetra Piping Solutions LLP,CUST-021,2026-04-01,2026-06-01,356829.00,0.18,64229.00,356829.00,0.00,overdue,INR,tax invoice
AR-INV-2026-000329,INV-2026-000329,Trividata Roofing Products PVT LTD,CUST-011,2026-04-01,2026-05-01,1119076.00,0.18,201434.00,1119076.00,0.00,overdue,INR,tax invoice
AR-INV-2026-000335,INV-2026-000335,Orbitex Dairy Foods PVT LTD,CUST-026,2026-04-02,2026-04-09,591766.00,0.18,106518.00,591766.00,0.00,overdue,INR,tax invoice
AR-INV-2026-000336,INV-2026-000336,Goldcrest Security Systems & Co,CUST-024,2026-04-02,2026-06-01,839856.00,0.18,151174.00,839856.00,0.00,overdue,INR,tax invoice
AR-INV-2026-000337,INV-2026-000337,Pushpa Metals Agri Inputs PVT LTD,CUST-018,2026-04-02,2026-04-09,635949.00,0.18,114471.00,635949.00,0.00,overdue,INR,tax invoice short deduction
AR-INV-2026-000338,INV-2026-000338,Ashwini Interiors & Co,CUST-019,2026-04-02,2026-05-02,1484464.00,0.18,267204.00,1484464.00,0.00,overdue,INR,tax invoice
AR-INV-2026-000339,INV-2026-000339,Suryavansh Print Solutions & Co,CUST-013,2026-04-02,2026-05-02,335864.00,0.18,60456.00,335864.00,0.00,overdue,INR,tax invoice
AR-INV-2026-000342,INV-2026-000342,Trinetra Piping Solutions LLP,CUST-021,2026-04-03,2026-06-02,150958.00,0.18,27172.00,150958.00,0.00,overdue,INR,tax invoice
AR-INV-2026-000343,INV-2026-000343,Copperleaf Electricals PVT LTD,CUST-004,2026-04-03,2026-05-18,486802.00,0.18,87624.00,486802.00,0.00,overdue,INR,tax invoice
AR-INV-2026-000344,INV-2026-000344,Ashwini Solar EPC PVT LTD,CUST-008,2026-04-03,2026-05-18,380944.00,0.18,68570.00,380944.00,0.00,overdue,INR,tax invoice
AR-INV-2026-000345,INV-2026-000345,Trividata Roofing Products PVT LTD,CUST-011,2026-04-03,2026-05-04,698769.00,0.18,125778.00,698769.00,0.00,overdue,INR,tax invoice
AR-INV-2026-000346,INV-2026-000346,Shree Balaji Hardware Private Limited,CUST-002,2026-04-03,2026-05-18,693223.00,0.18,124780.00,693223.00,0.00,overdue,INR,tax invoice
AR-INV-2026-000347,INV-2026-000347,Zenith One Logistics & Co,CUST-006,2026-04-03,2026-05-04,715953.00,0.18,128872.00,715953.00,0.00,overdue,INR,tax invoice
AR-INV-2026-000348,INV-2026-000348,Ashwini Cable Systems LLP,CUST-023,2026-04-03,2026-05-04,224644.00,0.18,40436.00,224644.00,0.00,open,INR,tax invoice
AR-INV-2026-000349,INV-2026-000349,Orbitex Packaging Private Limited,CUST-027,2026-04-03,2026-05-18,423692.00,0.18,76265.00,423692.00,0.00,overdue,INR,tax invoice short deduction
AR-INV-2026-000350,INV-2026-000350,Ashwini Solar EPC PVT LTD,CUST-008,2026-04-03,2026-05-18,330557.00,0.18,59500.00,330557.00,0.00,overdue,INR,tax invoice
AR-INV-2026-000362,INV-2026-000362,Sahyadri Polymers PVT LTD,CUST-001,2026-04-06,2026-05-21,509037.00,0.18,91627.00,509037.00,0.00,overdue,INR,tax invoice
AR-INV-2026-000363,INV-2026-000363,Anant Infra Conveyances PVT LTD,CUST-005,2026-04-06,2026-05-06,57815.00,0.18,10407.00,57815.00,0.00,overdue,INR,tax invoice
AR-INV-2026-000364,INV-2026-000364,Vedika Facility Management & Co,CUST-028,2026-04-06,2026-05-21,701293.00,0.18,126233.00,701293.00,0.00,overdue,INR,tax invoice
AR-INV-2026-000365,INV-2026-000365,Ashwini Cable Systems LLP,CUST-023,2026-04-06,2026-05-06,144541.00,0.18,26017.00,144541.00,0.00,overdue,INR,tax invoice
AR-INV-2026-000366,INV-2026-000366,Trinetra Piping Solutions LLP,CUST-021,2026-04-06,2026-06-05,375803.00,0.18,67645.00,375803.00,0.00,overdue,INR,tax invoice
AR-INV-2026-000367,INV-2026-000367,Ashwini Interiors & Co,CUST-019,2026-04-06,2026-05-06,488204.00,0.18,87877.00,488204.00,0.00,overdue,INR,tax invoice
AR-INV-2026-000368,INV-2026-000368,Orbitex Paper Mills PVT LTD,CUST-025,2026-04-06,2026-04-13,445791.00,0.18,80242.00,445791.00,0.00,overdue,INR,tax invoice
AR-INV-2026-000369,INV-2026-000369,Copperleaf Electricals PVT LTD,CUST-004,2026-04-06,2026-05-21,934624.00,0.18,168232.00,934624.00,0.00,overdue,INR,tax invoice
AR-INV-2026-000370,INV-2026-000370,Vedika Textiles Company,CUST-012,2026-04-06,2026-04-21,558955.00,0.18,100612.00,558955.00,0.00,overdue,INR,tax invoice
AR-INV-2026-000377,INV-2026-000377,Goldcrest Security Systems & Co,CUST-024,2026-04-07,2026-06-06,1035455.00,0.18,186382.00,1035455.00,0.00,overdue,INR,tax invoice
AR-INV-2026-000378,INV-2026-000378,Nalanda Recyclers LLP,CUST-007,2026-04-07,2026-04-22,1379087.00,0.18,248236.00,1379087.00,0.00,open,INR,tax invoice
AR-INV-2026-000379,INV-2026-000379,Zenith One Logistics & Co,CUST-006,2026-04-07,2026-05-07,3620347.00,0.18,651662.00,3620347.00,0.00,overdue,INR,tax invoice
AR-INV-2026-000380,INV-2026-000380,Suryavansh Petro Chemicals & Co,CUST-030,2026-04-07,2026-05-07,1321291.00,0.18,237832.00,1321291.00,0.00,overdue,INR,tax invoice
AR-INV-2026-000381,INV-2026-000381,Ashwini Interiors & Co,CUST-019,2026-04-07,2026-05-07,137875.00,0.18,24817.00,137875.00,0.00,overdue,INR,tax invoice
AR-INV-2026-000382,INV-2026-000382,Anant Infra Staffing Private Limited,CUST-020,2026-04-07,2026-05-22,407910.00,0.18,73424.00,407910.00,0.00,overdue,INR,tax invoice
AR-INV-2026-000383,INV-2026-000383,Nalanda Fab Services Private Limited,CUST-017,2026-04-07,2026-06-06,278417.00,0.18,50115.00,278417.00,0.00,overdue,INR,tax invoice
AR-INV-2026-000384,INV-2026-000384,Goldcrest Warehousing Private Limited,CUST-010,2026-04-07,2026-04-14,170827.00,0.18,30749.00,170827.00,0.00,overdue,INR,tax invoice
AR-INV-2026-000385,INV-2026-000385,Nalanda Fab Services Private Limited,CUST-017,2026-04-07,2026-06-06,145307.00,0.18,26155.00,145307.00,0.00,overdue,INR,tax invoice
AR-INV-2026-000390,INV-2026-000390,Ashwini Cable Systems LLP,CUST-023,2026-04-08,2026-05-08,371801.00,0.18,66924.00,371801.00,0.00,overdue,INR,tax invoice
AR-INV-2026-000391,INV-2026-000391,Suryavansh Catering Services Company,CUST-014,2026-04-08,2026-05-08,396192.00,0.18,71315.00,396192.00,0.00,open,INR,tax invoice
AR-INV-2026-000392,INV-2026-000392,Nalanda Recyclers LLP,CUST-007,2026-04-08,2026-04-23,329812.00,0.18,59366.00,329812.00,0.00,open,INR,tax invoice
AR-INV-2026-000393,INV-2026-000393,Everstone Water Treatment Company,CUST-009,2026-04-08,2026-06-08,251750.00,0.18,45315.00,251750.00,0.00,overdue,INR,tax invoice
AR-INV-2026-000394,INV-2026-000394,Trividata Roofing Products PVT LTD,CUST-011,2026-04-08,2026-05-08,295491.00,0.18,53188.00,295491.00,0.00,overdue,INR,tax invoice
AR-INV-2026-000395,INV-2026-000395,Saptagiri Analytics Ltd,CUST-015,2026-04-08,2026-04-15,403492.00,0.18,72629.00,403492.00,0.00,overdue,INR,tax invoice
AR-INV-2026-000396,INV-2026-000396,Meridian Lab Supplies LLP,CUST-029,2026-04-08,2026-04-15,309379.00,0.18,55688.00,309379.00,0.00,overdue,INR,tax invoice
AR-INV-2026-000397,INV-2026-000397,Zenith One Logistics & Co,CUST-006,2026-04-08,2026-05-08,91899.00,0.18,16542.00,91899.00,0.00,overdue,INR,tax invoice
AR-INV-2026-000405,INV-2026-000405,Trividata Roofing Products PVT LTD,CUST-011,2026-04-09,2026-05-09,257308.00,0.18,46315.00,257308.00,0.00,overdue,INR,tax invoice
AR-INV-2026-000406,INV-2026-000406,Anant Infra Staffing Private Limited,CUST-020,2026-04-09,2026-05-25,144830.00,0.18,26069.00,144830.00,0.00,overdue,INR,tax invoice
AR-INV-2026-000407,INV-2026-000407,Meridian Lab Supplies LLP,CUST-029,2026-04-09,2026-04-16,2286415.00,0.18,411555.00,2286415.00,0.00,overdue,INR,tax invoice
AR-INV-2026-000408,INV-2026-000408,Nalanda Fab Services Private Limited,CUST-017,2026-04-09,2026-06-08,186327.00,0.18,33539.00,186327.00,0.00,overdue,INR,tax invoice
AR-INV-2026-000409,INV-2026-000409,Ashwini Solar EPC PVT LTD,CUST-008,2026-04-09,2026-05-25,1584672.00,0.18,285241.00,1584672.00,0.00,overdue,INR,tax invoice
AR-INV-2026-000410,INV-2026-000410,Shree Balaji Machine Parts & Co,CUST-003,2026-04-09,2026-06-08,243536.00,0.18,43836.00,243536.00,0.00,overdue,INR,tax invoice
AR-INV-2026-000411,INV-2026-000411,Ashwini Solar EPC PVT LTD,CUST-008,2026-04-09,2026-05-25,791955.00,0.18,142552.00,791955.00,0.00,overdue,INR,tax invoice
AR-INV-2026-000412,INV-2026-000412,Ashwini Cold Chain Ltd,CUST-022,2026-04-09,2026-05-09,257662.00,0.18,46379.00,257662.00,0.00,overdue,INR,tax invoice
AR-INV-2026-000421,INV-2026-000421,Nalanda Fab Services Private Limited,CUST-017,2026-04-10,2026-06-09,214960.00,0.18,38693.00,214960.00,0.00,overdue,INR,tax invoice
AR-INV-2026-000422,INV-2026-000422,Anant Infra Conveyances PVT LTD,CUST-005,2026-04-10,2026-05-11,234481.00,0.18,42207.00,234481.00,0.00,overdue,INR,tax invoice
AR-INV-2026-000423,INV-2026-000423,Pushpa Metals Agri Inputs PVT LTD,CUST-018,2026-04-10,2026-04-17,850099.00,0.18,153018.00,850099.00,0.00,overdue,INR,tax invoice short deduction
AR-INV-2026-000424,INV-2026-000424,Nalanda Recyclers LLP,CUST-007,2026-04-10,2026-04-25,559601.00,0.18,100728.00,559601.00,0.00,overdue,INR,tax invoice
AR-INV-2026-000425,INV-2026-000425,Vedika Facility Management & Co,CUST-028,2026-04-10,2026-05-25,452564.00,0.18,81462.00,452564.00,0.00,overdue,INR,tax invoice
AR-INV-2026-000426,INV-2026-000426,Everstone Water Treatment Company,CUST-009,2026-04-10,2026-06-09,252561.00,0.18,45461.00,252561.00,0.00,overdue,INR,tax invoice
AR-INV-2026-000427,INV-2026-000427,Pushpa Metals Agri Inputs PVT LTD,CUST-018,2026-04-10,2026-04-17,880513.00,0.18,158492.00,880513.00,0.00,overdue,INR,tax invoice short deduction
AR-INV-2026-000428,INV-2026-000428,Anant Infra Conveyances PVT LTD,CUST-005,2026-04-10,2026-05-11,256377.00,0.18,46148.00,256377.00,0.00,overdue,INR,tax invoice
AR-INV-2026-000436,INV-2026-000436,Nalanda Fab Services Private Limited,CUST-017,2026-04-11,2026-06-10,121736.00,0.18,21912.00,121736.00,0.00,overdue,INR,tax invoice
AR-INV-2026-000441,INV-2026-000441,Goldcrest Warehousing Private Limited,CUST-010,2026-04-13,2026-04-20,280784.00,0.18,50541.00,280784.00,0.00,overdue,INR,tax invoice
AR-INV-2026-000442,INV-2026-000442,Nalanda Fab Services Private Limited,CUST-017,2026-04-13,2026-06-12,230482.00,0.18,41487.00,230482.00,0.00,overdue,INR,tax invoice
AR-INV-2026-000443,INV-2026-000443,Sahyadri Polymers PVT LTD,CUST-001,2026-04-13,2026-05-28,697592.00,0.18,125567.00,697592.00,0.00,overdue,INR,tax invoice
AR-INV-2026-000444,INV-2026-000444,Ashwini Interiors & Co,CUST-019,2026-04-13,2026-05-13,298528.00,0.18,53735.00,298528.00,0.00,overdue,INR,tax invoice
AR-INV-2026-000445,INV-2026-000445,Suryavansh Print Solutions & Co,CUST-013,2026-04-13,2026-05-13,731991.00,0.18,131758.00,731991.00,0.00,overdue,INR,tax invoice
AR-INV-2026-000446,INV-2026-000446,Orbitex Dairy Foods PVT LTD,CUST-026,2026-04-13,2026-04-20,609584.00,0.18,109725.00,609584.00,0.00,overdue,INR,tax invoice
AR-INV-2026-000449,INV-2026-000449,Orbitex Packaging Private Limited,CUST-027,2026-04-14,2026-05-29,591630.00,0.18,106493.00,591630.00,0.00,overdue,INR,tax invoice
AR-INV-2026-000450,INV-2026-000450,Vedika Facility Management & Co,CUST-028,2026-04-14,2026-05-29,1244536.00,0.18,224016.00,1244536.00,0.00,overdue,INR,tax invoice
AR-INV-2026-000451,INV-2026-000451,Suryavansh Print Solutions & Co,CUST-013,2026-04-14,2026-05-14,954762.00,0.18,171857.00,954762.00,0.00,overdue,INR,tax invoice
AR-INV-2026-000452,INV-2026-000452,Vedika Textiles Company,CUST-012,2026-04-14,2026-04-29,458753.00,0.18,82576.00,458753.00,0.00,overdue,INR,tax invoice
AR-INV-2026-000453,INV-2026-000453,Trividata Roofing Products PVT LTD,CUST-011,2026-04-14,2026-05-14,456780.00,0.18,82220.00,456780.00,0.00,overdue,INR,tax invoice
AR-INV-2026-000454,INV-2026-000454,Anant Infra Staffing Private Limited,CUST-020,2026-04-14,2026-05-29,805047.00,0.18,144908.00,805047.00,0.00,overdue,INR,tax invoice
AR-INV-2026-000455,INV-2026-000455,Suryavansh Print Solutions & Co,CUST-013,2026-04-14,2026-05-14,89731.00,0.18,16152.00,89731.00,0.00,overdue,INR,tax invoice
AR-INV-2026-000459,INV-2026-000459,Orbitex Packaging Private Limited,CUST-027,2026-04-15,2026-05-30,2045471.00,0.18,368185.00,2045471.00,0.00,overdue,INR,tax invoice
AR-INV-2026-000460,INV-2026-000460,Suryavansh Petro Chemicals & Co,CUST-030,2026-04-15,2026-05-15,1775312.00,0.18,319556.00,1775312.00,0.00,overdue,INR,tax invoice
AR-INV-2026-000461,INV-2026-000461,Goldcrest Warehousing Private Limited,CUST-010,2026-04-15,2026-04-22,257321.00,0.18,46318.00,257321.00,0.00,overdue,INR,tax invoice
AR-INV-2026-000462,INV-2026-000462,Goldcrest Security Systems & Co,CUST-024,2026-04-15,2026-06-15,280009.00,0.18,50402.00,280009.00,0.00,overdue,INR,tax invoice
AR-INV-2026-000463,INV-2026-000463,Anant Infra Staffing Private Limited,CUST-020,2026-04-15,2026-05-30,1744766.00,0.18,314058.00,1744766.00,0.00,overdue,INR,tax invoice
AR-INV-2026-000464,INV-2026-000464,Anant Infra Conveyances PVT LTD,CUST-005,2026-04-15,2026-05-15,150555.00,0.18,27100.00,150555.00,0.00,overdue,INR,tax invoice
AR-INV-2026-000465,INV-2026-000465,Vedika Textiles Company,CUST-012,2026-04-15,2026-04-30,405304.00,0.18,72955.00,405304.00,0.00,overdue,INR,tax invoice
AR-INV-2026-000466,INV-2026-000466,Suryavansh Petro Chemicals & Co,CUST-030,2026-04-15,2026-05-15,1234957.00,0.18,222292.00,1234957.00,0.00,overdue,INR,tax invoice
AR-INV-2026-000467,INV-2026-000467,Ashwini Interiors & Co,CUST-019,2026-04-15,2026-05-15,355575.00,0.18,64003.00,355575.00,0.00,overdue,INR,tax invoice
AR-INV-2026-000468,INV-2026-000468,Anant Infra Conveyances PVT LTD,CUST-005,2026-04-15,2026-05-15,212082.00,0.18,38175.00,212082.00,0.00,overdue,INR,tax invoice
AR-INV-2026-000478,INV-2026-000478,Goldcrest Warehousing Private Limited,CUST-010,2026-04-16,2026-04-23,56325.00,0.18,10138.00,56325.00,0.00,overdue,INR,tax invoice
AR-INV-2026-000479,INV-2026-000479,Anant Infra Staffing Private Limited,CUST-020,2026-04-16,2026-06-01,617559.00,0.18,111161.00,617559.00,0.00,overdue,INR,tax invoice
AR-INV-2026-000480,INV-2026-000480,Orbitex Packaging Private Limited,CUST-027,2026-04-16,2026-06-01,2016452.00,0.18,362961.00,2016452.00,0.00,overdue,INR,tax invoice
AR-INV-2026-000481,INV-2026-000481,Ashwini Cold Chain Ltd,CUST-022,2026-04-16,2026-05-16,2234888.00,0.18,402280.00,2234888.00,0.00,overdue,INR,tax invoice
AR-INV-2026-000482,INV-2026-000482,Orbitex Dairy Foods PVT LTD,CUST-026,2026-04-16,2026-04-23,342028.00,0.18,61565.00,342028.00,0.00,overdue,INR,tax invoice
AR-INV-2026-000483,INV-2026-000483,Vedika Textiles Company,CUST-012,2026-04-16,2026-05-01,193717.00,0.18,34869.00,193717.00,0.00,overdue,INR,tax invoice
AR-INV-2026-000484,INV-2026-000484,Vedika Textiles Company,CUST-012,2026-04-16,2026-05-01,254778.00,0.18,45860.00,254778.00,0.00,overdue,INR,tax invoice
AR-INV-2026-000490,INV-2026-000490,Anant Infra Staffing Private Limited,CUST-020,2026-04-17,2026-06-01,505219.00,0.18,90939.00,505219.00,0.00,overdue,INR,tax invoice short deduction
AR-INV-2026-000491,INV-2026-000491,Everstone Water Treatment Company,CUST-009,2026-04-17,2026-06-16,454951.00,0.18,81891.00,454951.00,0.00,overdue,INR,tax invoice
AR-INV-2026-000492,INV-2026-000492,Nalanda Recyclers LLP,CUST-007,2026-04-17,2026-05-02,756092.00,0.18,136097.00,756092.00,0.00,overdue,INR,tax invoice
AR-INV-2026-000493,INV-2026-000493,Meridian Lab Supplies LLP,CUST-029,2026-04-17,2026-04-24,290742.00,0.18,52334.00,290742.00,0.00,overdue,INR,tax invoice
AR-INV-2026-000494,INV-2026-000494,Nalanda Fab Services Private Limited,CUST-017,2026-04-17,2026-06-16,286400.00,0.18,51552.00,286400.00,0.00,overdue,INR,tax invoice short deduction
AR-INV-2026-000495,INV-2026-000495,Suryavansh Petro Chemicals & Co,CUST-030,2026-04-17,2026-05-18,6000000.00,0.18,1080000.00,6000000.00,0.00,overdue,INR,tax invoice
AR-INV-2026-000496,INV-2026-000496,Meridian Lab Supplies LLP,CUST-029,2026-04-17,2026-04-24,1021608.00,0.18,183889.00,1021608.00,0.00,overdue,INR,tax invoice
AR-INV-2026-000497,INV-2026-000497,Goldcrest Steel Traders Company,CUST-016,2026-04-17,2026-05-02,365198.00,0.18,65736.00,365198.00,0.00,overdue,INR,tax invoice
AR-INV-2026-000504,INV-2026-000504,Orbitex Paper Mills PVT LTD,CUST-025,2026-04-18,2026-04-25,951674.00,0.18,171301.00,951674.00,0.00,overdue,INR,tax invoice
AR-INV-2026-000505,INV-2026-000505,Saptagiri Analytics Ltd,CUST-015,2026-04-18,2026-04-25,168062.00,0.18,30251.00,168062.00,0.00,overdue,INR,tax invoice
AR-INV-2026-000506,INV-2026-000506,Meridian Lab Supplies LLP,CUST-029,2026-04-18,2026-04-25,820223.00,0.18,147640.00,820223.00,0.00,overdue,INR,tax invoice
AR-INV-2026-000508,INV-2026-000508,Anant Infra Staffing Private Limited,CUST-020,2026-04-19,2026-06-03,117100.00,0.18,21078.00,117100.00,0.00,overdue,INR,tax invoice
AR-INV-2026-000514,INV-2026-000514,Goldcrest Warehousing Private Limited,CUST-010,2026-04-20,2026-04-27,40003.00,0.18,7201.00,40003.00,0.00,open,INR,tax invoice
AR-INV-2026-000515,INV-2026-000515,Trinetra Piping Solutions LLP,CUST-021,2026-04-20,2026-06-19,92868.00,0.18,16716.00,92868.00,0.00,overdue,INR,tax invoice
AR-INV-2026-000516,INV-2026-000516,Everstone Water Treatment Company,CUST-009,2026-04-20,2026-06-19,180181.00,0.18,32433.00,180181.00,0.00,overdue,INR,tax invoice
AR-INV-2026-000517,INV-2026-000517,Goldcrest Steel Traders Company,CUST-016,2026-04-20,2026-05-05,655816.00,0.18,118047.00,655816.00,0.00,overdue,INR,tax invoice
AR-INV-2026-000518,INV-2026-000518,Ashwini Interiors & Co,CUST-019,2026-04-20,2026-05-20,309989.00,0.18,55798.00,309989.00,0.00,overdue,INR,tax invoice
AR-INV-2026-000523,INV-2026-000523,Ashwini Cable Systems LLP,CUST-023,2026-04-21,2026-05-21,65605.00,0.18,11809.00,65605.00,0.00,overdue,INR,tax invoice
AR-INV-2026-000524,INV-2026-000524,Vedika Textiles Company,CUST-012,2026-04-21,2026-05-06,186094.00,0.18,33497.00,186094.00,0.00,overdue,INR,tax invoice
AR-INV-2026-000525,INV-2026-000525,Trividata Roofing Products PVT LTD,CUST-011,2026-04-21,2026-05-21,785058.00,0.18,141310.00,785058.00,0.00,overdue,INR,tax invoice
AR-INV-2026-000526,INV-2026-000526,Goldcrest Security Systems & Co,CUST-024,2026-04-21,2026-06-20,238994.00,0.18,43019.00,238994.00,0.00,overdue,INR,tax invoice
AR-INV-2026-000527,INV-2026-000527,Anant Infra Conveyances PVT LTD,CUST-005,2026-04-21,2026-05-21,437360.00,0.18,78725.00,437360.00,0.00,overdue,INR,tax invoice short deduction
AR-INV-2026-000528,INV-2026-000528,Nalanda Recyclers LLP,CUST-007,2026-04-21,2026-05-06,1485329.00,0.18,267359.00,1485329.00,0.00,overdue,INR,tax invoice
AR-INV-2026-000529,INV-2026-000529,Meridian Lab Supplies LLP,CUST-029,2026-04-21,2026-04-28,393129.00,0.18,70763.00,393129.00,0.00,overdue,INR,tax invoice
AR-INV-2026-000534,INV-2026-000534,Trividata Roofing Products PVT LTD,CUST-011,2026-04-22,2026-05-22,481620.00,0.18,86692.00,481620.00,0.00,overdue,INR,tax invoice
AR-INV-2026-000535,INV-2026-000535,Nalanda Fab Services Private Limited,CUST-017,2026-04-22,2026-06-22,121398.00,0.18,21852.00,121398.00,0.00,overdue,INR,tax invoice
AR-INV-2026-000536,INV-2026-000536,Anant Infra Conveyances PVT LTD,CUST-005,2026-04-22,2026-05-22,339551.00,0.18,61119.00,339551.00,0.00,overdue,INR,tax invoice
AR-INV-2026-000537,INV-2026-000537,Goldcrest Steel Traders Company,CUST-016,2026-04-22,2026-05-07,493837.00,0.18,88891.00,493837.00,0.00,overdue,INR,tax invoice
AR-INV-2026-000538,INV-2026-000538,Pushpa Metals Agri Inputs PVT LTD,CUST-018,2026-04-22,2026-04-29,774155.00,0.18,139348.00,774155.00,0.00,overdue,INR,tax invoice
AR-INV-2026-000539,INV-2026-000539,Ashwini Cold Chain Ltd,CUST-022,2026-04-22,2026-05-22,908320.00,0.18,163498.00,908320.00,0.00,overdue,INR,tax invoice
AR-INV-2026-000540,INV-2026-000540,Ashwini Cold Chain Ltd,CUST-022,2026-04-22,2026-05-22,991909.00,0.18,178544.00,991909.00,0.00,overdue,INR,tax invoice
AR-INV-2026-000545,INV-2026-000545,Goldcrest Security Systems & Co,CUST-024,2026-04-23,2026-06-22,374741.00,0.18,67453.00,374741.00,0.00,overdue,INR,tax invoice
AR-INV-2026-000546,INV-2026-000546,Ashwini Cold Chain Ltd,CUST-022,2026-04-23,2026-05-23,837138.00,0.18,150685.00,837138.00,0.00,overdue,INR,tax invoice
AR-INV-2026-000547,INV-2026-000547,Vedika Textiles Company,CUST-012,2026-04-23,2026-05-08,818192.00,0.18,147275.00,818192.00,0.00,overdue,INR,tax invoice
AR-INV-2026-000548,INV-2026-000548,Ashwini Solar EPC PVT LTD,CUST-008,2026-04-23,2026-06-08,433388.00,0.18,78010.00,433388.00,0.00,overdue,INR,tax invoice
AR-INV-2026-000549,INV-2026-000549,Suryavansh Catering Services Company,CUST-014,2026-04-23,2026-05-23,172721.00,0.18,31090.00,172721.00,0.00,open,INR,tax invoice
AR-INV-2026-000550,INV-2026-000550,Nalanda Recyclers LLP,CUST-007,2026-04-23,2026-05-08,117949.00,0.18,21231.00,117949.00,0.00,overdue,INR,tax invoice
AR-INV-2026-000556,INV-2026-000556,Shree Balaji Hardware Private Limited,CUST-002,2026-04-24,2026-06-08,1029228.00,0.18,185261.00,1029228.00,0.00,overdue,INR,tax invoice
AR-INV-2026-000557,INV-2026-000557,Suryavansh Print Solutions & Co,CUST-013,2026-04-24,2026-05-25,134830.00,0.18,24269.00,134830.00,0.00,overdue,INR,tax invoice
AR-INV-2026-000558,INV-2026-000558,Suryavansh Catering Services Company,CUST-014,2026-04-24,2026-05-25,194257.00,0.18,34966.00,194257.00,0.00,overdue,INR,tax invoice
AR-INV-2026-000559,INV-2026-000559,Saptagiri Analytics Ltd,CUST-015,2026-04-24,2026-05-01,625920.00,0.18,112666.00,625920.00,0.00,overdue,INR,tax invoice
AR-INV-2026-000560,INV-2026-000560,Vedika Textiles Company,CUST-012,2026-04-24,2026-05-09,445209.00,0.18,80138.00,445209.00,0.00,overdue,INR,tax invoice
AR-INV-2026-000561,INV-2026-000561,Shree Balaji Hardware Private Limited,CUST-002,2026-04-24,2026-06-08,254150.00,0.18,45747.00,254150.00,0.00,overdue,INR,tax invoice
AR-INV-2026-000562,INV-2026-000562,Pushpa Metals Agri Inputs PVT LTD,CUST-018,2026-04-24,2026-05-01,814507.00,0.18,146611.00,814507.00,0.00,open,INR,tax invoice
AR-INV-2026-000563,INV-2026-000563,Suryavansh Print Solutions & Co,CUST-013,2026-04-24,2026-05-25,130506.00,0.18,23491.00,130506.00,0.00,overdue,INR,tax invoice
AR-INV-2026-000571,INV-2026-000571,Sahyadri Polymers PVT LTD,CUST-001,2026-04-25,2026-06-09,4091866.00,0.18,736536.00,4091866.00,0.00,overdue,INR,tax invoice
AR-INV-2026-000572,INV-2026-000572,Meridian Lab Supplies LLP,CUST-029,2026-04-25,2026-05-02,310300.00,0.18,55854.00,310300.00,0.00,overdue,INR,tax invoice
AR-INV-2026-000573,INV-2026-000573,Ashwini Interiors & Co,CUST-019,2026-04-25,2026-05-25,243522.00,0.18,43834.00,243522.00,0.00,overdue,INR,tax invoice
AR-INV-2026-000577,INV-2026-000577,Ashwini Cold Chain Ltd,CUST-022,2026-04-27,2026-05-27,1593419.00,0.18,286815.00,1593419.00,0.00,overdue,INR,tax invoice
AR-INV-2026-000578,INV-2026-000578,Copperleaf Electricals PVT LTD,CUST-004,2026-04-27,2026-06-11,372835.00,0.18,67110.00,372835.00,0.00,overdue,INR,tax invoice
AR-INV-2026-000579,INV-2026-000579,Goldcrest Steel Traders Company,CUST-016,2026-04-27,2026-05-12,1722778.00,0.18,310100.00,1722778.00,0.00,overdue,INR,tax invoice
AR-INV-2026-000580,INV-2026-000580,Trividata Roofing Products PVT LTD,CUST-011,2026-04-27,2026-05-27,885368.00,0.18,159366.00,885368.00,0.00,overdue,INR,tax invoice
AR-INV-2026-000581,INV-2026-000581,Shree Balaji Hardware Private Limited,CUST-002,2026-04-27,2026-06-11,232627.00,0.18,41873.00,232627.00,0.00,overdue,INR,tax invoice
AR-INV-2026-000582,INV-2026-000582,Saptagiri Analytics Ltd,CUST-015,2026-04-27,2026-05-04,604490.00,0.18,108808.00,604490.00,0.00,overdue,INR,tax invoice
AR-INV-2026-000583,INV-2026-000583,Trividata Roofing Products PVT LTD,CUST-011,2026-04-27,2026-05-27,489673.00,0.18,88141.00,489673.00,0.00,overdue,INR,tax invoice
AR-INV-2026-000584,INV-2026-000584,Trinetra Piping Solutions LLP,CUST-021,2026-04-27,2026-06-26,215436.00,0.18,38778.00,215436.00,0.00,overdue,INR,tax invoice
AR-INV-2026-000593,INV-2026-000593,Suryavansh Print Solutions & Co,CUST-013,2026-04-28,2026-05-28,53704.00,0.18,9667.00,53704.00,0.00,overdue,INR,tax invoice
AR-INV-2026-000594,INV-2026-000594,Goldcrest Steel Traders Company,CUST-016,2026-04-28,2026-05-13,414564.00,0.18,74622.00,414564.00,0.00,overdue,INR,tax invoice
AR-INV-2026-000595,INV-2026-000595,Vedika Facility Management & Co,CUST-028,2026-04-28,2026-06-12,603177.00,0.18,108572.00,603177.00,0.00,overdue,INR,tax invoice
AR-INV-2026-000596,INV-2026-000596,Saptagiri Analytics Ltd,CUST-015,2026-04-28,2026-05-05,142413.00,0.18,25634.00,142413.00,0.00,overdue,INR,tax invoice short deduction
AR-INV-2026-000597,INV-2026-000597,Shree Balaji Hardware Private Limited,CUST-002,2026-04-28,2026-06-12,1145131.00,0.18,206124.00,1145131.00,0.00,overdue,INR,tax invoice
AR-INV-2026-000598,INV-2026-000598,Ashwini Interiors & Co,CUST-019,2026-04-28,2026-05-28,272035.00,0.18,48966.00,272035.00,0.00,overdue,INR,tax invoice
AR-INV-2026-000599,INV-2026-000599,Ashwini Cable Systems LLP,CUST-023,2026-04-28,2026-05-28,163167.00,0.18,29370.00,163167.00,0.00,overdue,INR,tax invoice
AR-INV-2026-000604,INV-2026-000604,Copperleaf Electricals PVT LTD,CUST-004,2026-04-29,2026-06-13,405538.00,0.18,72997.00,405538.00,0.00,overdue,INR,tax invoice
AR-INV-2026-000605,INV-2026-000605,Suryavansh Print Solutions & Co,CUST-013,2026-04-29,2026-05-29,803812.00,0.18,144686.00,803812.00,0.00,overdue,INR,tax invoice
AR-INV-2026-000606,INV-2026-000606,Trividata Roofing Products PVT LTD,CUST-011,2026-04-29,2026-05-29,183781.00,0.18,33081.00,183781.00,0.00,overdue,INR,tax invoice
AR-INV-2026-000607,INV-2026-000607,Orbitex Packaging Private Limited,CUST-027,2026-04-29,2026-06-13,381564.00,0.18,68682.00,381564.00,0.00,overdue,INR,tax invoice
AR-INV-2026-000608,INV-2026-000608,Meridian Lab Supplies LLP,CUST-029,2026-04-29,2026-05-06,892943.00,0.18,160730.00,892943.00,0.00,overdue,INR,tax invoice
AR-INV-2026-000609,INV-2026-000609,Ashwini Interiors & Co,CUST-019,2026-04-29,2026-05-29,752366.00,0.18,135426.00,752366.00,0.00,overdue,INR,tax invoice
AR-INV-2026-000610,INV-2026-000610,Vedika Textiles Company,CUST-012,2026-04-29,2026-05-14,445613.00,0.18,80210.00,445613.00,0.00,overdue,INR,tax invoice
AR-INV-2026-000611,INV-2026-000611,Meridian Lab Supplies LLP,CUST-029,2026-04-29,2026-05-06,907734.00,0.18,163392.00,907734.00,0.00,overdue,INR,tax invoice
AR-INV-2026-000612,INV-2026-000612,Orbitex Packaging Private Limited,CUST-027,2026-04-29,2026-06-13,519276.00,0.18,93470.00,519276.00,0.00,overdue,INR,tax invoice
AR-INV-2026-000613,INV-2026-000613,Trinetra Piping Solutions LLP,CUST-021,2026-04-29,2026-06-29,160679.00,0.18,28922.00,160679.00,0.00,overdue,INR,tax invoice
AR-INV-2026-000614,INV-2026-000614,Orbitex Paper Mills PVT LTD,CUST-025,2026-04-29,2026-05-06,809800.00,0.18,145764.00,809800.00,0.00,overdue,INR,tax invoice
AR-INV-2026-000615,INV-2026-000615,Vedika Textiles Company,CUST-012,2026-04-29,2026-05-14,639904.00,0.18,115183.00,639904.00,0.00,overdue,INR,tax invoice
AR-INV-2026-000624,INV-2026-000624,Nalanda Recyclers LLP,CUST-007,2026-04-30,2026-05-15,265070.00,0.18,47713.00,265070.00,0.00,overdue,INR,tax invoice short deduction
AR-INV-2026-000625,INV-2026-000625,Ashwini Cold Chain Ltd,CUST-022,2026-04-30,2026-05-30,1430162.00,0.18,257429.00,1430162.00,0.00,overdue,INR,tax invoice
AR-INV-2026-000626,INV-2026-000626,Ashwini Cable Systems LLP,CUST-023,2026-04-30,2026-05-30,313633.00,0.18,56454.00,313633.00,0.00,overdue,INR,tax invoice
AR-INV-2026-000627,INV-2026-000627,Goldcrest Warehousing Private Limited,CUST-010,2026-04-30,2026-05-07,132426.00,0.18,23837.00,132426.00,0.00,open,INR,tax invoice
AR-INV-2026-000628,INV-2026-000628,Ashwini Cable Systems LLP,CUST-023,2026-04-30,2026-05-30,551238.00,0.18,99223.00,551238.00,0.00,open,INR,tax invoice
AR-INV-2026-000629,INV-2026-000629,Orbitex Dairy Foods PVT LTD,CUST-026,2026-04-30,2026-05-07,854364.00,0.18,153786.00,854364.00,0.00,overdue,INR,tax invoice
AR-INV-2026-000630,INV-2026-000630,Shree Balaji Hardware Private Limited,CUST-002,2026-04-30,2026-06-15,562141.00,0.18,101185.00,562141.00,0.00,overdue,INR,tax invoice
AR-INV-2026-000631,INV-2026-000631,Saptagiri Analytics Ltd,CUST-015,2026-04-30,2026-05-07,418567.00,0.18,75342.00,418567.00,0.00,overdue,INR,tax invoice
AR-INV-2026-000632,INV-2026-000632,Goldcrest Steel Traders Company,CUST-016,2026-04-30,2026-05-15,757911.00,0.18,136424.00,757911.00,0.00,overdue,INR,tax invoice
AR-INV-2026-000638,INV-2026-000638,Saptagiri Analytics Ltd,CUST-015,2026-05-01,2026-05-08,267143.00,0.18,48086.00,267143.00,0.00,overdue,INR,tax invoice
AR-INV-2026-000639,INV-2026-000639,Trinetra Piping Solutions LLP,CUST-021,2026-05-01,2026-06-30,105968.00,0.18,19074.00,105968.00,0.00,overdue,INR,tax invoice
AR-INV-2026-000640,INV-2026-000640,Nalanda Recyclers LLP,CUST-007,2026-05-01,2026-05-16,208719.00,0.18,37569.00,208719.00,0.00,overdue,INR,tax invoice
AR-INV-2026-000641,INV-2026-000641,Nalanda Recyclers LLP,CUST-007,2026-05-01,2026-05-16,213503.00,0.18,38431.00,213503.00,0.00,overdue,INR,tax invoice
AR-INV-2026-000642,INV-2026-000642,Vedika Facility Management & Co,CUST-028,2026-05-01,2026-06-15,694394.00,0.18,124991.00,694394.00,0.00,overdue,INR,tax invoice
AR-INV-2026-000643,INV-2026-000643,Anant Infra Staffing Private Limited,CUST-020,2026-05-01,2026-06-15,1749554.00,0.18,314920.00,1749554.00,0.00,overdue,INR,tax invoice
AR-INV-2026-000644,INV-2026-000644,Pushpa Metals Agri Inputs PVT LTD,CUST-018,2026-05-01,2026-05-08,790719.00,0.18,142329.00,790719.00,0.00,open,INR,tax invoice
AR-INV-2026-000645,INV-2026-000645,Suryavansh Petro Chemicals & Co,CUST-030,2026-05-01,2026-06-01,148358.00,0.18,26704.00,148358.00,0.00,overdue,INR,tax invoice
AR-INV-2026-000646,INV-2026-000646,Ashwini Cable Systems LLP,CUST-023,2026-05-01,2026-06-01,132427.00,0.18,23837.00,132427.00,0.00,open,INR,tax invoice
AR-INV-2026-000647,INV-2026-000647,Goldcrest Security Systems & Co,CUST-024,2026-05-01,2026-06-30,144793.00,0.18,26063.00,144793.00,0.00,overdue,INR,tax invoice short deduction
AR-INV-2026-000648,INV-2026-000648,Vedika Facility Management & Co,CUST-028,2026-05-01,2026-06-15,1129321.00,0.18,203278.00,1129321.00,0.00,overdue,INR,tax invoice
AR-INV-2026-000649,INV-2026-000649,Everstone Water Treatment Company,CUST-009,2026-05-01,2026-06-30,289177.00,0.18,52052.00,289177.00,0.00,open,INR,tax invoice
AR-INV-2026-000650,INV-2026-000650,Suryavansh Print Solutions & Co,CUST-013,2026-05-01,2026-06-01,125049.00,0.18,22509.00,125049.00,0.00,overdue,INR,tax invoice
AR-INV-2026-000658,INV-2026-000658,Suryavansh Petro Chemicals & Co,CUST-030,2026-05-02,2026-06-01,1985013.00,0.18,357302.00,1985013.00,0.00,overdue,INR,tax invoice
AR-INV-2026-000659,INV-2026-000659,Anant Infra Staffing Private Limited,CUST-020,2026-05-02,2026-06-16,60376.00,0.18,10868.00,60376.00,0.00,overdue,INR,tax invoice
AR-INV-2026-000662,INV-2026-000662,Anant Infra Conveyances PVT LTD,CUST-005,2026-05-04,2026-06-03,237438.00,0.18,42739.00,237438.00,0.00,overdue,INR,tax invoice
AR-INV-2026-000663,INV-2026-000663,Goldcrest Steel Traders Company,CUST-016,2026-05-04,2026-05-19,182014.00,0.18,32763.00,182014.00,0.00,overdue,INR,tax invoice
AR-INV-2026-000664,INV-2026-000664,Goldcrest Steel Traders Company,CUST-016,2026-05-04,2026-05-19,528039.00,0.18,95047.00,528039.00,0.00,overdue,INR,tax invoice
AR-INV-2026-000665,INV-2026-000665,Trinetra Piping Solutions LLP,CUST-021,2026-05-04,2026-07-03,292484.00,0.18,52647.00,292484.00,0.00,overdue,INR,tax invoice
AR-INV-2026-000666,INV-2026-000666,Copperleaf Electricals PVT LTD,CUST-004,2026-05-04,2026-06-18,591852.00,0.18,106533.00,591852.00,0.00,overdue,INR,tax invoice
AR-INV-2026-000671,INV-2026-000671,Ashwini Interiors & Co,CUST-019,2026-05-05,2026-06-04,395445.00,0.18,71180.00,395445.00,0.00,overdue,INR,tax invoice
AR-INV-2026-000672,INV-2026-000672,Orbitex Dairy Foods PVT LTD,CUST-026,2026-05-05,2026-05-12,1548669.00,0.18,278760.00,1548669.00,0.00,overdue,INR,tax invoice
AR-INV-2026-000673,INV-2026-000673,Suryavansh Petro Chemicals & Co,CUST-030,2026-05-05,2026-06-04,155539.00,0.18,27997.00,155539.00,0.00,overdue,INR,tax invoice
AR-INV-2026-000674,INV-2026-000674,Trividata Roofing Products PVT LTD,CUST-011,2026-05-05,2026-06-04,1564180.00,0.18,281552.00,1564180.00,0.00,overdue,INR,tax invoice
AR-INV-2026-000675,INV-2026-000675,Zenith One Logistics & Co,CUST-006,2026-05-05,2026-06-04,393821.00,0.18,70888.00,393821.00,0.00,overdue,INR,tax invoice
AR-INV-2026-000676,INV-2026-000676,Orbitex Dairy Foods PVT LTD,CUST-026,2026-05-05,2026-05-12,622151.00,0.18,111987.00,622151.00,0.00,overdue,INR,tax invoice
AR-INV-2026-000677,INV-2026-000677,Ashwini Solar EPC PVT LTD,CUST-008,2026-05-05,2026-06-19,672093.00,0.18,120977.00,672093.00,0.00,overdue,INR,tax invoice
AR-INV-2026-000678,INV-2026-000678,Everstone Water Treatment Company,CUST-009,2026-05-05,2026-07-04,224512.00,0.18,40412.00,224512.00,0.00,open,INR,tax invoice
AR-INV-2026-000679,INV-2026-000679,Vedika Textiles Company,CUST-012,2026-05-05,2026-05-20,237184.00,0.18,42693.00,237184.00,0.00,overdue,INR,tax invoice
AR-INV-2026-000687,INV-2026-000687,Orbitex Paper Mills PVT LTD,CUST-025,2026-05-06,2026-05-13,796550.00,0.18,143379.00,796550.00,0.00,overdue,INR,tax invoice
AR-INV-2026-000688,INV-2026-000688,Sahyadri Polymers PVT LTD,CUST-001,2026-05-06,2026-06-20,1481801.00,0.18,266724.00,1481801.00,0.00,overdue,INR,tax invoice short deduction
AR-INV-2026-000689,INV-2026-000689,Nalanda Fab Services Private Limited,CUST-017,2026-05-06,2026-07-06,864253.00,0.18,155566.00,864253.00,0.00,overdue,INR,tax invoice
AR-INV-2026-000690,INV-2026-000690,Goldcrest Security Systems & Co,CUST-024,2026-05-06,2026-07-06,992374.00,0.18,178627.00,992374.00,0.00,overdue,INR,tax invoice
AR-INV-2026-000691,INV-2026-000691,Meridian Lab Supplies LLP,CUST-029,2026-05-06,2026-05-13,1547506.00,0.18,278551.00,1547506.00,0.00,overdue,INR,tax invoice
AR-INV-2026-000692,INV-2026-000692,Anant Infra Staffing Private Limited,CUST-020,2026-05-06,2026-06-20,575166.00,0.18,103530.00,575166.00,0.00,overdue,INR,tax invoice
AR-INV-2026-000693,INV-2026-000693,Goldcrest Security Systems & Co,CUST-024,2026-05-06,2026-07-06,394509.00,0.18,71012.00,394509.00,0.00,overdue,INR,tax invoice short deduction
AR-INV-2026-000701,INV-2026-000701,Goldcrest Warehousing Private Limited,CUST-010,2026-05-07,2026-05-14,99332.00,0.18,17880.00,99332.00,0.00,open,INR,tax invoice
AR-INV-2026-000702,INV-2026-000702,Ashwini Interiors & Co,CUST-019,2026-05-07,2026-06-06,551033.00,0.18,99186.00,551033.00,0.00,overdue,INR,tax invoice short deduction
AR-INV-2026-000703,INV-2026-000703,Trinetra Piping Solutions LLP,CUST-021,2026-05-07,2026-07-06,305938.00,0.18,55069.00,305938.00,0.00,overdue,INR,tax invoice
AR-INV-2026-000704,INV-2026-000704,Anant Infra Conveyances PVT LTD,CUST-005,2026-05-07,2026-06-06,226327.00,0.18,40739.00,226327.00,0.00,overdue,INR,tax invoice
AR-INV-2026-000705,INV-2026-000705,Orbitex Dairy Foods PVT LTD,CUST-026,2026-05-07,2026-05-14,447588.00,0.18,80566.00,447588.00,0.00,overdue,INR,tax invoice
AR-INV-2026-000706,INV-2026-000706,Suryavansh Petro Chemicals & Co,CUST-030,2026-05-07,2026-06-06,504606.00,0.18,90829.00,504606.00,0.00,overdue,INR,tax invoice
AR-INV-2026-000713,INV-2026-000713,Goldcrest Steel Traders Company,CUST-016,2026-05-08,2026-05-23,648601.00,0.18,116748.00,648601.00,0.00,open,INR,tax invoice
AR-INV-2026-000714,INV-2026-000714,Meridian Lab Supplies LLP,CUST-029,2026-05-08,2026-05-15,513825.00,0.18,92488.00,513825.00,0.00,overdue,INR,tax invoice
AR-INV-2026-000715,INV-2026-000715,Saptagiri Analytics Ltd,CUST-015,2026-05-08,2026-05-15,319622.00,0.18,57532.00,319622.00,0.00,overdue,INR,tax invoice
AR-INV-2026-000716,INV-2026-000716,Trividata Roofing Products PVT LTD,CUST-011,2026-05-08,2026-06-08,612192.00,0.18,110195.00,612192.00,0.00,overdue,INR,tax invoice
AR-INV-2026-000717,INV-2026-000717,Shree Balaji Hardware Private Limited,CUST-002,2026-05-08,2026-06-22,324642.00,0.18,58436.00,324642.00,0.00,overdue,INR,tax invoice
AR-INV-2026-000718,INV-2026-000718,Orbitex Packaging Private Limited,CUST-027,2026-05-08,2026-06-22,923504.00,0.18,166231.00,923504.00,0.00,overdue,INR,tax invoice
AR-INV-2026-000719,INV-2026-000719,Pushpa Metals Agri Inputs PVT LTD,CUST-018,2026-05-08,2026-05-15,517140.00,0.18,93085.00,517140.00,0.00,open,INR,tax invoice
AR-INV-2026-000720,INV-2026-000720,Goldcrest Steel Traders Company,CUST-016,2026-05-08,2026-05-23,382812.00,0.18,68906.00,382812.00,0.00,open,INR,tax invoice
AR-INV-2026-000721,INV-2026-000721,Pushpa Metals Agri Inputs PVT LTD,CUST-018,2026-05-08,2026-05-15,136454.00,0.18,24562.00,136454.00,0.00,overdue,INR,tax invoice
AR-INV-2026-000722,INV-2026-000722,Goldcrest Warehousing Private Limited,CUST-010,2026-05-08,2026-05-15,480345.00,0.18,86462.00,480345.00,0.00,overdue,INR,tax invoice
AR-INV-2026-000732,INV-2026-000732,Nalanda Fab Services Private Limited,CUST-017,2026-05-09,2026-07-08,245493.00,0.18,44189.00,245493.00,0.00,overdue,INR,tax invoice
AR-INV-2026-000733,INV-2026-000733,Trividata Roofing Products PVT LTD,CUST-011,2026-05-09,2026-06-08,775130.00,0.18,139523.00,775130.00,0.00,overdue,INR,tax invoice
AR-INV-2026-000734,INV-2026-000734,Anant Infra Conveyances PVT LTD,CUST-005,2026-05-09,2026-06-08,171398.00,0.18,30852.00,171398.00,0.00,overdue,INR,tax invoice
AR-INV-2026-000735,INV-2026-000735,Ashwini Cold Chain Ltd,CUST-022,2026-05-09,2026-06-08,1242496.00,0.18,223649.00,1242496.00,0.00,overdue,INR,tax invoice
AR-INV-2026-000744,INV-2026-000744,Copperleaf Electricals PVT LTD,CUST-004,2026-05-11,2026-06-25,442087.00,0.18,79576.00,442087.00,0.00,overdue,INR,tax invoice short deduction
AR-INV-2026-000745,INV-2026-000745,Suryavansh Print Solutions & Co,CUST-013,2026-05-11,2026-06-10,297704.00,0.18,53587.00,297704.00,0.00,overdue,INR,tax invoice
AR-INV-2026-000746,INV-2026-000746,Zenith One Logistics & Co,CUST-006,2026-05-11,2026-06-10,162041.00,0.18,29167.00,162041.00,0.00,overdue,INR,tax invoice
AR-INV-2026-000747,INV-2026-000747,Anant Infra Staffing Private Limited,CUST-020,2026-05-11,2026-06-25,596674.00,0.18,107401.00,596674.00,0.00,overdue,INR,tax invoice
AR-INV-2026-000748,INV-2026-000748,Nalanda Recyclers LLP,CUST-007,2026-05-11,2026-05-26,670320.00,0.18,120658.00,670320.00,0.00,overdue,INR,tax invoice
AR-INV-2026-000753,INV-2026-000753,Shree Balaji Machine Parts & Co,CUST-003,2026-05-12,2026-07-11,348304.00,0.18,62695.00,348304.00,0.00,overdue,INR,tax invoice
AR-INV-2026-000754,INV-2026-000754,Goldcrest Security Systems & Co,CUST-024,2026-05-12,2026-07-11,1492157.00,0.18,268588.00,1492157.00,0.00,overdue,INR,tax invoice
AR-INV-2026-000755,INV-2026-000755,Sahyadri Polymers PVT LTD,CUST-001,2026-05-12,2026-06-26,356059.00,0.18,64091.00,356059.00,0.00,overdue,INR,tax invoice
AR-INV-2026-000756,INV-2026-000756,Ashwini Cable Systems LLP,CUST-023,2026-05-12,2026-06-11,117563.00,0.18,21161.00,117563.00,0.00,open,INR,tax invoice
AR-INV-2026-000757,INV-2026-000757,Sahyadri Polymers PVT LTD,CUST-001,2026-05-12,2026-06-26,206347.00,0.18,37142.00,206347.00,0.00,overdue,INR,tax invoice short deduction
AR-INV-2026-000761,INV-2026-000761,Shree Balaji Hardware Private Limited,CUST-002,2026-05-13,2026-06-27,3291035.00,0.18,592386.00,3291035.00,0.00,overdue,INR,tax invoice
AR-INV-2026-000762,INV-2026-000762,Suryavansh Print Solutions & Co,CUST-013,2026-05-13,2026-06-12,418049.00,0.18,75249.00,418049.00,0.00,overdue,INR,tax invoice
AR-INV-2026-000763,INV-2026-000763,Orbitex Packaging Private Limited,CUST-027,2026-05-13,2026-06-27,753025.00,0.18,135544.00,753025.00,0.00,overdue,INR,tax invoice
AR-INV-2026-000764,INV-2026-000764,Ashwini Cable Systems LLP,CUST-023,2026-05-13,2026-06-12,540619.00,0.18,97311.00,540619.00,0.00,overdue,INR,tax invoice
AR-INV-2026-000765,INV-2026-000765,Ashwini Cable Systems LLP,CUST-023,2026-05-13,2026-06-12,282518.00,0.18,50853.00,282518.00,0.00,overdue,INR,tax invoice
AR-INV-2026-000766,INV-2026-000766,Trinetra Piping Solutions LLP,CUST-021,2026-05-13,2026-07-13,96089.00,0.18,17296.00,96089.00,0.00,overdue,INR,tax invoice
AR-INV-2026-000773,INV-2026-000773,Vedika Facility Management & Co,CUST-028,2026-05-14,2026-06-29,324338.00,0.18,58381.00,324338.00,0.00,overdue,INR,tax invoice
AR-INV-2026-000774,INV-2026-000774,Orbitex Packaging Private Limited,CUST-027,2026-05-14,2026-06-29,1641575.00,0.18,295483.00,1641575.00,0.00,overdue,INR,tax invoice
AR-INV-2026-000775,INV-2026-000775,Shree Balaji Machine Parts & Co,CUST-003,2026-05-14,2026-07-13,271307.00,0.18,48835.00,271307.00,0.00,overdue,INR,tax invoice
AR-INV-2026-000780,INV-2026-000780,Vedika Facility Management & Co,CUST-028,2026-05-15,2026-06-29,802341.00,0.18,144421.00,802341.00,0.00,overdue,INR,tax invoice
AR-INV-2026-000781,INV-2026-000781,Trinetra Piping Solutions LLP,CUST-021,2026-05-15,2026-07-14,124705.00,0.18,22447.00,124705.00,0.00,overdue,INR,tax invoice
AR-INV-2026-000782,INV-2026-000782,Ashwini Solar EPC PVT LTD,CUST-008,2026-05-15,2026-06-29,2126303.00,0.18,382735.00,2126303.00,0.00,overdue,INR,tax invoice
AR-INV-2026-000783,INV-2026-000783,Goldcrest Warehousing Private Limited,CUST-010,2026-05-15,2026-05-22,158017.00,0.18,28443.00,158017.00,0.00,overdue,INR,tax invoice
AR-INV-2026-000784,INV-2026-000784,Copperleaf Electricals PVT LTD,CUST-004,2026-05-15,2026-06-29,445668.00,0.18,80220.00,445668.00,0.00,overdue,INR,tax invoice short deduction
AR-INV-2026-000785,INV-2026-000785,Pushpa Metals Agri Inputs PVT LTD,CUST-018,2026-05-15,2026-05-22,1278621.00,0.18,230152.00,1278621.00,0.00,overdue,INR,tax invoice
AR-INV-2026-000786,INV-2026-000786,Copperleaf Electricals PVT LTD,CUST-004,2026-05-15,2026-06-29,430160.00,0.18,77429.00,430160.00,0.00,overdue,INR,tax invoice
AR-INV-2026-000793,INV-2026-000793,Ashwini Interiors & Co,CUST-019,2026-05-16,2026-06-15,1129197.00,0.18,203255.00,1129197.00,0.00,overdue,INR,tax invoice
AR-INV-2026-000794,INV-2026-000794,Nalanda Recyclers LLP,CUST-007,2026-05-16,2026-06-01,212094.00,0.18,38177.00,212094.00,0.00,overdue,INR,tax invoice
AR-INV-2026-000804,INV-2026-000804,Suryavansh Petro Chemicals & Co,CUST-030,2026-05-18,2026-06-17,1547955.00,0.18,278632.00,1547955.00,0.00,overdue,INR,tax invoice
AR-INV-2026-000805,INV-2026-000805,Nalanda Fab Services Private Limited,CUST-017,2026-05-18,2026-07-17,234070.00,0.18,42133.00,234070.00,0.00,overdue,INR,tax invoice
AR-INV-2026-000806,INV-2026-000806,Orbitex Packaging Private Limited,CUST-027,2026-05-18,2026-07-02,491215.00,0.18,88419.00,491215.00,0.00,overdue,INR,tax invoice
AR-INV-2026-000807,INV-2026-000807,Suryavansh Petro Chemicals & Co,CUST-030,2026-05-18,2026-06-17,387906.00,0.18,69823.00,387906.00,0.00,overdue,INR,tax invoice
AR-INV-2026-000808,INV-2026-000808,Trinetra Piping Solutions LLP,CUST-021,2026-05-18,2026-07-17,647330.00,0.18,116519.00,647330.00,0.00,overdue,INR,tax invoice
AR-INV-2026-000814,INV-2026-000814,Goldcrest Security Systems & Co,CUST-024,2026-05-19,2026-07-18,582673.00,0.18,104881.00,582673.00,0.00,overdue,INR,tax invoice short deduction
AR-INV-2026-000815,INV-2026-000815,Vedika Facility Management & Co,CUST-028,2026-05-19,2026-07-03,1064676.00,0.18,191642.00,1064676.00,0.00,overdue,INR,tax invoice
AR-INV-2026-000816,INV-2026-000816,Ashwini Cold Chain Ltd,CUST-022,2026-05-19,2026-06-18,1219996.00,0.18,219599.00,1219996.00,0.00,overdue,INR,tax invoice
AR-INV-2026-000817,INV-2026-000817,Nalanda Fab Services Private Limited,CUST-017,2026-05-19,2026-07-18,462894.00,0.18,83321.00,462894.00,0.00,overdue,INR,tax invoice
AR-INV-2026-000818,INV-2026-000818,Suryavansh Print Solutions & Co,CUST-013,2026-05-19,2026-06-18,515841.00,0.18,92851.00,515841.00,0.00,overdue,INR,tax invoice
AR-INV-2026-000819,INV-2026-000819,Ashwini Cold Chain Ltd,CUST-022,2026-05-19,2026-06-18,573222.00,0.18,103180.00,573222.00,0.00,overdue,INR,tax invoice
AR-INV-2026-000822,INV-2026-000822,Anant Infra Conveyances PVT LTD,CUST-005,2026-05-20,2026-06-19,176900.00,0.18,31842.00,176900.00,0.00,overdue,INR,tax invoice
AR-INV-2026-000823,INV-2026-000823,Ashwini Cold Chain Ltd,CUST-022,2026-05-20,2026-06-19,683400.00,0.18,123012.00,683400.00,0.00,overdue,INR,tax invoice
AR-INV-2026-000824,INV-2026-000824,Trividata Roofing Products PVT LTD,CUST-011,2026-05-20,2026-06-19,145754.00,0.18,26236.00,145754.00,0.00,overdue,INR,tax invoice
AR-INV-2026-000825,INV-2026-000825,Orbitex Packaging Private Limited,CUST-027,2026-05-20,2026-07-04,2382858.00,0.18,428914.00,2382858.00,0.00,overdue,INR,tax invoice
AR-INV-2026-000826,INV-2026-000826,Anant Infra Staffing Private Limited,CUST-020,2026-05-20,2026-07-04,151055.00,0.18,27190.00,151055.00,0.00,overdue,INR,tax invoice
AR-INV-2026-000827,INV-2026-000827,Suryavansh Petro Chemicals & Co,CUST-030,2026-05-20,2026-06-19,377800.00,0.18,68004.00,377800.00,0.00,overdue,INR,tax invoice
AR-INV-2026-000834,INV-2026-000834,Ashwini Cable Systems LLP,CUST-023,2026-05-21,2026-06-20,317240.00,0.18,57103.00,317240.00,0.00,overdue,INR,tax invoice
AR-INV-2026-000835,INV-2026-000835,Suryavansh Petro Chemicals & Co,CUST-030,2026-05-21,2026-06-20,1571754.00,0.18,282916.00,1571754.00,0.00,overdue,INR,tax invoice
AR-INV-2026-000836,INV-2026-000836,Ashwini Interiors & Co,CUST-019,2026-05-21,2026-06-20,1125491.00,0.18,202588.00,1125491.00,0.00,overdue,INR,tax invoice
AR-INV-2026-000837,INV-2026-000837,Shree Balaji Machine Parts & Co,CUST-003,2026-05-21,2026-07-20,690939.00,0.18,124369.00,690939.00,0.00,overdue,INR,tax invoice
AR-INV-2026-000838,INV-2026-000838,Goldcrest Steel Traders Company,CUST-016,2026-05-21,2026-06-05,111379.00,0.18,20048.00,111379.00,0.00,open,INR,tax invoice
AR-INV-2026-000841,INV-2026-000841,Trinetra Piping Solutions LLP,CUST-021,2026-05-22,2026-07-21,181804.00,0.18,32725.00,181804.00,0.00,overdue,INR,tax invoice
AR-INV-2026-000842,INV-2026-000842,Shree Balaji Machine Parts & Co,CUST-003,2026-05-22,2026-07-21,131077.00,0.18,23594.00,131077.00,0.00,overdue,INR,tax invoice
AR-INV-2026-000843,INV-2026-000843,Orbitex Dairy Foods PVT LTD,CUST-026,2026-05-22,2026-05-29,819283.00,0.18,147471.00,819283.00,0.00,overdue,INR,tax invoice
AR-INV-2026-000844,INV-2026-000844,Everstone Water Treatment Company,CUST-009,2026-05-22,2026-07-21,163908.00,0.18,29503.00,163908.00,0.00,open,INR,tax invoice
AR-INV-2026-000845,INV-2026-000845,Orbitex Paper Mills PVT LTD,CUST-025,2026-05-22,2026-05-29,691083.00,0.18,124395.00,691083.00,0.00,overdue,INR,tax invoice
AR-INV-2026-000846,INV-2026-000846,Suryavansh Catering Services Company,CUST-014,2026-05-22,2026-06-22,342374.00,0.18,61627.00,342374.00,0.00,overdue,INR,tax invoice
AR-INV-2026-000847,INV-2026-000847,Suryavansh Catering Services Company,CUST-014,2026-05-22,2026-06-22,96882.00,0.18,17439.00,96882.00,0.00,overdue,INR,tax invoice
AR-INV-2026-000848,INV-2026-000848,Ashwini Interiors & Co,CUST-019,2026-05-22,2026-06-22,501292.00,0.18,90233.00,501292.00,0.00,overdue,INR,tax invoice
AR-INV-2026-000849,INV-2026-000849,Pushpa Metals Agri Inputs PVT LTD,CUST-018,2026-05-22,2026-05-29,527208.00,0.18,94897.00,527208.00,0.00,overdue,INR,tax invoice
AR-INV-2026-000850,INV-2026-000850,Nalanda Fab Services Private Limited,CUST-017,2026-05-22,2026-07-21,1118244.00,0.18,201284.00,1118244.00,0.00,overdue,INR,tax invoice
AR-INV-2026-000855,INV-2026-000855,Everstone Water Treatment Company,CUST-009,2026-05-23,2026-07-22,428877.00,0.18,77198.00,428877.00,0.00,overdue,INR,tax invoice
AR-INV-2026-000856,INV-2026-000856,Shree Balaji Hardware Private Limited,CUST-002,2026-05-23,2026-07-07,1633019.00,0.18,293943.00,1633019.00,0.00,overdue,INR,tax invoice
AR-INV-2026-000857,INV-2026-000857,Shree Balaji Hardware Private Limited,CUST-002,2026-05-23,2026-07-07,845408.00,0.18,152173.00,845408.00,0.00,overdue,INR,tax invoice
AR-INV-2026-000858,INV-2026-000858,Orbitex Paper Mills PVT LTD,CUST-025,2026-05-23,2026-05-30,414676.00,0.18,74642.00,414676.00,0.00,overdue,INR,tax invoice
AR-INV-2026-000865,INV-2026-000865,Orbitex Packaging Private Limited,CUST-027,2026-05-25,2026-07-09,246817.00,0.18,44427.00,246817.00,0.00,overdue,INR,tax invoice
AR-INV-2026-000866,INV-2026-000866,Orbitex Packaging Private Limited,CUST-027,2026-05-25,2026-07-09,518457.00,0.18,93322.00,518457.00,0.00,overdue,INR,tax invoice
AR-INV-2026-000867,INV-2026-000867,Nalanda Fab Services Private Limited,CUST-017,2026-05-25,2026-07-24,161692.00,0.18,29105.00,161692.00,0.00,overdue,INR,tax invoice
AR-INV-2026-000868,INV-2026-000868,Everstone Water Treatment Company,CUST-009,2026-05-25,2026-07-24,806012.00,0.18,145082.00,806012.00,0.00,overdue,INR,tax invoice
AR-INV-2026-000869,INV-2026-000869,Orbitex Packaging Private Limited,CUST-027,2026-05-25,2026-07-09,1085341.00,0.18,195361.00,1085341.00,0.00,overdue,INR,tax invoice
AR-INV-2026-000870,INV-2026-000870,Vedika Textiles Company,CUST-012,2026-05-25,2026-06-09,540975.00,0.18,97375.00,540975.00,0.00,overdue,INR,tax invoice
AR-INV-2026-000871,INV-2026-000871,Nalanda Fab Services Private Limited,CUST-017,2026-05-25,2026-07-24,73821.00,0.18,13288.00,73821.00,0.00,overdue,INR,tax invoice
AR-INV-2026-000872,INV-2026-000872,Suryavansh Print Solutions & Co,CUST-013,2026-05-25,2026-06-24,145316.00,0.18,26157.00,145316.00,0.00,overdue,INR,tax invoice
AR-INV-2026-000877,INV-2026-000877,Ashwini Solar EPC PVT LTD,CUST-008,2026-05-26,2026-07-10,163441.00,0.18,29419.00,163441.00,0.00,overdue,INR,tax invoice
AR-INV-2026-000878,INV-2026-000878,Goldcrest Warehousing Private Limited,CUST-010,2026-05-26,2026-06-02,29237.00,0.18,5263.00,29237.00,0.00,overdue,INR,tax invoice
AR-INV-2026-000879,INV-2026-000879,Ashwini Cold Chain Ltd,CUST-022,2026-05-26,2026-06-25,1318459.00,0.18,237323.00,1318459.00,0.00,overdue,INR,tax invoice
AR-INV-2026-000880,INV-2026-000880,Suryavansh Print Solutions & Co,CUST-013,2026-05-26,2026-06-25,644139.00,0.18,115945.00,644139.00,0.00,overdue,INR,tax invoice
AR-INV-2026-000881,INV-2026-000881,Ashwini Solar EPC PVT LTD,CUST-008,2026-05-26,2026-07-10,1063405.00,0.18,191413.00,1063405.00,0.00,overdue,INR,tax invoice
AR-INV-2026-000882,INV-2026-000882,Anant Infra Conveyances PVT LTD,CUST-005,2026-05-26,2026-06-25,195847.00,0.18,35252.00,195847.00,0.00,overdue,INR,tax invoice
AR-INV-2026-000883,INV-2026-000883,Sahyadri Polymers PVT LTD,CUST-001,2026-05-26,2026-07-10,1518679.00,0.18,273362.00,1518679.00,0.00,overdue,INR,tax invoice
AR-INV-2026-000884,INV-2026-000884,Goldcrest Security Systems & Co,CUST-024,2026-05-26,2026-07-25,484989.00,0.18,87298.00,484989.00,0.00,overdue,INR,tax invoice
AR-INV-2026-000885,INV-2026-000885,Vedika Textiles Company,CUST-012,2026-05-26,2026-06-10,313051.00,0.18,56349.00,313051.00,0.00,overdue,INR,tax invoice
AR-INV-2026-000894,INV-2026-000894,Ashwini Cable Systems LLP,CUST-023,2026-05-27,2026-06-26,389602.00,0.18,70128.00,389602.00,0.00,overdue,INR,tax invoice
AR-INV-2026-000895,INV-2026-000895,Anant Infra Conveyances PVT LTD,CUST-005,2026-05-27,2026-06-26,484910.00,0.18,87284.00,484910.00,0.00,overdue,INR,tax invoice
AR-INV-2026-000896,INV-2026-000896,Goldcrest Security Systems & Co,CUST-024,2026-05-27,2026-07-27,1330355.00,0.18,239464.00,1330355.00,0.00,overdue,INR,tax invoice
AR-INV-2026-000897,INV-2026-000897,Ashwini Interiors & Co,CUST-019,2026-05-27,2026-06-26,622901.00,0.18,112122.00,622901.00,0.00,overdue,INR,tax invoice
AR-INV-2026-000898,INV-2026-000898,Goldcrest Steel Traders Company,CUST-016,2026-05-27,2026-06-11,816812.00,0.18,147026.00,816812.00,0.00,overdue,INR,tax invoice
AR-INV-2026-000899,INV-2026-000899,Everstone Water Treatment Company,CUST-009,2026-05-27,2026-07-27,319151.00,0.18,57447.00,319151.00,0.00,overdue,INR,tax invoice
AR-INV-2026-000900,INV-2026-000900,Trividata Roofing Products PVT LTD,CUST-011,2026-05-27,2026-06-26,698432.00,0.18,125718.00,698432.00,0.00,overdue,INR,tax invoice
AR-INV-2026-000908,INV-2026-000908,Suryavansh Petro Chemicals & Co,CUST-030,2026-05-28,2026-06-27,892424.00,0.18,160636.00,892424.00,0.00,overdue,INR,tax invoice
AR-INV-2026-000909,INV-2026-000909,Suryavansh Petro Chemicals & Co,CUST-030,2026-05-28,2026-06-27,272448.00,0.18,49041.00,272448.00,0.00,overdue,INR,tax invoice
AR-INV-2026-000910,INV-2026-000910,Orbitex Dairy Foods PVT LTD,CUST-026,2026-05-28,2026-06-04,409467.00,0.18,73704.00,409467.00,0.00,overdue,INR,tax invoice
AR-INV-2026-000911,INV-2026-000911,Trividata Roofing Products PVT LTD,CUST-011,2026-05-28,2026-06-27,914727.00,0.18,164651.00,914727.00,0.00,overdue,INR,tax invoice
AR-INV-2026-000912,INV-2026-000912,Pushpa Metals Agri Inputs PVT LTD,CUST-018,2026-05-28,2026-06-04,838218.00,0.18,150879.00,838218.00,0.00,overdue,INR,tax invoice
AR-INV-2026-000917,INV-2026-000917,Ashwini Interiors & Co,CUST-019,2026-05-29,2026-06-29,657872.00,0.18,118417.00,657872.00,0.00,overdue,INR,tax invoice
AR-INV-2026-000918,INV-2026-000918,Ashwini Cable Systems LLP,CUST-023,2026-05-29,2026-06-29,222425.00,0.18,40036.00,222425.00,0.00,overdue,INR,tax invoice
AR-INV-2026-000919,INV-2026-000919,Vedika Facility Management & Co,CUST-028,2026-05-29,2026-07-13,1405609.00,0.18,253010.00,1405609.00,0.00,overdue,INR,tax invoice
AR-INV-2026-000920,INV-2026-000920,Goldcrest Warehousing Private Limited,CUST-010,2026-05-29,2026-06-05,115936.00,0.18,20868.00,115936.00,0.00,overdue,INR,tax invoice
AR-INV-2026-000921,INV-2026-000921,Ashwini Solar EPC PVT LTD,CUST-008,2026-05-29,2026-07-13,936156.00,0.18,168508.00,936156.00,0.00,overdue,INR,tax invoice
AR-INV-2026-000922,INV-2026-000922,Nalanda Recyclers LLP,CUST-007,2026-05-29,2026-06-13,662635.00,0.18,119274.00,662635.00,0.00,overdue,INR,tax invoice
AR-INV-2026-000923,INV-2026-000923,Anant Infra Conveyances PVT LTD,CUST-005,2026-05-29,2026-06-29,157384.00,0.18,28329.00,157384.00,0.00,overdue,INR,tax invoice
AR-INV-2026-000924,INV-2026-000924,Suryavansh Print Solutions & Co,CUST-013,2026-05-29,2026-06-29,432177.00,0.18,77792.00,432177.00,0.00,overdue,INR,tax invoice
AR-INV-2026-000925,INV-2026-000925,Trividata Roofing Products PVT LTD,CUST-011,2026-05-29,2026-06-29,1404378.00,0.18,252788.00,1404378.00,0.00,overdue,INR,tax invoice
AR-INV-2026-000926,INV-2026-000926,Goldcrest Security Systems & Co,CUST-024,2026-05-29,2026-07-28,331663.00,0.18,59699.00,331663.00,0.00,overdue,INR,tax invoice
AR-INV-2026-000927,INV-2026-000927,Goldcrest Steel Traders Company,CUST-016,2026-05-29,2026-06-13,273711.00,0.18,49268.00,273711.00,0.00,overdue,INR,tax invoice
AR-INV-2026-000928,INV-2026-000928,Ashwini Cold Chain Ltd,CUST-022,2026-05-29,2026-06-29,941344.00,0.18,169442.00,941344.00,0.00,overdue,INR,tax invoice
AR-INV-2026-000934,INV-2026-000934,Vedika Textiles Company,CUST-012,2026-05-30,2026-06-15,543822.00,0.18,97888.00,543822.00,0.00,overdue,INR,tax invoice short deduction
AR-INV-2026-000935,INV-2026-000935,Sahyadri Polymers PVT LTD,CUST-001,2026-05-30,2026-07-14,600328.00,0.18,108059.00,600328.00,0.00,overdue,INR,tax invoice
AR-INV-2026-000936,INV-2026-000936,Ashwini Cold Chain Ltd,CUST-022,2026-05-30,2026-06-29,1444547.00,0.18,260018.00,1444547.00,0.00,overdue,INR,tax invoice
AR-INV-2026-000937,INV-2026-000937,Ashwini Solar EPC PVT LTD,CUST-008,2026-05-30,2026-07-14,805959.00,0.18,145073.00,805959.00,0.00,overdue,INR,tax invoice
AR-INV-2026-000939,INV-2026-000939,Orbitex Dairy Foods PVT LTD,CUST-026,2026-06-01,2026-06-08,411842.00,0.18,74132.00,411842.00,0.00,overdue,INR,tax invoice
AR-INV-2026-000940,INV-2026-000940,Anant Infra Conveyances PVT LTD,CUST-005,2026-06-01,2026-07-01,66891.00,0.18,12040.00,66891.00,0.00,overdue,INR,tax invoice
AR-INV-2026-000941,INV-2026-000941,Anant Infra Staffing Private Limited,CUST-020,2026-06-01,2026-07-16,432106.00,0.18,77779.00,432106.00,0.00,overdue,INR,tax invoice
AR-INV-2026-000942,INV-2026-000942,Trividata Roofing Products PVT LTD,CUST-011,2026-06-01,2026-07-01,315539.00,0.18,56797.00,315539.00,0.00,overdue,INR,tax invoice
AR-INV-2026-000943,INV-2026-000943,Nalanda Fab Services Private Limited,CUST-017,2026-06-01,2026-07-31,558884.00,0.18,100599.00,558884.00,0.00,overdue,INR,tax invoice
AR-INV-2026-000944,INV-2026-000944,Ashwini Interiors & Co,CUST-019,2026-06-01,2026-07-01,151461.00,0.18,27263.00,151461.00,0.00,overdue,INR,tax invoice
AR-INV-2026-000945,INV-2026-000945,Goldcrest Security Systems & Co,CUST-024,2026-06-01,2026-07-31,370497.00,0.18,66689.00,370497.00,0.00,overdue,INR,tax invoice
AR-INV-2026-000953,INV-2026-000953,Vedika Facility Management & Co,CUST-028,2026-06-02,2026-07-17,847119.00,0.18,152481.00,847119.00,0.00,overdue,INR,tax invoice
AR-INV-2026-000954,INV-2026-000954,Shree Balaji Machine Parts & Co,CUST-003,2026-06-02,2026-08-01,248627.00,0.18,44753.00,248627.00,0.00,overdue,INR,tax invoice
AR-INV-2026-000955,INV-2026-000955,Goldcrest Security Systems & Co,CUST-024,2026-06-02,2026-08-01,549316.00,0.18,98877.00,549316.00,0.00,overdue,INR,tax invoice
AR-INV-2026-000956,INV-2026-000956,Shree Balaji Machine Parts & Co,CUST-003,2026-06-02,2026-08-01,251085.00,0.18,45195.00,251085.00,0.00,overdue,INR,tax invoice
AR-INV-2026-000957,INV-2026-000957,Nalanda Fab Services Private Limited,CUST-017,2026-06-02,2026-08-01,131654.00,0.18,23698.00,131654.00,0.00,overdue,INR,tax invoice
AR-INV-2026-000958,INV-2026-000958,Copperleaf Electricals PVT LTD,CUST-004,2026-06-02,2026-07-17,560953.00,0.18,100972.00,560953.00,0.00,overdue,INR,tax invoice
AR-INV-2026-000959,INV-2026-000959,Nalanda Fab Services Private Limited,CUST-017,2026-06-02,2026-08-01,115379.00,0.18,20768.00,115379.00,0.00,overdue,INR,tax invoice
AR-INV-2026-000966,INV-2026-000966,Trinetra Piping Solutions LLP,CUST-021,2026-06-03,2026-08-03,243022.00,0.18,43744.00,243022.00,0.00,overdue,INR,tax invoice
AR-INV-2026-000967,INV-2026-000967,Goldcrest Security Systems & Co,CUST-024,2026-06-03,2026-08-03,728238.00,0.18,131083.00,728238.00,0.00,overdue,INR,tax invoice
AR-INV-2026-000968,INV-2026-000968,Orbitex Dairy Foods PVT LTD,CUST-026,2026-06-03,2026-06-10,299317.00,0.18,53877.00,299317.00,0.00,overdue,INR,tax invoice short deduction
AR-INV-2026-000969,INV-2026-000969,Everstone Water Treatment Company,CUST-009,2026-06-03,2026-08-03,481247.00,0.18,86624.00,481247.00,0.00,overdue,INR,tax invoice
AR-INV-2026-000970,INV-2026-000970,Orbitex Dairy Foods PVT LTD,CUST-026,2026-06-03,2026-06-10,513010.00,0.18,92342.00,513010.00,0.00,open,INR,tax invoice
AR-INV-2026-000971,INV-2026-000971,Suryavansh Catering Services Company,CUST-014,2026-06-03,2026-07-03,53891.00,0.18,9700.00,53891.00,0.00,open,INR,tax invoice
AR-INV-2026-000972,INV-2026-000972,Ashwini Cable Systems LLP,CUST-023,2026-06-03,2026-07-03,221666.00,0.18,39900.00,221666.00,0.00,overdue,INR,tax invoice
AR-INV-2026-000981,INV-2026-000981,Vedika Facility Management & Co,CUST-028,2026-06-04,2026-07-20,508080.00,0.18,91454.00,508080.00,0.00,overdue,INR,tax invoice
AR-INV-2026-000982,INV-2026-000982,Orbitex Dairy Foods PVT LTD,CUST-026,2026-06-04,2026-06-11,1358463.00,0.18,244523.00,1358463.00,0.00,open,INR,tax invoice
AR-INV-2026-000983,INV-2026-000983,Ashwini Cold Chain Ltd,CUST-022,2026-06-04,2026-07-04,3088932.00,0.18,556008.00,3088932.00,0.00,overdue,INR,tax invoice
AR-INV-2026-000984,INV-2026-000984,Ashwini Solar EPC PVT LTD,CUST-008,2026-06-04,2026-07-20,908708.00,0.18,163567.00,908708.00,0.00,overdue,INR,tax invoice
AR-INV-2026-000985,INV-2026-000985,Anant Infra Conveyances PVT LTD,CUST-005,2026-06-04,2026-07-04,263437.00,0.18,47419.00,263437.00,0.00,overdue,INR,tax invoice
AR-INV-2026-000986,INV-2026-000986,Sahyadri Polymers PVT LTD,CUST-001,2026-06-04,2026-07-20,3361899.00,0.18,605142.00,3361899.00,0.00,overdue,INR,tax invoice short deduction
AR-INV-2026-000987,INV-2026-000987,Ashwini Solar EPC PVT LTD,CUST-008,2026-06-04,2026-07-20,160994.00,0.18,28979.00,160994.00,0.00,overdue,INR,tax invoice short deduction
AR-INV-2026-000988,INV-2026-000988,Orbitex Packaging Private Limited,CUST-027,2026-06-04,2026-07-20,1608416.00,0.18,289515.00,1608416.00,0.00,overdue,INR,tax invoice
AR-INV-2026-000989,INV-2026-000989,Shree Balaji Hardware Private Limited,CUST-002,2026-06-04,2026-07-20,1290022.00,0.18,232204.00,1290022.00,0.00,overdue,INR,tax invoice
AR-INV-2026-000990,INV-2026-000990,Ashwini Cold Chain Ltd,CUST-022,2026-06-04,2026-07-04,240604.00,0.18,43309.00,240604.00,0.00,overdue,INR,tax invoice
AR-INV-2026-000997,INV-2026-000997,Suryavansh Petro Chemicals & Co,CUST-030,2026-06-05,2026-07-06,212550.00,0.18,38259.00,212550.00,0.00,overdue,INR,tax invoice
AR-INV-2026-000998,INV-2026-000998,Suryavansh Petro Chemicals & Co,CUST-030,2026-06-05,2026-07-06,863125.00,0.18,155362.00,863125.00,0.00,overdue,INR,tax invoice
AR-INV-2026-000999,INV-2026-000999,Ashwini Cable Systems LLP,CUST-023,2026-06-05,2026-07-06,290709.00,0.18,52328.00,290709.00,0.00,overdue,INR,tax invoice
AR-INV-2026-001000,INV-2026-001000,Everstone Water Treatment Company,CUST-009,2026-06-05,2026-08-04,281023.00,0.18,50584.00,281023.00,0.00,overdue,INR,tax invoice
AR-INV-2026-001001,INV-2026-001001,Anant Infra Staffing Private Limited,CUST-020,2026-06-05,2026-07-20,903173.00,0.18,162571.00,903173.00,0.00,overdue,INR,tax invoice
AR-INV-2026-001002,INV-2026-001002,Ashwini Cold Chain Ltd,CUST-022,2026-06-05,2026-07-06,350236.00,0.18,63042.00,350236.00,0.00,overdue,INR,tax invoice short deduction
AR-INV-2026-001003,INV-2026-001003,Orbitex Paper Mills PVT LTD,CUST-025,2026-06-05,2026-06-12,2566277.00,0.18,461930.00,2566277.00,0.00,overdue,INR,tax invoice
AR-INV-2026-001004,INV-2026-001004,Nalanda Fab Services Private Limited,CUST-017,2026-06-05,2026-08-04,999576.00,0.18,179924.00,999576.00,0.00,overdue,INR,tax invoice
AR-INV-2026-001005,INV-2026-001005,Ashwini Cable Systems LLP,CUST-023,2026-06-05,2026-07-06,392505.00,0.18,70651.00,392505.00,0.00,overdue,INR,tax invoice
AR-INV-2026-001012,INV-2026-001012,Vedika Facility Management & Co,CUST-028,2026-06-06,2026-07-21,276247.00,0.18,49724.00,276247.00,0.00,overdue,INR,tax invoice short deduction
AR-INV-2026-001013,INV-2026-001013,Vedika Facility Management & Co,CUST-028,2026-06-06,2026-07-21,1395689.00,0.18,251224.00,1395689.00,0.00,overdue,INR,tax invoice
AR-INV-2026-001014,INV-2026-001014,Everstone Water Treatment Company,CUST-009,2026-06-06,2026-08-05,389391.00,0.18,70090.00,389391.00,0.00,overdue,INR,tax invoice
AR-INV-2026-001015,INV-2026-001015,Sahyadri Polymers PVT LTD,CUST-001,2026-06-06,2026-07-21,537518.00,0.18,96753.00,537518.00,0.00,overdue,INR,tax invoice
AR-INV-2026-001020,INV-2026-001020,Saptagiri Analytics Ltd,CUST-015,2026-06-08,2026-06-15,523685.00,0.18,94263.00,523685.00,0.00,overdue,INR,tax invoice
AR-INV-2026-001021,INV-2026-001021,Goldcrest Steel Traders Company,CUST-016,2026-06-08,2026-06-23,1574420.00,0.18,283396.00,1574420.00,0.00,overdue,INR,tax invoice short deduction
AR-INV-2026-001022,INV-2026-001022,Shree Balaji Hardware Private Limited,CUST-002,2026-06-08,2026-07-23,2331570.00,0.18,419683.00,2331570.00,0.00,overdue,INR,tax invoice
AR-INV-2026-001023,INV-2026-001023,Vedika Facility Management & Co,CUST-028,2026-06-08,2026-07-23,190461.00,0.18,34283.00,190461.00,0.00,open,INR,tax invoice
AR-INV-2026-001024,INV-2026-001024,Suryavansh Petro Chemicals & Co,CUST-030,2026-06-08,2026-07-08,703640.00,0.18,126655.00,703640.00,0.00,overdue,INR,tax invoice
AR-INV-2026-001033,INV-2026-001033,Suryavansh Catering Services Company,CUST-014,2026-06-09,2026-07-09,716062.00,0.18,128891.00,716062.00,0.00,open,INR,tax invoice
AR-INV-2026-001034,INV-2026-001034,Trinetra Piping Solutions LLP,CUST-021,2026-06-09,2026-08-08,283494.00,0.18,51029.00,283494.00,0.00,overdue,INR,tax invoice
AR-INV-2026-001035,INV-2026-001035,Pushpa Metals Agri Inputs PVT LTD,CUST-018,2026-06-09,2026-06-16,383150.00,0.18,68967.00,383150.00,0.00,open,INR,tax invoice
AR-INV-2026-001036,INV-2026-001036,Goldcrest Security Systems & Co,CUST-024,2026-06-09,2026-08-08,807131.00,0.18,145284.00,807131.00,0.00,overdue,INR,tax invoice
AR-INV-2026-001037,INV-2026-001037,Everstone Water Treatment Company,CUST-009,2026-06-09,2026-08-08,68936.00,0.18,12408.00,68936.00,0.00,overdue,INR,tax invoice
AR-INV-2026-001038,INV-2026-001038,Trividata Roofing Products PVT LTD,CUST-011,2026-06-09,2026-07-09,455245.00,0.18,81944.00,455245.00,0.00,overdue,INR,tax invoice
AR-INV-2026-001039,INV-2026-001039,Goldcrest Security Systems & Co,CUST-024,2026-06-09,2026-08-08,658596.00,0.18,118547.00,658596.00,0.00,overdue,INR,tax invoice
AR-INV-2026-001040,INV-2026-001040,Everstone Water Treatment Company,CUST-009,2026-06-09,2026-08-08,132189.00,0.18,23794.00,132189.00,0.00,overdue,INR,tax invoice
AR-INV-2026-001048,INV-2026-001048,Orbitex Packaging Private Limited,CUST-027,2026-06-10,2026-07-25,1289831.00,0.18,232170.00,1289831.00,0.00,overdue,INR,tax invoice
AR-INV-2026-001049,INV-2026-001049,Ashwini Solar EPC PVT LTD,CUST-008,2026-06-10,2026-07-25,276314.00,0.18,49737.00,276314.00,0.00,open,INR,tax invoice
AR-INV-2026-001050,INV-2026-001050,Orbitex Dairy Foods PVT LTD,CUST-026,2026-06-10,2026-06-17,346085.00,0.18,62295.00,346085.00,0.00,open,INR,tax invoice
AR-INV-2026-001051,INV-2026-001051,Nalanda Recyclers LLP,CUST-007,2026-06-10,2026-06-25,1829682.00,0.18,329343.00,1829682.00,0.00,overdue,INR,tax invoice
AR-INV-2026-001052,INV-2026-001052,Nalanda Recyclers LLP,CUST-007,2026-06-10,2026-06-25,438529.00,0.18,78935.00,438529.00,0.00,overdue,INR,tax invoice
AR-INV-2026-001053,INV-2026-001053,Suryavansh Catering Services Company,CUST-014,2026-06-10,2026-07-10,1666570.00,0.18,299983.00,1666570.00,0.00,open,INR,tax invoice
AR-INV-2026-001054,INV-2026-001054,Suryavansh Petro Chemicals & Co,CUST-030,2026-06-10,2026-07-10,176731.00,0.18,31812.00,176731.00,0.00,overdue,INR,tax invoice short deduction
AR-INV-2026-001061,INV-2026-001061,Nalanda Fab Services Private Limited,CUST-017,2026-06-11,2026-08-10,782770.00,0.18,140899.00,782770.00,0.00,overdue,INR,tax invoice
AR-INV-2026-001062,INV-2026-001062,Trividata Roofing Products PVT LTD,CUST-011,2026-06-11,2026-07-11,553412.00,0.18,99614.00,553412.00,0.00,overdue,INR,tax invoice
AR-INV-2026-001063,INV-2026-001063,Trinetra Piping Solutions LLP,CUST-021,2026-06-11,2026-08-10,396505.00,0.18,71371.00,396505.00,0.00,overdue,INR,tax invoice
AR-INV-2026-001064,INV-2026-001064,Ashwini Cable Systems LLP,CUST-023,2026-06-11,2026-07-11,412672.00,0.18,74281.00,412672.00,0.00,overdue,INR,tax invoice short deduction
AR-INV-2026-001065,INV-2026-001065,Anant Infra Staffing Private Limited,CUST-020,2026-06-11,2026-07-27,315392.00,0.18,56771.00,315392.00,0.00,overdue,INR,tax invoice
AR-INV-2026-001066,INV-2026-001066,Vedika Facility Management & Co,CUST-028,2026-06-11,2026-07-27,782986.00,0.18,140937.00,782986.00,0.00,open,INR,tax invoice short deduction
AR-INV-2026-001073,INV-2026-001073,Goldcrest Steel Traders Company,CUST-016,2026-06-12,2026-06-27,213140.00,0.18,38365.00,213140.00,0.00,overdue,INR,tax invoice
AR-INV-2026-001074,INV-2026-001074,Anant Infra Staffing Private Limited,CUST-020,2026-06-12,2026-07-27,408350.00,0.18,73503.00,408350.00,0.00,overdue,INR,tax invoice
AR-INV-2026-001075,INV-2026-001075,Anant Infra Conveyances PVT LTD,CUST-005,2026-06-12,2026-07-13,349206.00,0.18,62857.00,349206.00,0.00,overdue,INR,tax invoice short deduction
AR-INV-2026-001076,INV-2026-001076,Trinetra Piping Solutions LLP,CUST-021,2026-06-12,2026-08-11,126603.00,0.18,22789.00,126603.00,0.00,overdue,INR,tax invoice
AR-INV-2026-001077,INV-2026-001077,Trinetra Piping Solutions LLP,CUST-021,2026-06-12,2026-08-11,225758.00,0.18,40636.00,225758.00,0.00,overdue,INR,tax invoice
AR-INV-2026-001078,INV-2026-001078,Anant Infra Conveyances PVT LTD,CUST-005,2026-06-12,2026-07-13,218698.00,0.18,39366.00,218698.00,0.00,open,INR,tax invoice short deduction
AR-INV-2026-001079,INV-2026-001079,Ashwini Cold Chain Ltd,CUST-022,2026-06-12,2026-07-13,793134.00,0.18,142764.00,793134.00,0.00,overdue,INR,tax invoice short deduction
AR-INV-2026-001080,INV-2026-001080,Copperleaf Electricals PVT LTD,CUST-004,2026-06-12,2026-07-27,836814.00,0.18,150627.00,836814.00,0.00,overdue,INR,tax invoice
AR-INV-2026-001081,INV-2026-001081,Copperleaf Electricals PVT LTD,CUST-004,2026-06-12,2026-07-27,940043.00,0.18,169208.00,940043.00,0.00,overdue,INR,tax invoice
AR-INV-2026-001087,INV-2026-001087,Orbitex Packaging Private Limited,CUST-027,2026-06-13,2026-07-28,3344274.00,0.18,601969.00,3344274.00,0.00,overdue,INR,tax invoice
AR-INV-2026-001088,INV-2026-001088,Orbitex Paper Mills PVT LTD,CUST-025,2026-06-13,2026-06-20,395389.00,0.18,71170.00,395389.00,0.00,overdue,INR,tax invoice short deduction
AR-INV-2026-001092,INV-2026-001092,Suryavansh Catering Services Company,CUST-014,2026-06-15,2026-07-15,178468.00,0.18,32124.00,178468.00,0.00,overdue,INR,tax invoice
AR-INV-2026-001093,INV-2026-001093,Vedika Facility Management & Co,CUST-028,2026-06-15,2026-07-30,478530.00,0.18,86135.00,478530.00,0.00,open,INR,tax invoice
AR-INV-2026-001094,INV-2026-001094,Meridian Lab Supplies LLP,CUST-029,2026-06-15,2026-06-22,863928.00,0.18,155507.00,863928.00,0.00,overdue,INR,tax invoice
AR-INV-2026-001095,INV-2026-001095,Shree Balaji Machine Parts & Co,CUST-003,2026-06-15,2026-08-14,89820.00,0.18,16168.00,89820.00,0.00,overdue,INR,tax invoice
AR-INV-2026-001096,INV-2026-001096,Vedika Textiles Company,CUST-012,2026-06-15,2026-06-30,423059.00,0.18,76151.00,423059.00,0.00,overdue,INR,tax invoice
AR-INV-2026-001097,INV-2026-001097,Ashwini Cable Systems LLP,CUST-023,2026-06-15,2026-07-15,173285.00,0.18,31191.00,173285.00,0.00,overdue,INR,tax invoice
AR-INV-2026-001098,INV-2026-001098,Saptagiri Analytics Ltd,CUST-015,2026-06-15,2026-06-22,512834.00,0.18,92310.00,512834.00,0.00,overdue,INR,tax invoice
AR-INV-2026-001103,INV-2026-001103,Goldcrest Security Systems & Co,CUST-024,2026-06-16,2026-08-17,275781.00,0.18,49641.00,275781.00,0.00,overdue,INR,tax invoice
AR-INV-2026-001104,INV-2026-001104,Everstone Water Treatment Company,CUST-009,2026-06-16,2026-08-17,247059.00,0.18,44471.00,247059.00,0.00,overdue,INR,tax invoice short deduction
AR-INV-2026-001105,INV-2026-001105,Suryavansh Catering Services Company,CUST-014,2026-06-16,2026-07-16,36171.00,0.18,6511.00,36171.00,0.00,overdue,INR,tax invoice
AR-INV-2026-001106,INV-2026-001106,Goldcrest Warehousing Private Limited,CUST-010,2026-06-16,2026-06-23,153846.00,0.18,27692.00,153846.00,0.00,overdue,INR,tax invoice
AR-INV-2026-001107,INV-2026-001107,Anant Infra Conveyances PVT LTD,CUST-005,2026-06-16,2026-07-16,262851.00,0.18,47313.00,262851.00,0.00,open,INR,tax invoice short deduction
AR-INV-2026-001108,INV-2026-001108,Trividata Roofing Products PVT LTD,CUST-011,2026-06-16,2026-07-16,738222.00,0.18,132880.00,738222.00,0.00,overdue,INR,tax invoice
AR-INV-2026-001109,INV-2026-001109,Orbitex Packaging Private Limited,CUST-027,2026-06-16,2026-07-31,326073.00,0.18,58693.00,326073.00,0.00,overdue,INR,tax invoice
AR-INV-2026-001112,INV-2026-001112,Goldcrest Security Systems & Co,CUST-024,2026-06-17,2026-08-17,373380.00,0.18,67208.00,373380.00,0.00,overdue,INR,tax invoice
AR-INV-2026-001113,INV-2026-001113,Zenith One Logistics & Co,CUST-006,2026-06-17,2026-07-17,433000.00,0.18,77940.00,433000.00,0.00,overdue,INR,tax invoice
AR-INV-2026-001114,INV-2026-001114,Meridian Lab Supplies LLP,CUST-029,2026-06-17,2026-06-24,185586.00,0.18,33405.00,185586.00,0.00,overdue,INR,tax invoice
AR-INV-2026-001115,INV-2026-001115,Anant Infra Conveyances PVT LTD,CUST-005,2026-06-17,2026-07-17,69846.00,0.18,12572.00,69846.00,0.00,open,INR,tax invoice
AR-INV-2026-001116,INV-2026-001116,Trividata Roofing Products PVT LTD,CUST-011,2026-06-17,2026-07-17,907554.00,0.18,163360.00,907554.00,0.00,overdue,INR,tax invoice
AR-INV-2026-001117,INV-2026-001117,Copperleaf Electricals PVT LTD,CUST-004,2026-06-17,2026-08-01,183899.00,0.18,33102.00,183899.00,0.00,overdue,INR,tax invoice
AR-INV-2026-001118,INV-2026-001118,Orbitex Dairy Foods PVT LTD,CUST-026,2026-06-17,2026-06-24,438206.00,0.18,78877.00,438206.00,0.00,overdue,INR,tax invoice
AR-INV-2026-001119,INV-2026-001119,Shree Balaji Machine Parts & Co,CUST-003,2026-06-17,2026-08-17,141349.00,0.18,25443.00,141349.00,0.00,overdue,INR,tax invoice
AR-INV-2026-001120,INV-2026-001120,Goldcrest Security Systems & Co,CUST-024,2026-06-17,2026-08-17,712570.00,0.18,128263.00,712570.00,0.00,overdue,INR,tax invoice
AR-INV-2026-001124,INV-2026-001124,Pushpa Metals Agri Inputs PVT LTD,CUST-018,2026-06-18,2026-06-25,656932.00,0.18,118248.00,656932.00,0.00,open,INR,tax invoice
AR-INV-2026-001125,INV-2026-001125,Ashwini Interiors & Co,CUST-019,2026-06-18,2026-07-18,1287280.00,0.18,231710.00,1287280.00,0.00,overdue,INR,tax invoice
AR-INV-2026-001126,INV-2026-001126,Everstone Water Treatment Company,CUST-009,2026-06-18,2026-08-17,666158.00,0.18,119908.00,666158.00,0.00,overdue,INR,tax invoice
AR-INV-2026-001127,INV-2026-001127,Anant Infra Staffing Private Limited,CUST-020,2026-06-18,2026-08-03,294124.00,0.18,52942.00,294124.00,0.00,overdue,INR,tax invoice
AR-INV-2026-001128,INV-2026-001128,Copperleaf Electricals PVT LTD,CUST-004,2026-06-18,2026-08-03,597544.00,0.18,107558.00,597544.00,0.00,overdue,INR,tax invoice
AR-INV-2026-001129,INV-2026-001129,Ashwini Interiors & Co,CUST-019,2026-06-18,2026-07-18,796416.00,0.18,143355.00,796416.00,0.00,overdue,INR,tax invoice
AR-INV-2026-001130,INV-2026-001130,Sahyadri Polymers PVT LTD,CUST-001,2026-06-18,2026-08-03,486241.00,0.18,87523.00,486241.00,0.00,overdue,INR,tax invoice
AR-INV-2026-001131,INV-2026-001131,Suryavansh Petro Chemicals & Co,CUST-030,2026-06-18,2026-07-18,99174.00,0.18,17851.00,99174.00,0.00,overdue,INR,tax invoice
AR-INV-2026-001140,INV-2026-001140,Goldcrest Warehousing Private Limited,CUST-010,2026-06-19,2026-06-26,45943.00,0.18,8270.00,45943.00,0.00,overdue,INR,tax invoice short deduction
AR-INV-2026-001141,INV-2026-001141,Goldcrest Steel Traders Company,CUST-016,2026-06-19,2026-07-04,1352077.00,0.18,243374.00,1352077.00,0.00,overdue,INR,tax invoice
AR-INV-2026-001142,INV-2026-001142,Trinetra Piping Solutions LLP,CUST-021,2026-06-19,2026-08-18,440934.00,0.18,79368.00,440934.00,0.00,overdue,INR,tax invoice
AR-INV-2026-001143,INV-2026-001143,Shree Balaji Machine Parts & Co,CUST-003,2026-06-19,2026-08-18,403930.00,0.18,72707.00,403930.00,0.00,overdue,INR,tax invoice
AR-INV-2026-001144,INV-2026-001144,Trinetra Piping Solutions LLP,CUST-021,2026-06-19,2026-08-18,101264.00,0.18,18228.00,101264.00,0.00,overdue,INR,tax invoice
AR-INV-2026-001145,INV-2026-001145,Goldcrest Security Systems & Co,CUST-024,2026-06-19,2026-08-18,1388104.00,0.18,249859.00,1388104.00,0.00,overdue,INR,tax invoice
AR-INV-2026-001146,INV-2026-001146,Goldcrest Warehousing Private Limited,CUST-010,2026-06-19,2026-06-26,223542.00,0.18,40238.00,223542.00,0.00,overdue,INR,tax invoice short deduction
AR-INV-2026-001147,INV-2026-001147,Everstone Water Treatment Company,CUST-009,2026-06-19,2026-08-18,474176.00,0.18,85352.00,474176.00,0.00,overdue,INR,tax invoice
AR-INV-2026-001148,INV-2026-001148,Suryavansh Petro Chemicals & Co,CUST-030,2026-06-19,2026-07-20,1525035.00,0.18,274506.00,1525035.00,0.00,overdue,INR,tax invoice
AR-INV-2026-001149,INV-2026-001149,Goldcrest Steel Traders Company,CUST-016,2026-06-19,2026-07-04,379731.00,0.18,68352.00,379731.00,0.00,overdue,INR,tax invoice
AR-INV-2026-001157,INV-2026-001157,Saptagiri Analytics Ltd,CUST-015,2026-06-20,2026-06-27,659961.00,0.18,118793.00,659961.00,0.00,overdue,INR,tax invoice
AR-INV-2026-001161,INV-2026-001161,Suryavansh Catering Services Company,CUST-014,2026-06-21,2026-07-21,53372.00,0.18,9607.00,53372.00,0.00,overdue,INR,tax invoice
AR-INV-2026-001164,INV-2026-001164,Orbitex Dairy Foods PVT LTD,CUST-026,2026-06-22,2026-06-29,507080.00,0.18,91274.00,507080.00,0.00,overdue,INR,tax invoice
AR-INV-2026-001165,INV-2026-001165,Trinetra Piping Solutions LLP,CUST-021,2026-06-22,2026-08-21,116858.00,0.18,21034.00,116858.00,0.00,overdue,INR,tax invoice
AR-INV-2026-001166,INV-2026-001166,Shree Balaji Hardware Private Limited,CUST-002,2026-06-22,2026-08-06,488997.00,0.18,88019.00,488997.00,0.00,overdue,INR,tax invoice
AR-INV-2026-001167,INV-2026-001167,Trividata Roofing Products PVT LTD,CUST-011,2026-06-22,2026-07-22,1160737.00,0.18,208933.00,1160737.00,0.00,overdue,INR,tax invoice short deduction
AR-INV-2026-001168,INV-2026-001168,Suryavansh Catering Services Company,CUST-014,2026-06-22,2026-07-22,117732.00,0.18,21192.00,117732.00,0.00,overdue,INR,tax invoice
AR-INV-2026-001169,INV-2026-001169,Nalanda Fab Services Private Limited,CUST-017,2026-06-22,2026-08-21,461659.00,0.18,83099.00,461659.00,0.00,overdue,INR,tax invoice
AR-INV-2026-001170,INV-2026-001170,Orbitex Packaging Private Limited,CUST-027,2026-06-22,2026-08-06,110149.00,0.18,19827.00,110149.00,0.00,overdue,INR,tax invoice
AR-INV-2026-001176,INV-2026-001176,Trinetra Piping Solutions LLP,CUST-021,2026-06-23,2026-08-22,272026.00,0.18,48965.00,272026.00,0.00,overdue,INR,tax invoice
AR-INV-2026-001177,INV-2026-001177,Anant Infra Staffing Private Limited,CUST-020,2026-06-23,2026-08-07,439521.00,0.18,79114.00,439521.00,0.00,overdue,INR,tax invoice
AR-INV-2026-001178,INV-2026-001178,Ashwini Interiors & Co,CUST-019,2026-06-23,2026-07-23,1270894.00,0.18,228761.00,1270894.00,0.00,overdue,INR,tax invoice
AR-INV-2026-001179,INV-2026-001179,Trividata Roofing Products PVT LTD,CUST-011,2026-06-23,2026-07-23,1530257.00,0.18,275446.00,1530257.00,0.00,overdue,INR,tax invoice
AR-INV-2026-001180,INV-2026-001180,Nalanda Recyclers LLP,CUST-007,2026-06-23,2026-07-08,1047754.00,0.18,188596.00,1047754.00,0.00,overdue,INR,tax invoice
AR-INV-2026-001181,INV-2026-001181,Everstone Water Treatment Company,CUST-009,2026-06-23,2026-08-22,134886.00,0.18,24279.00,134886.00,0.00,overdue,INR,tax invoice
AR-INV-2026-001182,INV-2026-001182,Vedika Textiles Company,CUST-012,2026-06-23,2026-07-08,248550.00,0.18,44739.00,248550.00,0.00,overdue,INR,tax invoice
AR-INV-2026-001183,INV-2026-001183,Goldcrest Steel Traders Company,CUST-016,2026-06-23,2026-07-08,493713.00,0.18,88868.00,493713.00,0.00,overdue,INR,tax invoice
AR-INV-2026-001184,INV-2026-001184,Sahyadri Polymers PVT LTD,CUST-001,2026-06-23,2026-08-07,1452061.00,0.18,261371.00,1452061.00,0.00,overdue,INR,tax invoice
AR-INV-2026-001185,INV-2026-001185,Shree Balaji Machine Parts & Co,CUST-003,2026-06-23,2026-08-22,342408.00,0.18,61633.00,342408.00,0.00,overdue,INR,tax invoice
AR-INV-2026-001188,INV-2026-001188,Zenith One Logistics & Co,CUST-006,2026-06-24,2026-07-24,356383.00,0.18,64149.00,356383.00,0.00,overdue,INR,tax invoice
AR-INV-2026-001189,INV-2026-001189,Meridian Lab Supplies LLP,CUST-029,2026-06-24,2026-07-01,1437962.00,0.18,258833.00,1437962.00,0.00,overdue,INR,tax invoice
AR-INV-2026-001190,INV-2026-001190,Shree Balaji Hardware Private Limited,CUST-002,2026-06-24,2026-08-08,6000000.00,0.18,1080000.00,6000000.00,0.00,overdue,INR,tax invoice
AR-INV-2026-001191,INV-2026-001191,Ashwini Cable Systems LLP,CUST-023,2026-06-24,2026-07-24,297433.00,0.18,53538.00,297433.00,0.00,overdue,INR,tax invoice
AR-INV-2026-001192,INV-2026-001192,Anant Infra Conveyances PVT LTD,CUST-005,2026-06-24,2026-07-24,101500.00,0.18,18270.00,101500.00,0.00,overdue,INR,tax invoice short deduction
AR-INV-2026-001193,INV-2026-001193,Vedika Facility Management & Co,CUST-028,2026-06-24,2026-08-08,204793.00,0.18,36863.00,204793.00,0.00,overdue,INR,tax invoice
AR-INV-2026-001194,INV-2026-001194,Vedika Textiles Company,CUST-012,2026-06-24,2026-07-09,204553.00,0.18,36820.00,204553.00,0.00,overdue,INR,tax invoice short deduction
AR-INV-2026-001200,INV-2026-001200,Orbitex Packaging Private Limited,CUST-027,2026-06-25,2026-08-10,292511.00,0.18,52652.00,292511.00,0.00,open,INR,tax invoice
AR-INV-2026-001201,INV-2026-001201,Nalanda Fab Services Private Limited,CUST-017,2026-06-25,2026-08-24,243023.00,0.18,43744.00,243023.00,0.00,overdue,INR,tax invoice
AR-INV-2026-001202,INV-2026-001202,Goldcrest Steel Traders Company,CUST-016,2026-06-25,2026-07-10,662890.00,0.18,119320.00,662890.00,0.00,overdue,INR,tax invoice
AR-INV-2026-001203,INV-2026-001203,Anant Infra Conveyances PVT LTD,CUST-005,2026-06-25,2026-07-25,229551.00,0.18,41319.00,229551.00,0.00,overdue,INR,tax invoice
AR-INV-2026-001204,INV-2026-001204,Pushpa Metals Agri Inputs PVT LTD,CUST-018,2026-06-25,2026-07-02,201906.00,0.18,36343.00,201906.00,0.00,open,INR,tax invoice
AR-INV-2026-001205,INV-2026-001205,Suryavansh Petro Chemicals & Co,CUST-030,2026-06-25,2026-07-25,1418172.00,0.18,255271.00,1418172.00,0.00,overdue,INR,tax invoice
AR-INV-2026-001206,INV-2026-001206,Trividata Roofing Products PVT LTD,CUST-011,2026-06-25,2026-07-25,373721.00,0.18,67270.00,373721.00,0.00,overdue,INR,tax invoice
AR-INV-2026-001207,INV-2026-001207,Ashwini Cold Chain Ltd,CUST-022,2026-06-25,2026-07-25,1304751.00,0.18,234855.00,1304751.00,0.00,overdue,INR,tax invoice
AR-INV-2026-001208,INV-2026-001208,Pushpa Metals Agri Inputs PVT LTD,CUST-018,2026-06-25,2026-07-02,872963.00,0.18,157133.00,872963.00,0.00,overdue,INR,tax invoice
AR-INV-2026-001209,INV-2026-001209,Pushpa Metals Agri Inputs PVT LTD,CUST-018,2026-06-25,2026-07-02,212598.00,0.18,38268.00,212598.00,0.00,overdue,INR,tax invoice
AR-INV-2026-001210,INV-2026-001210,Nalanda Recyclers LLP,CUST-007,2026-06-25,2026-07-10,387383.00,0.18,69729.00,387383.00,0.00,overdue,INR,tax invoice
AR-INV-2026-001217,INV-2026-001217,Nalanda Recyclers LLP,CUST-007,2026-06-26,2026-07-11,1121502.00,0.18,201870.00,1121502.00,0.00,overdue,INR,tax invoice
AR-INV-2026-001218,INV-2026-001218,Suryavansh Catering Services Company,CUST-014,2026-06-26,2026-07-27,401673.00,0.18,72301.00,401673.00,0.00,overdue,INR,tax invoice
AR-INV-2026-001219,INV-2026-001219,Ashwini Solar EPC PVT LTD,CUST-008,2026-06-26,2026-08-10,1124433.00,0.18,202398.00,1124433.00,0.00,open,INR,tax invoice
AR-INV-2026-001220,INV-2026-001220,Nalanda Recyclers LLP,CUST-007,2026-06-26,2026-07-11,1001151.00,0.18,180207.00,1001151.00,0.00,overdue,INR,tax invoice
AR-INV-2026-001221,INV-2026-001221,Pushpa Metals Agri Inputs PVT LTD,CUST-018,2026-06-26,2026-07-03,378014.00,0.18,68043.00,378014.00,0.00,overdue,INR,tax invoice
AR-INV-2026-001229,INV-2026-001229,Ashwini Cold Chain Ltd,CUST-022,2026-06-27,2026-07-27,598519.00,0.18,107733.00,598519.00,0.00,overdue,INR,tax invoice
AR-INV-2026-001230,INV-2026-001230,Anant Infra Conveyances PVT LTD,CUST-005,2026-06-27,2026-07-27,148200.00,0.18,26676.00,148200.00,0.00,overdue,INR,tax invoice short deduction
AR-INV-2026-001231,INV-2026-001231,Orbitex Packaging Private Limited,CUST-027,2026-06-27,2026-08-11,120997.00,0.18,21779.00,120997.00,0.00,open,INR,tax invoice
AR-INV-2026-001237,INV-2026-001237,Goldcrest Security Systems & Co,CUST-024,2026-06-29,2026-08-28,2680301.00,0.18,482454.00,2680301.00,0.00,overdue,INR,tax invoice
AR-INV-2026-001238,INV-2026-001238,Orbitex Paper Mills PVT LTD,CUST-025,2026-06-29,2026-07-06,627549.00,0.18,112959.00,627549.00,0.00,overdue,INR,tax invoice
AR-INV-2026-001239,INV-2026-001239,Suryavansh Print Solutions & Co,CUST-013,2026-06-29,2026-07-29,30954.00,0.18,5572.00,30954.00,0.00,overdue,INR,tax invoice
AR-INV-2026-001240,INV-2026-001240,Nalanda Recyclers LLP,CUST-007,2026-06-29,2026-07-14,179780.00,0.18,32360.00,179780.00,0.00,overdue,INR,tax invoice
AR-INV-2026-001241,INV-2026-001241,Vedika Textiles Company,CUST-012,2026-06-29,2026-07-14,455989.00,0.18,82078.00,455989.00,0.00,overdue,INR,tax invoice
AR-INV-2026-001242,INV-2026-001242,Vedika Facility Management & Co,CUST-028,2026-06-29,2026-08-13,166294.00,0.18,29933.00,166294.00,0.00,overdue,INR,tax invoice short deduction
AR-INV-2026-001243,INV-2026-001243,Vedika Facility Management & Co,CUST-028,2026-06-29,2026-08-13,318508.00,0.18,57331.00,318508.00,0.00,overdue,INR,tax invoice
AR-INV-2026-001244,INV-2026-001244,Ashwini Interiors & Co,CUST-019,2026-06-29,2026-07-29,645606.00,0.18,116209.00,645606.00,0.00,overdue,INR,tax invoice
AR-INV-2026-001245,INV-2026-001245,Meridian Lab Supplies LLP,CUST-029,2026-06-29,2026-07-06,1484634.00,0.18,267234.00,1484634.00,0.00,overdue,INR,tax invoice
AR-INV-2026-001251,INV-2026-001251,Vedika Facility Management & Co,CUST-028,2026-06-30,2026-08-14,349314.00,0.18,62877.00,349314.00,0.00,overdue,INR,tax invoice
AR-INV-2026-001252,INV-2026-001252,Suryavansh Petro Chemicals & Co,CUST-030,2026-06-30,2026-07-30,272404.00,0.18,49033.00,272404.00,0.00,overdue,INR,tax invoice
AR-INV-2026-001253,INV-2026-001253,Nalanda Recyclers LLP,CUST-007,2026-06-30,2026-07-15,650671.00,0.18,117121.00,650671.00,0.00,overdue,INR,tax invoice
AR-INV-2026-001254,INV-2026-001254,Nalanda Recyclers LLP,CUST-007,2026-06-30,2026-07-15,512749.00,0.18,92295.00,512749.00,0.00,overdue,INR,tax invoice
AR-INV-2026-001255,INV-2026-001255,Nalanda Recyclers LLP,CUST-007,2026-06-30,2026-07-15,1170483.00,0.18,210687.00,1170483.00,0.00,overdue,INR,tax invoice
AR-INV-2026-001256,INV-2026-001256,Everstone Water Treatment Company,CUST-009,2026-06-30,2026-08-29,1283718.00,0.18,231069.00,1283718.00,0.00,overdue,INR,tax invoice
AR-INV-2026-001257,INV-2026-001257,Ashwini Cable Systems LLP,CUST-023,2026-06-30,2026-07-30,163011.00,0.18,29342.00,163011.00,0.00,overdue,INR,tax invoice
AR-INV-2026-001258,INV-2026-001258,Orbitex Packaging Private Limited,CUST-027,2026-06-30,2026-08-14,1039355.00,0.18,187084.00,1039355.00,0.00,open,INR,tax invoice
AR-INV-2026-001259,INV-2026-001259,Ashwini Solar EPC PVT LTD,CUST-008,2026-06-30,2026-08-14,356079.00,0.18,64094.00,356079.00,0.00,open,INR,tax invoice
AR-INV-2026-001260,INV-2026-001260,Goldcrest Security Systems & Co,CUST-024,2026-06-30,2026-08-29,691621.00,0.18,124492.00,691621.00,0.00,overdue,INR,tax invoice
AR-INV-2026-001261,INV-2026-001261,Everstone Water Treatment Company,CUST-009,2026-06-30,2026-08-29,701721.00,0.18,126310.00,701721.00,0.00,overdue,INR,tax invoice
AR-INV-2026-001262,INV-2026-001262,Suryavansh Petro Chemicals & Co,CUST-030,2026-06-30,2026-07-30,317002.00,0.18,57060.00,317002.00,0.00,overdue,INR,tax invoice
AR-INV-2026-001263,INV-2026-001263,Goldcrest Steel Traders Company,CUST-016,2026-06-30,2026-07-15,841472.00,0.18,151465.00,841472.00,0.00,overdue,INR,tax invoice
AR-INV-2026-001273,INV-2026-001273,Ashwini Solar EPC PVT LTD,CUST-008,2026-07-01,2026-08-17,508003.00,0.18,91441.00,508003.00,0.00,overdue,INR,tax invoice
AR-INV-2026-001274,INV-2026-001274,Orbitex Dairy Foods PVT LTD,CUST-026,2026-07-01,2026-07-08,1003890.00,0.18,180700.00,1003890.00,0.00,overdue,INR,tax invoice
AR-INV-2026-001275,INV-2026-001275,Trividata Roofing Products PVT LTD,CUST-011,2026-07-01,2026-07-31,1010084.00,0.18,181815.00,1010084.00,0.00,overdue,INR,tax invoice
AR-INV-2026-001276,INV-2026-001276,Ashwini Cable Systems LLP,CUST-023,2026-07-01,2026-07-31,218826.00,0.18,39389.00,218826.00,0.00,overdue,INR,tax invoice
AR-INV-2026-001277,INV-2026-001277,Meridian Lab Supplies LLP,CUST-029,2026-07-01,2026-07-08,257967.00,0.18,46434.00,257967.00,0.00,overdue,INR,tax invoice
AR-INV-2026-001278,INV-2026-001278,Vedika Facility Management & Co,CUST-028,2026-07-01,2026-08-17,558883.00,0.18,100599.00,558883.00,0.00,overdue,INR,tax invoice
AR-INV-2026-001279,INV-2026-001279,Anant Infra Conveyances PVT LTD,CUST-005,2026-07-01,2026-07-31,79524.00,0.18,14314.00,79524.00,0.00,overdue,INR,tax invoice
AR-INV-2026-001280,INV-2026-001280,Orbitex Packaging Private Limited,CUST-027,2026-07-01,2026-08-17,253413.00,0.18,45614.00,253413.00,0.00,overdue,INR,tax invoice
AR-INV-2026-001281,INV-2026-001281,Zenith One Logistics & Co,CUST-006,2026-07-01,2026-07-31,258368.00,0.18,46506.00,258368.00,0.00,overdue,INR,tax invoice
AR-INV-2026-001282,INV-2026-001282,Orbitex Paper Mills PVT LTD,CUST-025,2026-07-01,2026-07-08,2796676.00,0.18,503402.00,2796676.00,0.00,overdue,INR,tax invoice
AR-INV-2026-001283,INV-2026-001283,Ashwini Solar EPC PVT LTD,CUST-008,2026-07-01,2026-08-17,836066.00,0.18,150492.00,836066.00,0.00,overdue,INR,tax invoice
AR-INV-2026-001289,INV-2026-001289,Suryavansh Print Solutions & Co,CUST-013,2026-07-02,2026-08-01,688219.00,0.18,123879.00,688219.00,0.00,overdue,INR,tax invoice
AR-INV-2026-001290,INV-2026-001290,Saptagiri Analytics Ltd,CUST-015,2026-07-02,2026-07-09,224049.00,0.18,40329.00,224049.00,0.00,overdue,INR,tax invoice
AR-INV-2026-001291,INV-2026-001291,Trinetra Piping Solutions LLP,CUST-021,2026-07-02,2026-08-31,306851.00,0.18,55233.00,306851.00,0.00,overdue,INR,tax invoice
AR-INV-2026-001292,INV-2026-001292,Orbitex Packaging Private Limited,CUST-027,2026-07-02,2026-08-17,484821.00,0.18,87268.00,484821.00,0.00,overdue,INR,tax invoice
AR-INV-2026-001293,INV-2026-001293,Ashwini Interiors & Co,CUST-019,2026-07-02,2026-08-01,110629.00,0.18,19913.00,110629.00,0.00,overdue,INR,tax invoice
AR-INV-2026-001294,INV-2026-001294,Vedika Textiles Company,CUST-012,2026-07-02,2026-07-17,475795.00,0.18,85643.00,475795.00,0.00,overdue,INR,tax invoice
AR-INV-2026-001295,INV-2026-001295,Ashwini Interiors & Co,CUST-019,2026-07-02,2026-08-01,405092.00,0.18,72917.00,405092.00,0.00,overdue,INR,tax invoice
AR-INV-2026-001296,INV-2026-001296,Goldcrest Warehousing Private Limited,CUST-010,2026-07-02,2026-07-09,115405.00,0.18,20773.00,115405.00,0.00,overdue,INR,tax invoice
AR-INV-2026-001297,INV-2026-001297,Suryavansh Petro Chemicals & Co,CUST-030,2026-07-02,2026-08-01,423484.00,0.18,76227.00,423484.00,0.00,overdue,INR,tax invoice
AR-INV-2026-001298,INV-2026-001298,Orbitex Dairy Foods PVT LTD,CUST-026,2026-07-02,2026-07-09,812013.00,0.18,146162.00,812013.00,0.00,overdue,INR,tax invoice
AR-INV-2026-001299,INV-2026-001299,Nalanda Recyclers LLP,CUST-007,2026-07-02,2026-07-17,454747.00,0.18,81854.00,454747.00,0.00,overdue,INR,tax invoice
AR-INV-2026-001311,INV-2026-001311,Saptagiri Analytics Ltd,CUST-015,2026-07-03,2026-07-10,513031.00,0.18,92346.00,513031.00,0.00,overdue,INR,tax invoice
AR-INV-2026-001312,INV-2026-001312,Suryavansh Petro Chemicals & Co,CUST-030,2026-07-03,2026-08-03,241989.00,0.18,43558.00,241989.00,0.00,overdue,INR,tax invoice
AR-INV-2026-001313,INV-2026-001313,Sahyadri Polymers PVT LTD,CUST-001,2026-07-03,2026-08-17,618930.00,0.18,111407.00,618930.00,0.00,overdue,INR,tax invoice
AR-INV-2026-001314,INV-2026-001314,Shree Balaji Hardware Private Limited,CUST-002,2026-07-03,2026-08-17,427610.00,0.18,76970.00,427610.00,0.00,overdue,INR,tax invoice
AR-INV-2026-001315,INV-2026-001315,Orbitex Packaging Private Limited,CUST-027,2026-07-03,2026-08-17,851672.00,0.18,153301.00,851672.00,0.00,overdue,INR,tax invoice
AR-INV-2026-001316,INV-2026-001316,Suryavansh Petro Chemicals & Co,CUST-030,2026-07-03,2026-08-03,646259.00,0.18,116327.00,646259.00,0.00,overdue,INR,tax invoice
AR-INV-2026-001317,INV-2026-001317,Suryavansh Petro Chemicals & Co,CUST-030,2026-07-03,2026-08-03,728087.00,0.18,131056.00,728087.00,0.00,overdue,INR,tax invoice
AR-INV-2026-001318,INV-2026-001318,Shree Balaji Hardware Private Limited,CUST-002,2026-07-03,2026-08-17,1263197.00,0.18,227375.00,1263197.00,0.00,overdue,INR,tax invoice
AR-INV-2026-001319,INV-2026-001319,Trinetra Piping Solutions LLP,CUST-021,2026-07-03,2026-09-01,250959.00,0.18,45173.00,250959.00,0.00,overdue,INR,tax invoice
AR-INV-2026-001326,INV-2026-001326,Nalanda Recyclers LLP,CUST-007,2026-07-04,2026-07-20,950120.00,0.18,171022.00,950120.00,0.00,overdue,INR,tax invoice
AR-INV-2026-001327,INV-2026-001327,Anant Infra Conveyances PVT LTD,CUST-005,2026-07-04,2026-08-03,140383.00,0.18,25269.00,140383.00,0.00,overdue,INR,tax invoice short deduction
AR-INV-2026-001328,INV-2026-001328,Everstone Water Treatment Company,CUST-009,2026-07-04,2026-09-02,435118.00,0.18,78321.00,435118.00,0.00,overdue,INR,tax invoice
AR-INV-2026-001332,INV-2026-001332,Pushpa Metals Agri Inputs PVT LTD,CUST-018,2026-07-06,2026-07-13,471430.00,0.18,84857.00,471430.00,0.00,overdue,INR,tax invoice
AR-INV-2026-001333,INV-2026-001333,Sahyadri Polymers PVT LTD,CUST-001,2026-07-06,2026-08-20,395112.00,0.18,71120.00,395112.00,0.00,overdue,INR,tax invoice short deduction
AR-INV-2026-001334,INV-2026-001334,Goldcrest Warehousing Private Limited,CUST-010,2026-07-06,2026-07-13,25206.00,0.18,4537.00,25206.00,0.00,overdue,INR,tax invoice
AR-INV-2026-001335,INV-2026-001335,Copperleaf Electricals PVT LTD,CUST-004,2026-07-06,2026-08-20,687142.00,0.18,123686.00,687142.00,0.00,overdue,INR,tax invoice
AR-INV-2026-001336,INV-2026-001336,Ashwini Interiors & Co,CUST-019,2026-07-06,2026-08-05,812298.00,0.18,146214.00,812298.00,0.00,overdue,INR,tax invoice
AR-INV-2026-001337,INV-2026-001337,Nalanda Fab Services Private Limited,CUST-017,2026-07-06,2026-09-04,235585.00,0.18,42405.00,235585.00,0.00,overdue,INR,tax invoice
AR-INV-2026-001338,INV-2026-001338,Ashwini Cable Systems LLP,CUST-023,2026-07-06,2026-08-05,553714.00,0.18,99669.00,553714.00,0.00,overdue,INR,tax invoice
AR-INV-2026-001345,INV-2026-001345,Zenith One Logistics & Co,CUST-006,2026-07-07,2026-08-06,1504320.00,0.18,270778.00,1504320.00,0.00,overdue,INR,tax invoice
AR-INV-2026-001346,INV-2026-001346,Trinetra Piping Solutions LLP,CUST-021,2026-07-07,2026-09-05,152493.00,0.18,27449.00,152493.00,0.00,open,INR,tax invoice
AR-INV-2026-001347,INV-2026-001347,Ashwini Interiors & Co,CUST-019,2026-07-07,2026-08-06,1110927.00,0.18,199967.00,1110927.00,0.00,overdue,INR,tax invoice
AR-INV-2026-001348,INV-2026-001348,Anant Infra Staffing Private Limited,CUST-020,2026-07-07,2026-08-21,84881.00,0.18,15279.00,84881.00,0.00,overdue,INR,tax invoice short deduction
AR-INV-2026-001349,INV-2026-001349,Goldcrest Steel Traders Company,CUST-016,2026-07-07,2026-07-22,338081.00,0.18,60855.00,338081.00,0.00,overdue,INR,tax invoice
AR-INV-2026-001350,INV-2026-001350,Suryavansh Petro Chemicals & Co,CUST-030,2026-07-07,2026-08-06,947888.00,0.18,170620.00,947888.00,0.00,overdue,INR,tax invoice
AR-INV-2026-001351,INV-2026-001351,Shree Balaji Hardware Private Limited,CUST-002,2026-07-07,2026-08-21,440169.00,0.18,79230.00,440169.00,0.00,overdue,INR,tax invoice short deduction
AR-INV-2026-001353,INV-2026-001353,Anant Infra Staffing Private Limited,CUST-020,2026-07-08,2026-08-22,146498.00,0.18,26370.00,146498.00,0.00,overdue,INR,tax invoice
AR-INV-2026-001354,INV-2026-001354,Orbitex Dairy Foods PVT LTD,CUST-026,2026-07-08,2026-07-15,563959.00,0.18,101513.00,563959.00,0.00,overdue,INR,tax invoice
AR-INV-2026-001355,INV-2026-001355,Nalanda Fab Services Private Limited,CUST-017,2026-07-08,2026-09-07,192041.00,0.18,34567.00,192041.00,0.00,open,INR,tax invoice
AR-INV-2026-001365,INV-2026-001365,Orbitex Packaging Private Limited,CUST-027,2026-07-09,2026-08-24,681584.00,0.18,122685.00,681584.00,0.00,overdue,INR,tax invoice
AR-INV-2026-001366,INV-2026-001366,Orbitex Paper Mills PVT LTD,CUST-025,2026-07-09,2026-07-16,2245300.00,0.18,404154.00,2245300.00,0.00,overdue,INR,tax invoice
AR-INV-2026-001367,INV-2026-001367,Nalanda Recyclers LLP,CUST-007,2026-07-09,2026-07-24,819347.00,0.18,147482.00,819347.00,0.00,overdue,INR,tax invoice
AR-INV-2026-001368,INV-2026-001368,Saptagiri Analytics Ltd,CUST-015,2026-07-09,2026-07-16,816731.00,0.18,147012.00,816731.00,0.00,overdue,INR,tax invoice
AR-INV-2026-001369,INV-2026-001369,Everstone Water Treatment Company,CUST-009,2026-07-09,2026-09-07,309478.00,0.18,55706.00,309478.00,0.00,open,INR,tax invoice
AR-INV-2026-001370,INV-2026-001370,Trinetra Piping Solutions LLP,CUST-021,2026-07-09,2026-09-07,109029.00,0.18,19625.00,109029.00,0.00,open,INR,tax invoice
AR-INV-2026-001376,INV-2026-001376,Vedika Textiles Company,CUST-012,2026-07-10,2026-07-25,270739.00,0.18,48733.00,270739.00,0.00,overdue,INR,tax invoice short deduction
AR-INV-2026-001377,INV-2026-001377,Saptagiri Analytics Ltd,CUST-015,2026-07-10,2026-07-17,1058022.00,0.18,190444.00,1058022.00,0.00,overdue,INR,tax invoice
AR-INV-2026-001378,INV-2026-001378,Pushpa Metals Agri Inputs PVT LTD,CUST-018,2026-07-10,2026-07-17,724937.00,0.18,130489.00,724937.00,0.00,overdue,INR,tax invoice
AR-INV-2026-001379,INV-2026-001379,Copperleaf Electricals PVT LTD,CUST-004,2026-07-10,2026-08-24,548334.00,0.18,98700.00,548334.00,0.00,overdue,INR,tax invoice
AR-INV-2026-001380,INV-2026-001380,Pushpa Metals Agri Inputs PVT LTD,CUST-018,2026-07-10,2026-07-17,579498.00,0.18,104310.00,579498.00,0.00,overdue,INR,tax invoice
AR-INV-2026-001381,INV-2026-001381,Trinetra Piping Solutions LLP,CUST-021,2026-07-10,2026-09-08,247124.00,0.18,44482.00,247124.00,0.00,open,INR,tax invoice
AR-INV-2026-001382,INV-2026-001382,Trividata Roofing Products PVT LTD,CUST-011,2026-07-10,2026-08-10,1858703.00,0.18,334567.00,1858703.00,0.00,overdue,INR,tax invoice
AR-INV-2026-001383,INV-2026-001383,Suryavansh Print Solutions & Co,CUST-013,2026-07-10,2026-08-10,191446.00,0.18,34460.00,191446.00,0.00,open,INR,tax invoice
AR-INV-2026-001384,INV-2026-001384,Shree Balaji Hardware Private Limited,CUST-002,2026-07-10,2026-08-24,505544.00,0.18,90998.00,505544.00,0.00,overdue,INR,tax invoice
AR-INV-2026-001385,INV-2026-001385,Everstone Water Treatment Company,CUST-009,2026-07-10,2026-09-08,288902.00,0.18,52002.00,288902.00,0.00,open,INR,tax invoice
AR-INV-2026-001389,INV-2026-001389,Trividata Roofing Products PVT LTD,CUST-011,2026-07-11,2026-08-10,159431.00,0.18,28698.00,159431.00,0.00,overdue,INR,tax invoice
AR-INV-2026-001390,INV-2026-001390,Trividata Roofing Products PVT LTD,CUST-011,2026-07-11,2026-08-10,724721.00,0.18,130450.00,724721.00,0.00,overdue,INR,tax invoice
AR-INV-2026-001395,INV-2026-001395,Meridian Lab Supplies LLP,CUST-029,2026-07-13,2026-07-20,954485.00,0.18,171807.00,954485.00,0.00,overdue,INR,tax invoice
AR-INV-2026-001396,INV-2026-001396,Everstone Water Treatment Company,CUST-009,2026-07-13,2026-09-11,326466.00,0.18,58764.00,326466.00,0.00,open,INR,tax invoice
AR-INV-2026-001397,INV-2026-001397,Trividata Roofing Products PVT LTD,CUST-011,2026-07-13,2026-08-12,235665.00,0.18,42420.00,235665.00,0.00,overdue,INR,tax invoice
AR-INV-2026-001398,INV-2026-001398,Ashwini Interiors & Co,CUST-019,2026-07-13,2026-08-12,643575.00,0.18,115843.00,643575.00,0.00,overdue,INR,tax invoice
AR-INV-2026-001399,INV-2026-001399,Everstone Water Treatment Company,CUST-009,2026-07-13,2026-09-11,410564.00,0.18,73902.00,410564.00,0.00,open,INR,tax invoice
AR-INV-2026-001400,INV-2026-001400,Trividata Roofing Products PVT LTD,CUST-011,2026-07-13,2026-08-12,518899.00,0.18,93402.00,518899.00,0.00,overdue,INR,tax invoice
AR-INV-2026-001401,INV-2026-001401,Zenith One Logistics & Co,CUST-006,2026-07-13,2026-08-12,216648.00,0.18,38997.00,216648.00,0.00,overdue,INR,tax invoice
AR-INV-2026-001402,INV-2026-001402,Orbitex Packaging Private Limited,CUST-027,2026-07-13,2026-08-27,3024795.00,0.18,544463.00,3024795.00,0.00,overdue,INR,tax invoice
AR-INV-2026-001403,INV-2026-001403,Saptagiri Analytics Ltd,CUST-015,2026-07-13,2026-07-20,1114756.00,0.18,200656.00,1114756.00,0.00,overdue,INR,tax invoice
AR-INV-2026-001404,INV-2026-001404,Shree Balaji Hardware Private Limited,CUST-002,2026-07-13,2026-08-27,314115.00,0.18,56541.00,314115.00,0.00,overdue,INR,tax invoice
AR-INV-2026-001405,INV-2026-001405,Suryavansh Print Solutions & Co,CUST-013,2026-07-13,2026-08-12,346832.00,0.18,62430.00,346832.00,0.00,open,INR,tax invoice
AR-INV-2026-001412,INV-2026-001412,Shree Balaji Machine Parts & Co,CUST-003,2026-07-14,2026-09-12,267159.00,0.18,48089.00,267159.00,0.00,open,INR,tax invoice
AR-INV-2026-001413,INV-2026-001413,Goldcrest Security Systems & Co,CUST-024,2026-07-14,2026-09-12,953178.00,0.18,171572.00,953178.00,0.00,open,INR,tax invoice
AR-INV-2026-001414,INV-2026-001414,Everstone Water Treatment Company,CUST-009,2026-07-14,2026-09-12,159147.00,0.18,28646.00,159147.00,0.00,open,INR,tax invoice
AR-INV-2026-001415,INV-2026-001415,Pushpa Metals Agri Inputs PVT LTD,CUST-018,2026-07-14,2026-07-21,192554.00,0.18,34660.00,192554.00,0.00,overdue,INR,tax invoice
AR-INV-2026-001416,INV-2026-001416,Goldcrest Warehousing Private Limited,CUST-010,2026-07-14,2026-07-21,201234.00,0.18,36222.00,201234.00,0.00,overdue,INR,tax invoice short deduction
AR-INV-2026-001417,INV-2026-001417,Everstone Water Treatment Company,CUST-009,2026-07-14,2026-09-12,580271.00,0.18,104449.00,580271.00,0.00,open,INR,tax invoice
AR-INV-2026-001418,INV-2026-001418,Nalanda Fab Services Private Limited,CUST-017,2026-07-14,2026-09-12,297880.00,0.18,53618.00,297880.00,0.00,open,INR,tax invoice
AR-INV-2026-001419,INV-2026-001419,Goldcrest Security Systems & Co,CUST-024,2026-07-14,2026-09-12,1031730.00,0.18,185711.00,1031730.00,0.00,open,INR,tax invoice
AR-INV-2026-001427,INV-2026-001427,Trividata Roofing Products PVT LTD,CUST-011,2026-07-15,2026-08-14,1249899.00,0.18,224982.00,1249899.00,0.00,overdue,INR,tax invoice
AR-INV-2026-001428,INV-2026-001428,Anant Infra Conveyances PVT LTD,CUST-005,2026-07-15,2026-08-14,317324.00,0.18,57118.00,317324.00,0.00,overdue,INR,tax invoice
AR-INV-2026-001429,INV-2026-001429,Nalanda Recyclers LLP,CUST-007,2026-07-15,2026-07-30,392348.00,0.18,70623.00,392348.00,0.00,overdue,INR,tax invoice
AR-INV-2026-001430,INV-2026-001430,Vedika Facility Management & Co,CUST-028,2026-07-15,2026-08-29,406176.00,0.18,73112.00,406176.00,0.00,overdue,INR,tax invoice
AR-INV-2026-001431,INV-2026-001431,Suryavansh Catering Services Company,CUST-014,2026-07-15,2026-08-14,162796.00,0.18,29303.00,162796.00,0.00,overdue,INR,tax invoice
AR-INV-2026-001432,INV-2026-001432,Ashwini Cold Chain Ltd,CUST-022,2026-07-15,2026-08-14,640097.00,0.18,115217.00,640097.00,0.00,overdue,INR,tax invoice short deduction
AR-INV-2026-001433,INV-2026-001433,Pushpa Metals Agri Inputs PVT LTD,CUST-018,2026-07-15,2026-07-22,628499.00,0.18,113130.00,628499.00,0.00,overdue,INR,tax invoice
AR-INV-2026-001440,INV-2026-001440,Goldcrest Security Systems & Co,CUST-024,2026-07-16,2026-09-14,259749.00,0.18,46755.00,259749.00,0.00,open,INR,tax invoice
AR-INV-2026-001441,INV-2026-001441,Orbitex Paper Mills PVT LTD,CUST-025,2026-07-16,2026-07-23,724444.00,0.18,130400.00,724444.00,0.00,open,INR,tax invoice
AR-INV-2026-001442,INV-2026-001442,Vedika Textiles Company,CUST-012,2026-07-16,2026-07-31,440772.00,0.18,79339.00,440772.00,0.00,overdue,INR,tax invoice
AR-INV-2026-001443,INV-2026-001443,Trinetra Piping Solutions LLP,CUST-021,2026-07-16,2026-09-14,75154.00,0.18,13528.00,75154.00,0.00,open,INR,tax invoice
AR-INV-2026-001444,INV-2026-001444,Vedika Textiles Company,CUST-012,2026-07-16,2026-07-31,738222.00,0.18,132880.00,738222.00,0.00,overdue,INR,tax invoice short deduction
AR-INV-2026-001445,INV-2026-001445,Shree Balaji Machine Parts & Co,CUST-003,2026-07-16,2026-09-14,85880.00,0.18,15458.00,85880.00,0.00,open,INR,tax invoice
AR-INV-2026-001452,INV-2026-001452,Anant Infra Conveyances PVT LTD,CUST-005,2026-07-17,2026-08-17,294003.00,0.18,52921.00,294003.00,0.00,overdue,INR,tax invoice
AR-INV-2026-001453,INV-2026-001453,Vedika Textiles Company,CUST-012,2026-07-17,2026-08-01,470978.00,0.18,84776.00,470978.00,0.00,overdue,INR,tax invoice
AR-INV-2026-001454,INV-2026-001454,Nalanda Fab Services Private Limited,CUST-017,2026-07-17,2026-09-15,139341.00,0.18,25081.00,139341.00,0.00,open,INR,tax invoice
AR-INV-2026-001455,INV-2026-001455,Orbitex Packaging Private Limited,CUST-027,2026-07-17,2026-08-31,923888.00,0.18,166300.00,923888.00,0.00,overdue,INR,tax invoice
AR-INV-2026-001456,INV-2026-001456,Anant Infra Staffing Private Limited,CUST-020,2026-07-17,2026-08-31,991187.00,0.18,178414.00,991187.00,0.00,overdue,INR,tax invoice
AR-INV-2026-001457,INV-2026-001457,Goldcrest Steel Traders Company,CUST-016,2026-07-17,2026-08-01,1302689.00,0.18,234484.00,1302689.00,0.00,overdue,INR,tax invoice
AR-INV-2026-001458,INV-2026-001458,Goldcrest Steel Traders Company,CUST-016,2026-07-17,2026-08-01,211153.00,0.18,38008.00,211153.00,0.00,overdue,INR,tax invoice
AR-INV-2026-001459,INV-2026-001459,Pushpa Metals Agri Inputs PVT LTD,CUST-018,2026-07-17,2026-07-24,64770.00,0.18,11659.00,64770.00,0.00,overdue,INR,tax invoice short deduction
AR-INV-2026-001466,INV-2026-001466,Trinetra Piping Solutions LLP,CUST-021,2026-07-18,2026-09-16,362232.00,0.18,65202.00,362232.00,0.00,open,INR,tax invoice
AR-INV-2026-001467,INV-2026-001467,Shree Balaji Machine Parts & Co,CUST-003,2026-07-18,2026-09-16,87571.00,0.18,15763.00,87571.00,0.00,open,INR,tax invoice
AR-INV-2026-001468,INV-2026-001468,Ashwini Solar EPC PVT LTD,CUST-008,2026-07-18,2026-09-01,1432891.00,0.18,257920.00,1432891.00,0.00,overdue,INR,tax invoice
AR-INV-2026-001474,INV-2026-001474,Anant Infra Conveyances PVT LTD,CUST-005,2026-07-19,2026-08-18,139625.00,0.18,25132.00,139625.00,0.00,overdue,INR,tax invoice
AR-INV-2026-001475,INV-2026-001475,Goldcrest Steel Traders Company,CUST-016,2026-07-20,2026-08-04,952720.00,0.18,171490.00,952720.00,0.00,overdue,INR,tax invoice
AR-INV-2026-001476,INV-2026-001476,Sahyadri Polymers PVT LTD,CUST-001,2026-07-20,2026-09-03,66552.00,0.18,11979.00,66552.00,0.00,overdue,INR,tax invoice
AR-INV-2026-001477,INV-2026-001477,Anant Infra Staffing Private Limited,CUST-020,2026-07-20,2026-09-03,634979.00,0.18,114296.00,634979.00,0.00,overdue,INR,tax invoice
AR-INV-2026-001478,INV-2026-001478,Suryavansh Petro Chemicals & Co,CUST-030,2026-07-20,2026-08-19,555702.00,0.18,100026.00,555702.00,0.00,overdue,INR,tax invoice
AR-INV-2026-001479,INV-2026-001479,Ashwini Cold Chain Ltd,CUST-022,2026-07-20,2026-08-19,890659.00,0.18,160319.00,890659.00,0.00,overdue,INR,tax invoice
AR-INV-2026-001480,INV-2026-001480,Sahyadri Polymers PVT LTD,CUST-001,2026-07-20,2026-09-03,260812.00,0.18,46946.00,260812.00,0.00,overdue,INR,tax invoice
AR-INV-2026-001481,INV-2026-001481,Ashwini Solar EPC PVT LTD,CUST-008,2026-07-20,2026-09-03,6000000.00,0.18,1080000.00,6000000.00,0.00,overdue,INR,tax invoice
AR-INV-2026-001482,INV-2026-001482,Suryavansh Print Solutions & Co,CUST-013,2026-07-20,2026-08-19,547067.00,0.18,98472.00,547067.00,0.00,open,INR,tax invoice
AR-INV-2026-001483,INV-2026-001483,Anant Infra Staffing Private Limited,CUST-020,2026-07-20,2026-09-03,165522.00,0.18,29794.00,165522.00,0.00,overdue,INR,tax invoice
AR-INV-2026-001484,INV-2026-001484,Orbitex Dairy Foods PVT LTD,CUST-026,2026-07-20,2026-07-27,407315.00,0.18,73317.00,407315.00,0.00,overdue,INR,tax invoice
AR-INV-2026-001488,INV-2026-001488,Trividata Roofing Products PVT LTD,CUST-011,2026-07-21,2026-08-20,525462.00,0.18,94583.00,525462.00,0.00,overdue,INR,tax invoice
AR-INV-2026-001489,INV-2026-001489,Shree Balaji Hardware Private Limited,CUST-002,2026-07-21,2026-09-04,918576.00,0.18,165344.00,918576.00,0.00,overdue,INR,tax invoice
AR-INV-2026-001490,INV-2026-001490,Suryavansh Print Solutions & Co,CUST-013,2026-07-21,2026-08-20,113210.00,0.18,20378.00,113210.00,0.00,open,INR,tax invoice
AR-INV-2026-001491,INV-2026-001491,Pushpa Metals Agri Inputs PVT LTD,CUST-018,2026-07-21,2026-07-28,322755.00,0.18,58096.00,322755.00,0.00,overdue,INR,tax invoice
AR-INV-2026-001492,INV-2026-001492,Vedika Facility Management & Co,CUST-028,2026-07-21,2026-09-04,1244312.00,0.18,223976.00,1244312.00,0.00,overdue,INR,tax invoice
AR-INV-2026-001493,INV-2026-001493,Trividata Roofing Products PVT LTD,CUST-011,2026-07-21,2026-08-20,148810.00,0.18,26786.00,148810.00,0.00,overdue,INR,tax invoice
AR-INV-2026-001494,INV-2026-001494,Saptagiri Analytics Ltd,CUST-015,2026-07-21,2026-07-28,790508.00,0.18,142291.00,790508.00,0.00,overdue,INR,tax invoice
AR-INV-2026-001495,INV-2026-001495,Vedika Textiles Company,CUST-012,2026-07-21,2026-08-05,304388.00,0.18,54790.00,304388.00,0.00,overdue,INR,tax invoice
AR-INV-2026-001496,INV-2026-001496,Sahyadri Polymers PVT LTD,CUST-001,2026-07-21,2026-09-04,455593.00,0.18,82007.00,455593.00,0.00,overdue,INR,tax invoice
AR-INV-2026-001497,INV-2026-001497,Meridian Lab Supplies LLP,CUST-029,2026-07-21,2026-07-28,969809.00,0.18,174566.00,969809.00,0.00,overdue,INR,tax invoice
AR-INV-2026-001507,INV-2026-001507,Anant Infra Staffing Private Limited,CUST-020,2026-07-22,2026-09-05,486356.00,0.18,87544.00,486356.00,0.00,open,INR,tax invoice
AR-INV-2026-001508,INV-2026-001508,Goldcrest Security Systems & Co,CUST-024,2026-07-22,2026-09-21,988108.00,0.18,177859.00,988108.00,0.00,open,INR,tax invoice
AR-INV-2026-001509,INV-2026-001509,Orbitex Packaging Private Limited,CUST-027,2026-07-22,2026-09-05,1161269.00,0.18,209028.00,1161269.00,0.00,open,INR,tax invoice
AR-INV-2026-001510,INV-2026-001510,Trinetra Piping Solutions LLP,CUST-021,2026-07-22,2026-09-21,757784.00,0.18,136401.00,757784.00,0.00,open,INR,tax invoice
AR-INV-2026-001518,INV-2026-001518,Goldcrest Security Systems & Co,CUST-024,2026-07-23,2026-09-21,1112262.00,0.18,200207.00,1112262.00,0.00,open,INR,tax invoice
AR-INV-2026-001519,INV-2026-001519,Vedika Textiles Company,CUST-012,2026-07-23,2026-08-07,381025.00,0.18,68584.00,381025.00,0.00,overdue,INR,tax invoice
AR-INV-2026-001520,INV-2026-001520,Ashwini Cable Systems LLP,CUST-023,2026-07-23,2026-08-22,276057.00,0.18,49690.00,276057.00,0.00,overdue,INR,tax invoice
AR-INV-2026-001521,INV-2026-001521,Saptagiri Analytics Ltd,CUST-015,2026-07-23,2026-07-30,929035.00,0.18,167226.00,929035.00,0.00,overdue,INR,tax invoice
AR-INV-2026-001522,INV-2026-001522,Shree Balaji Hardware Private Limited,CUST-002,2026-07-23,2026-09-07,649969.00,0.18,116994.00,649969.00,0.00,open,INR,tax invoice
AR-INV-2026-001523,INV-2026-001523,Goldcrest Warehousing Private Limited,CUST-010,2026-07-23,2026-07-30,143577.00,0.18,25844.00,143577.00,0.00,overdue,INR,tax invoice short deduction
AR-INV-2026-001524,INV-2026-001524,Suryavansh Catering Services Company,CUST-014,2026-07-23,2026-08-22,120801.00,0.18,21744.00,120801.00,0.00,overdue,INR,tax invoice
AR-INV-2026-001525,INV-2026-001525,Goldcrest Steel Traders Company,CUST-016,2026-07-23,2026-08-07,532420.00,0.18,95836.00,532420.00,0.00,overdue,INR,tax invoice
AR-INV-2026-001526,INV-2026-001526,Orbitex Paper Mills PVT LTD,CUST-025,2026-07-23,2026-07-30,1046804.00,0.18,188425.00,1046804.00,0.00,open,INR,tax invoice
AR-INV-2026-001527,INV-2026-001527,Sahyadri Polymers PVT LTD,CUST-001,2026-07-23,2026-09-07,789271.00,0.18,142069.00,789271.00,0.00,open,INR,tax invoice
AR-INV-2026-001534,INV-2026-001534,Sahyadri Polymers PVT LTD,CUST-001,2026-07-24,2026-09-07,65101.00,0.18,11718.00,65101.00,0.00,open,INR,tax invoice
AR-INV-2026-001535,INV-2026-001535,Vedika Facility Management & Co,CUST-028,2026-07-24,2026-09-07,584374.00,0.18,105187.00,584374.00,0.00,open,INR,tax invoice short deduction
AR-INV-2026-001536,INV-2026-001536,Meridian Lab Supplies LLP,CUST-029,2026-07-24,2026-07-31,1074512.00,0.18,193412.00,1074512.00,0.00,overdue,INR,tax invoice
AR-INV-2026-001537,INV-2026-001537,Suryavansh Print Solutions & Co,CUST-013,2026-07-24,2026-08-24,75581.00,0.18,13605.00,75581.00,0.00,open,INR,tax invoice
AR-INV-2026-001538,INV-2026-001538,Pushpa Metals Agri Inputs PVT LTD,CUST-018,2026-07-24,2026-07-31,110013.00,0.18,19802.00,110013.00,0.00,overdue,INR,tax invoice
AR-INV-2026-001539,INV-2026-001539,Ashwini Interiors & Co,CUST-019,2026-07-24,2026-08-24,1008580.00,0.18,181544.00,1008580.00,0.00,overdue,INR,tax invoice
AR-INV-2026-001540,INV-2026-001540,Pushpa Metals Agri Inputs PVT LTD,CUST-018,2026-07-24,2026-07-31,292223.00,0.18,52600.00,292223.00,0.00,overdue,INR,tax invoice
AR-INV-2026-001541,INV-2026-001541,Shree Balaji Hardware Private Limited,CUST-002,2026-07-24,2026-09-07,1315874.00,0.18,236857.00,1315874.00,0.00,open,INR,tax invoice
AR-INV-2026-001542,INV-2026-001542,Orbitex Paper Mills PVT LTD,CUST-025,2026-07-24,2026-07-31,1120334.00,0.18,201660.00,1120334.00,0.00,open,INR,tax invoice
AR-INV-2026-001543,INV-2026-001543,Anant Infra Staffing Private Limited,CUST-020,2026-07-24,2026-09-07,324165.00,0.18,58350.00,324165.00,0.00,open,INR,tax invoice
AR-INV-2026-001544,INV-2026-001544,Trinetra Piping Solutions LLP,CUST-021,2026-07-24,2026-09-22,137094.00,0.18,24677.00,137094.00,0.00,open,INR,tax invoice
AR-INV-2026-001552,INV-2026-001552,Suryavansh Print Solutions & Co,CUST-013,2026-07-25,2026-08-24,119945.00,0.18,21590.00,119945.00,0.00,open,INR,tax invoice
AR-INV-2026-001553,INV-2026-001553,Goldcrest Security Systems & Co,CUST-024,2026-07-25,2026-09-23,704647.00,0.18,126836.00,704647.00,0.00,open,INR,tax invoice
AR-INV-2026-001556,INV-2026-001556,Copperleaf Electricals PVT LTD,CUST-004,2026-07-26,2026-09-09,403198.00,0.18,72576.00,403198.00,0.00,open,INR,tax invoice
AR-INV-2026-001559,INV-2026-001559,Meridian Lab Supplies LLP,CUST-029,2026-07-27,2026-08-03,454602.00,0.18,81828.00,454602.00,0.00,overdue,INR,tax invoice short deduction
AR-INV-2026-001560,INV-2026-001560,Ashwini Solar EPC PVT LTD,CUST-008,2026-07-27,2026-09-10,566584.00,0.18,101985.00,566584.00,0.00,open,INR,tax invoice
AR-INV-2026-001561,INV-2026-001561,Nalanda Recyclers LLP,CUST-007,2026-07-27,2026-08-11,369105.00,0.18,66439.00,369105.00,0.00,overdue,INR,tax invoice
AR-INV-2026-001562,INV-2026-001562,Ashwini Cable Systems LLP,CUST-023,2026-07-27,2026-08-26,126731.00,0.18,22812.00,126731.00,0.00,overdue,INR,tax invoice
AR-INV-2026-001563,INV-2026-001563,Copperleaf Electricals PVT LTD,CUST-004,2026-07-27,2026-09-10,509637.00,0.18,91735.00,509637.00,0.00,open,INR,tax invoice
AR-INV-2026-001564,INV-2026-001564,Orbitex Paper Mills PVT LTD,CUST-025,2026-07-27,2026-08-03,2520096.00,0.18,453617.00,2520096.00,0.00,overdue,INR,tax invoice short deduction
AR-INV-2026-001569,INV-2026-001569,Ashwini Solar EPC PVT LTD,CUST-008,2026-07-28,2026-09-11,947186.00,0.18,170493.00,947186.00,0.00,open,INR,tax invoice
AR-INV-2026-001570,INV-2026-001570,Goldcrest Security Systems & Co,CUST-024,2026-07-28,2026-09-26,697629.00,0.18,125573.00,697629.00,0.00,open,INR,tax invoice
AR-INV-2026-001571,INV-2026-001571,Vedika Textiles Company,CUST-012,2026-07-28,2026-08-12,229522.00,0.18,41314.00,229522.00,0.00,overdue,INR,tax invoice
AR-INV-2026-001572,INV-2026-001572,Saptagiri Analytics Ltd,CUST-015,2026-07-28,2026-08-04,831684.00,0.18,149703.00,831684.00,0.00,overdue,INR,tax invoice
AR-INV-2026-001577,INV-2026-001577,Ashwini Interiors & Co,CUST-019,2026-07-29,2026-08-28,512368.00,0.18,92226.00,512368.00,0.00,overdue,INR,tax invoice
AR-INV-2026-001578,INV-2026-001578,Nalanda Fab Services Private Limited,CUST-017,2026-07-29,2026-09-28,193555.00,0.18,34840.00,193555.00,0.00,open,INR,tax invoice
AR-INV-2026-001579,INV-2026-001579,Vedika Facility Management & Co,CUST-028,2026-07-29,2026-09-12,1481785.00,0.18,266721.00,1481785.00,0.00,open,INR,tax invoice
AR-INV-2026-001580,INV-2026-001580,Goldcrest Warehousing Private Limited,CUST-010,2026-07-29,2026-08-05,347345.00,0.18,62522.00,347345.00,0.00,overdue,INR,tax invoice
AR-INV-2026-001581,INV-2026-001581,Zenith One Logistics & Co,CUST-006,2026-07-29,2026-08-28,160995.00,0.18,28979.00,160995.00,0.00,overdue,INR,tax invoice
AR-INV-2026-001582,INV-2026-001582,Ashwini Interiors & Co,CUST-019,2026-07-29,2026-08-28,705830.00,0.18,127049.00,705830.00,0.00,overdue,INR,tax invoice
AR-INV-2026-001583,INV-2026-001583,Suryavansh Print Solutions & Co,CUST-013,2026-07-29,2026-08-28,386644.00,0.18,69596.00,386644.00,0.00,overdue,INR,tax invoice
AR-INV-2026-001584,INV-2026-001584,Zenith One Logistics & Co,CUST-006,2026-07-29,2026-08-28,130514.00,0.18,23493.00,130514.00,0.00,overdue,INR,tax invoice
AR-INV-2026-001585,INV-2026-001585,Nalanda Recyclers LLP,CUST-007,2026-07-29,2026-08-13,941946.00,0.18,169550.00,941946.00,0.00,overdue,INR,tax invoice
AR-INV-2026-001593,INV-2026-001593,Zenith One Logistics & Co,CUST-006,2026-07-30,2026-08-29,230865.00,0.18,41556.00,230865.00,0.00,overdue,INR,tax invoice
AR-INV-2026-001594,INV-2026-001594,Trinetra Piping Solutions LLP,CUST-021,2026-07-30,2026-09-28,482417.00,0.18,86835.00,482417.00,0.00,open,INR,tax invoice
AR-INV-2026-001595,INV-2026-001595,Vedika Textiles Company,CUST-012,2026-07-30,2026-08-14,102123.00,0.18,18382.00,102123.00,0.00,overdue,INR,tax invoice
AR-INV-2026-001596,INV-2026-001596,Copperleaf Electricals PVT LTD,CUST-004,2026-07-30,2026-09-14,571014.00,0.18,102783.00,571014.00,0.00,open,INR,tax invoice
AR-INV-2026-001597,INV-2026-001597,Anant Infra Conveyances PVT LTD,CUST-005,2026-07-30,2026-08-29,143995.00,0.18,25919.00,143995.00,0.00,overdue,INR,tax invoice
AR-INV-2026-001598,INV-2026-001598,Zenith One Logistics & Co,CUST-006,2026-07-30,2026-08-29,112028.00,0.18,20165.00,112028.00,0.00,overdue,INR,tax invoice
AR-INV-2026-001599,INV-2026-001599,Trividata Roofing Products PVT LTD,CUST-011,2026-07-30,2026-08-29,306051.00,0.18,55089.00,306051.00,0.00,overdue,INR,tax invoice
AR-INV-2026-001600,INV-2026-001600,Trinetra Piping Solutions LLP,CUST-021,2026-07-30,2026-09-28,120526.00,0.18,21695.00,120526.00,0.00,open,INR,tax invoice
AR-INV-2026-001606,INV-2026-001606,Ashwini Cable Systems LLP,CUST-023,2026-07-31,2026-08-31,272938.00,0.18,49129.00,272938.00,0.00,overdue,INR,tax invoice
AR-INV-2026-001607,INV-2026-001607,Shree Balaji Machine Parts & Co,CUST-003,2026-07-31,2026-09-29,88106.00,0.18,15859.00,88106.00,0.00,open,INR,tax invoice
AR-INV-2026-001608,INV-2026-001608,Goldcrest Security Systems & Co,CUST-024,2026-07-31,2026-09-29,1725843.00,0.18,310652.00,1725843.00,0.00,open,INR,tax invoice
AR-INV-2026-001609,INV-2026-001609,Ashwini Solar EPC PVT LTD,CUST-008,2026-07-31,2026-09-14,1205024.00,0.18,216904.00,1205024.00,0.00,open,INR,tax invoice
AR-INV-2026-001610,INV-2026-001610,Ashwini Cable Systems LLP,CUST-023,2026-07-31,2026-08-31,271711.00,0.18,48908.00,271711.00,0.00,overdue,INR,tax invoice
AR-INV-2026-001611,INV-2026-001611,Ashwini Cable Systems LLP,CUST-023,2026-07-31,2026-08-31,295461.00,0.18,53183.00,295461.00,0.00,overdue,INR,tax invoice
AR-INV-2026-001612,INV-2026-001612,Trividata Roofing Products PVT LTD,CUST-011,2026-07-31,2026-08-31,378388.00,0.18,68110.00,378388.00,0.00,overdue,INR,tax invoice
AR-INV-2026-001617,INV-2026-001617,Anant Infra Conveyances PVT LTD,CUST-005,2026-08-01,2026-08-31,119052.00,0.18,21429.00,119052.00,0.00,overdue,INR,tax invoice
AR-INV-2026-001618,INV-2026-001618,Meridian Lab Supplies LLP,CUST-029,2026-08-01,2026-08-08,609001.00,0.18,109620.00,609001.00,0.00,overdue,INR,tax invoice
AR-INV-2026-001619,INV-2026-001619,Ashwini Solar EPC PVT LTD,CUST-008,2026-08-01,2026-09-15,1127630.00,0.18,202973.00,1127630.00,0.00,open,INR,tax invoice
AR-INV-2026-001620,INV-2026-001620,Everstone Water Treatment Company,CUST-009,2026-08-01,2026-09-30,526903.00,0.18,94843.00,526903.00,0.00,open,INR,tax invoice
AR-INV-2026-001628,INV-2026-001628,Orbitex Dairy Foods PVT LTD,CUST-026,2026-08-03,2026-08-10,672885.00,0.18,121119.00,672885.00,0.00,overdue,INR,tax invoice
AR-INV-2026-001629,INV-2026-001629,Meridian Lab Supplies LLP,CUST-029,2026-08-03,2026-08-10,712388.00,0.18,128230.00,712388.00,0.00,overdue,INR,tax invoice
AR-INV-2026-001630,INV-2026-001630,Vedika Textiles Company,CUST-012,2026-08-03,2026-08-18,156596.00,0.18,28187.00,156596.00,0.00,overdue,INR,tax invoice
AR-INV-2026-001631,INV-2026-001631,Everstone Water Treatment Company,CUST-009,2026-08-03,2026-10-03,262877.00,0.18,47318.00,262877.00,0.00,open,INR,tax invoice
AR-INV-2026-001632,INV-2026-001632,Zenith One Logistics & Co,CUST-006,2026-08-03,2026-09-02,347614.00,0.18,62571.00,347614.00,0.00,overdue,INR,tax invoice
AR-INV-2026-001635,INV-2026-001635,Nalanda Fab Services Private Limited,CUST-017,2026-08-04,2026-10-03,95045.00,0.18,17108.00,95045.00,0.00,open,INR,tax invoice
AR-INV-2026-001636,INV-2026-001636,Suryavansh Catering Services Company,CUST-014,2026-08-04,2026-09-03,596598.00,0.18,107388.00,596598.00,0.00,overdue,INR,tax invoice
AR-INV-2026-001637,INV-2026-001637,Suryavansh Catering Services Company,CUST-014,2026-08-04,2026-09-03,943114.00,0.18,169761.00,943114.00,0.00,overdue,INR,tax invoice
AR-INV-2026-001638,INV-2026-001638,Nalanda Recyclers LLP,CUST-007,2026-08-04,2026-08-19,388152.00,0.18,69867.00,388152.00,0.00,overdue,INR,tax invoice
AR-INV-2026-001639,INV-2026-001639,Orbitex Packaging Private Limited,CUST-027,2026-08-04,2026-09-18,624533.00,0.18,112416.00,624533.00,0.00,open,INR,tax invoice
AR-INV-2026-001640,INV-2026-001640,Ashwini Interiors & Co,CUST-019,2026-08-04,2026-09-03,286360.00,0.18,51545.00,286360.00,0.00,overdue,INR,tax invoice
AR-INV-2026-001643,INV-2026-001643,Vedika Facility Management & Co,CUST-028,2026-08-05,2026-09-19,238299.00,0.18,42894.00,238299.00,0.00,open,INR,tax invoice short deduction
AR-INV-2026-001644,INV-2026-001644,Ashwini Interiors & Co,CUST-019,2026-08-05,2026-09-04,487576.00,0.18,87764.00,487576.00,0.00,overdue,INR,tax invoice
AR-INV-2026-001645,INV-2026-001645,Ashwini Solar EPC PVT LTD,CUST-008,2026-08-05,2026-09-19,1580951.00,0.18,284571.00,1580951.00,0.00,open,INR,tax invoice
AR-INV-2026-001646,INV-2026-001646,Meridian Lab Supplies LLP,CUST-029,2026-08-05,2026-08-12,1454278.00,0.18,261770.00,1454278.00,0.00,overdue,INR,tax invoice
AR-INV-2026-001647,INV-2026-001647,Sahyadri Polymers PVT LTD,CUST-001,2026-08-05,2026-09-19,604989.00,0.18,108898.00,604989.00,0.00,open,INR,tax invoice
AR-INV-2026-001648,INV-2026-001648,Pushpa Metals Agri Inputs PVT LTD,CUST-018,2026-08-05,2026-08-12,904149.00,0.18,162747.00,904149.00,0.00,overdue,INR,tax invoice
AR-INV-2026-001649,INV-2026-001649,Goldcrest Security Systems & Co,CUST-024,2026-08-05,2026-10-05,1747833.00,0.18,314610.00,1747833.00,0.00,open,INR,tax invoice
AR-INV-2026-001650,INV-2026-001650,Saptagiri Analytics Ltd,CUST-015,2026-08-05,2026-08-12,835538.00,0.18,150397.00,835538.00,0.00,overdue,INR,tax invoice
AR-INV-2026-001651,INV-2026-001651,Ashwini Interiors & Co,CUST-019,2026-08-05,2026-09-04,541842.00,0.18,97532.00,541842.00,0.00,overdue,INR,tax invoice
AR-INV-2026-001656,INV-2026-001656,Anant Infra Staffing Private Limited,CUST-020,2026-08-06,2026-09-21,202243.00,0.18,36404.00,202243.00,0.00,open,INR,tax invoice short deduction
AR-INV-2026-001657,INV-2026-001657,Suryavansh Print Solutions & Co,CUST-013,2026-08-06,2026-09-05,182639.00,0.18,32875.00,182639.00,0.00,open,INR,tax invoice
AR-INV-2026-001658,INV-2026-001658,Ashwini Solar EPC PVT LTD,CUST-008,2026-08-06,2026-09-21,1306782.00,0.18,235221.00,1306782.00,0.00,open,INR,tax invoice
AR-INV-2026-001659,INV-2026-001659,Nalanda Fab Services Private Limited,CUST-017,2026-08-06,2026-10-05,351555.00,0.18,63280.00,351555.00,0.00,open,INR,tax invoice
AR-INV-2026-001660,INV-2026-001660,Anant Infra Conveyances PVT LTD,CUST-005,2026-08-06,2026-09-05,94512.00,0.18,17012.00,94512.00,0.00,open,INR,tax invoice
AR-INV-2026-001661,INV-2026-001661,Suryavansh Catering Services Company,CUST-014,2026-08-06,2026-09-05,1014640.00,0.18,182635.00,1014640.00,0.00,open,INR,tax invoice
AR-INV-2026-001662,INV-2026-001662,Trividata Roofing Products PVT LTD,CUST-011,2026-08-06,2026-09-05,420439.00,0.18,75679.00,420439.00,0.00,open,INR,tax invoice
AR-INV-2026-001668,INV-2026-001668,Suryavansh Catering Services Company,CUST-014,2026-08-07,2026-09-07,565588.00,0.18,101806.00,565588.00,0.00,open,INR,tax invoice
AR-INV-2026-001669,INV-2026-001669,Ashwini Cold Chain Ltd,CUST-022,2026-08-07,2026-09-07,396385.00,0.18,71349.00,396385.00,0.00,open,INR,tax invoice
AR-INV-2026-001670,INV-2026-001670,Ashwini Cable Systems LLP,CUST-023,2026-08-07,2026-09-07,964871.00,0.18,173677.00,964871.00,0.00,open,INR,tax invoice
AR-INV-2026-001671,INV-2026-001671,Shree Balaji Hardware Private Limited,CUST-002,2026-08-07,2026-09-21,1583641.00,0.18,285055.00,1583641.00,0.00,open,INR,tax invoice
AR-INV-2026-001672,INV-2026-001672,Ashwini Interiors & Co,CUST-019,2026-08-07,2026-09-07,449783.00,0.18,80961.00,449783.00,0.00,open,INR,tax invoice
AR-INV-2026-001673,INV-2026-001673,Trinetra Piping Solutions LLP,CUST-021,2026-08-07,2026-10-06,81444.00,0.18,14660.00,81444.00,0.00,open,INR,tax invoice
AR-INV-2026-001674,INV-2026-001674,Saptagiri Analytics Ltd,CUST-015,2026-08-07,2026-08-14,255735.00,0.18,46032.00,255735.00,0.00,overdue,INR,tax invoice
AR-INV-2026-001675,INV-2026-001675,Shree Balaji Hardware Private Limited,CUST-002,2026-08-07,2026-09-21,2013480.00,0.18,362426.00,2013480.00,0.00,open,INR,tax invoice
AR-INV-2026-001676,INV-2026-001676,Ashwini Solar EPC PVT LTD,CUST-008,2026-08-07,2026-09-21,767681.00,0.18,138183.00,767681.00,0.00,open,INR,tax invoice
AR-INV-2026-001677,INV-2026-001677,Nalanda Recyclers LLP,CUST-007,2026-08-07,2026-08-22,1167942.00,0.18,210230.00,1167942.00,0.00,overdue,INR,tax invoice
AR-INV-2026-001678,INV-2026-001678,Meridian Lab Supplies LLP,CUST-029,2026-08-07,2026-08-14,856649.00,0.18,154197.00,856649.00,0.00,overdue,INR,tax invoice short deduction
AR-INV-2026-001685,INV-2026-001685,Suryavansh Print Solutions & Co,CUST-013,2026-08-08,2026-09-07,359255.00,0.18,64666.00,359255.00,0.00,open,INR,tax invoice
AR-INV-2026-001686,INV-2026-001686,Vedika Textiles Company,CUST-012,2026-08-08,2026-08-24,186634.00,0.18,33594.00,186634.00,0.00,overdue,INR,tax invoice
AR-INV-2026-001691,INV-2026-001691,Anant Infra Staffing Private Limited,CUST-020,2026-08-10,2026-09-24,917677.00,0.18,165182.00,917677.00,0.00,open,INR,tax invoice
AR-INV-2026-001692,INV-2026-001692,Vedika Facility Management & Co,CUST-028,2026-08-10,2026-09-24,627725.00,0.18,112990.00,627725.00,0.00,open,INR,tax invoice
AR-INV-2026-001693,INV-2026-001693,Vedika Textiles Company,CUST-012,2026-08-10,2026-08-25,327188.00,0.18,58894.00,327188.00,0.00,overdue,INR,tax invoice
AR-INV-2026-001694,INV-2026-001694,Nalanda Fab Services Private Limited,CUST-017,2026-08-10,2026-10-09,282556.00,0.18,50860.00,282556.00,0.00,open,INR,tax invoice
AR-INV-2026-001695,INV-2026-001695,Vedika Facility Management & Co,CUST-028,2026-08-10,2026-09-24,623188.00,0.18,112174.00,623188.00,0.00,open,INR,tax invoice
AR-INV-2026-001696,INV-2026-001696,Vedika Textiles Company,CUST-012,2026-08-10,2026-08-25,425000.00,0.18,76500.00,425000.00,0.00,overdue,INR,tax invoice
AR-INV-2026-001697,INV-2026-001697,Suryavansh Print Solutions & Co,CUST-013,2026-08-10,2026-09-09,231612.00,0.18,41690.00,231612.00,0.00,open,INR,tax invoice
AR-INV-2026-001698,INV-2026-001698,Nalanda Fab Services Private Limited,CUST-017,2026-08-10,2026-10-09,147497.00,0.18,26549.00,147497.00,0.00,open,INR,tax invoice
AR-INV-2026-001699,INV-2026-001699,Saptagiri Analytics Ltd,CUST-015,2026-08-10,2026-08-17,949901.00,0.18,170982.00,949901.00,0.00,overdue,INR,tax invoice
AR-INV-2026-001700,INV-2026-001700,Copperleaf Electricals PVT LTD,CUST-004,2026-08-10,2026-09-24,390231.00,0.18,70242.00,390231.00,0.00,open,INR,tax invoice
AR-INV-2026-001708,INV-2026-001708,Orbitex Paper Mills PVT LTD,CUST-025,2026-08-11,2026-08-18,144406.00,0.18,25993.00,144406.00,0.00,overdue,INR,tax invoice
AR-INV-2026-001709,INV-2026-001709,Trinetra Piping Solutions LLP,CUST-021,2026-08-11,2026-10-10,243117.00,0.18,43761.00,243117.00,0.00,open,INR,tax invoice short deduction
AR-INV-2026-001710,INV-2026-001710,Copperleaf Electricals PVT LTD,CUST-004,2026-08-11,2026-09-25,420731.00,0.18,75732.00,420731.00,0.00,open,INR,tax invoice
AR-INV-2026-001711,INV-2026-001711,Ashwini Cable Systems LLP,CUST-023,2026-08-11,2026-09-10,560496.00,0.18,100889.00,560496.00,0.00,open,INR,tax invoice
AR-INV-2026-001712,INV-2026-001712,Trinetra Piping Solutions LLP,CUST-021,2026-08-11,2026-10-10,84679.00,0.18,15242.00,84679.00,0.00,open,INR,tax invoice
AR-INV-2026-001713,INV-2026-001713,Nalanda Fab Services Private Limited,CUST-017,2026-08-11,2026-10-10,70515.00,0.18,12693.00,70515.00,0.00,open,INR,tax invoice
AR-INV-2026-001714,INV-2026-001714,Ashwini Cable Systems LLP,CUST-023,2026-08-11,2026-09-10,1060707.00,0.18,190927.00,1060707.00,0.00,open,INR,tax invoice
AR-INV-2026-001715,INV-2026-001715,Sahyadri Polymers PVT LTD,CUST-001,2026-08-11,2026-09-25,573751.00,0.18,103275.00,573751.00,0.00,open,INR,tax invoice
AR-INV-2026-001722,INV-2026-001722,Everstone Water Treatment Company,CUST-009,2026-08-12,2026-10-12,162870.00,0.18,29317.00,162870.00,0.00,open,INR,tax invoice
AR-INV-2026-001723,INV-2026-001723,Orbitex Packaging Private Limited,CUST-027,2026-08-12,2026-09-26,600953.00,0.18,108172.00,600953.00,0.00,open,INR,tax invoice
AR-INV-2026-001724,INV-2026-001724,Shree Balaji Machine Parts & Co,CUST-003,2026-08-12,2026-10-12,132379.00,0.18,23828.00,132379.00,0.00,open,INR,tax invoice
AR-INV-2026-001725,INV-2026-001725,Nalanda Fab Services Private Limited,CUST-017,2026-08-12,2026-10-12,240424.00,0.18,43276.00,240424.00,0.00,open,INR,tax invoice
AR-INV-2026-001726,INV-2026-001726,Nalanda Recyclers LLP,CUST-007,2026-08-12,2026-08-27,315046.00,0.18,56708.00,315046.00,0.00,overdue,INR,tax invoice
AR-INV-2026-001727,INV-2026-001727,Ashwini Interiors & Co,CUST-019,2026-08-12,2026-09-11,305062.00,0.18,54911.00,305062.00,0.00,open,INR,tax invoice
AR-INV-2026-001728,INV-2026-001728,Suryavansh Petro Chemicals & Co,CUST-030,2026-08-12,2026-09-11,287514.00,0.18,51753.00,287514.00,0.00,open,INR,tax invoice
AR-INV-2026-001729,INV-2026-001729,Suryavansh Petro Chemicals & Co,CUST-030,2026-08-12,2026-09-11,129977.00,0.18,23396.00,129977.00,0.00,open,INR,tax invoice
AR-INV-2026-001736,INV-2026-001736,Pushpa Metals Agri Inputs PVT LTD,CUST-018,2026-08-13,2026-08-20,381994.00,0.18,68759.00,381994.00,0.00,overdue,INR,tax invoice
AR-INV-2026-001737,INV-2026-001737,Orbitex Packaging Private Limited,CUST-027,2026-08-13,2026-09-28,797291.00,0.18,143512.00,797291.00,0.00,open,INR,tax invoice
AR-INV-2026-001738,INV-2026-001738,Anant Infra Conveyances PVT LTD,CUST-005,2026-08-13,2026-09-12,603479.00,0.18,108626.00,603479.00,0.00,open,INR,tax invoice
AR-INV-2026-001739,INV-2026-001739,Trinetra Piping Solutions LLP,CUST-021,2026-08-13,2026-10-12,132243.00,0.18,23804.00,132243.00,0.00,open,INR,tax invoice
AR-INV-2026-001740,INV-2026-001740,Sahyadri Polymers PVT LTD,CUST-001,2026-08-13,2026-09-28,213735.00,0.18,38472.00,213735.00,0.00,open,INR,tax invoice
AR-INV-2026-001741,INV-2026-001741,Suryavansh Catering Services Company,CUST-014,2026-08-13,2026-09-12,294225.00,0.18,52960.00,294225.00,0.00,open,INR,tax invoice
AR-INV-2026-001742,INV-2026-001742,Ashwini Interiors & Co,CUST-019,2026-08-13,2026-09-12,596079.00,0.18,107294.00,596079.00,0.00,open,INR,tax invoice
AR-INV-2026-001743,INV-2026-001743,Nalanda Recyclers LLP,CUST-007,2026-08-13,2026-08-28,620422.00,0.18,111676.00,620422.00,0.00,overdue,INR,tax invoice
AR-INV-2026-001750,INV-2026-001750,Goldcrest Warehousing Private Limited,CUST-010,2026-08-14,2026-08-21,41100.00,0.18,7398.00,41100.00,0.00,overdue,INR,tax invoice
AR-INV-2026-001751,INV-2026-001751,Meridian Lab Supplies LLP,CUST-029,2026-08-14,2026-08-21,318310.00,0.18,57296.00,318310.00,0.00,overdue,INR,tax invoice
AR-INV-2026-001752,INV-2026-001752,Suryavansh Catering Services Company,CUST-014,2026-08-14,2026-09-14,225421.00,0.18,40576.00,225421.00,0.00,open,INR,tax invoice
AR-INV-2026-001753,INV-2026-001753,Suryavansh Petro Chemicals & Co,CUST-030,2026-08-14,2026-09-14,1863414.00,0.18,335415.00,1863414.00,0.00,open,INR,tax invoice short deduction
AR-INV-2026-001754,INV-2026-001754,Shree Balaji Machine Parts & Co,CUST-003,2026-08-14,2026-10-13,93586.00,0.18,16845.00,93586.00,0.00,open,INR,tax invoice
AR-INV-2026-001755,INV-2026-001755,Orbitex Paper Mills PVT LTD,CUST-025,2026-08-14,2026-08-21,3578805.00,0.18,644185.00,3578805.00,0.00,overdue,INR,tax invoice short deduction
AR-INV-2026-001756,INV-2026-001756,Nalanda Recyclers LLP,CUST-007,2026-08-14,2026-08-29,874148.00,0.18,157347.00,874148.00,0.00,overdue,INR,tax invoice
AR-INV-2026-001757,INV-2026-001757,Orbitex Packaging Private Limited,CUST-027,2026-08-14,2026-09-28,944873.00,0.18,170077.00,944873.00,0.00,open,INR,tax invoice
AR-INV-2026-001758,INV-2026-001758,Ashwini Solar EPC PVT LTD,CUST-008,2026-08-14,2026-09-28,690949.00,0.18,124371.00,690949.00,0.00,open,INR,tax invoice
AR-INV-2026-001759,INV-2026-001759,Trividata Roofing Products PVT LTD,CUST-011,2026-08-14,2026-09-14,275845.00,0.18,49652.00,275845.00,0.00,open,INR,tax invoice
AR-INV-2026-001760,INV-2026-001760,Nalanda Recyclers LLP,CUST-007,2026-08-14,2026-08-29,573273.00,0.18,103189.00,573273.00,0.00,overdue,INR,tax invoice
AR-INV-2026-001766,INV-2026-001766,Ashwini Interiors & Co,CUST-019,2026-08-15,2026-09-14,946554.00,0.18,170380.00,946554.00,0.00,open,INR,tax invoice
AR-INV-2026-001767,INV-2026-001767,Orbitex Dairy Foods PVT LTD,CUST-026,2026-08-15,2026-08-22,1054876.00,0.18,189878.00,1054876.00,0.00,overdue,INR,tax invoice
AR-INV-2026-001768,INV-2026-001768,Ashwini Cold Chain Ltd,CUST-022,2026-08-15,2026-09-14,748726.00,0.18,134771.00,748726.00,0.00,open,INR,tax invoice
AR-INV-2026-001774,INV-2026-001774,Everstone Water Treatment Company,CUST-009,2026-08-17,2026-10-16,553497.00,0.18,99629.00,553497.00,0.00,open,INR,tax invoice
AR-INV-2026-001775,INV-2026-001775,Ashwini Interiors & Co,CUST-019,2026-08-17,2026-09-16,493686.00,0.18,88863.00,493686.00,0.00,open,INR,tax invoice
AR-INV-2026-001776,INV-2026-001776,Ashwini Solar EPC PVT LTD,CUST-008,2026-08-17,2026-10-01,951279.00,0.18,171230.00,951279.00,0.00,open,INR,tax invoice
AR-INV-2026-001777,INV-2026-001777,Suryavansh Catering Services Company,CUST-014,2026-08-17,2026-09-16,216683.00,0.18,39003.00,216683.00,0.00,open,INR,tax invoice
AR-INV-2026-001778,INV-2026-001778,Orbitex Packaging Private Limited,CUST-027,2026-08-17,2026-10-01,1639215.00,0.18,295059.00,1639215.00,0.00,open,INR,tax invoice
AR-INV-2026-001779,INV-2026-001779,Goldcrest Security Systems & Co,CUST-024,2026-08-17,2026-10-16,1548694.00,0.18,278765.00,1548694.00,0.00,open,INR,tax invoice
AR-INV-2026-001784,INV-2026-001784,Suryavansh Print Solutions & Co,CUST-013,2026-08-18,2026-09-17,52983.00,0.18,9537.00,52983.00,0.00,open,INR,tax invoice
AR-INV-2026-001785,INV-2026-001785,Orbitex Packaging Private Limited,CUST-027,2026-08-18,2026-10-03,206787.00,0.18,37222.00,206787.00,0.00,open,INR,tax invoice
AR-INV-2026-001786,INV-2026-001786,Shree Balaji Machine Parts & Co,CUST-003,2026-08-18,2026-10-17,53881.00,0.18,9699.00,53881.00,0.00,open,INR,tax invoice
AR-INV-2026-001787,INV-2026-001787,Everstone Water Treatment Company,CUST-009,2026-08-18,2026-10-17,666580.00,0.18,119984.00,666580.00,0.00,open,INR,tax invoice
AR-INV-2026-001788,INV-2026-001788,Anant Infra Staffing Private Limited,CUST-020,2026-08-18,2026-10-03,289222.00,0.18,52060.00,289222.00,0.00,open,INR,tax invoice
AR-INV-2026-001789,INV-2026-001789,Orbitex Paper Mills PVT LTD,CUST-025,2026-08-18,2026-08-25,468086.00,0.18,84255.00,468086.00,0.00,overdue,INR,tax invoice
AR-INV-2026-001790,INV-2026-001790,Copperleaf Electricals PVT LTD,CUST-004,2026-08-18,2026-10-03,832056.00,0.18,149770.00,832056.00,0.00,open,INR,tax invoice
AR-INV-2026-001791,INV-2026-001791,Ashwini Cold Chain Ltd,CUST-022,2026-08-18,2026-09-17,371749.00,0.18,66915.00,371749.00,0.00,open,INR,tax invoice
AR-INV-2026-001792,INV-2026-001792,Anant Infra Conveyances PVT LTD,CUST-005,2026-08-18,2026-09-17,260666.00,0.18,46920.00,260666.00,0.00,open,INR,tax invoice
AR-INV-2026-001798,INV-2026-001798,Ashwini Cold Chain Ltd,CUST-022,2026-08-19,2026-09-18,839968.00,0.18,151194.00,839968.00,0.00,open,INR,tax invoice
AR-INV-2026-001799,INV-2026-001799,Orbitex Packaging Private Limited,CUST-027,2026-08-19,2026-10-03,150487.00,0.18,27088.00,150487.00,0.00,open,INR,tax invoice
AR-INV-2026-001800,INV-2026-001800,Anant Infra Conveyances PVT LTD,CUST-005,2026-08-19,2026-09-18,156879.00,0.18,28238.00,156879.00,0.00,open,INR,tax invoice
AR-INV-2026-001801,INV-2026-001801,Goldcrest Security Systems & Co,CUST-024,2026-08-19,2026-10-19,1369333.00,0.18,246480.00,1369333.00,0.00,open,INR,tax invoice short deduction
AR-INV-2026-001802,INV-2026-001802,Zenith One Logistics & Co,CUST-006,2026-08-19,2026-09-18,620330.00,0.18,111659.00,620330.00,0.00,open,INR,tax invoice
AR-INV-2026-001803,INV-2026-001803,Goldcrest Steel Traders Company,CUST-016,2026-08-19,2026-09-03,1874030.00,0.18,337325.00,1874030.00,0.00,overdue,INR,tax invoice
AR-INV-2026-001804,INV-2026-001804,Zenith One Logistics & Co,CUST-006,2026-08-19,2026-09-18,176104.00,0.18,31699.00,176104.00,0.00,open,INR,tax invoice
AR-INV-2026-001805,INV-2026-001805,Pushpa Metals Agri Inputs PVT LTD,CUST-018,2026-08-19,2026-08-26,1080271.00,0.18,194449.00,1080271.00,0.00,overdue,INR,tax invoice
AR-INV-2026-001811,INV-2026-001811,Nalanda Recyclers LLP,CUST-007,2026-08-20,2026-09-04,158094.00,0.18,28457.00,158094.00,0.00,overdue,INR,tax invoice
AR-INV-2026-001812,INV-2026-001812,Ashwini Solar EPC PVT LTD,CUST-008,2026-08-20,2026-10-05,1741479.00,0.18,313466.00,1741479.00,0.00,open,INR,tax invoice
AR-INV-2026-001813,INV-2026-001813,Trinetra Piping Solutions LLP,CUST-021,2026-08-20,2026-10-19,133178.00,0.18,23972.00,133178.00,0.00,open,INR,tax invoice
AR-INV-2026-001818,INV-2026-001818,Copperleaf Electricals PVT LTD,CUST-004,2026-08-21,2026-10-05,298021.00,0.18,53644.00,298021.00,0.00,open,INR,tax invoice
AR-INV-2026-001819,INV-2026-001819,Orbitex Paper Mills PVT LTD,CUST-025,2026-08-21,2026-08-28,90516.00,0.18,16293.00,90516.00,0.00,overdue,INR,tax invoice
AR-INV-2026-001820,INV-2026-001820,Suryavansh Catering Services Company,CUST-014,2026-08-21,2026-09-21,479117.00,0.18,86241.00,479117.00,0.00,open,INR,tax invoice short deduction
AR-INV-2026-001821,INV-2026-001821,Trinetra Piping Solutions LLP,CUST-021,2026-08-21,2026-10-20,216672.00,0.18,39001.00,216672.00,0.00,open,INR,tax invoice
AR-INV-2026-001822,INV-2026-001822,Sahyadri Polymers PVT LTD,CUST-001,2026-08-21,2026-10-05,628400.00,0.18,113112.00,628400.00,0.00,open,INR,tax invoice
AR-INV-2026-001823,INV-2026-001823,Ashwini Cable Systems LLP,CUST-023,2026-08-21,2026-09-21,270025.00,0.18,48604.00,270025.00,0.00,open,INR,tax invoice
AR-INV-2026-001824,INV-2026-001824,Goldcrest Warehousing Private Limited,CUST-010,2026-08-21,2026-08-28,622543.00,0.18,112058.00,622543.00,0.00,overdue,INR,tax invoice
AR-INV-2026-001834,INV-2026-001834,Suryavansh Petro Chemicals & Co,CUST-030,2026-08-22,2026-09-21,254352.00,0.18,45783.00,254352.00,0.00,open,INR,tax invoice
AR-INV-2026-001835,INV-2026-001835,Trividata Roofing Products PVT LTD,CUST-011,2026-08-22,2026-09-21,162049.00,0.18,29169.00,162049.00,0.00,open,INR,tax invoice
AR-INV-2026-001836,INV-2026-001836,Ashwini Cable Systems LLP,CUST-023,2026-08-22,2026-09-21,649534.00,0.18,116916.00,649534.00,0.00,open,INR,tax invoice
AR-INV-2026-001842,INV-2026-001842,Suryavansh Petro Chemicals & Co,CUST-030,2026-08-23,2026-09-22,232412.00,0.18,41834.00,232412.00,0.00,open,INR,tax invoice
AR-INV-2026-001850,INV-2026-001850,Shree Balaji Machine Parts & Co,CUST-003,2026-08-24,2026-10-23,243133.00,0.18,43764.00,243133.00,0.00,open,INR,tax invoice short deduction
AR-INV-2026-001851,INV-2026-001851,Saptagiri Analytics Ltd,CUST-015,2026-08-24,2026-08-31,671434.00,0.18,120858.00,671434.00,0.00,overdue,INR,tax invoice
AR-INV-2026-001852,INV-2026-001852,Trinetra Piping Solutions LLP,CUST-021,2026-08-24,2026-10-23,196889.00,0.18,35440.00,196889.00,0.00,open,INR,tax invoice
AR-INV-2026-001853,INV-2026-001853,Ashwini Solar EPC PVT LTD,CUST-008,2026-08-24,2026-10-08,629556.00,0.18,113320.00,629556.00,0.00,open,INR,tax invoice
AR-INV-2026-001854,INV-2026-001854,Trinetra Piping Solutions LLP,CUST-021,2026-08-24,2026-10-23,272522.00,0.18,49054.00,272522.00,0.00,open,INR,tax invoice
AR-INV-2026-001855,INV-2026-001855,Goldcrest Warehousing Private Limited,CUST-010,2026-08-24,2026-08-31,195507.00,0.18,35191.00,195507.00,0.00,overdue,INR,tax invoice
AR-INV-2026-001860,INV-2026-001860,Meridian Lab Supplies LLP,CUST-029,2026-08-25,2026-09-01,418102.00,0.18,75258.00,418102.00,0.00,overdue,INR,tax invoice
AR-INV-2026-001861,INV-2026-001861,Suryavansh Petro Chemicals & Co,CUST-030,2026-08-25,2026-09-24,695099.00,0.18,125118.00,695099.00,0.00,open,INR,tax invoice
AR-INV-2026-001862,INV-2026-001862,Anant Infra Conveyances PVT LTD,CUST-005,2026-08-25,2026-09-24,198111.00,0.18,35660.00,198111.00,0.00,open,INR,tax invoice
AR-INV-2026-001863,INV-2026-001863,Anant Infra Conveyances PVT LTD,CUST-005,2026-08-25,2026-09-24,67960.00,0.18,12233.00,67960.00,0.00,open,INR,tax invoice
AR-INV-2026-001864,INV-2026-001864,Shree Balaji Machine Parts & Co,CUST-003,2026-08-25,2026-10-24,249537.00,0.18,44917.00,249537.00,0.00,open,INR,tax invoice
AR-INV-2026-001865,INV-2026-001865,Shree Balaji Machine Parts & Co,CUST-003,2026-08-25,2026-10-24,154425.00,0.18,27796.00,154425.00,0.00,open,INR,tax invoice
AR-INV-2026-001866,INV-2026-001866,Suryavansh Print Solutions & Co,CUST-013,2026-08-25,2026-09-24,277143.00,0.18,49886.00,277143.00,0.00,open,INR,tax invoice
AR-INV-2026-001867,INV-2026-001867,Goldcrest Steel Traders Company,CUST-016,2026-08-25,2026-09-09,204758.00,0.18,36856.00,204758.00,0.00,open,INR,tax invoice
AR-INV-2026-001868,INV-2026-001868,Goldcrest Steel Traders Company,CUST-016,2026-08-25,2026-09-09,3228047.00,0.18,581048.00,3228047.00,0.00,open,INR,tax invoice
AR-INV-2026-001869,INV-2026-001869,Ashwini Solar EPC PVT LTD,CUST-008,2026-08-25,2026-10-09,2062542.00,0.18,371258.00,2062542.00,0.00,open,INR,tax invoice
AR-INV-2026-001870,INV-2026-001870,Goldcrest Security Systems & Co,CUST-024,2026-08-25,2026-10-24,535565.00,0.18,96402.00,535565.00,0.00,open,INR,tax invoice
AR-INV-2026-001871,INV-2026-001871,Vedika Facility Management & Co,CUST-028,2026-08-25,2026-10-09,1033544.00,0.18,186038.00,1033544.00,0.00,open,INR,tax invoice
AR-INV-2026-001872,INV-2026-001872,Anant Infra Conveyances PVT LTD,CUST-005,2026-08-25,2026-09-24,387060.00,0.18,69671.00,387060.00,0.00,open,INR,tax invoice
AR-INV-2026-001877,INV-2026-001877,Shree Balaji Machine Parts & Co,CUST-003,2026-08-26,2026-10-26,355218.00,0.18,63939.00,355218.00,0.00,open,INR,tax invoice
AR-INV-2026-001878,INV-2026-001878,Sahyadri Polymers PVT LTD,CUST-001,2026-08-26,2026-10-10,871584.00,0.18,156885.00,871584.00,0.00,open,INR,tax invoice
AR-INV-2026-001879,INV-2026-001879,Anant Infra Staffing Private Limited,CUST-020,2026-08-26,2026-10-10,1069157.00,0.18,192448.00,1069157.00,0.00,open,INR,tax invoice
AR-INV-2026-001880,INV-2026-001880,Zenith One Logistics & Co,CUST-006,2026-08-26,2026-09-25,178925.00,0.18,32206.00,178925.00,0.00,open,INR,tax invoice
AR-INV-2026-001881,INV-2026-001881,Trinetra Piping Solutions LLP,CUST-021,2026-08-26,2026-10-26,80207.00,0.18,14437.00,80207.00,0.00,open,INR,tax invoice
AR-INV-2026-001882,INV-2026-001882,Ashwini Interiors & Co,CUST-019,2026-08-26,2026-09-25,609212.00,0.18,109658.00,609212.00,0.00,open,INR,tax invoice short deduction
AR-INV-2026-001883,INV-2026-001883,Trividata Roofing Products PVT LTD,CUST-011,2026-08-26,2026-09-25,176423.00,0.18,31756.00,176423.00,0.00,open,INR,tax invoice
AR-INV-2026-001884,INV-2026-001884,Ashwini Cable Systems LLP,CUST-023,2026-08-26,2026-09-25,260839.00,0.18,46951.00,260839.00,0.00,open,INR,tax invoice
AR-INV-2026-001892,INV-2026-001892,Zenith One Logistics & Co,CUST-006,2026-08-27,2026-09-26,465306.00,0.18,83755.00,465306.00,0.00,open,INR,tax invoice
AR-INV-2026-001893,INV-2026-001893,Anant Infra Staffing Private Limited,CUST-020,2026-08-27,2026-10-12,155190.00,0.18,27934.00,155190.00,0.00,open,INR,tax invoice
AR-INV-2026-001894,INV-2026-001894,Trinetra Piping Solutions LLP,CUST-021,2026-08-27,2026-10-26,349609.00,0.18,62930.00,349609.00,0.00,open,INR,tax invoice
AR-INV-2026-001895,INV-2026-001895,Ashwini Solar EPC PVT LTD,CUST-008,2026-08-27,2026-10-12,733997.00,0.18,132119.00,733997.00,0.00,open,INR,tax invoice
AR-INV-2026-001896,INV-2026-001896,Meridian Lab Supplies LLP,CUST-029,2026-08-27,2026-09-03,453704.00,0.18,81667.00,453704.00,0.00,overdue,INR,tax invoice
AR-INV-2026-001897,INV-2026-001897,Ashwini Cable Systems LLP,CUST-023,2026-08-27,2026-09-26,1003971.00,0.18,180715.00,1003971.00,0.00,open,INR,tax invoice
AR-INV-2026-001898,INV-2026-001898,Everstone Water Treatment Company,CUST-009,2026-08-27,2026-10-26,370472.00,0.18,66685.00,370472.00,0.00,open,INR,tax invoice
AR-INV-2026-001899,INV-2026-001899,Ashwini Interiors & Co,CUST-019,2026-08-27,2026-09-26,1389938.00,0.18,250189.00,1389938.00,0.00,open,INR,tax invoice
AR-INV-2026-001900,INV-2026-001900,Ashwini Solar EPC PVT LTD,CUST-008,2026-08-27,2026-10-12,811348.00,0.18,146043.00,811348.00,0.00,open,INR,tax invoice
AR-INV-2026-001901,INV-2026-001901,Trividata Roofing Products PVT LTD,CUST-011,2026-08-27,2026-09-26,123766.00,0.18,22278.00,123766.00,0.00,open,INR,tax invoice
AR-INV-2026-001906,INV-2026-001906,Suryavansh Petro Chemicals & Co,CUST-030,2026-08-28,2026-09-28,643553.00,0.18,115840.00,643553.00,0.00,open,INR,tax invoice
AR-INV-2026-001907,INV-2026-001907,Everstone Water Treatment Company,CUST-009,2026-08-28,2026-10-27,475704.00,0.18,85627.00,475704.00,0.00,open,INR,tax invoice
AR-INV-2026-001908,INV-2026-001908,Nalanda Recyclers LLP,CUST-007,2026-08-28,2026-09-12,292289.00,0.18,52612.00,292289.00,0.00,open,INR,tax invoice
AR-INV-2026-001909,INV-2026-001909,Orbitex Paper Mills PVT LTD,CUST-025,2026-08-28,2026-09-04,398397.00,0.18,71711.00,398397.00,0.00,overdue,INR,tax invoice
AR-INV-2026-001910,INV-2026-001910,Pushpa Metals Agri Inputs PVT LTD,CUST-018,2026-08-28,2026-09-04,539985.00,0.18,97197.00,539985.00,0.00,overdue,INR,tax invoice
AR-INV-2026-001911,INV-2026-001911,Shree Balaji Hardware Private Limited,CUST-002,2026-08-28,2026-10-12,557243.00,0.18,100304.00,557243.00,0.00,open,INR,tax invoice
AR-INV-2026-001912,INV-2026-001912,Anant Infra Staffing Private Limited,CUST-020,2026-08-28,2026-10-12,1188061.00,0.18,213851.00,1188061.00,0.00,open,INR,tax invoice
AR-INV-2026-001913,INV-2026-001913,Pushpa Metals Agri Inputs PVT LTD,CUST-018,2026-08-28,2026-09-04,638255.00,0.18,114886.00,638255.00,0.00,overdue,INR,tax invoice
AR-INV-2026-001914,INV-2026-001914,Trinetra Piping Solutions LLP,CUST-021,2026-08-28,2026-10-27,352147.00,0.18,63386.00,352147.00,0.00,open,INR,tax invoice
AR-INV-2026-001920,INV-2026-001920,Shree Balaji Hardware Private Limited,CUST-002,2026-08-29,2026-10-13,3773923.00,0.18,679306.00,3773923.00,0.00,open,INR,tax invoice
AR-INV-2026-001921,INV-2026-001921,Zenith One Logistics & Co,CUST-006,2026-08-29,2026-09-28,578832.00,0.18,104190.00,578832.00,0.00,open,INR,tax invoice
AR-INV-2026-001922,INV-2026-001922,Ashwini Cold Chain Ltd,CUST-022,2026-08-29,2026-09-28,730152.00,0.18,131427.00,730152.00,0.00,open,INR,tax invoice
AR-INV-2026-001930,INV-2026-001930,Saptagiri Analytics Ltd,CUST-015,2026-08-31,2026-09-07,1149293.00,0.18,206873.00,1149293.00,0.00,open,INR,tax invoice
AR-INV-2026-001931,INV-2026-001931,Suryavansh Petro Chemicals & Co,CUST-030,2026-08-31,2026-09-30,356326.00,0.18,64139.00,356326.00,0.00,open,INR,tax invoice
AR-INV-2026-001932,INV-2026-001932,Ashwini Cold Chain Ltd,CUST-022,2026-08-31,2026-09-30,657960.00,0.18,118433.00,657960.00,0.00,open,INR,tax invoice
AR-INV-2026-001933,INV-2026-001933,Suryavansh Print Solutions & Co,CUST-013,2026-08-31,2026-09-30,303415.00,0.18,54615.00,303415.00,0.00,open,INR,tax invoice
AR-INV-2026-001934,INV-2026-001934,Goldcrest Steel Traders Company,CUST-016,2026-08-31,2026-09-15,787942.00,0.18,141830.00,787942.00,0.00,open,INR,tax invoice
AR-INV-2026-001935,INV-2026-001935,Ashwini Cold Chain Ltd,CUST-022,2026-08-31,2026-09-30,1106960.00,0.18,199253.00,1106960.00,0.00,open,INR,tax invoice
AR-INV-2026-001936,INV-2026-001936,Trinetra Piping Solutions LLP,CUST-021,2026-08-31,2026-10-30,334986.00,0.18,60297.00,334986.00,0.00,open,INR,tax invoice
AR-INV-2026-001937,INV-2026-001937,Suryavansh Print Solutions & Co,CUST-013,2026-08-31,2026-09-30,144314.00,0.18,25977.00,144314.00,0.00,open,INR,tax invoice
AR-INV-2026-001938,INV-2026-001938,Vedika Facility Management & Co,CUST-028,2026-08-31,2026-10-15,1423448.00,0.18,256221.00,1423448.00,0.00,open,INR,tax invoice
AR-INV-2026-001944,INV-2026-001944,Nalanda Recyclers LLP,CUST-007,2026-09-01,2026-09-16,134646.00,0.18,24236.00,134646.00,0.00,open,INR,tax invoice
AR-INV-2026-001945,INV-2026-001945,Suryavansh Print Solutions & Co,CUST-013,2026-09-01,2026-10-01,169738.00,0.18,30553.00,169738.00,0.00,open,INR,tax invoice
AR-INV-2026-001946,INV-2026-001946,Suryavansh Catering Services Company,CUST-014,2026-09-01,2026-10-01,50223.00,0.18,9040.00,50223.00,0.00,open,INR,tax invoice
AR-INV-2026-001947,INV-2026-001947,Trinetra Piping Solutions LLP,CUST-021,2026-09-01,2026-10-31,123435.00,0.18,22218.00,123435.00,0.00,open,INR,tax invoice
AR-INV-2026-001948,INV-2026-001948,Orbitex Dairy Foods PVT LTD,CUST-026,2026-09-01,2026-09-08,477864.00,0.18,86016.00,477864.00,0.00,open,INR,tax invoice
AR-INV-2026-001949,INV-2026-001949,Nalanda Recyclers LLP,CUST-007,2026-09-01,2026-09-16,1752015.00,0.18,315363.00,1752015.00,0.00,open,INR,tax invoice
AR-INV-2026-001950,INV-2026-001950,Trinetra Piping Solutions LLP,CUST-021,2026-09-01,2026-10-31,357831.00,0.18,64410.00,357831.00,0.00,open,INR,tax invoice
AR-INV-2026-001957,INV-2026-001957,Goldcrest Warehousing Private Limited,CUST-010,2026-09-02,2026-09-09,248346.00,0.18,44702.00,248346.00,0.00,open,INR,tax invoice
AR-INV-2026-001958,INV-2026-001958,Ashwini Solar EPC PVT LTD,CUST-008,2026-09-02,2026-10-17,345130.00,0.18,62123.00,345130.00,0.00,open,INR,tax invoice
AR-INV-2026-001959,INV-2026-001959,Goldcrest Warehousing Private Limited,CUST-010,2026-09-02,2026-09-09,253732.00,0.18,45672.00,253732.00,0.00,open,INR,tax invoice
AR-INV-2026-001960,INV-2026-001960,Goldcrest Warehousing Private Limited,CUST-010,2026-09-02,2026-09-09,246035.00,0.18,44286.00,246035.00,0.00,open,INR,tax invoice
AR-INV-2026-001961,INV-2026-001961,Orbitex Dairy Foods PVT LTD,CUST-026,2026-09-02,2026-09-09,762442.00,0.18,137240.00,762442.00,0.00,open,INR,tax invoice
AR-INV-2026-001962,INV-2026-001962,Goldcrest Warehousing Private Limited,CUST-010,2026-09-02,2026-09-09,773283.00,0.18,139191.00,773283.00,0.00,open,INR,tax invoice
AR-INV-2026-001963,INV-2026-001963,Ashwini Interiors & Co,CUST-019,2026-09-02,2026-10-03,133070.00,0.18,23953.00,133070.00,0.00,open,INR,tax invoice
AR-INV-2026-001964,INV-2026-001964,Saptagiri Analytics Ltd,CUST-015,2026-09-02,2026-09-09,292419.00,0.18,52635.00,292419.00,0.00,open,INR,tax invoice
AR-INV-2026-001973,INV-2026-001973,Vedika Facility Management & Co,CUST-028,2026-09-03,2026-10-19,1272910.00,0.18,229124.00,1272910.00,0.00,open,INR,tax invoice
AR-INV-2026-001974,INV-2026-001974,Suryavansh Print Solutions & Co,CUST-013,2026-09-03,2026-10-03,668662.00,0.18,120359.00,668662.00,0.00,open,INR,tax invoice
AR-INV-2026-001975,INV-2026-001975,Orbitex Paper Mills PVT LTD,CUST-025,2026-09-03,2026-09-10,1267106.00,0.18,228079.00,1267106.00,0.00,open,INR,tax invoice
AR-INV-2026-001976,INV-2026-001976,Vedika Textiles Company,CUST-012,2026-09-03,2026-09-18,539355.00,0.18,97084.00,539355.00,0.00,open,INR,tax invoice
AR-INV-2026-001977,INV-2026-001977,Shree Balaji Hardware Private Limited,CUST-002,2026-09-03,2026-10-19,429149.00,0.18,77247.00,429149.00,0.00,open,INR,tax invoice
AR-INV-2026-001978,INV-2026-001978,Vedika Textiles Company,CUST-012,2026-09-03,2026-09-18,119850.00,0.18,21573.00,119850.00,0.00,open,INR,tax invoice
AR-INV-2026-001979,INV-2026-001979,Orbitex Dairy Foods PVT LTD,CUST-026,2026-09-03,2026-09-10,1140903.00,0.18,205363.00,1140903.00,0.00,open,INR,tax invoice
AR-INV-2026-001980,INV-2026-001980,Vedika Facility Management & Co,CUST-028,2026-09-03,2026-10-19,999228.00,0.18,179861.00,999228.00,0.00,open,INR,tax invoice
AR-INV-2026-001988,INV-2026-001988,Ashwini Cable Systems LLP,CUST-023,2026-09-04,2026-10-05,265872.00,0.18,47857.00,265872.00,0.00,open,INR,tax invoice
AR-INV-2026-001989,INV-2026-001989,Goldcrest Steel Traders Company,CUST-016,2026-09-04,2026-09-19,4770137.00,0.18,858625.00,4770137.00,0.00,open,INR,tax invoice
AR-INV-2026-001990,INV-2026-001990,Vedika Facility Management & Co,CUST-028,2026-09-04,2026-10-19,378487.00,0.18,68128.00,378487.00,0.00,open,INR,tax invoice
AR-INV-2026-001991,INV-2026-001991,Ashwini Interiors & Co,CUST-019,2026-09-04,2026-10-05,1614051.00,0.18,290529.00,1614051.00,0.00,open,INR,tax invoice
AR-INV-2026-001992,INV-2026-001992,Goldcrest Warehousing Private Limited,CUST-010,2026-09-04,2026-09-11,226526.00,0.18,40775.00,226526.00,0.00,open,INR,tax invoice
AR-INV-2026-001993,INV-2026-001993,Goldcrest Steel Traders Company,CUST-016,2026-09-04,2026-09-19,398669.00,0.18,71760.00,398669.00,0.00,open,INR,tax invoice
AR-INV-2026-001994,INV-2026-001994,Goldcrest Security Systems & Co,CUST-024,2026-09-04,2026-11-03,1239260.00,0.18,223067.00,1239260.00,0.00,open,INR,tax invoice
AR-INV-2026-001995,INV-2026-001995,Meridian Lab Supplies LLP,CUST-029,2026-09-04,2026-09-11,1199683.00,0.18,215943.00,1199683.00,0.00,open,INR,tax invoice
AR-INV-2026-002002,INV-2026-002002,Ashwini Cable Systems LLP,CUST-023,2026-09-05,2026-10-05,761260.00,0.18,137027.00,761260.00,0.00,open,INR,tax invoice short deduction
AR-INV-2026-002003,INV-2026-002003,Anant Infra Conveyances PVT LTD,CUST-005,2026-09-05,2026-10-05,199978.00,0.18,35996.00,199978.00,0.00,open,INR,tax invoice
