payment_id,order_id,amount,method,fee,captured_at,status,settlement_id,notes_invoice_no
pay_260309000000,order_260309000,912.00,card,18.24,2026-03-09T21:16:00+05:30,captured,setl_00000001,
pay_260309000001,order_260309000,3639.00,card,72.78,2026-03-09T19:09:00+05:30,captured,setl_00000001,
pay_260309000002,order_260309000,1971.00,upi_apps,39.42,2026-03-09T20:19:00+05:30,captured,setl_00000001,
pay_260309000003,order_260309000,887.00,wallet,17.74,2026-03-09T21:59:00+05:30,captured,setl_00000001,
pay_260309000004,order_260309000,3396.00,card,67.92,2026-03-09T09:28:00+05:30,captured,setl_00000001,
pay_260309000005,order_260309000,2972.00,netbanking,26.74,2026-03-09T18:37:00+05:30,captured,setl_00000001,
pay_260309000006,order_260309000,4335.00,card,86.70,2026-03-09T18:07:00+05:30,captured,setl_00000001,
pay_260309000007,order_260309000,2473.00,upi_apps,49.46,2026-03-09T18:27:00+05:30,captured,setl_00000001,
pay_260309000008,order_260309000,4299.00,upi_apps,85.98,2026-03-09T10:14:00+05:30,captured,setl_00000001,
pay_260309000009,order_260309000,5144.00,netbanking,46.29,2026-03-09T13:54:00+05:30,captured,setl_00000001,
pay_260309000010,order_260309000,2441.00,card,48.82,2026-03-09T19:06:00+05:30,captured,setl_00000001,
pay_260309000011,order_260309000,3175.00,upi_apps,63.50,2026-03-09T10:22:00+05:30,captured,setl_00000001,
pay_260309000012,order_260309000,2969.00,upi_apps,59.38,2026-03-09T20:48:00+05:30,captured,setl_00000001,
pay_260309000013,order_260309000,2227.00,upi_apps,44.54,2026-03-09T09:41:00+05:30,captured,setl_00000001,
pay_260309000014,order_260309000,1544.00,netbanking,13.89,2026-03-09T16:26:00+05:30,captured,setl_00000001,
pay_260309000015,order_260309000,1843.00,upi_apps,36.86,2026-03-09T18:11:00+05:30,captured,setl_00000001,
pay_260309000016,order_260309000,3674.00,card,73.48,2026-03-09T19:12:00+05:30,captured,setl_00000001,
pay_260309000017,order_260309000,1857.00,upi_apps,37.14,2026-03-09T22:13:00+05:30,captured,setl_00000001,
pay_260309000018,order_260309000,1944.00,netbanking,17.49,2026-03-09T17:58:00+05:30,captured,setl_00000001,
pay_260309000019,order_260309000,5299.00,wallet,105.98,2026-03-09T17:07:00+05:30,captured,setl_00000001,
pay_260309000020,order_260309000,3858.00,upi_apps,77.16,2026-03-09T14:41:00+05:30,captured,setl_00000001,
pay_260309000021,order_260309000,4237.00,upi_apps,84.74,2026-03-09T18:29:00+05:30,captured,setl_00000001,
pay_260309000022,order_260309000,1130.00,upi_apps,22.60,2026-03-09T22:15:00+05:30,captured,setl_00000001,
pay_260309000023,order_260309000,2194.00,netbanking,19.74,2026-03-09T09:15:00+05:30,captured,setl_00000001,
pay_260309000024,order_260309000,4672.00,card,93.44,2026-03-09T08:10:00+05:30,captured,setl_00000001,
pay_260309000025,order_260309000,1462.00,netbanking,13.15,2026-03-09T10:13:00+05:30,captured,setl_00000001,
pay_260309000026,order_260309000,4099.00,card,81.98,2026-03-09T12:29:00+05:30,captured,setl_00000001,
pay_260309000027,order_260309000,1701.00,card,34.02,2026-03-09T18:43:00+05:30,captured,setl_00000001,
pay_260309000028,order_260309000,1536.00,upi_apps,30.72,2026-03-09T14:19:00+05:30,captured,setl_00000001,
pay_260309000029,order_260309000,1586.00,wallet,31.72,2026-03-09T16:01:00+05:30,captured,setl_00000001,
pay_260309000030,order_260309000,1688.00,card,33.76,2026-03-09T15:43:00+05:30,captured,setl_00000001,
pay_260309000031,order_260309000,604.00,upi_apps,12.08,2026-03-09T18:35:00+05:30,captured,setl_00000001,
pay_260309000032,order_260309000,3092.00,upi_apps,61.84,2026-03-09T08:07:00+05:30,captured,setl_00000001,
pay_260309000033,order_260309000,907.00,upi_apps,18.14,2026-03-09T12:30:00+05:30,captured,setl_00000001,
pay_260309000034,order_260309000,1805.00,upi_apps,36.10,2026-03-09T09:25:00+05:30,captured,setl_00000001,
pay_260309000035,order_260309000,1495.00,upi_apps,29.90,2026-03-09T12:12:00+05:30,captured,setl_00000001,
pay_260309000036,order_260309000,5347.00,netbanking,48.12,2026-03-09T11:35:00+05:30,captured,setl_00000001,
pay_260309000037,order_260309000,2225.00,card,44.50,2026-03-09T11:34:00+05:30,captured,setl_00000001,
pay_260309000038,order_260309000,3774.00,card,75.48,2026-03-09T15:18:00+05:30,captured,setl_00000001,
pay_260309000039,order_260309000,1827.00,card,36.54,2026-03-09T11:46:00+05:30,captured,setl_00000001,
pay_260309000040,order_260309000,1463.00,upi_apps,29.26,2026-03-09T14:31:00+05:30,captured,setl_00000001,
pay_260309000041,order_260309000,2670.00,card,53.40,2026-03-09T15:27:00+05:30,captured,setl_00000001,
pay_260309000042,order_260309000,2844.00,upi_apps,56.88,2026-03-09T12:28:00+05:30,captured,setl_00000001,
pay_260309000043,order_260309000,3274.00,card,65.48,2026-03-09T13:58:00+05:30,captured,setl_00000001,
pay_260309000044,order_260309000,5272.00,upi_apps,105.44,2026-03-09T09:32:00+05:30,captured,setl_00000001,
pay_260309000045,order_260309000,3226.00,wallet,64.52,2026-03-09T17:09:00+05:30,captured,setl_00000001,
pay_260309000046,order_260309000,4311.00,upi_apps,86.22,2026-03-09T21:43:00+05:30,captured,setl_00000001,
pay_260310000047,order_260310001,3037.00,card,60.74,2026-03-10T10:03:00+05:30,captured,setl_00000002,
pay_260310000048,order_260310001,3087.00,upi_apps,61.74,2026-03-10T08:21:00+05:30,captured,setl_00000002,
pay_260310000049,order_260310001,609.00,upi_apps,12.18,2026-03-10T22:32:00+05:30,captured,setl_00000002,
pay_260310000050,order_260310001,3645.00,upi_apps,72.90,2026-03-10T15:24:00+05:30,captured,setl_00000002,
pay_260310000051,order_260310001,1964.00,upi_apps,39.28,2026-03-10T22:55:00+05:30,captured,setl_00000002,
pay_260310000052,order_260310001,4373.00,upi_apps,87.46,2026-03-10T18:56:00+05:30,captured,setl_00000002,
pay_260310000053,order_260310001,2675.00,upi_apps,53.50,2026-03-10T14:13:00+05:30,captured,setl_00000002,
pay_260310000054,order_260310001,2812.00,card,56.24,2026-03-10T21:35:00+05:30,captured,setl_00000002,
pay_260310000055,order_260310001,829.00,card,16.58,2026-03-10T17:00:00+05:30,captured,setl_00000002,
pay_260310000056,order_260310001,5364.00,netbanking,48.27,2026-03-10T21:38:00+05:30,captured,setl_00000002,
pay_260310000057,order_260310001,1086.00,card,21.72,2026-03-10T15:12:00+05:30,captured,setl_00000002,
pay_260310000058,order_260310001,1303.00,card,26.06,2026-03-10T18:39:00+05:30,captured,setl_00000002,
pay_260310000059,order_260310001,4188.00,upi_apps,83.76,2026-03-10T17:37:00+05:30,captured,setl_00000002,
pay_260310000060,order_260310001,4348.00,card,86.96,2026-03-10T20:34:00+05:30,captured,setl_00000002,
pay_260310000061,order_260310001,1266.00,card,25.32,2026-03-10T11:46:00+05:30,captured,setl_00000002,
pay_260310000062,order_260310001,951.00,upi_apps,19.02,2026-03-10T15:19:00+05:30,captured,setl_00000002,
pay_260310000063,order_260310001,904.00,netbanking,8.13,2026-03-10T14:00:00+05:30,captured,setl_00000002,
pay_260310000064,order_260310001,3219.00,upi_apps,64.38,2026-03-10T10:40:00+05:30,captured,setl_00000002,
pay_260310000065,order_260310001,4942.00,card,98.84,2026-03-10T15:29:00+05:30,captured,setl_00000002,
pay_260310000066,order_260310001,2023.00,upi_apps,40.46,2026-03-10T17:03:00+05:30,captured,setl_00000002,
pay_260310000067,order_260310001,2807.00,upi_apps,56.14,2026-03-10T16:51:00+05:30,captured,setl_00000002,
pay_260310000068,order_260310001,2140.00,upi_apps,42.80,2026-03-10T14:23:00+05:30,captured,setl_00000002,
pay_260310000069,order_260310001,1083.00,card,21.66,2026-03-10T08:59:00+05:30,captured,setl_00000002,
pay_260310000070,order_260310001,1983.00,upi_apps,39.66,2026-03-10T18:17:00+05:30,captured,setl_00000002,
pay_260310000071,order_260310001,637.00,upi_apps,12.74,2026-03-10T08:10:00+05:30,captured,setl_00000002,
pay_260310000072,order_260310001,1843.00,netbanking,16.58,2026-03-10T17:23:00+05:30,captured,setl_00000002,
pay_260310000073,order_260310001,2038.00,card,40.76,2026-03-10T16:37:00+05:30,captured,setl_00000002,
pay_260310000074,order_260310001,2069.00,card,41.38,2026-03-10T12:18:00+05:30,captured,setl_00000002,
pay_260310000075,order_260310001,4278.00,wallet,85.56,2026-03-10T16:03:00+05:30,captured,setl_00000002,
pay_260310000076,order_260310001,1496.00,card,29.92,2026-03-10T17:31:00+05:30,captured,setl_00000002,
pay_260310000077,order_260310001,2295.00,upi_apps,45.90,2026-03-10T18:14:00+05:30,captured,setl_00000002,
pay_260310000078,order_260310001,3652.00,netbanking,32.86,2026-03-10T16:01:00+05:30,captured,setl_00000002,
pay_260310000079,order_260310001,4161.00,upi_apps,83.22,2026-03-10T20:28:00+05:30,captured,setl_00000002,
pay_260310000080,order_260310001,2680.00,upi_apps,53.60,2026-03-10T12:11:00+05:30,captured,setl_00000002,
pay_260310000081,order_260310001,2971.00,netbanking,26.73,2026-03-10T10:24:00+05:30,captured,setl_00000002,
pay_260310000082,order_260310001,1316.00,wallet,26.32,2026-03-10T09:32:00+05:30,captured,setl_00000002,
pay_260310000083,order_260310001,2015.00,upi_apps,40.30,2026-03-10T20:56:00+05:30,captured,setl_00000002,
pay_260310000084,order_260310001,3001.00,upi_apps,60.02,2026-03-10T20:09:00+05:30,captured,setl_00000002,
pay_260310000085,order_260310001,2748.00,card,54.96,2026-03-10T22:03:00+05:30,captured,setl_00000002,
pay_260310000086,order_260310001,2761.00,card,55.22,2026-03-10T11:55:00+05:30,captured,setl_00000002,
pay_260310000087,order_260310001,4306.00,card,86.12,2026-03-10T15:23:00+05:30,captured,setl_00000002,
pay_260310000088,order_260310001,2677.00,upi_apps,53.54,2026-03-10T16:45:00+05:30,captured,setl_00000002,
pay_260311000089,order_260311002,4685.00,card,93.70,2026-03-11T13:53:00+05:30,captured,setl_00000003,
pay_260311000090,order_260311002,2954.00,netbanking,26.58,2026-03-11T22:43:00+05:30,captured,setl_00000003,
pay_260311000091,order_260311002,3508.00,wallet,70.16,2026-03-11T08:09:00+05:30,captured,setl_00000003,
pay_260311000092,order_260311002,3603.00,netbanking,32.42,2026-03-11T19:28:00+05:30,captured,setl_00000003,
pay_260311000093,order_260311002,3009.00,upi_apps,60.18,2026-03-11T15:24:00+05:30,captured,setl_00000003,
pay_260311000094,order_260311002,5129.00,wallet,102.58,2026-03-11T09:48:00+05:30,captured,setl_00000003,
pay_260311000095,order_260311002,4477.00,upi_apps,89.54,2026-03-11T10:22:00+05:30,captured,setl_00000003,
pay_260311000096,order_260311002,921.00,upi_apps,18.42,2026-03-11T13:33:00+05:30,captured,setl_00000003,
pay_260311000097,order_260311002,3480.00,upi_apps,69.60,2026-03-11T08:31:00+05:30,captured,setl_00000003,
pay_260311000098,order_260311002,5199.00,card,103.98,2026-03-11T22:38:00+05:30,captured,setl_00000003,
pay_260311000099,order_260311002,840.00,wallet,16.80,2026-03-11T13:57:00+05:30,captured,setl_00000003,
pay_260311000100,order_260311002,4623.00,upi_apps,92.46,2026-03-11T10:23:00+05:30,captured,setl_00000003,
pay_260311000101,order_260311002,795.00,upi_apps,15.90,2026-03-11T20:29:00+05:30,captured,setl_00000003,
pay_260311000102,order_260311002,4647.00,upi_apps,92.94,2026-03-11T15:40:00+05:30,captured,setl_00000003,
pay_260311000103,order_260311002,5302.00,upi_apps,106.04,2026-03-11T15:01:00+05:30,captured,setl_00000003,
pay_260311000104,order_260311002,1949.00,wallet,38.98,2026-03-11T13:52:00+05:30,captured,setl_00000003,
pay_260311000105,order_260311002,2786.00,card,55.72,2026-03-11T19:59:00+05:30,captured,setl_00000003,
pay_260311000106,order_260311002,1260.00,upi_apps,25.20,2026-03-11T08:08:00+05:30,captured,setl_00000003,
pay_260311000107,order_260311002,932.00,upi_apps,18.64,2026-03-11T15:28:00+05:30,captured,setl_00000003,
pay_260311000108,order_260311002,2633.00,upi_apps,52.66,2026-03-11T12:46:00+05:30,captured,setl_00000003,
pay_260311000109,order_260311002,2844.00,upi_apps,56.88,2026-03-11T21:40:00+05:30,captured,setl_00000003,
pay_260311000110,order_260311002,5136.00,upi_apps,102.72,2026-03-11T18:15:00+05:30,captured,setl_00000003,
pay_260311000111,order_260311002,1123.00,wallet,22.46,2026-03-11T11:57:00+05:30,captured,setl_00000003,
pay_260311000112,order_260311002,2096.00,netbanking,18.86,2026-03-11T20:11:00+05:30,captured,setl_00000003,
pay_260311000113,order_260311002,3082.00,upi_apps,61.64,2026-03-11T18:40:00+05:30,captured,setl_00000003,
pay_260311000114,order_260311002,1152.00,upi_apps,23.04,2026-03-11T13:10:00+05:30,captured,setl_00000003,
pay_260311000115,order_260311002,859.00,upi_apps,17.18,2026-03-11T16:24:00+05:30,captured,setl_00000003,
pay_260311000116,order_260311002,5059.00,netbanking,45.53,2026-03-11T13:41:00+05:30,captured,setl_00000003,
pay_260311000117,order_260311002,4078.00,card,81.56,2026-03-11T15:53:00+05:30,captured,setl_00000003,
pay_260311000118,order_260311002,5008.00,netbanking,45.07,2026-03-11T18:12:00+05:30,captured,setl_00000003,
pay_260311000119,order_260311002,762.00,upi_apps,15.24,2026-03-11T21:59:00+05:30,captured,setl_00000003,
pay_260311000120,order_260311002,4507.00,upi_apps,90.14,2026-03-11T10:04:00+05:30,captured,setl_00000003,
pay_260311000121,order_260311002,3710.00,wallet,74.20,2026-03-11T08:16:00+05:30,captured,setl_00000003,
pay_260311000122,order_260311002,4709.00,card,94.18,2026-03-11T18:40:00+05:30,captured,setl_00000003,
pay_260311000123,order_260311002,2471.00,upi_apps,49.42,2026-03-11T19:45:00+05:30,captured,setl_00000003,
pay_260311000124,order_260311002,4159.00,upi_apps,83.18,2026-03-11T13:06:00+05:30,captured,setl_00000003,
pay_260311000125,order_260311002,1423.00,netbanking,12.80,2026-03-11T22:19:00+05:30,captured,setl_00000003,
pay_260311000126,order_260311002,1567.00,card,31.34,2026-03-11T22:43:00+05:30,captured,setl_00000003,
pay_260311000127,order_260311002,1428.00,upi_apps,28.56,2026-03-11T17:30:00+05:30,captured,setl_00000003,
pay_260311000128,order_260311002,3135.00,card,62.70,2026-03-11T18:08:00+05:30,captured,setl_00000003,
pay_260311000129,order_260311002,1815.00,card,36.30,2026-03-11T14:19:00+05:30,captured,setl_00000003,
pay_260311000130,order_260311002,4903.00,upi_apps,98.06,2026-03-11T13:33:00+05:30,captured,setl_00000003,
pay_260311000131,order_260311002,4410.00,upi_apps,88.20,2026-03-11T17:58:00+05:30,captured,setl_00000003,
pay_260311000132,order_260311002,1607.00,upi_apps,32.14,2026-03-11T09:52:00+05:30,captured,setl_00000003,
pay_260311000133,order_260311002,2943.00,upi_apps,58.86,2026-03-11T10:06:00+05:30,captured,setl_00000003,
pay_260311000134,order_260311002,2631.00,upi_apps,52.62,2026-03-11T16:36:00+05:30,captured,setl_00000003,
pay_260311000135,order_260311002,5395.00,upi_apps,107.90,2026-03-11T21:43:00+05:30,captured,setl_00000003,
pay_260311000136,order_260311002,3466.00,card,69.32,2026-03-11T14:21:00+05:30,captured,setl_00000003,
pay_260312000137,order_260312003,3949.00,netbanking,35.54,2026-03-12T14:42:00+05:30,captured,setl_00000004,
pay_260312000138,order_260312003,4955.00,upi_apps,99.10,2026-03-12T21:32:00+05:30,captured,setl_00000004,
pay_260312000139,order_260312003,5389.00,upi_apps,107.78,2026-03-12T15:41:00+05:30,captured,setl_00000004,
pay_260312000140,order_260312003,4630.00,card,92.60,2026-03-12T15:47:00+05:30,captured,setl_00000004,
pay_260312000141,order_260312003,4526.00,upi_apps,90.52,2026-03-12T16:28:00+05:30,captured,setl_00000004,
pay_260312000142,order_260312003,1287.00,upi_apps,25.74,2026-03-12T08:14:00+05:30,captured,setl_00000004,
pay_260312000143,order_260312003,809.00,netbanking,7.28,2026-03-12T19:28:00+05:30,captured,setl_00000004,
pay_260312000144,order_260312003,3702.00,netbanking,33.31,2026-03-12T12:23:00+05:30,captured,setl_00000004,
pay_260312000145,order_260312003,4427.00,upi_apps,88.54,2026-03-12T13:44:00+05:30,captured,setl_00000004,
pay_260312000146,order_260312003,4458.00,card,89.16,2026-03-12T09:57:00+05:30,captured,setl_00000004,
pay_260312000147,order_260312003,3571.00,netbanking,32.13,2026-03-12T12:01:00+05:30,captured,setl_00000004,
pay_260312000148,order_260312003,1374.00,card,27.48,2026-03-12T15:01:00+05:30,captured,setl_00000004,
pay_260312000149,order_260312003,4749.00,upi_apps,94.98,2026-03-12T20:20:00+05:30,captured,setl_00000004,
pay_260312000150,order_260312003,3676.00,card,73.52,2026-03-12T09:24:00+05:30,captured,setl_00000004,
pay_260312000151,order_260312003,2904.00,upi_apps,58.08,2026-03-12T22:47:00+05:30,captured,setl_00000004,
pay_260312000152,order_260312003,4096.00,upi_apps,81.92,2026-03-12T18:09:00+05:30,captured,setl_00000004,
pay_260312000153,order_260312003,1041.00,wallet,20.82,2026-03-12T19:26:00+05:30,captured,setl_00000004,
pay_260312000154,order_260312003,4144.00,upi_apps,82.88,2026-03-12T22:04:00+05:30,captured,setl_00000004,
pay_260312000155,order_260312003,624.00,upi_apps,12.48,2026-03-12T19:38:00+05:30,captured,setl_00000004,
pay_260312000156,order_260312003,2385.00,upi_apps,47.70,2026-03-12T15:05:00+05:30,captured,setl_00000004,
pay_260312000157,order_260312003,2714.00,wallet,54.28,2026-03-12T22:04:00+05:30,captured,setl_00000004,
pay_260312000158,order_260312003,3141.00,upi_apps,62.82,2026-03-12T18:05:00+05:30,captured,setl_00000004,
pay_260312000159,order_260312003,3715.00,netbanking,33.43,2026-03-12T19:23:00+05:30,captured,setl_00000004,
pay_260312000160,order_260312003,2833.00,netbanking,25.49,2026-03-12T09:29:00+05:30,captured,setl_00000004,
pay_260312000161,order_260312003,3896.00,card,77.92,2026-03-12T08:02:00+05:30,captured,setl_00000004,
pay_260312000162,order_260312003,3625.00,netbanking,32.62,2026-03-12T08:16:00+05:30,captured,setl_00000004,
pay_260312000163,order_260312003,2793.00,upi_apps,55.86,2026-03-12T19:09:00+05:30,captured,setl_00000004,
pay_260312000164,order_260312003,5213.00,upi_apps,104.26,2026-03-12T11:55:00+05:30,captured,setl_00000004,
pay_260312000165,order_260312003,4155.00,netbanking,37.39,2026-03-12T17:17:00+05:30,captured,setl_00000004,
pay_260312000166,order_260312003,4402.00,netbanking,39.61,2026-03-12T19:10:00+05:30,captured,setl_00000004,
pay_260312000167,order_260312003,743.00,card,14.86,2026-03-12T12:16:00+05:30,captured,setl_00000004,
pay_260312000168,order_260312003,3054.00,upi_apps,61.08,2026-03-12T11:11:00+05:30,captured,setl_00000004,
pay_260312000169,order_260312003,4621.00,netbanking,41.58,2026-03-12T14:32:00+05:30,captured,setl_00000004,
pay_260312000170,order_260312003,1257.00,upi_apps,25.14,2026-03-12T19:59:00+05:30,captured,setl_00000004,
pay_260312000171,order_260312003,716.00,card,14.32,2026-03-12T22:50:00+05:30,captured,setl_00000004,
pay_260312000172,order_260312003,1314.00,upi_apps,26.28,2026-03-12T22:43:00+05:30,captured,setl_00000004,
pay_260312000173,order_260312003,5113.00,upi_apps,102.26,2026-03-12T20:50:00+05:30,captured,setl_00000004,
pay_260312000174,order_260312003,4091.00,netbanking,36.81,2026-03-12T14:10:00+05:30,captured,setl_00000004,
pay_260312000175,order_260312003,2266.00,card,45.32,2026-03-12T08:01:00+05:30,captured,setl_00000004,
pay_260312000176,order_260312003,2583.00,upi_apps,51.66,2026-03-12T09:49:00+05:30,captured,setl_00000004,
pay_260312000177,order_260312003,2980.00,card,59.60,2026-03-12T14:17:00+05:30,captured,setl_00000004,
pay_260312000178,order_260312003,4042.00,upi_apps,80.84,2026-03-12T11:56:00+05:30,captured,setl_00000004,
pay_260312000179,order_260312003,5104.00,upi_apps,102.08,2026-03-12T16:00:00+05:30,captured,setl_00000004,
pay_260312000180,order_260312003,2431.00,upi_apps,48.62,2026-03-12T14:18:00+05:30,captured,setl_00000004,
pay_260312000181,order_260312003,2025.00,netbanking,18.22,2026-03-12T12:02:00+05:30,captured,setl_00000004,
pay_260312000182,order_260312003,860.00,upi_apps,17.20,2026-03-12T16:51:00+05:30,captured,setl_00000004,
pay_260312000183,order_260312003,2625.00,upi_apps,52.50,2026-03-12T08:22:00+05:30,captured,setl_00000004,
pay_260313000184,order_260313004,2225.00,upi_apps,44.50,2026-03-13T11:38:00+05:30,captured,setl_00000005,
pay_260313000185,order_260313004,1780.00,upi_apps,35.60,2026-03-13T09:25:00+05:30,captured,setl_00000005,
pay_260313000186,order_260313004,852.00,upi_apps,17.04,2026-03-13T19:28:00+05:30,captured,setl_00000005,
pay_260313000187,order_260313004,670.00,card,13.40,2026-03-13T10:27:00+05:30,captured,setl_00000005,
pay_260313000188,order_260313004,2877.00,upi_apps,57.54,2026-03-13T13:54:00+05:30,captured,setl_00000005,
pay_260313000189,order_260313004,3326.00,card,66.52,2026-03-13T13:40:00+05:30,captured,setl_00000005,
pay_260313000190,order_260313004,3778.00,upi_apps,75.56,2026-03-13T09:57:00+05:30,captured,setl_00000005,
pay_260313000191,order_260313004,4551.00,upi_apps,91.02,2026-03-13T17:42:00+05:30,captured,setl_00000005,
pay_260313000192,order_260313004,4668.00,card,93.36,2026-03-13T20:01:00+05:30,captured,setl_00000005,
pay_260313000193,order_260313004,604.00,card,12.08,2026-03-13T16:00:00+05:30,captured,setl_00000005,
pay_260313000194,order_260313004,4646.00,card,92.92,2026-03-13T12:27:00+05:30,captured,setl_00000005,
pay_260313000195,order_260313004,2660.00,card,53.20,2026-03-13T21:56:00+05:30,captured,setl_00000005,
pay_260313000196,order_260313004,3170.00,wallet,63.40,2026-03-13T15:06:00+05:30,captured,setl_00000005,
pay_260313000197,order_260313004,1902.00,upi_apps,38.04,2026-03-13T21:27:00+05:30,captured,setl_00000005,
pay_260313000198,order_260313004,3468.00,netbanking,31.21,2026-03-13T14:29:00+05:30,captured,setl_00000005,
pay_260313000199,order_260313004,3557.00,card,71.14,2026-03-13T16:57:00+05:30,captured,setl_00000005,
pay_260313000200,order_260313004,3495.00,upi_apps,69.90,2026-03-13T16:56:00+05:30,captured,setl_00000005,
pay_260313000201,order_260313004,1803.00,upi_apps,36.06,2026-03-13T19:33:00+05:30,captured,setl_00000005,
pay_260313000202,order_260313004,5356.00,upi_apps,107.12,2026-03-13T14:55:00+05:30,captured,setl_00000005,
pay_260313000203,order_260313004,694.00,upi_apps,13.88,2026-03-13T10:09:00+05:30,captured,setl_00000005,
pay_260313000204,order_260313004,2864.00,card,57.28,2026-03-13T20:12:00+05:30,captured,setl_00000005,
pay_260313000205,order_260313004,2452.00,card,49.04,2026-03-13T10:36:00+05:30,captured,setl_00000005,
pay_260313000206,order_260313004,2016.00,card,40.32,2026-03-13T22:01:00+05:30,captured,setl_00000005,
pay_260313000207,order_260313004,3772.00,card,75.44,2026-03-13T15:11:00+05:30,captured,setl_00000005,
pay_260313000208,order_260313004,3888.00,upi_apps,77.76,2026-03-13T09:46:00+05:30,captured,setl_00000005,
pay_260313000209,order_260313004,4165.00,card,83.30,2026-03-13T08:01:00+05:30,captured,setl_00000005,
pay_260313000210,order_260313004,2946.00,upi_apps,58.92,2026-03-13T18:34:00+05:30,captured,setl_00000005,
pay_260313000211,order_260313004,1043.00,wallet,20.86,2026-03-13T16:05:00+05:30,captured,setl_00000005,
pay_260313000212,order_260313004,4217.00,card,84.34,2026-03-13T15:26:00+05:30,captured,setl_00000005,
pay_260313000213,order_260313004,5080.00,upi_apps,101.60,2026-03-13T19:58:00+05:30,captured,setl_00000005,
pay_260313000214,order_260313004,3899.00,card,77.98,2026-03-13T09:22:00+05:30,captured,setl_00000005,
pay_260313000215,order_260313004,908.00,upi_apps,18.16,2026-03-13T08:38:00+05:30,captured,setl_00000005,
pay_260313000216,order_260313004,4678.00,card,93.56,2026-03-13T22:42:00+05:30,captured,setl_00000005,
pay_260313000217,order_260313004,3713.00,upi_apps,74.26,2026-03-13T19:50:00+05:30,captured,setl_00000005,
pay_260313000218,order_260313004,1132.00,upi_apps,22.64,2026-03-13T20:22:00+05:30,captured,setl_00000005,
pay_260313000219,order_260313004,1660.00,upi_apps,33.20,2026-03-13T13:25:00+05:30,captured,setl_00000005,
pay_260313000220,order_260313004,2966.00,netbanking,26.69,2026-03-13T21:01:00+05:30,captured,setl_00000005,
pay_260313000221,order_260313004,1731.00,wallet,34.62,2026-03-13T16:27:00+05:30,captured,setl_00000005,
pay_260313000222,order_260313004,1079.00,upi_apps,21.58,2026-03-13T18:20:00+05:30,captured,setl_00000005,
pay_260313000223,order_260313004,2391.00,netbanking,21.51,2026-03-13T21:22:00+05:30,captured,setl_00000005,
pay_260313000224,order_260313004,841.00,netbanking,7.56,2026-03-13T22:05:00+05:30,captured,setl_00000005,
pay_260313000225,order_260313004,4030.00,upi_apps,80.60,2026-03-13T10:21:00+05:30,captured,setl_00000005,
pay_260313000226,order_260313004,832.00,card,16.64,2026-03-13T21:01:00+05:30,captured,setl_00000005,
pay_260313000227,order_260313004,1530.00,upi_apps,30.60,2026-03-13T21:40:00+05:30,captured,setl_00000005,
pay_260313000228,order_260313004,1896.00,upi_apps,37.92,2026-03-13T17:40:00+05:30,captured,setl_00000005,
pay_260313000229,order_260313004,3456.00,upi_apps,69.12,2026-03-13T22:16:00+05:30,captured,setl_00000005,
pay_260313000230,order_260313004,2978.00,card,59.56,2026-03-13T20:00:00+05:30,captured,setl_00000005,
pay_260313000231,order_260313004,3190.00,netbanking,28.71,2026-03-13T20:47:00+05:30,captured,setl_00000005,
pay_260313000232,order_260313004,3792.00,card,75.84,2026-03-13T21:32:00+05:30,captured,setl_00000005,
pay_260313000233,order_260313004,3717.00,upi_apps,74.34,2026-03-13T08:40:00+05:30,captured,setl_00000005,
pay_260313000234,order_260313004,4229.00,wallet,84.58,2026-03-13T09:47:00+05:30,captured,setl_00000005,
pay_260313000235,order_260313004,4848.00,card,96.96,2026-03-13T18:02:00+05:30,captured,setl_00000005,
pay_260314000236,order_260314005,3203.00,upi_apps,64.06,2026-03-14T14:43:00+05:30,captured,setl_00000006,
pay_260314000237,order_260314005,3878.00,wallet,77.56,2026-03-14T13:18:00+05:30,captured,setl_00000006,
pay_260314000238,order_260314005,1972.00,card,39.44,2026-03-14T09:03:00+05:30,captured,setl_00000006,
pay_260314000239,order_260314005,3303.00,upi_apps,66.06,2026-03-14T21:28:00+05:30,captured,setl_00000006,
pay_260314000240,order_260314005,4114.00,upi_apps,82.28,2026-03-14T13:44:00+05:30,captured,setl_00000006,
pay_260314000241,order_260314005,4102.00,netbanking,36.91,2026-03-14T20:09:00+05:30,captured,setl_00000006,
pay_260314000242,order_260314005,2009.00,netbanking,18.08,2026-03-14T14:01:00+05:30,captured,setl_00000006,
pay_260314000243,order_260314005,475.00,wallet,9.50,2026-03-14T08:53:00+05:30,captured,setl_00000006,
pay_260314000244,order_260314005,4818.00,card,96.36,2026-03-14T16:16:00+05:30,captured,setl_00000006,
pay_260314000245,order_260314005,1067.00,upi_apps,21.34,2026-03-14T18:43:00+05:30,captured,setl_00000006,
pay_260314000246,order_260314005,2280.00,wallet,45.60,2026-03-14T08:31:00+05:30,captured,setl_00000006,
pay_260314000247,order_260314005,2388.00,upi_apps,47.76,2026-03-14T22:46:00+05:30,captured,setl_00000006,
pay_260314000248,order_260314005,1685.00,card,33.70,2026-03-14T11:51:00+05:30,captured,setl_00000006,
pay_260314000249,order_260314005,3561.00,wallet,71.22,2026-03-14T17:34:00+05:30,captured,setl_00000006,
pay_260314000250,order_260314005,4533.00,netbanking,40.79,2026-03-14T16:54:00+05:30,captured,setl_00000006,
pay_260314000251,order_260314005,4436.00,card,88.72,2026-03-14T08:56:00+05:30,captured,setl_00000006,
pay_260314000252,order_260314005,4664.00,upi_apps,93.28,2026-03-14T08:49:00+05:30,captured,setl_00000006,
pay_260316000253,order_260316006,4676.00,upi_apps,93.52,2026-03-16T20:51:00+05:30,captured,setl_00000007,
pay_260316000254,order_260316006,2180.00,card,43.60,2026-03-16T22:14:00+05:30,captured,setl_00000007,
pay_260316000255,order_260316006,568.00,upi_apps,11.36,2026-03-16T11:05:00+05:30,captured,setl_00000007,
pay_260316000256,order_260316006,536.00,card,10.72,2026-03-16T12:48:00+05:30,captured,setl_00000007,
pay_260316000257,order_260316006,1841.00,upi_apps,36.82,2026-03-16T17:32:00+05:30,captured,setl_00000007,
pay_260316000258,order_260316006,1872.00,upi_apps,37.44,2026-03-16T14:03:00+05:30,captured,setl_00000007,
pay_260316000259,order_260316006,2870.00,upi_apps,57.40,2026-03-16T11:14:00+05:30,captured,setl_00000007,
pay_260316000260,order_260316006,2233.00,upi_apps,44.66,2026-03-16T17:56:00+05:30,captured,setl_00000007,
pay_260316000261,order_260316006,3356.00,upi_apps,67.12,2026-03-16T22:32:00+05:30,captured,setl_00000007,
pay_260316000262,order_260316006,5344.00,upi_apps,106.88,2026-03-16T16:57:00+05:30,captured,setl_00000007,
pay_260316000263,order_260316006,5108.00,card,102.16,2026-03-16T10:01:00+05:30,captured,setl_00000007,
pay_260316000264,order_260316006,4054.00,card,81.08,2026-03-16T08:10:00+05:30,captured,setl_00000007,
pay_260316000265,order_260316006,3637.00,upi_apps,72.74,2026-03-16T16:02:00+05:30,captured,setl_00000007,
pay_260316000266,order_260316006,3160.00,card,63.20,2026-03-16T11:46:00+05:30,captured,setl_00000007,
pay_260316000267,order_260316006,4210.00,card,84.20,2026-03-16T15:17:00+05:30,captured,setl_00000007,
pay_260316000268,order_260316006,2535.00,upi_apps,50.70,2026-03-16T13:57:00+05:30,captured,setl_00000007,
pay_260316000269,order_260316006,763.00,netbanking,6.86,2026-03-16T09:16:00+05:30,captured,setl_00000007,
pay_260316000270,order_260316006,2951.00,upi_apps,59.02,2026-03-16T11:16:00+05:30,captured,setl_00000007,
pay_260316000271,order_260316006,1089.00,netbanking,9.80,2026-03-16T10:18:00+05:30,captured,setl_00000007,
pay_260316000272,order_260316006,1627.00,wallet,32.54,2026-03-16T09:33:00+05:30,captured,setl_00000007,
pay_260316000273,order_260316006,4092.00,card,81.84,2026-03-16T16:19:00+05:30,captured,setl_00000007,
pay_260316000274,order_260316006,3939.00,netbanking,35.45,2026-03-16T08:17:00+05:30,captured,setl_00000007,
pay_260316000275,order_260316006,1831.00,upi_apps,36.62,2026-03-16T18:59:00+05:30,captured,setl_00000007,
pay_260316000276,order_260316006,3182.00,upi_apps,63.64,2026-03-16T16:23:00+05:30,captured,setl_00000007,
pay_260316000277,order_260316006,2534.00,wallet,50.68,2026-03-16T15:19:00+05:30,captured,setl_00000007,
pay_260316000278,order_260316006,4509.00,card,90.18,2026-03-16T10:05:00+05:30,captured,setl_00000007,
pay_260316000279,order_260316006,1909.00,upi_apps,38.18,2026-03-16T10:22:00+05:30,captured,setl_00000007,
pay_260316000280,order_260316006,1182.00,upi_apps,23.64,2026-03-16T20:50:00+05:30,captured,setl_00000007,
pay_260316000281,order_260316006,2935.00,upi_apps,58.70,2026-03-16T17:40:00+05:30,captured,setl_00000007,
pay_260316000282,order_260316006,1258.00,card,25.16,2026-03-16T20:15:00+05:30,captured,setl_00000007,
pay_260316000283,order_260316006,2819.00,card,56.38,2026-03-16T11:13:00+05:30,captured,setl_00000007,
pay_260316000284,order_260316006,1892.00,netbanking,17.02,2026-03-16T22:00:00+05:30,captured,setl_00000007,
pay_260316000285,order_260316006,4122.00,netbanking,37.09,2026-03-16T08:30:00+05:30,captured,setl_00000007,
pay_260316000286,order_260316006,4428.00,card,88.56,2026-03-16T08:37:00+05:30,captured,setl_00000007,
pay_260316000287,order_260316006,1193.00,netbanking,10.73,2026-03-16T17:52:00+05:30,captured,setl_00000007,
pay_260316000288,order_260316006,2216.00,upi_apps,44.32,2026-03-16T17:54:00+05:30,captured,setl_00000007,
pay_260316000289,order_260316006,3927.00,card,78.54,2026-03-16T09:15:00+05:30,captured,setl_00000007,
pay_260316000290,order_260316006,1097.00,netbanking,9.87,2026-03-16T19:39:00+05:30,captured,setl_00000007,
pay_260316000291,order_260316006,2342.00,upi_apps,46.84,2026-03-16T13:59:00+05:30,captured,setl_00000007,
pay_260316000292,order_260316006,530.00,card,10.60,2026-03-16T16:53:00+05:30,captured,setl_00000007,
pay_260316000293,order_260316006,4448.00,card,88.96,2026-03-16T15:33:00+05:30,captured,setl_00000007,
pay_260316000294,order_260316006,2911.00,netbanking,26.19,2026-03-16T10:58:00+05:30,captured,setl_00000007,
pay_260316000295,order_260316006,870.00,netbanking,7.82,2026-03-16T15:38:00+05:30,captured,setl_00000007,
pay_260317000296,order_260317007,3790.00,netbanking,34.10,2026-03-17T20:54:00+05:30,captured,setl_00000008,
pay_260317000297,order_260317007,3308.00,card,66.16,2026-03-17T11:34:00+05:30,captured,setl_00000008,
pay_260317000298,order_260317007,4488.00,upi_apps,89.76,2026-03-17T13:27:00+05:30,captured,setl_00000008,
pay_260317000299,order_260317007,4588.00,wallet,91.76,2026-03-17T11:04:00+05:30,captured,setl_00000008,
pay_260317000300,order_260317007,776.00,card,15.52,2026-03-17T16:06:00+05:30,captured,setl_00000008,
pay_260317000301,order_260317007,1227.00,wallet,24.54,2026-03-17T09:33:00+05:30,captured,setl_00000008,
pay_260317000302,order_260317007,4491.00,upi_apps,89.82,2026-03-17T19:48:00+05:30,captured,setl_00000008,
pay_260317000303,order_260317007,2972.00,netbanking,26.74,2026-03-17T20:46:00+05:30,captured,setl_00000008,
pay_260317000304,order_260317007,2902.00,upi_apps,58.04,2026-03-17T21:26:00+05:30,captured,setl_00000008,
pay_260317000305,order_260317007,1496.00,upi_apps,29.92,2026-03-17T18:26:00+05:30,captured,setl_00000008,
pay_260317000306,order_260317007,506.00,card,10.12,2026-03-17T09:21:00+05:30,captured,setl_00000008,
pay_260317000307,order_260317007,4319.00,netbanking,38.87,2026-03-17T13:35:00+05:30,captured,setl_00000008,
pay_260317000308,order_260317007,4488.00,netbanking,40.39,2026-03-17T19:39:00+05:30,captured,setl_00000008,
pay_260317000309,order_260317007,955.00,upi_apps,19.10,2026-03-17T10:42:00+05:30,captured,setl_00000008,
pay_260317000310,order_260317007,3538.00,upi_apps,70.76,2026-03-17T15:02:00+05:30,captured,setl_00000008,
pay_260317000311,order_260317007,4734.00,upi_apps,94.68,2026-03-17T11:19:00+05:30,captured,setl_00000008,
pay_260317000312,order_260317007,2642.00,netbanking,23.77,2026-03-17T08:29:00+05:30,captured,setl_00000008,
pay_260317000313,order_260317007,2607.00,card,52.14,2026-03-17T22:35:00+05:30,captured,setl_00000008,
pay_260317000314,order_260317007,2008.00,upi_apps,40.16,2026-03-17T20:45:00+05:30,captured,setl_00000008,
pay_260317000315,order_260317007,3524.00,netbanking,31.71,2026-03-17T09:16:00+05:30,captured,setl_00000008,
pay_260317000316,order_260317007,4785.00,card,95.70,2026-03-17T14:27:00+05:30,captured,setl_00000008,
pay_260317000317,order_260317007,3751.00,wallet,75.02,2026-03-17T11:17:00+05:30,captured,setl_00000008,
pay_260317000318,order_260317007,4724.00,card,94.48,2026-03-17T17:11:00+05:30,captured,setl_00000008,
pay_260317000319,order_260317007,4687.00,upi_apps,93.74,2026-03-17T10:21:00+05:30,captured,setl_00000008,
pay_260317000320,order_260317007,3073.00,card,61.46,2026-03-17T08:47:00+05:30,captured,setl_00000008,
pay_260317000321,order_260317007,3991.00,upi_apps,79.82,2026-03-17T22:18:00+05:30,captured,setl_00000008,
pay_260317000322,order_260317007,1391.00,card,27.82,2026-03-17T18:23:00+05:30,captured,setl_00000008,
pay_260317000323,order_260317007,1005.00,upi_apps,20.10,2026-03-17T19:35:00+05:30,captured,setl_00000008,
pay_260317000324,order_260317007,4247.00,upi_apps,84.94,2026-03-17T20:42:00+05:30,captured,setl_00000008,
pay_260317000325,order_260317007,1551.00,netbanking,13.95,2026-03-17T18:19:00+05:30,captured,setl_00000008,
pay_260317000326,order_260317007,5321.00,upi_apps,106.42,2026-03-17T13:41:00+05:30,captured,setl_00000008,
pay_260317000327,order_260317007,658.00,netbanking,5.92,2026-03-17T10:12:00+05:30,captured,setl_00000008,
pay_260317000328,order_260317007,702.00,wallet,14.04,2026-03-17T21:46:00+05:30,captured,setl_00000008,
pay_260317000329,order_260317007,3556.00,card,71.12,2026-03-17T16:05:00+05:30,captured,setl_00000008,
pay_260317000330,order_260317007,1959.00,netbanking,17.63,2026-03-17T13:06:00+05:30,captured,setl_00000008,
pay_260317000331,order_260317007,3777.00,wallet,75.54,2026-03-17T10:16:00+05:30,captured,setl_00000008,
pay_260317000332,order_260317007,2308.00,upi_apps,46.16,2026-03-17T15:28:00+05:30,captured,setl_00000008,
pay_260317000333,order_260317007,4874.00,upi_apps,97.48,2026-03-17T10:17:00+05:30,captured,setl_00000008,
pay_260317000334,order_260317007,3503.00,upi_apps,70.06,2026-03-17T13:19:00+05:30,captured,setl_00000008,
pay_260317000335,order_260317007,752.00,upi_apps,15.04,2026-03-17T20:41:00+05:30,captured,setl_00000008,
pay_260317000336,order_260317007,3865.00,netbanking,34.78,2026-03-17T13:25:00+05:30,captured,setl_00000008,
pay_260317000337,order_260317007,2143.00,upi_apps,42.86,2026-03-17T12:26:00+05:30,captured,setl_00000008,
pay_260317000338,order_260317007,5058.00,netbanking,45.52,2026-03-17T12:50:00+05:30,captured,setl_00000008,
pay_260317000339,order_260317007,3619.00,upi_apps,72.38,2026-03-17T12:16:00+05:30,captured,setl_00000008,
pay_260317000340,order_260317007,2563.00,card,51.26,2026-03-17T10:11:00+05:30,captured,setl_00000008,
pay_260317000341,order_260317007,1912.00,upi_apps,38.24,2026-03-17T17:49:00+05:30,captured,setl_00000008,
pay_260317000342,order_260317007,3394.00,upi_apps,67.88,2026-03-17T10:32:00+05:30,captured,setl_00000008,
pay_260317000343,order_260317007,4825.00,card,96.50,2026-03-17T15:13:00+05:30,captured,setl_00000008,
pay_260317000344,order_260317007,1122.00,netbanking,10.09,2026-03-17T17:56:00+05:30,captured,setl_00000008,
pay_260317000345,order_260317007,3403.00,upi_apps,68.06,2026-03-17T22:46:00+05:30,captured,setl_00000008,
pay_260317000346,order_260317007,3188.00,card,63.76,2026-03-17T21:15:00+05:30,captured,setl_00000008,
pay_260317000347,order_260317007,3060.00,wallet,61.20,2026-03-17T16:00:00+05:30,captured,setl_00000008,
pay_260317000348,order_260317007,1366.00,card,27.32,2026-03-17T21:48:00+05:30,captured,setl_00000008,
pay_260317000349,order_260317007,5229.00,upi_apps,104.58,2026-03-17T13:57:00+05:30,captured,setl_00000008,
pay_260317000350,order_260317007,1390.00,wallet,27.80,2026-03-17T20:36:00+05:30,captured,setl_00000008,
pay_260318000351,order_260318008,3751.00,upi_apps,75.02,2026-03-18T20:09:00+05:30,captured,setl_00000009,
pay_260318000352,order_260318008,3100.00,upi_apps,62.00,2026-03-18T20:44:00+05:30,captured,setl_00000009,
pay_260318000353,order_260318008,1006.00,upi_apps,20.12,2026-03-18T10:12:00+05:30,captured,setl_00000009,
pay_260318000354,order_260318008,2988.00,netbanking,26.89,2026-03-18T22:31:00+05:30,captured,setl_00000009,
pay_260318000355,order_260318008,1356.00,upi_apps,27.12,2026-03-18T09:27:00+05:30,captured,setl_00000009,
pay_260318000356,order_260318008,3918.00,netbanking,35.26,2026-03-18T18:24:00+05:30,captured,setl_00000009,
pay_260318000357,order_260318008,3434.00,card,68.68,2026-03-18T18:22:00+05:30,captured,setl_00000009,
pay_260318000358,order_260318008,783.00,card,15.66,2026-03-18T16:51:00+05:30,captured,setl_00000009,
pay_260318000359,order_260318008,5029.00,upi_apps,100.58,2026-03-18T11:19:00+05:30,captured,setl_00000009,
pay_260318000360,order_260318008,2110.00,upi_apps,42.20,2026-03-18T16:17:00+05:30,captured,setl_00000009,
pay_260318000361,order_260318008,1503.00,card,30.06,2026-03-18T22:18:00+05:30,captured,setl_00000009,
pay_260318000362,order_260318008,1758.00,upi_apps,35.16,2026-03-18T15:06:00+05:30,captured,setl_00000009,
pay_260318000363,order_260318008,3060.00,upi_apps,61.20,2026-03-18T19:31:00+05:30,captured,setl_00000009,
pay_260318000364,order_260318008,1516.00,upi_apps,30.32,2026-03-18T09:04:00+05:30,captured,setl_00000009,
pay_260318000365,order_260318008,1188.00,netbanking,10.69,2026-03-18T22:42:00+05:30,captured,setl_00000009,
pay_260318000366,order_260318008,1732.00,card,34.64,2026-03-18T19:19:00+05:30,captured,setl_00000009,
pay_260318000367,order_260318008,4733.00,card,94.66,2026-03-18T18:00:00+05:30,captured,setl_00000009,
pay_260318000368,order_260318008,1648.00,upi_apps,32.96,2026-03-18T19:10:00+05:30,captured,setl_00000009,
pay_260318000369,order_260318008,2286.00,wallet,45.72,2026-03-18T20:06:00+05:30,captured,setl_00000009,
pay_260318000370,order_260318008,2484.00,netbanking,22.35,2026-03-18T19:14:00+05:30,captured,setl_00000009,
pay_260318000371,order_260318008,4690.00,wallet,93.80,2026-03-18T19:11:00+05:30,captured,setl_00000009,
pay_260318000372,order_260318008,2372.00,card,47.44,2026-03-18T11:29:00+05:30,captured,setl_00000009,
pay_260318000373,order_260318008,1043.00,upi_apps,20.86,2026-03-18T17:27:00+05:30,captured,setl_00000009,
pay_260318000374,order_260318008,3243.00,card,64.86,2026-03-18T18:19:00+05:30,captured,setl_00000009,
pay_260318000375,order_260318008,821.00,netbanking,7.38,2026-03-18T13:48:00+05:30,captured,setl_00000009,
pay_260318000376,order_260318008,1751.00,netbanking,15.75,2026-03-18T19:24:00+05:30,captured,setl_00000009,
pay_260318000377,order_260318008,3389.00,upi_apps,67.78,2026-03-18T17:06:00+05:30,captured,setl_00000009,
pay_260318000378,order_260318008,2719.00,upi_apps,54.38,2026-03-18T09:12:00+05:30,captured,setl_00000009,
pay_260318000379,order_260318008,4207.00,wallet,84.14,2026-03-18T18:28:00+05:30,captured,setl_00000009,
pay_260318000380,order_260318008,4046.00,upi_apps,80.92,2026-03-18T11:00:00+05:30,captured,setl_00000009,
pay_260318000381,order_260318008,4797.00,upi_apps,95.94,2026-03-18T14:39:00+05:30,captured,setl_00000009,
pay_260318000382,order_260318008,1490.00,card,29.80,2026-03-18T10:22:00+05:30,captured,setl_00000009,
pay_260318000383,order_260318008,2618.00,upi_apps,52.36,2026-03-18T19:37:00+05:30,captured,setl_00000009,
pay_260318000384,order_260318008,2086.00,upi_apps,41.72,2026-03-18T09:11:00+05:30,captured,setl_00000009,
pay_260318000385,order_260318008,5041.00,card,100.82,2026-03-18T17:36:00+05:30,captured,setl_00000009,
pay_260318000386,order_260318008,5114.00,upi_apps,102.28,2026-03-18T09:21:00+05:30,captured,setl_00000009,
pay_260318000387,order_260318008,1483.00,upi_apps,29.66,2026-03-18T16:12:00+05:30,captured,setl_00000009,
pay_260318000388,order_260318008,1634.00,wallet,32.68,2026-03-18T10:17:00+05:30,captured,setl_00000009,
pay_260318000389,order_260318008,4202.00,upi_apps,84.04,2026-03-18T11:15:00+05:30,captured,setl_00000009,
pay_260318000390,order_260318008,1501.00,upi_apps,30.02,2026-03-18T10:47:00+05:30,captured,setl_00000009,
pay_260318000391,order_260318008,813.00,netbanking,7.31,2026-03-18T11:22:00+05:30,captured,setl_00000009,
pay_260318000392,order_260318008,3196.00,netbanking,28.76,2026-03-18T16:07:00+05:30,captured,setl_00000009,
pay_260318000393,order_260318008,1672.00,wallet,33.44,2026-03-18T18:45:00+05:30,captured,setl_00000009,
pay_260318000394,order_260318008,3857.00,card,77.14,2026-03-18T22:37:00+05:30,captured,setl_00000009,
pay_260318000395,order_260318008,2277.00,netbanking,20.49,2026-03-18T09:18:00+05:30,captured,setl_00000009,
pay_260318000396,order_260318008,689.00,upi_apps,13.78,2026-03-18T09:33:00+05:30,captured,setl_00000009,
pay_260318000397,order_260318008,1351.00,upi_apps,27.02,2026-03-18T22:54:00+05:30,captured,setl_00000009,
pay_260318000398,order_260318008,1102.00,upi_apps,22.04,2026-03-18T17:26:00+05:30,captured,setl_00000009,
pay_260318000399,order_260318008,5339.00,wallet,106.78,2026-03-18T10:37:00+05:30,captured,setl_00000009,
pay_260318000400,order_260318008,4887.00,card,97.74,2026-03-18T10:11:00+05:30,captured,setl_00000009,
pay_260318000401,order_260318008,1782.00,card,35.64,2026-03-18T12:20:00+05:30,captured,setl_00000009,
pay_260318000402,order_260318008,4099.00,upi_apps,81.98,2026-03-18T16:23:00+05:30,captured,setl_00000009,
pay_260318000403,order_260318008,4497.00,wallet,89.94,2026-03-18T10:18:00+05:30,captured,setl_00000009,
pay_260318000404,order_260318008,466.00,card,9.32,2026-03-18T15:23:00+05:30,captured,setl_00000009,
pay_260319000405,order_260319009,5002.00,card,100.04,2026-03-19T08:13:00+05:30,captured,setl_00000010,
pay_260319000406,order_260319009,3642.00,upi_apps,72.84,2026-03-19T16:15:00+05:30,captured,setl_00000010,
pay_260319000407,order_260319009,3528.00,card,70.56,2026-03-19T22:56:00+05:30,captured,setl_00000010,
pay_260319000408,order_260319009,3884.00,upi_apps,77.68,2026-03-19T20:45:00+05:30,captured,setl_00000010,
pay_260319000409,order_260319009,4555.00,upi_apps,91.10,2026-03-19T11:02:00+05:30,captured,setl_00000010,
pay_260319000410,order_260319009,1835.00,upi_apps,36.70,2026-03-19T21:10:00+05:30,captured,setl_00000010,
pay_260319000411,order_260319009,1682.00,card,33.64,2026-03-19T20:24:00+05:30,captured,setl_00000010,
pay_260319000412,order_260319009,3315.00,upi_apps,66.30,2026-03-19T13:59:00+05:30,captured,setl_00000010,
pay_260319000413,order_260319009,3649.00,card,72.98,2026-03-19T16:01:00+05:30,captured,setl_00000010,
pay_260319000414,order_260319009,733.00,upi_apps,14.66,2026-03-19T14:17:00+05:30,captured,setl_00000010,
pay_260319000415,order_260319009,4392.00,card,87.84,2026-03-19T20:31:00+05:30,captured,setl_00000010,
pay_260319000416,order_260319009,3249.00,netbanking,29.24,2026-03-19T18:55:00+05:30,captured,setl_00000010,
pay_260319000417,order_260319009,1319.00,upi_apps,26.38,2026-03-19T12:32:00+05:30,captured,setl_00000010,
pay_260319000418,order_260319009,1724.00,card,34.48,2026-03-19T08:53:00+05:30,captured,setl_00000010,
pay_260319000419,order_260319009,3794.00,card,75.88,2026-03-19T21:15:00+05:30,captured,setl_00000010,
pay_260319000420,order_260319009,4411.00,netbanking,39.69,2026-03-19T16:46:00+05:30,captured,setl_00000010,
pay_260319000421,order_260319009,2798.00,upi_apps,55.96,2026-03-19T18:25:00+05:30,captured,setl_00000010,
pay_260319000422,order_260319009,818.00,upi_apps,16.36,2026-03-19T18:14:00+05:30,captured,setl_00000010,
pay_260319000423,order_260319009,4178.00,card,83.56,2026-03-19T14:47:00+05:30,captured,setl_00000010,
pay_260319000424,order_260319009,927.00,wallet,18.54,2026-03-19T21:41:00+05:30,captured,setl_00000010,
pay_260319000425,order_260319009,2487.00,card,49.74,2026-03-19T15:50:00+05:30,captured,setl_00000010,
pay_260319000426,order_260319009,4336.00,card,86.72,2026-03-19T18:55:00+05:30,captured,setl_00000010,
pay_260319000427,order_260319009,3399.00,card,67.98,2026-03-19T19:06:00+05:30,captured,setl_00000010,
pay_260319000428,order_260319009,3133.00,netbanking,28.19,2026-03-19T22:45:00+05:30,captured,setl_00000010,
pay_260319000429,order_260319009,1929.00,card,38.58,2026-03-19T17:02:00+05:30,captured,setl_00000010,
pay_260319000430,order_260319009,4334.00,card,86.68,2026-03-19T12:44:00+05:30,captured,setl_00000010,
pay_260319000431,order_260319009,5041.00,upi_apps,100.82,2026-03-19T14:09:00+05:30,captured,setl_00000010,
pay_260319000432,order_260319009,3398.00,upi_apps,67.96,2026-03-19T19:01:00+05:30,captured,setl_00000010,
pay_260319000433,order_260319009,3865.00,card,77.30,2026-03-19T19:33:00+05:30,captured,setl_00000010,
pay_260319000434,order_260319009,4644.00,upi_apps,92.88,2026-03-19T10:17:00+05:30,captured,setl_00000010,
pay_260319000435,order_260319009,5299.00,wallet,105.98,2026-03-19T17:17:00+05:30,captured,setl_00000010,
pay_260319000436,order_260319009,4163.00,upi_apps,83.26,2026-03-19T12:19:00+05:30,captured,setl_00000010,
pay_260319000437,order_260319009,3867.00,upi_apps,77.34,2026-03-19T18:10:00+05:30,captured,setl_00000010,
pay_260319000438,order_260319009,584.00,upi_apps,11.68,2026-03-19T14:28:00+05:30,captured,setl_00000010,
pay_260319000439,order_260319009,4615.00,upi_apps,92.30,2026-03-19T14:54:00+05:30,captured,setl_00000010,
pay_260319000440,order_260319009,4032.00,upi_apps,80.64,2026-03-19T14:47:00+05:30,captured,setl_00000010,
pay_260320000441,order_260320010,4151.00,upi_apps,83.02,2026-03-20T22:26:00+05:30,captured,setl_00000011,
pay_260320000442,order_260320010,3171.00,card,63.42,2026-03-20T14:58:00+05:30,captured,setl_00000011,
pay_260320000443,order_260320010,2745.00,upi_apps,54.90,2026-03-20T13:32:00+05:30,captured,setl_00000011,
pay_260320000444,order_260320010,3784.00,upi_apps,75.68,2026-03-20T18:37:00+05:30,captured,setl_00000011,
pay_260320000445,order_260320010,1052.00,card,21.04,2026-03-20T13:24:00+05:30,captured,setl_00000011,
pay_260320000446,order_260320010,1419.00,upi_apps,28.38,2026-03-20T13:19:00+05:30,captured,setl_00000011,
pay_260320000447,order_260320010,1500.00,wallet,30.00,2026-03-20T12:24:00+05:30,captured,setl_00000011,
pay_260320000448,order_260320010,5400.00,card,108.00,2026-03-20T13:14:00+05:30,captured,setl_00000011,
pay_260320000449,order_260320010,4378.00,wallet,87.56,2026-03-20T10:18:00+05:30,captured,setl_00000011,
pay_260320000450,order_260320010,1698.00,upi_apps,33.96,2026-03-20T21:48:00+05:30,captured,setl_00000011,
pay_260320000451,order_260320010,4554.00,upi_apps,91.08,2026-03-20T21:15:00+05:30,captured,setl_00000011,
pay_260320000452,order_260320010,1582.00,upi_apps,31.64,2026-03-20T08:25:00+05:30,captured,setl_00000011,
pay_260320000453,order_260320010,4991.00,upi_apps,99.82,2026-03-20T21:57:00+05:30,captured,setl_00000011,
pay_260320000454,order_260320010,1131.00,card,22.62,2026-03-20T22:38:00+05:30,captured,setl_00000011,
pay_260320000455,order_260320010,1832.00,upi_apps,36.64,2026-03-20T20:24:00+05:30,captured,setl_00000011,
pay_260320000456,order_260320010,2573.00,wallet,51.46,2026-03-20T19:27:00+05:30,captured,setl_00000011,
pay_260320000457,order_260320010,2949.00,netbanking,26.54,2026-03-20T16:42:00+05:30,captured,setl_00000011,
pay_260320000458,order_260320010,811.00,upi_apps,16.22,2026-03-20T16:14:00+05:30,captured,setl_00000011,
pay_260320000459,order_260320010,4206.00,card,84.12,2026-03-20T08:44:00+05:30,captured,setl_00000011,
pay_260320000460,order_260320010,4653.00,wallet,93.06,2026-03-20T08:39:00+05:30,captured,setl_00000011,
pay_260320000461,order_260320010,2079.00,upi_apps,41.58,2026-03-20T20:56:00+05:30,captured,setl_00000011,
pay_260320000462,order_260320010,946.00,upi_apps,18.92,2026-03-20T16:31:00+05:30,captured,setl_00000011,
pay_260320000463,order_260320010,831.00,card,16.62,2026-03-20T13:53:00+05:30,captured,setl_00000011,
pay_260320000464,order_260320010,2968.00,netbanking,26.71,2026-03-20T13:42:00+05:30,captured,setl_00000011,
pay_260320000465,order_260320010,625.00,netbanking,5.62,2026-03-20T21:50:00+05:30,captured,setl_00000011,
pay_260320000466,order_260320010,5259.00,card,105.18,2026-03-20T10:15:00+05:30,captured,setl_00000011,
pay_260320000467,order_260320010,3082.00,netbanking,27.73,2026-03-20T13:58:00+05:30,captured,setl_00000011,
pay_260320000468,order_260320010,2648.00,upi_apps,52.96,2026-03-20T22:42:00+05:30,captured,setl_00000011,
pay_260320000469,order_260320010,3059.00,upi_apps,61.18,2026-03-20T12:35:00+05:30,captured,setl_00000011,
pay_260320000470,order_260320010,2557.00,card,51.14,2026-03-20T22:04:00+05:30,captured,setl_00000011,
pay_260320000471,order_260320010,3661.00,upi_apps,73.22,2026-03-20T19:14:00+05:30,captured,setl_00000011,
pay_260320000472,order_260320010,3832.00,netbanking,34.48,2026-03-20T21:26:00+05:30,captured,setl_00000011,
pay_260320000473,order_260320010,5018.00,upi_apps,100.36,2026-03-20T11:09:00+05:30,captured,setl_00000011,
pay_260320000474,order_260320010,2651.00,upi_apps,53.02,2026-03-20T15:28:00+05:30,captured,setl_00000011,
pay_260320000475,order_260320010,3752.00,upi_apps,75.04,2026-03-20T19:51:00+05:30,captured,setl_00000011,
pay_260320000476,order_260320010,3586.00,upi_apps,71.72,2026-03-20T18:24:00+05:30,captured,setl_00000011,
pay_260321000477,order_260321011,2731.00,netbanking,24.57,2026-03-21T13:39:00+05:30,captured,setl_00000012,
pay_260321000478,order_260321011,2066.00,upi_apps,41.32,2026-03-21T13:23:00+05:30,captured,setl_00000012,
pay_260322000479,order_260322012,4495.00,card,89.90,2026-03-22T12:28:00+05:30,captured,setl_00000013,
pay_260322000480,order_260322012,873.00,upi_apps,17.46,2026-03-22T15:20:00+05:30,captured,setl_00000013,
pay_260322000481,order_260322012,4673.00,netbanking,42.05,2026-03-22T20:13:00+05:30,captured,setl_00000013,
pay_260322000482,order_260322012,2733.00,upi_apps,54.66,2026-03-22T20:27:00+05:30,captured,setl_00000013,
pay_260322000483,order_260322012,3760.00,netbanking,33.83,2026-03-22T14:54:00+05:30,captured,setl_00000013,
pay_260322000484,order_260322012,1712.00,netbanking,15.40,2026-03-22T21:03:00+05:30,captured,setl_00000013,
pay_260322000485,order_260322012,1192.00,upi_apps,23.84,2026-03-22T17:15:00+05:30,captured,setl_00000013,
pay_260323000486,order_260323013,3198.00,card,63.96,2026-03-23T21:59:00+05:30,captured,setl_00000014,
pay_260323000487,order_260323013,3921.00,upi_apps,78.42,2026-03-23T13:08:00+05:30,captured,setl_00000014,
pay_260323000488,order_260323013,2042.00,netbanking,18.37,2026-03-23T09:27:00+05:30,captured,setl_00000014,
pay_260323000489,order_260323013,4922.00,card,98.44,2026-03-23T13:21:00+05:30,captured,setl_00000014,
pay_260323000490,order_260323013,1574.00,netbanking,14.16,2026-03-23T08:58:00+05:30,captured,setl_00000014,
pay_260323000491,order_260323013,1959.00,netbanking,17.63,2026-03-23T17:55:00+05:30,captured,setl_00000014,
pay_260323000492,order_260323013,4320.00,netbanking,38.87,2026-03-23T20:45:00+05:30,captured,setl_00000014,
pay_260323000493,order_260323013,4511.00,card,90.22,2026-03-23T16:50:00+05:30,captured,setl_00000014,
pay_260323000494,order_260323013,3803.00,upi_apps,76.06,2026-03-23T22:43:00+05:30,captured,setl_00000014,
pay_260323000495,order_260323013,4005.00,upi_apps,80.10,2026-03-23T16:05:00+05:30,captured,setl_00000014,
pay_260323000496,order_260323013,499.00,netbanking,4.49,2026-03-23T19:19:00+05:30,captured,setl_00000014,
pay_260323000497,order_260323013,2232.00,card,44.64,2026-03-23T13:23:00+05:30,captured,setl_00000014,
pay_260323000498,order_260323013,2820.00,upi_apps,56.40,2026-03-23T14:45:00+05:30,captured,setl_00000014,
pay_260323000499,order_260323013,3294.00,card,65.88,2026-03-23T08:40:00+05:30,captured,setl_00000014,
pay_260323000500,order_260323013,2446.00,upi_apps,48.92,2026-03-23T15:29:00+05:30,captured,setl_00000014,
pay_260323000501,order_260323013,3378.00,upi_apps,67.56,2026-03-23T21:37:00+05:30,captured,setl_00000014,
pay_260323000502,order_260323013,3157.00,upi_apps,63.14,2026-03-23T14:42:00+05:30,captured,setl_00000014,
pay_260323000503,order_260323013,4006.00,netbanking,36.05,2026-03-23T22:30:00+05:30,captured,setl_00000014,
pay_260323000504,order_260323013,2268.00,wallet,45.36,2026-03-23T18:01:00+05:30,captured,setl_00000014,
pay_260323000505,order_260323013,2191.00,netbanking,19.71,2026-03-23T12:00:00+05:30,captured,setl_00000014,
pay_260323000506,order_260323013,862.00,upi_apps,17.24,2026-03-23T19:57:00+05:30,captured,setl_00000014,
pay_260323000507,order_260323013,4471.00,upi_apps,89.42,2026-03-23T12:50:00+05:30,captured,setl_00000014,
pay_260323000508,order_260323013,3360.00,card,67.20,2026-03-23T16:46:00+05:30,captured,setl_00000014,
pay_260323000509,order_260323013,4242.00,netbanking,38.17,2026-03-23T15:09:00+05:30,captured,setl_00000014,
pay_260323000510,order_260323013,1700.00,card,34.00,2026-03-23T14:24:00+05:30,captured,setl_00000014,
pay_260323000511,order_260323013,4462.00,netbanking,40.15,2026-03-23T09:26:00+05:30,captured,setl_00000014,
pay_260323000512,order_260323013,924.00,netbanking,8.31,2026-03-23T18:56:00+05:30,captured,setl_00000014,
pay_260323000513,order_260323013,4482.00,card,89.64,2026-03-23T14:23:00+05:30,captured,setl_00000014,
pay_260323000514,order_260323013,1345.00,upi_apps,26.90,2026-03-23T21:31:00+05:30,captured,setl_00000014,
pay_260323000515,order_260323013,5274.00,card,105.48,2026-03-23T17:40:00+05:30,captured,setl_00000014,
pay_260323000516,order_260323013,3519.00,card,70.38,2026-03-23T15:38:00+05:30,captured,setl_00000014,
pay_260323000517,order_260323013,4248.00,card,84.96,2026-03-23T16:28:00+05:30,captured,setl_00000014,
pay_260323000518,order_260323013,818.00,wallet,16.36,2026-03-23T10:39:00+05:30,captured,setl_00000014,
pay_260323000519,order_260323013,5155.00,netbanking,46.39,2026-03-23T15:09:00+05:30,captured,setl_00000014,
pay_260323000520,order_260323013,3704.00,wallet,74.08,2026-03-23T14:44:00+05:30,captured,setl_00000014,
pay_260323000521,order_260323013,3931.00,card,78.62,2026-03-23T09:22:00+05:30,captured,setl_00000014,
pay_260323000522,order_260323013,1726.00,upi_apps,34.52,2026-03-23T21:41:00+05:30,captured,setl_00000014,
pay_260323000523,order_260323013,3426.00,netbanking,30.83,2026-03-23T12:12:00+05:30,captured,setl_00000014,
pay_260323000524,order_260323013,2980.00,card,59.60,2026-03-23T08:10:00+05:30,captured,setl_00000014,
pay_260323000525,order_260323013,3983.00,card,79.66,2026-03-23T10:44:00+05:30,captured,setl_00000014,
pay_260323000526,order_260323013,3123.00,netbanking,28.10,2026-03-23T15:53:00+05:30,captured,setl_00000014,
pay_260323000527,order_260323013,1863.00,card,37.26,2026-03-23T10:06:00+05:30,captured,setl_00000014,
pay_260323000528,order_260323013,1196.00,card,23.92,2026-03-23T13:27:00+05:30,captured,setl_00000014,
pay_260323000529,order_260323013,876.00,wallet,17.52,2026-03-23T11:21:00+05:30,captured,setl_00000014,
pay_260323000530,order_260323013,2915.00,upi_apps,58.30,2026-03-23T11:28:00+05:30,captured,setl_00000014,
pay_260324000531,order_260324014,3995.00,upi_apps,79.90,2026-03-24T20:01:00+05:30,captured,setl_00000015,
pay_260324000532,order_260324014,3149.00,upi_apps,62.98,2026-03-24T18:06:00+05:30,captured,setl_00000015,
pay_260324000533,order_260324014,2442.00,netbanking,21.97,2026-03-24T11:49:00+05:30,captured,setl_00000015,
pay_260324000534,order_260324014,5242.00,upi_apps,104.84,2026-03-24T22:54:00+05:30,captured,setl_00000015,
pay_260324000535,order_260324014,4338.00,netbanking,39.04,2026-03-24T20:12:00+05:30,captured,setl_00000015,
pay_260324000536,order_260324014,2530.00,upi_apps,50.60,2026-03-24T10:09:00+05:30,captured,setl_00000015,
pay_260324000537,order_260324014,758.00,card,15.16,2026-03-24T19:22:00+05:30,captured,setl_00000015,
pay_260324000538,order_260324014,1455.00,card,29.10,2026-03-24T14:34:00+05:30,captured,setl_00000015,
pay_260324000539,order_260324014,3663.00,card,73.26,2026-03-24T20:35:00+05:30,captured,setl_00000015,
pay_260324000540,order_260324014,1948.00,card,38.96,2026-03-24T14:58:00+05:30,captured,setl_00000015,
pay_260324000541,order_260324014,2249.00,wallet,44.98,2026-03-24T17:41:00+05:30,captured,setl_00000015,
pay_260324000542,order_260324014,1726.00,card,34.52,2026-03-24T14:44:00+05:30,captured,setl_00000015,
pay_260324000543,order_260324014,5144.00,upi_apps,102.88,2026-03-24T10:49:00+05:30,captured,setl_00000015,
pay_260324000544,order_260324014,1390.00,card,27.80,2026-03-24T16:34:00+05:30,captured,setl_00000015,
pay_260324000545,order_260324014,2991.00,upi_apps,59.82,2026-03-24T22:07:00+05:30,captured,setl_00000015,
pay_260324000546,order_260324014,1418.00,upi_apps,28.36,2026-03-24T20:50:00+05:30,captured,setl_00000015,
pay_260324000547,order_260324014,3399.00,upi_apps,67.98,2026-03-24T09:18:00+05:30,captured,setl_00000015,
pay_260324000548,order_260324014,3905.00,upi_apps,78.10,2026-03-24T08:41:00+05:30,captured,setl_00000015,
pay_260324000549,order_260324014,2908.00,upi_apps,58.16,2026-03-24T08:08:00+05:30,captured,setl_00000015,
pay_260324000550,order_260324014,1187.00,card,23.74,2026-03-24T18:17:00+05:30,captured,setl_00000015,
pay_260324000551,order_260324014,4437.00,wallet,88.74,2026-03-24T10:58:00+05:30,captured,setl_00000015,
pay_260324000552,order_260324014,2283.00,upi_apps,45.66,2026-03-24T11:56:00+05:30,captured,setl_00000015,
pay_260324000553,order_260324014,1082.00,netbanking,9.73,2026-03-24T10:59:00+05:30,captured,setl_00000015,
pay_260324000554,order_260324014,3272.00,upi_apps,65.44,2026-03-24T19:16:00+05:30,captured,setl_00000015,
pay_260324000555,order_260324014,1169.00,card,23.38,2026-03-24T20:34:00+05:30,captured,setl_00000015,
pay_260324000556,order_260324014,565.00,card,11.30,2026-03-24T08:08:00+05:30,captured,setl_00000015,
pay_260324000557,order_260324014,4863.00,card,97.26,2026-03-24T13:59:00+05:30,captured,setl_00000015,
pay_260324000558,order_260324014,2973.00,card,59.46,2026-03-24T17:55:00+05:30,captured,setl_00000015,
pay_260324000559,order_260324014,1510.00,netbanking,13.59,2026-03-24T13:04:00+05:30,captured,setl_00000015,
pay_260324000560,order_260324014,4823.00,upi_apps,96.46,2026-03-24T09:27:00+05:30,captured,setl_00000015,
pay_260324000561,order_260324014,3241.00,card,64.82,2026-03-24T09:23:00+05:30,captured,setl_00000015,
pay_260324000562,order_260324014,4149.00,card,82.98,2026-03-24T11:08:00+05:30,captured,setl_00000015,
pay_260324000563,order_260324014,1213.00,upi_apps,24.26,2026-03-24T12:55:00+05:30,captured,setl_00000015,
pay_260324000564,order_260324014,1318.00,upi_apps,26.36,2026-03-24T13:18:00+05:30,captured,setl_00000015,
pay_260324000565,order_260324014,890.00,netbanking,8.00,2026-03-24T20:49:00+05:30,captured,setl_00000015,
pay_260324000566,order_260324014,1370.00,netbanking,12.33,2026-03-24T12:43:00+05:30,captured,setl_00000015,
pay_260324000567,order_260324014,1440.00,card,28.80,2026-03-24T16:16:00+05:30,captured,setl_00000015,
pay_260324000568,order_260324014,4781.00,netbanking,43.02,2026-03-24T16:06:00+05:30,captured,setl_00000015,
pay_260324000569,order_260324014,4061.00,card,81.22,2026-03-24T21:09:00+05:30,captured,setl_00000015,
pay_260324000570,order_260324014,4265.00,card,85.30,2026-03-24T10:23:00+05:30,captured,setl_00000015,
pay_260324000571,order_260324014,4643.00,upi_apps,92.86,2026-03-24T11:05:00+05:30,captured,setl_00000015,
pay_260324000572,order_260324014,2376.00,card,47.52,2026-03-24T14:58:00+05:30,captured,setl_00000015,
pay_260324000573,order_260324014,2563.00,netbanking,23.06,2026-03-24T17:35:00+05:30,captured,setl_00000015,
pay_260324000574,order_260324014,2925.00,upi_apps,58.50,2026-03-24T18:28:00+05:30,captured,setl_00000015,
pay_260324000575,order_260324014,4628.00,upi_apps,92.56,2026-03-24T16:12:00+05:30,captured,setl_00000015,
pay_260325000576,order_260325015,4826.00,card,96.52,2026-03-25T21:05:00+05:30,captured,setl_00000016,
pay_260325000577,order_260325015,2351.00,upi_apps,47.02,2026-03-25T20:16:00+05:30,captured,setl_00000016,
pay_260325000578,order_260325015,4958.00,card,99.16,2026-03-25T21:42:00+05:30,captured,setl_00000016,
pay_260325000579,order_260325015,2611.00,wallet,52.22,2026-03-25T15:04:00+05:30,captured,setl_00000016,
pay_260325000580,order_260325015,5369.00,netbanking,48.32,2026-03-25T08:34:00+05:30,captured,setl_00000016,
pay_260325000581,order_260325015,682.00,card,13.64,2026-03-25T21:04:00+05:30,captured,setl_00000016,
pay_260325000582,order_260325015,666.00,card,13.32,2026-03-25T13:56:00+05:30,captured,setl_00000016,
pay_260325000583,order_260325015,3328.00,card,66.56,2026-03-25T10:09:00+05:30,captured,setl_00000016,
pay_260325000584,order_260325015,748.00,netbanking,6.73,2026-03-25T10:48:00+05:30,captured,setl_00000016,
pay_260325000585,order_260325015,4713.00,card,94.26,2026-03-25T16:57:00+05:30,captured,setl_00000016,
pay_260325000586,order_260325015,3270.00,netbanking,29.43,2026-03-25T17:40:00+05:30,captured,setl_00000016,
pay_260325000587,order_260325015,1348.00,netbanking,12.13,2026-03-25T22:37:00+05:30,captured,setl_00000016,
pay_260325000588,order_260325015,1634.00,card,32.68,2026-03-25T13:36:00+05:30,captured,setl_00000016,
pay_260325000589,order_260325015,1766.00,wallet,35.32,2026-03-25T20:32:00+05:30,captured,setl_00000016,
pay_260325000590,order_260325015,5244.00,upi_apps,104.88,2026-03-25T20:15:00+05:30,captured,setl_00000016,
pay_260325000591,order_260325015,2296.00,upi_apps,45.92,2026-03-25T22:31:00+05:30,captured,setl_00000016,
pay_260325000592,order_260325015,1482.00,card,29.64,2026-03-25T10:24:00+05:30,captured,setl_00000016,
pay_260325000593,order_260325015,4519.00,upi_apps,90.38,2026-03-25T10:10:00+05:30,captured,setl_00000016,
pay_260325000594,order_260325015,4155.00,upi_apps,83.10,2026-03-25T21:56:00+05:30,captured,setl_00000016,
pay_260325000595,order_260325015,5052.00,card,101.04,2026-03-25T15:33:00+05:30,captured,setl_00000016,
pay_260325000596,order_260325015,2442.00,upi_apps,48.84,2026-03-25T13:30:00+05:30,captured,setl_00000016,
pay_260325000597,order_260325015,2077.00,upi_apps,41.54,2026-03-25T08:25:00+05:30,captured,setl_00000016,
pay_260325000598,order_260325015,3425.00,card,68.50,2026-03-25T14:50:00+05:30,captured,setl_00000016,
pay_260325000599,order_260325015,3620.00,netbanking,32.57,2026-03-25T17:09:00+05:30,captured,setl_00000016,
pay_260325000600,order_260325015,3842.00,wallet,76.84,2026-03-25T08:07:00+05:30,captured,setl_00000016,
pay_260325000601,order_260325015,3565.00,card,71.30,2026-03-25T20:02:00+05:30,captured,setl_00000016,
pay_260325000602,order_260325015,2589.00,card,51.78,2026-03-25T22:11:00+05:30,captured,setl_00000016,
pay_260325000603,order_260325015,566.00,upi_apps,11.32,2026-03-25T08:31:00+05:30,captured,setl_00000016,
pay_260325000604,order_260325015,1739.00,wallet,34.78,2026-03-25T10:42:00+05:30,captured,setl_00000016,
pay_260325000605,order_260325015,506.00,card,10.12,2026-03-25T22:29:00+05:30,captured,setl_00000016,
pay_260325000606,order_260325015,2942.00,card,58.84,2026-03-25T12:44:00+05:30,captured,setl_00000016,
pay_260325000607,order_260325015,1635.00,upi_apps,32.70,2026-03-25T18:21:00+05:30,captured,setl_00000016,
pay_260325000608,order_260325015,1519.00,card,30.38,2026-03-25T19:09:00+05:30,captured,setl_00000016,
pay_260325000609,order_260325015,683.00,upi_apps,13.66,2026-03-25T15:04:00+05:30,captured,setl_00000016,
pay_260325000610,order_260325015,5200.00,wallet,104.00,2026-03-25T20:18:00+05:30,captured,setl_00000016,
pay_260325000611,order_260325015,1809.00,card,36.18,2026-03-25T16:01:00+05:30,captured,setl_00000016,
pay_260325000612,order_260325015,1685.00,upi_apps,33.70,2026-03-25T21:00:00+05:30,captured,setl_00000016,
pay_260325000613,order_260325015,3820.00,netbanking,34.37,2026-03-25T17:33:00+05:30,captured,setl_00000016,
pay_260325000614,order_260325015,2274.00,wallet,45.48,2026-03-25T21:00:00+05:30,captured,setl_00000016,
pay_260325000615,order_260325015,5268.00,wallet,105.36,2026-03-25T12:02:00+05:30,captured,setl_00000016,
pay_260325000616,order_260325015,2900.00,netbanking,26.10,2026-03-25T08:11:00+05:30,captured,setl_00000016,
pay_260325000617,order_260325015,1995.00,netbanking,17.95,2026-03-25T18:34:00+05:30,captured,setl_00000016,
pay_260325000618,order_260325015,5117.00,netbanking,46.05,2026-03-25T08:40:00+05:30,captured,setl_00000016,
pay_260325000619,order_260325015,2922.00,upi_apps,58.44,2026-03-25T18:22:00+05:30,captured,setl_00000016,
pay_260325000620,order_260325015,4794.00,upi_apps,95.88,2026-03-25T12:01:00+05:30,captured,setl_00000016,
pay_260325000621,order_260325015,1549.00,wallet,30.98,2026-03-25T13:26:00+05:30,captured,setl_00000016,
pay_260325000622,order_260325015,1825.00,netbanking,16.42,2026-03-25T11:43:00+05:30,captured,setl_00000016,
pay_260325000623,order_260325015,3199.00,upi_apps,63.98,2026-03-25T08:56:00+05:30,captured,setl_00000016,
pay_260325000624,order_260325015,1700.00,upi_apps,34.00,2026-03-25T08:00:00+05:30,captured,setl_00000016,
pay_260325000625,order_260325015,600.00,wallet,12.00,2026-03-25T21:53:00+05:30,captured,setl_00000016,
pay_260325000626,order_260325015,2649.00,upi_apps,52.98,2026-03-25T16:22:00+05:30,captured,setl_00000016,
pay_260325000627,order_260325015,5208.00,upi_apps,104.16,2026-03-25T17:54:00+05:30,captured,setl_00000016,
pay_260325000628,order_260325015,2365.00,card,47.30,2026-03-25T13:55:00+05:30,captured,setl_00000016,
pay_260325000629,order_260325015,1991.00,upi_apps,39.82,2026-03-25T16:18:00+05:30,captured,setl_00000016,
pay_260325000630,order_260325015,970.00,upi_apps,19.40,2026-03-25T17:44:00+05:30,captured,setl_00000016,
pay_260325000631,order_260325015,5016.00,upi_apps,100.32,2026-03-25T09:21:00+05:30,captured,setl_00000016,
pay_260325000632,order_260325015,4145.00,card,82.90,2026-03-25T09:36:00+05:30,captured,setl_00000016,
pay_260326000633,order_260326016,1844.00,wallet,36.88,2026-03-26T18:03:00+05:30,captured,setl_00000017,
pay_260326000634,order_260326016,4073.00,upi_apps,81.46,2026-03-26T15:40:00+05:30,captured,setl_00000017,
pay_260326000635,order_260326016,1024.00,upi_apps,20.48,2026-03-26T09:45:00+05:30,captured,setl_00000017,
pay_260326000636,order_260326016,2627.00,upi_apps,52.54,2026-03-26T14:03:00+05:30,captured,setl_00000017,
pay_260326000637,order_260326016,4894.00,upi_apps,97.88,2026-03-26T10:20:00+05:30,captured,setl_00000017,
pay_260326000638,order_260326016,936.00,upi_apps,18.72,2026-03-26T09:34:00+05:30,captured,setl_00000017,
pay_260326000639,order_260326016,1876.00,card,37.52,2026-03-26T10:17:00+05:30,captured,setl_00000017,
pay_260326000640,order_260326016,4900.00,upi_apps,98.00,2026-03-26T11:27:00+05:30,captured,setl_00000017,
pay_260326000641,order_260326016,2993.00,upi_apps,59.86,2026-03-26T10:12:00+05:30,captured,setl_00000017,
pay_260326000642,order_260326016,5370.00,card,107.40,2026-03-26T14:58:00+05:30,captured,setl_00000017,
pay_260326000643,order_260326016,4664.00,wallet,93.28,2026-03-26T11:03:00+05:30,captured,setl_00000017,
pay_260326000644,order_260326016,4732.00,upi_apps,94.64,2026-03-26T13:20:00+05:30,captured,setl_00000017,
pay_260326000645,order_260326016,3564.00,upi_apps,71.28,2026-03-26T13:44:00+05:30,captured,setl_00000017,
pay_260326000646,order_260326016,1649.00,wallet,32.98,2026-03-26T22:16:00+05:30,captured,setl_00000017,
pay_260326000647,order_260326016,3228.00,upi_apps,64.56,2026-03-26T17:27:00+05:30,captured,setl_00000017,
pay_260326000648,order_260326016,3785.00,wallet,75.70,2026-03-26T14:09:00+05:30,captured,setl_00000017,
pay_260326000649,order_260326016,1654.00,upi_apps,33.08,2026-03-26T21:32:00+05:30,captured,setl_00000017,
pay_260326000650,order_260326016,1279.00,wallet,25.58,2026-03-26T10:54:00+05:30,captured,setl_00000017,
pay_260326000651,order_260326016,5103.00,upi_apps,102.06,2026-03-26T13:31:00+05:30,captured,setl_00000017,
pay_260326000652,order_260326016,4665.00,upi_apps,93.30,2026-03-26T09:12:00+05:30,captured,setl_00000017,
pay_260326000653,order_260326016,2834.00,upi_apps,56.68,2026-03-26T15:38:00+05:30,captured,setl_00000017,
pay_260326000654,order_260326016,3880.00,netbanking,34.91,2026-03-26T14:33:00+05:30,captured,setl_00000017,
pay_260326000655,order_260326016,5307.00,netbanking,47.76,2026-03-26T08:23:00+05:30,captured,setl_00000017,
pay_260326000656,order_260326016,2915.00,netbanking,26.23,2026-03-26T20:15:00+05:30,captured,setl_00000017,
pay_260326000657,order_260326016,2529.00,card,50.58,2026-03-26T14:28:00+05:30,captured,setl_00000017,
pay_260326000658,order_260326016,1676.00,upi_apps,33.52,2026-03-26T13:47:00+05:30,captured,setl_00000017,
pay_260326000659,order_260326016,4919.00,upi_apps,98.38,2026-03-26T11:36:00+05:30,captured,setl_00000017,
pay_260326000660,order_260326016,3737.00,upi_apps,74.74,2026-03-26T09:22:00+05:30,captured,setl_00000017,
pay_260326000661,order_260326016,3841.00,wallet,76.82,2026-03-26T20:40:00+05:30,captured,setl_00000017,
pay_260326000662,order_260326016,3474.00,card,69.48,2026-03-26T11:50:00+05:30,captured,setl_00000017,
pay_260326000663,order_260326016,3026.00,card,60.52,2026-03-26T22:47:00+05:30,captured,setl_00000017,
pay_260326000664,order_260326016,1795.00,upi_apps,35.90,2026-03-26T21:06:00+05:30,captured,setl_00000017,
pay_260326000665,order_260326016,4533.00,card,90.66,2026-03-26T17:28:00+05:30,captured,setl_00000017,
pay_260326000666,order_260326016,647.00,card,12.94,2026-03-26T09:12:00+05:30,captured,setl_00000017,
pay_260326000667,order_260326016,2595.00,wallet,51.90,2026-03-26T17:48:00+05:30,captured,setl_00000017,
pay_260326000668,order_260326016,4970.00,upi_apps,99.40,2026-03-26T08:41:00+05:30,captured,setl_00000017,
pay_260326000669,order_260326016,4186.00,upi_apps,83.72,2026-03-26T12:39:00+05:30,captured,setl_00000017,
pay_260326000670,order_260326016,2709.00,upi_apps,54.18,2026-03-26T21:37:00+05:30,captured,setl_00000017,
pay_260326000671,order_260326016,1801.00,netbanking,16.20,2026-03-26T20:27:00+05:30,captured,setl_00000017,
pay_260326000672,order_260326016,2254.00,upi_apps,45.08,2026-03-26T12:26:00+05:30,captured,setl_00000017,
pay_260326000673,order_260326016,3622.00,upi_apps,72.44,2026-03-26T08:01:00+05:30,captured,setl_00000017,
pay_260326000674,order_260326016,516.00,card,10.32,2026-03-26T21:51:00+05:30,captured,setl_00000017,
pay_260326000675,order_260326016,2221.00,upi_apps,44.42,2026-03-26T09:24:00+05:30,captured,setl_00000017,
pay_260326000676,order_260326016,1534.00,netbanking,13.80,2026-03-26T08:42:00+05:30,captured,setl_00000017,
pay_260326000677,order_260326016,1818.00,upi_apps,36.36,2026-03-26T20:26:00+05:30,captured,setl_00000017,
pay_260326000678,order_260326016,3804.00,card,76.08,2026-03-26T20:10:00+05:30,captured,setl_00000017,
pay_260326000679,order_260326016,498.00,card,9.96,2026-03-26T19:21:00+05:30,captured,setl_00000017,
pay_260326000680,order_260326016,1203.00,wallet,24.06,2026-03-26T16:23:00+05:30,captured,setl_00000017,
pay_260326000681,order_260326016,5070.00,netbanking,45.63,2026-03-26T15:46:00+05:30,captured,setl_00000017,
pay_260326000682,order_260326016,4268.00,upi_apps,85.36,2026-03-26T18:32:00+05:30,captured,setl_00000017,
pay_260326000683,order_260326016,2385.00,card,47.70,2026-03-26T12:52:00+05:30,captured,setl_00000017,
pay_260326000684,order_260326016,4628.00,upi_apps,92.56,2026-03-26T18:12:00+05:30,captured,setl_00000017,
pay_260326000685,order_260326016,3279.00,card,65.58,2026-03-26T16:52:00+05:30,captured,setl_00000017,
pay_260326000686,order_260326016,4879.00,wallet,97.58,2026-03-26T18:10:00+05:30,captured,setl_00000017,
pay_260326000687,order_260326016,3970.00,card,79.40,2026-03-26T12:14:00+05:30,captured,setl_00000017,
pay_260326000688,order_260326016,1458.00,card,29.16,2026-03-26T18:06:00+05:30,captured,setl_00000017,
pay_260326000689,order_260326016,533.00,upi_apps,10.66,2026-03-26T10:58:00+05:30,captured,setl_00000017,
pay_260326000690,order_260326016,2143.00,wallet,42.86,2026-03-26T09:04:00+05:30,captured,setl_00000017,
pay_260326000691,order_260326016,1747.00,netbanking,15.72,2026-03-26T20:03:00+05:30,captured,setl_00000017,
pay_260326000692,order_260326016,5250.00,upi_apps,105.00,2026-03-26T16:23:00+05:30,captured,setl_00000017,
pay_260326000693,order_260326016,2810.00,upi_apps,56.20,2026-03-26T09:45:00+05:30,captured,setl_00000017,
pay_260326000694,order_260326016,5188.00,upi_apps,103.76,2026-03-26T18:14:00+05:30,captured,setl_00000017,
pay_260326000695,order_260326016,2239.00,netbanking,20.15,2026-03-26T18:18:00+05:30,captured,setl_00000017,
pay_260326000696,order_260326016,1055.00,upi_apps,21.10,2026-03-26T18:46:00+05:30,captured,setl_00000017,
pay_260326000697,order_260326016,4994.00,card,99.88,2026-03-26T18:12:00+05:30,captured,setl_00000017,
pay_260326000698,order_260326016,1974.00,upi_apps,39.48,2026-03-26T19:01:00+05:30,captured,setl_00000017,
pay_260326000699,order_260326016,3785.00,upi_apps,75.70,2026-03-26T22:44:00+05:30,captured,setl_00000017,
pay_260326000700,order_260326016,5337.00,upi_apps,106.74,2026-03-26T18:16:00+05:30,captured,setl_00000017,
pay_260327000701,order_260327017,2526.00,card,50.52,2026-03-27T09:25:00+05:30,captured,setl_00000018,
pay_260327000702,order_260327017,4095.00,upi_apps,81.90,2026-03-27T09:22:00+05:30,captured,setl_00000018,
pay_260327000703,order_260327017,4993.00,card,99.86,2026-03-27T08:58:00+05:30,captured,setl_00000018,
pay_260327000704,order_260327017,965.00,netbanking,8.68,2026-03-27T20:07:00+05:30,captured,setl_00000018,
pay_260327000705,order_260327017,754.00,upi_apps,15.08,2026-03-27T09:53:00+05:30,captured,setl_00000018,
pay_260327000706,order_260327017,4762.00,netbanking,42.85,2026-03-27T13:59:00+05:30,captured,setl_00000018,
pay_260327000707,order_260327017,4655.00,card,93.10,2026-03-27T22:49:00+05:30,captured,setl_00000018,
pay_260327000708,order_260327017,931.00,upi_apps,18.62,2026-03-27T08:37:00+05:30,captured,setl_00000018,
pay_260327000709,order_260327017,3189.00,card,63.78,2026-03-27T18:25:00+05:30,captured,setl_00000018,
pay_260327000710,order_260327017,964.00,upi_apps,19.28,2026-03-27T19:27:00+05:30,captured,setl_00000018,
pay_260327000711,order_260327017,3152.00,card,63.04,2026-03-27T18:37:00+05:30,captured,setl_00000018,
pay_260327000712,order_260327017,2934.00,netbanking,26.40,2026-03-27T12:15:00+05:30,captured,setl_00000018,
pay_260327000713,order_260327017,1715.00,wallet,34.30,2026-03-27T18:13:00+05:30,captured,setl_00000018,
pay_260327000714,order_260327017,4860.00,upi_apps,97.20,2026-03-27T20:35:00+05:30,captured,setl_00000018,
pay_260327000715,order_260327017,2330.00,upi_apps,46.60,2026-03-27T18:53:00+05:30,captured,setl_00000018,
pay_260327000716,order_260327017,4165.00,upi_apps,83.30,2026-03-27T22:10:00+05:30,captured,setl_00000018,
pay_260327000717,order_260327017,4307.00,card,86.14,2026-03-27T20:38:00+05:30,captured,setl_00000018,
pay_260327000718,order_260327017,3522.00,upi_apps,70.44,2026-03-27T15:29:00+05:30,captured,setl_00000018,
pay_260327000719,order_260327017,855.00,upi_apps,17.10,2026-03-27T20:57:00+05:30,captured,setl_00000018,
pay_260327000720,order_260327017,1999.00,upi_apps,39.98,2026-03-27T19:31:00+05:30,captured,setl_00000018,
pay_260327000721,order_260327017,3049.00,netbanking,27.44,2026-03-27T16:48:00+05:30,captured,setl_00000018,
pay_260327000722,order_260327017,5241.00,upi_apps,104.82,2026-03-27T09:37:00+05:30,captured,setl_00000018,
pay_260327000723,order_260327017,497.00,card,9.94,2026-03-27T16:02:00+05:30,captured,setl_00000018,
pay_260327000724,order_260327017,3883.00,netbanking,34.94,2026-03-27T18:46:00+05:30,captured,setl_00000018,
pay_260327000725,order_260327017,5200.00,card,104.00,2026-03-27T18:27:00+05:30,captured,setl_00000018,
pay_260327000726,order_260327017,3698.00,netbanking,33.28,2026-03-27T10:20:00+05:30,captured,setl_00000018,
pay_260327000727,order_260327017,4028.00,upi_apps,80.56,2026-03-27T17:40:00+05:30,captured,setl_00000018,
pay_260327000728,order_260327017,3469.00,upi_apps,69.38,2026-03-27T14:37:00+05:30,captured,setl_00000018,
pay_260327000729,order_260327017,3822.00,card,76.44,2026-03-27T22:40:00+05:30,captured,setl_00000018,
pay_260327000730,order_260327017,4052.00,card,81.04,2026-03-27T14:53:00+05:30,captured,setl_00000018,
pay_260327000731,order_260327017,3425.00,netbanking,30.82,2026-03-27T20:50:00+05:30,captured,setl_00000018,
pay_260327000732,order_260327017,2402.00,upi_apps,48.04,2026-03-27T16:46:00+05:30,captured,setl_00000018,
pay_260327000733,order_260327017,4361.00,upi_apps,87.22,2026-03-27T13:14:00+05:30,captured,setl_00000018,
pay_260327000734,order_260327017,5085.00,netbanking,45.76,2026-03-27T09:35:00+05:30,captured,setl_00000018,
pay_260327000735,order_260327017,4547.00,upi_apps,90.94,2026-03-27T09:00:00+05:30,captured,setl_00000018,
pay_260327000736,order_260327017,3843.00,netbanking,34.58,2026-03-27T19:53:00+05:30,captured,setl_00000018,
pay_260327000737,order_260327017,1474.00,netbanking,13.26,2026-03-27T22:45:00+05:30,captured,setl_00000018,
pay_260327000738,order_260327017,1525.00,card,30.50,2026-03-27T15:37:00+05:30,captured,setl_00000018,
pay_260327000739,order_260327017,1592.00,upi_apps,31.84,2026-03-27T17:21:00+05:30,captured,setl_00000018,
pay_260327000740,order_260327017,3121.00,upi_apps,62.42,2026-03-27T11:30:00+05:30,captured,setl_00000018,
pay_260327000741,order_260327017,3248.00,wallet,64.96,2026-03-27T08:05:00+05:30,captured,setl_00000018,
pay_260327000742,order_260327017,2536.00,upi_apps,50.72,2026-03-27T08:02:00+05:30,captured,setl_00000018,
pay_260327000743,order_260327017,3058.00,upi_apps,61.16,2026-03-27T10:21:00+05:30,captured,setl_00000018,
pay_260327000744,order_260327017,3507.00,upi_apps,70.14,2026-03-27T22:52:00+05:30,captured,setl_00000018,
pay_260327000745,order_260327017,4483.00,card,89.66,2026-03-27T22:12:00+05:30,captured,setl_00000018,
pay_260327000746,order_260327017,4059.00,card,81.18,2026-03-27T09:42:00+05:30,captured,setl_00000018,
pay_260327000747,order_260327017,3442.00,upi_apps,68.84,2026-03-27T14:58:00+05:30,captured,setl_00000018,
pay_260327000748,order_260327017,2946.00,upi_apps,58.92,2026-03-27T19:21:00+05:30,captured,setl_00000018,
pay_260327000749,order_260327017,1755.00,upi_apps,35.10,2026-03-27T19:20:00+05:30,captured,setl_00000018,
pay_260327000750,order_260327017,2915.00,card,58.30,2026-03-27T16:36:00+05:30,captured,setl_00000018,
pay_260327000751,order_260327017,3377.00,wallet,67.54,2026-03-27T17:47:00+05:30,captured,setl_00000018,
pay_260327000752,order_260327017,1441.00,upi_apps,28.82,2026-03-27T16:13:00+05:30,captured,setl_00000018,
pay_260327000753,order_260327017,1474.00,wallet,29.48,2026-03-27T16:10:00+05:30,captured,setl_00000018,
pay_260327000754,order_260327017,2467.00,netbanking,22.20,2026-03-27T10:23:00+05:30,captured,setl_00000018,
pay_260327000755,order_260327017,1092.00,card,21.84,2026-03-27T09:56:00+05:30,captured,setl_00000018,
pay_260327000756,order_260327017,1913.00,upi_apps,38.26,2026-03-27T08:29:00+05:30,captured,setl_00000018,
pay_260327000757,order_260327017,1935.00,upi_apps,38.70,2026-03-27T20:56:00+05:30,captured,setl_00000018,
pay_260327000758,order_260327017,2185.00,upi_apps,43.70,2026-03-27T14:50:00+05:30,captured,setl_00000018,
pay_260327000759,order_260327017,2374.00,upi_apps,47.48,2026-03-27T19:16:00+05:30,captured,setl_00000018,
pay_260327000760,order_260327017,4309.00,upi_apps,86.18,2026-03-27T20:05:00+05:30,captured,setl_00000018,
pay_260327000761,order_260327017,3888.00,upi_apps,77.76,2026-03-27T15:56:00+05:30,captured,setl_00000018,
pay_260327000762,order_260327017,2627.00,upi_apps,52.54,2026-03-27T17:42:00+05:30,captured,setl_00000018,
pay_260327000763,order_260327017,2781.00,netbanking,25.02,2026-03-27T21:12:00+05:30,captured,setl_00000018,
pay_260327000764,order_260327017,1366.00,netbanking,12.29,2026-03-27T16:34:00+05:30,captured,setl_00000018,
pay_260327000765,order_260327017,5036.00,upi_apps,100.72,2026-03-27T10:09:00+05:30,captured,setl_00000018,
pay_260327000766,order_260327017,3270.00,upi_apps,65.40,2026-03-27T17:51:00+05:30,captured,setl_00000018,
pay_260327000767,order_260327017,2045.00,netbanking,18.40,2026-03-27T16:22:00+05:30,captured,setl_00000018,
pay_260327000768,order_260327017,1914.00,card,38.28,2026-03-27T09:06:00+05:30,captured,setl_00000018,
pay_260327000769,order_260327017,2577.00,netbanking,23.19,2026-03-27T19:53:00+05:30,captured,setl_00000018,
pay_260327000770,order_260327017,3253.00,upi_apps,65.06,2026-03-27T09:49:00+05:30,captured,setl_00000018,
pay_260327000771,order_260327017,2704.00,card,54.08,2026-03-27T13:02:00+05:30,captured,setl_00000018,
pay_260327000772,order_260327017,3616.00,wallet,72.32,2026-03-27T21:36:00+05:30,captured,setl_00000018,
pay_260327000773,order_260327017,459.00,card,9.18,2026-03-27T19:10:00+05:30,captured,setl_00000018,
pay_260327000774,order_260327017,5278.00,netbanking,47.50,2026-03-27T12:03:00+05:30,captured,setl_00000018,
pay_260327000775,order_260327017,5144.00,netbanking,46.29,2026-03-27T18:05:00+05:30,captured,setl_00000018,
pay_260327000776,order_260327017,3597.00,wallet,71.94,2026-03-27T14:47:00+05:30,captured,setl_00000018,
pay_260327000777,order_260327017,1623.00,upi_apps,32.46,2026-03-27T15:04:00+05:30,captured,setl_00000018,
pay_260327000778,order_260327017,2942.00,netbanking,26.47,2026-03-27T20:39:00+05:30,captured,setl_00000018,
pay_260327000779,order_260327017,4555.00,card,91.10,2026-03-27T17:17:00+05:30,captured,setl_00000018,
pay_260327000780,order_260327017,3059.00,card,61.18,2026-03-27T17:29:00+05:30,captured,setl_00000018,
pay_260328000781,order_260328018,1766.00,upi_apps,35.32,2026-03-28T15:18:00+05:30,captured,setl_00000019,
pay_260328000782,order_260328018,3411.00,upi_apps,68.22,2026-03-28T20:26:00+05:30,captured,setl_00000019,
pay_260328000783,order_260328018,2775.00,card,55.50,2026-03-28T22:50:00+05:30,captured,setl_00000019,
pay_260328000784,order_260328018,676.00,card,13.52,2026-03-28T10:15:00+05:30,captured,setl_00000019,
pay_260328000785,order_260328018,3244.00,upi_apps,64.88,2026-03-28T16:07:00+05:30,captured,setl_00000019,
pay_260328000786,order_260328018,2988.00,card,59.76,2026-03-28T15:32:00+05:30,captured,setl_00000019,
pay_260328000787,order_260328018,2773.00,wallet,55.46,2026-03-28T08:02:00+05:30,captured,setl_00000019,
pay_260328000788,order_260328018,3178.00,upi_apps,63.56,2026-03-28T08:23:00+05:30,captured,setl_00000019,
pay_260328000789,order_260328018,4784.00,netbanking,43.05,2026-03-28T17:14:00+05:30,captured,setl_00000019,
pay_260328000790,order_260328018,3294.00,netbanking,29.64,2026-03-28T20:25:00+05:30,captured,setl_00000019,
pay_260328000791,order_260328018,5083.00,card,101.66,2026-03-28T10:00:00+05:30,captured,setl_00000019,
pay_260328000792,order_260328018,4586.00,card,91.72,2026-03-28T21:32:00+05:30,captured,setl_00000019,
pay_260328000793,order_260328018,4735.00,upi_apps,94.70,2026-03-28T17:45:00+05:30,captured,setl_00000019,
pay_260328000794,order_260328018,1707.00,upi_apps,34.14,2026-03-28T19:50:00+05:30,captured,setl_00000019,
pay_260328000795,order_260328018,2465.00,netbanking,22.18,2026-03-28T10:21:00+05:30,captured,setl_00000019,
pay_260328000796,order_260328018,2768.00,upi_apps,55.36,2026-03-28T22:49:00+05:30,captured,setl_00000019,
pay_260328000797,order_260328018,3001.00,upi_apps,60.02,2026-03-28T17:55:00+05:30,captured,setl_00000019,
pay_260328000798,order_260328018,982.00,netbanking,8.83,2026-03-28T21:17:00+05:30,captured,setl_00000019,
pay_260328000799,order_260328018,2227.00,card,44.54,2026-03-28T15:58:00+05:30,captured,setl_00000019,
pay_260328000800,order_260328018,5391.00,upi_apps,107.82,2026-03-28T16:08:00+05:30,captured,setl_00000019,
pay_260328000801,order_260328018,4099.00,upi_apps,81.98,2026-03-28T08:45:00+05:30,captured,setl_00000019,
pay_260328000802,order_260328018,3046.00,card,60.92,2026-03-28T17:49:00+05:30,captured,setl_00000019,
pay_260328000803,order_260328018,2313.00,upi_apps,46.26,2026-03-28T10:25:00+05:30,captured,setl_00000019,
pay_260328000804,order_260328018,2165.00,upi_apps,43.30,2026-03-28T09:31:00+05:30,captured,setl_00000019,
pay_260328000805,order_260328018,972.00,upi_apps,19.44,2026-03-28T10:46:00+05:30,captured,setl_00000019,
pay_260328000806,order_260328018,2286.00,card,45.72,2026-03-28T13:54:00+05:30,captured,setl_00000019,
pay_260328000807,order_260328018,3371.00,upi_apps,67.42,2026-03-28T13:44:00+05:30,captured,setl_00000019,
pay_260328000808,order_260328018,2024.00,card,40.48,2026-03-28T09:18:00+05:30,captured,setl_00000019,
pay_260328000809,order_260328018,3092.00,upi_apps,61.84,2026-03-28T11:13:00+05:30,captured,setl_00000019,
pay_260328000810,order_260328018,2893.00,upi_apps,57.86,2026-03-28T15:14:00+05:30,captured,setl_00000019,
pay_260328000811,order_260328018,2453.00,upi_apps,49.06,2026-03-28T11:50:00+05:30,captured,setl_00000019,
pay_260329000812,order_260329019,3956.00,upi_apps,79.12,2026-03-29T14:07:00+05:30,captured,setl_00000020,
pay_260329000813,order_260329019,3009.00,upi_apps,60.18,2026-03-29T21:30:00+05:30,captured,setl_00000020,
pay_260329000814,order_260329019,3358.00,upi_apps,67.16,2026-03-29T19:13:00+05:30,captured,setl_00000020,
pay_260329000815,order_260329019,2055.00,upi_apps,41.10,2026-03-29T17:40:00+05:30,captured,setl_00000020,
pay_260329000816,order_260329019,1339.00,upi_apps,26.78,2026-03-29T15:48:00+05:30,captured,setl_00000020,
pay_260329000817,order_260329019,714.00,card,14.28,2026-03-29T19:41:00+05:30,captured,setl_00000020,
pay_260329000818,order_260329019,2708.00,upi_apps,54.16,2026-03-29T21:46:00+05:30,captured,setl_00000020,
pay_260330000819,order_260330020,3821.00,wallet,76.42,2026-03-30T09:03:00+05:30,captured,setl_00000021,
pay_260330000820,order_260330020,4777.00,upi_apps,95.54,2026-03-30T22:37:00+05:30,captured,setl_00000021,
pay_260330000821,order_260330020,2519.00,upi_apps,50.38,2026-03-30T11:55:00+05:30,captured,setl_00000021,
pay_260330000822,order_260330020,3938.00,upi_apps,78.76,2026-03-30T10:23:00+05:30,captured,setl_00000021,
pay_260330000823,order_260330020,2906.00,upi_apps,58.12,2026-03-30T21:23:00+05:30,captured,setl_00000021,
pay_260330000824,order_260330020,2147.00,card,42.94,2026-03-30T11:05:00+05:30,captured,setl_00000021,
pay_260330000825,order_260330020,2008.00,card,40.16,2026-03-30T10:24:00+05:30,captured,setl_00000021,
pay_260330000826,order_260330020,2068.00,upi_apps,41.36,2026-03-30T14:07:00+05:30,captured,setl_00000021,
pay_260330000827,order_260330020,2171.00,card,43.42,2026-03-30T08:22:00+05:30,captured,setl_00000021,
pay_260330000828,order_260330020,3124.00,upi_apps,62.48,2026-03-30T13:27:00+05:30,captured,setl_00000021,
pay_260330000829,order_260330020,2694.00,wallet,53.88,2026-03-30T15:08:00+05:30,captured,setl_00000021,
pay_260330000830,order_260330020,3133.00,upi_apps,62.66,2026-03-30T22:42:00+05:30,captured,setl_00000021,
pay_260330000831,order_260330020,4959.00,wallet,99.18,2026-03-30T21:16:00+05:30,captured,setl_00000021,
pay_260330000832,order_260330020,2399.00,upi_apps,47.98,2026-03-30T21:39:00+05:30,captured,setl_00000021,
pay_260330000833,order_260330020,3094.00,upi_apps,61.88,2026-03-30T17:25:00+05:30,captured,setl_00000021,
pay_260330000834,order_260330020,4260.00,upi_apps,85.20,2026-03-30T16:32:00+05:30,captured,setl_00000021,
pay_260330000835,order_260330020,2504.00,upi_apps,50.08,2026-03-30T20:02:00+05:30,captured,setl_00000021,
pay_260330000836,order_260330020,1393.00,card,27.86,2026-03-30T14:59:00+05:30,captured,setl_00000021,
pay_260330000837,order_260330020,1845.00,upi_apps,36.90,2026-03-30T16:36:00+05:30,captured,setl_00000021,
pay_260330000838,order_260330020,3739.00,upi_apps,74.78,2026-03-30T13:32:00+05:30,captured,setl_00000021,
pay_260330000839,order_260330020,1380.00,netbanking,12.42,2026-03-30T14:56:00+05:30,captured,setl_00000021,
pay_260330000840,order_260330020,1311.00,card,26.22,2026-03-30T20:24:00+05:30,captured,setl_00000021,
pay_260330000841,order_260330020,3716.00,upi_apps,74.32,2026-03-30T14:52:00+05:30,captured,setl_00000021,
pay_260330000842,order_260330020,2168.00,card,43.36,2026-03-30T14:42:00+05:30,captured,setl_00000021,
pay_260330000843,order_260330020,3150.00,upi_apps,63.00,2026-03-30T20:34:00+05:30,captured,setl_00000021,
pay_260330000844,order_260330020,887.00,netbanking,7.98,2026-03-30T19:20:00+05:30,captured,setl_00000021,
pay_260330000845,order_260330020,5083.00,card,101.66,2026-03-30T15:36:00+05:30,captured,setl_00000021,
pay_260330000846,order_260330020,3571.00,upi_apps,71.42,2026-03-30T09:30:00+05:30,captured,setl_00000021,
pay_260330000847,order_260330020,3006.00,upi_apps,60.12,2026-03-30T16:15:00+05:30,captured,setl_00000021,
pay_260330000848,order_260330020,2286.00,upi_apps,45.72,2026-03-30T19:40:00+05:30,captured,setl_00000021,
pay_260330000849,order_260330020,1288.00,upi_apps,25.76,2026-03-30T16:13:00+05:30,captured,setl_00000021,
pay_260330000850,order_260330020,5173.00,card,103.46,2026-03-30T15:51:00+05:30,captured,setl_00000021,
pay_260330000851,order_260330020,723.00,wallet,14.46,2026-03-30T14:43:00+05:30,captured,setl_00000021,
pay_260330000852,order_260330020,2879.00,upi_apps,57.58,2026-03-30T13:25:00+05:30,captured,setl_00000021,
pay_260330000853,order_260330020,764.00,upi_apps,15.28,2026-03-30T14:42:00+05:30,captured,setl_00000021,
pay_260330000854,order_260330020,2534.00,card,50.68,2026-03-30T13:55:00+05:30,captured,setl_00000021,
pay_260330000855,order_260330020,5079.00,netbanking,45.71,2026-03-30T12:51:00+05:30,captured,setl_00000021,
pay_260330000856,order_260330020,3667.00,card,73.34,2026-03-30T18:23:00+05:30,captured,setl_00000021,
pay_260330000857,order_260330020,3622.00,upi_apps,72.44,2026-03-30T15:41:00+05:30,captured,setl_00000021,
pay_260330000858,order_260330020,1074.00,netbanking,9.66,2026-03-30T10:37:00+05:30,captured,setl_00000021,
pay_260330000859,order_260330020,1703.00,wallet,34.06,2026-03-30T21:02:00+05:30,captured,setl_00000021,
pay_260330000860,order_260330020,3923.00,netbanking,35.30,2026-03-30T17:42:00+05:30,captured,setl_00000021,
pay_260330000861,order_260330020,1735.00,card,34.70,2026-03-30T11:05:00+05:30,captured,setl_00000021,
pay_260330000862,order_260330020,1262.00,netbanking,11.35,2026-03-30T15:56:00+05:30,captured,setl_00000021,
pay_260330000863,order_260330020,3438.00,netbanking,30.94,2026-03-30T16:22:00+05:30,captured,setl_00000021,
pay_260330000864,order_260330020,2646.00,upi_apps,52.92,2026-03-30T13:25:00+05:30,captured,setl_00000021,
pay_260330000865,order_260330020,1493.00,upi_apps,29.86,2026-03-30T10:03:00+05:30,captured,setl_00000021,
pay_260330000866,order_260330020,5351.00,upi_apps,107.02,2026-03-30T20:11:00+05:30,captured,setl_00000021,
pay_260330000867,order_260330020,1961.00,upi_apps,39.22,2026-03-30T20:06:00+05:30,captured,setl_00000021,
pay_260330000868,order_260330020,1970.00,wallet,39.40,2026-03-30T20:18:00+05:30,captured,setl_00000021,
pay_260330000869,order_260330020,3607.00,netbanking,32.46,2026-03-30T20:52:00+05:30,captured,setl_00000021,
pay_260330000870,order_260330020,4297.00,card,85.94,2026-03-30T21:13:00+05:30,captured,setl_00000021,
pay_260330000871,order_260330020,2267.00,card,45.34,2026-03-30T12:43:00+05:30,captured,setl_00000021,
pay_260330000872,order_260330020,4479.00,netbanking,40.31,2026-03-30T22:17:00+05:30,captured,setl_00000021,
pay_260330000873,order_260330020,504.00,upi_apps,10.08,2026-03-30T16:57:00+05:30,captured,setl_00000021,
pay_260330000874,order_260330020,3747.00,upi_apps,74.94,2026-03-30T16:36:00+05:30,captured,setl_00000021,
pay_260330000875,order_260330020,2376.00,card,47.52,2026-03-30T11:46:00+05:30,captured,setl_00000021,
pay_260330000876,order_260330020,1514.00,card,30.28,2026-03-30T13:37:00+05:30,captured,setl_00000021,
pay_260330000877,order_260330020,2987.00,upi_apps,59.74,2026-03-30T17:12:00+05:30,captured,setl_00000021,
pay_260330000878,order_260330020,3375.00,card,67.50,2026-03-30T14:18:00+05:30,captured,setl_00000021,
pay_260330000879,order_260330020,731.00,upi_apps,14.62,2026-03-30T09:10:00+05:30,captured,setl_00000021,
pay_260330000880,order_260330020,2540.00,wallet,50.80,2026-03-30T10:24:00+05:30,captured,setl_00000021,
pay_260330000881,order_260330020,1456.00,netbanking,13.10,2026-03-30T11:11:00+05:30,captured,setl_00000021,
pay_260331000882,order_260331021,4806.00,upi_apps,96.12,2026-03-31T12:50:00+05:30,captured,setl_00000022,
pay_260331000883,order_260331021,2625.00,upi_apps,52.50,2026-03-31T19:33:00+05:30,captured,setl_00000022,
pay_260331000884,order_260331021,5206.00,upi_apps,104.12,2026-03-31T20:30:00+05:30,captured,setl_00000022,
pay_260331000885,order_260331021,2933.00,card,58.66,2026-03-31T20:49:00+05:30,captured,setl_00000022,
pay_260331000886,order_260331021,1841.00,upi_apps,36.82,2026-03-31T10:16:00+05:30,captured,setl_00000022,
pay_260331000887,order_260331021,2186.00,netbanking,19.67,2026-03-31T13:44:00+05:30,captured,setl_00000022,
pay_260331000888,order_260331021,2060.00,card,41.20,2026-03-31T11:41:00+05:30,captured,setl_00000022,
pay_260331000889,order_260331021,4487.00,card,89.74,2026-03-31T14:58:00+05:30,captured,setl_00000022,
pay_260331000890,order_260331021,4539.00,upi_apps,90.78,2026-03-31T15:40:00+05:30,captured,setl_00000022,
pay_260331000891,order_260331021,2942.00,card,58.84,2026-03-31T15:33:00+05:30,captured,setl_00000022,
pay_260331000892,order_260331021,3168.00,upi_apps,63.36,2026-03-31T17:11:00+05:30,captured,setl_00000022,
pay_260331000893,order_260331021,2759.00,card,55.18,2026-03-31T12:33:00+05:30,captured,setl_00000022,
pay_260331000894,order_260331021,1723.00,upi_apps,34.46,2026-03-31T15:43:00+05:30,captured,setl_00000022,
pay_260331000895,order_260331021,3392.00,wallet,67.84,2026-03-31T10:36:00+05:30,captured,setl_00000022,
pay_260331000896,order_260331021,1794.00,netbanking,16.14,2026-03-31T13:56:00+05:30,captured,setl_00000022,
pay_260331000897,order_260331021,2238.00,wallet,44.76,2026-03-31T17:45:00+05:30,captured,setl_00000022,
pay_260331000898,order_260331021,4904.00,upi_apps,98.08,2026-03-31T16:08:00+05:30,captured,setl_00000022,
pay_260331000899,order_260331021,2926.00,upi_apps,58.52,2026-03-31T08:45:00+05:30,captured,setl_00000022,
pay_260331000900,order_260331021,5209.00,upi_apps,104.18,2026-03-31T22:36:00+05:30,captured,setl_00000022,
pay_260331000901,order_260331021,2485.00,card,49.70,2026-03-31T19:37:00+05:30,captured,setl_00000022,
pay_260331000902,order_260331021,4095.00,upi_apps,81.90,2026-03-31T15:50:00+05:30,captured,setl_00000022,
pay_260331000903,order_260331021,1574.00,upi_apps,31.48,2026-03-31T14:19:00+05:30,captured,setl_00000022,
pay_260331000904,order_260331021,4573.00,card,91.46,2026-03-31T20:59:00+05:30,captured,setl_00000022,
pay_260331000905,order_260331021,3700.00,upi_apps,74.00,2026-03-31T11:53:00+05:30,captured,setl_00000022,
pay_260331000906,order_260331021,1548.00,upi_apps,30.96,2026-03-31T09:47:00+05:30,captured,setl_00000022,
pay_260331000907,order_260331021,5138.00,upi_apps,102.76,2026-03-31T10:26:00+05:30,captured,setl_00000022,
pay_260331000908,order_260331021,4024.00,card,80.48,2026-03-31T08:20:00+05:30,captured,setl_00000022,
pay_260331000909,order_260331021,4355.00,upi_apps,87.10,2026-03-31T16:14:00+05:30,captured,setl_00000022,
pay_260331000910,order_260331021,4468.00,card,89.36,2026-03-31T21:45:00+05:30,captured,setl_00000022,
pay_260331000911,order_260331021,1448.00,card,28.96,2026-03-31T18:57:00+05:30,captured,setl_00000022,
pay_260331000912,order_260331021,1468.00,upi_apps,29.36,2026-03-31T21:15:00+05:30,captured,setl_00000022,
pay_260331000913,order_260331021,2029.00,card,40.58,2026-03-31T22:18:00+05:30,captured,setl_00000022,
pay_260331000914,order_260331021,2663.00,card,53.26,2026-03-31T20:24:00+05:30,captured,setl_00000022,
pay_260331000915,order_260331021,1413.00,upi_apps,28.26,2026-03-31T22:19:00+05:30,captured,setl_00000022,
pay_260331000916,order_260331021,707.00,upi_apps,14.14,2026-03-31T14:57:00+05:30,captured,setl_00000022,
pay_260331000917,order_260331021,5346.00,upi_apps,106.92,2026-03-31T13:57:00+05:30,captured,setl_00000022,
pay_260331000918,order_260331021,947.00,wallet,18.94,2026-03-31T12:58:00+05:30,captured,setl_00000022,
pay_260331000919,order_260331021,514.00,card,10.28,2026-03-31T14:59:00+05:30,captured,setl_00000022,
pay_260331000920,order_260331021,756.00,card,15.12,2026-03-31T22:41:00+05:30,captured,setl_00000022,
pay_260331000921,order_260331021,4478.00,netbanking,40.30,2026-03-31T11:36:00+05:30,captured,setl_00000022,
pay_260331000922,order_260331021,576.00,card,11.52,2026-03-31T12:08:00+05:30,captured,setl_00000022,
pay_260331000923,order_260331021,1262.00,card,25.24,2026-03-31T17:28:00+05:30,captured,setl_00000022,
pay_260331000924,order_260331021,1360.00,upi_apps,27.20,2026-03-31T19:21:00+05:30,captured,setl_00000022,
pay_260331000925,order_260331021,2846.00,upi_apps,56.92,2026-03-31T11:32:00+05:30,captured,setl_00000022,
pay_260331000926,order_260331021,1855.00,upi_apps,37.10,2026-03-31T18:09:00+05:30,captured,setl_00000022,
pay_260331000927,order_260331021,1160.00,upi_apps,23.20,2026-03-31T10:22:00+05:30,captured,setl_00000022,
pay_260331000928,order_260331021,2117.00,netbanking,19.05,2026-03-31T16:36:00+05:30,captured,setl_00000022,
pay_260331000929,order_260331021,3618.00,wallet,72.36,2026-03-31T20:59:00+05:30,captured,setl_00000022,
pay_260331000930,order_260331021,5292.00,upi_apps,105.84,2026-03-31T15:51:00+05:30,captured,setl_00000022,
pay_260331000931,order_260331021,4747.00,upi_apps,94.94,2026-03-31T15:12:00+05:30,captured,setl_00000022,
pay_260331000932,order_260331021,2810.00,upi_apps,56.20,2026-03-31T16:46:00+05:30,captured,setl_00000022,
pay_260331000933,order_260331021,1007.00,netbanking,9.06,2026-03-31T18:44:00+05:30,captured,setl_00000022,
pay_260331000934,order_260331021,1562.00,netbanking,14.05,2026-03-31T12:58:00+05:30,captured,setl_00000022,
pay_260331000935,order_260331021,4033.00,upi_apps,80.66,2026-03-31T18:23:00+05:30,captured,setl_00000022,
pay_260331000936,order_260331021,2227.00,upi_apps,44.54,2026-03-31T18:02:00+05:30,captured,setl_00000022,
pay_260331000937,order_260331021,1456.00,wallet,29.12,2026-03-31T18:26:00+05:30,captured,setl_00000022,
pay_260331000938,order_260331021,1691.00,netbanking,15.21,2026-03-31T09:16:00+05:30,captured,setl_00000022,
pay_260331000939,order_260331021,1855.00,wallet,37.10,2026-03-31T22:48:00+05:30,captured,setl_00000022,
pay_260401000940,order_260401022,4239.00,netbanking,38.15,2026-04-01T13:46:00+05:30,captured,setl_00000023,
pay_260401000941,order_260401022,1488.00,upi_apps,29.76,2026-04-01T15:21:00+05:30,captured,setl_00000023,
pay_260401000942,order_260401022,4452.00,netbanking,40.06,2026-04-01T16:01:00+05:30,captured,setl_00000023,
pay_260401000943,order_260401022,4711.00,card,94.22,2026-04-01T20:03:00+05:30,captured,setl_00000023,
pay_260401000944,order_260401022,3153.00,wallet,63.06,2026-04-01T10:32:00+05:30,captured,setl_00000023,
pay_260401000945,order_260401022,4978.00,upi_apps,99.56,2026-04-01T21:42:00+05:30,captured,setl_00000023,
pay_260401000946,order_260401022,3370.00,upi_apps,67.40,2026-04-01T18:06:00+05:30,captured,setl_00000023,
pay_260401000947,order_260401022,4227.00,upi_apps,84.54,2026-04-01T15:20:00+05:30,captured,setl_00000023,
pay_260401000948,order_260401022,4228.00,upi_apps,84.56,2026-04-01T21:18:00+05:30,captured,setl_00000023,
pay_260401000949,order_260401022,651.00,upi_apps,13.02,2026-04-01T16:01:00+05:30,captured,setl_00000023,
pay_260401000950,order_260401022,1549.00,upi_apps,30.98,2026-04-01T10:09:00+05:30,captured,setl_00000023,
pay_260401000951,order_260401022,482.00,card,9.64,2026-04-01T17:43:00+05:30,captured,setl_00000023,
pay_260401000952,order_260401022,3259.00,upi_apps,65.18,2026-04-01T10:01:00+05:30,captured,setl_00000023,
pay_260401000953,order_260401022,3051.00,upi_apps,61.02,2026-04-01T20:17:00+05:30,captured,setl_00000023,
pay_260401000954,order_260401022,3174.00,card,63.48,2026-04-01T08:35:00+05:30,captured,setl_00000023,
pay_260401000955,order_260401022,2988.00,upi_apps,59.76,2026-04-01T22:47:00+05:30,captured,setl_00000023,
pay_260401000956,order_260401022,4097.00,upi_apps,81.94,2026-04-01T08:17:00+05:30,captured,setl_00000023,
pay_260401000957,order_260401022,2965.00,netbanking,26.68,2026-04-01T20:31:00+05:30,captured,setl_00000023,
pay_260401000958,order_260401022,4993.00,netbanking,44.93,2026-04-01T20:19:00+05:30,captured,setl_00000023,
pay_260401000959,order_260401022,4893.00,netbanking,44.03,2026-04-01T19:28:00+05:30,captured,setl_00000023,
pay_260401000960,order_260401022,1626.00,card,32.52,2026-04-01T17:07:00+05:30,captured,setl_00000023,
pay_260401000961,order_260401022,726.00,netbanking,6.53,2026-04-01T15:59:00+05:30,captured,setl_00000023,
pay_260401000962,order_260401022,2636.00,upi_apps,52.72,2026-04-01T16:00:00+05:30,captured,setl_00000023,
pay_260401000963,order_260401022,2474.00,card,49.48,2026-04-01T15:04:00+05:30,captured,setl_00000023,
pay_260401000964,order_260401022,3284.00,card,65.68,2026-04-01T09:30:00+05:30,captured,setl_00000023,
pay_260401000965,order_260401022,1086.00,card,21.72,2026-04-01T12:39:00+05:30,captured,setl_00000023,
pay_260401000966,order_260401022,3161.00,upi_apps,63.22,2026-04-01T09:25:00+05:30,captured,setl_00000023,
pay_260401000967,order_260401022,2752.00,card,55.04,2026-04-01T16:53:00+05:30,captured,setl_00000023,
pay_260401000968,order_260401022,4822.00,upi_apps,96.44,2026-04-01T08:25:00+05:30,captured,setl_00000023,
pay_260401000969,order_260401022,4846.00,card,96.92,2026-04-01T22:14:00+05:30,captured,setl_00000023,
pay_260401000970,order_260401022,3325.00,card,66.50,2026-04-01T10:54:00+05:30,captured,setl_00000023,
pay_260401000971,order_260401022,2991.00,upi_apps,59.82,2026-04-01T19:08:00+05:30,captured,setl_00000023,
pay_260401000972,order_260401022,3772.00,wallet,75.44,2026-04-01T10:48:00+05:30,captured,setl_00000023,
pay_260401000973,order_260401022,3346.00,wallet,66.92,2026-04-01T22:51:00+05:30,captured,setl_00000023,
pay_260401000974,order_260401022,4887.00,upi_apps,97.74,2026-04-01T12:29:00+05:30,captured,setl_00000023,
pay_260401000975,order_260401022,4714.00,netbanking,42.42,2026-04-01T14:02:00+05:30,captured,setl_00000023,
pay_260401000976,order_260401022,2820.00,upi_apps,56.40,2026-04-01T14:56:00+05:30,captured,setl_00000023,
pay_260401000977,order_260401022,5239.00,upi_apps,104.78,2026-04-01T13:26:00+05:30,captured,setl_00000023,
pay_260401000978,order_260401022,4341.00,upi_apps,86.82,2026-04-01T11:12:00+05:30,captured,setl_00000023,
pay_260401000979,order_260401022,1025.00,wallet,20.50,2026-04-01T14:11:00+05:30,captured,setl_00000023,
pay_260401000980,order_260401022,4656.00,wallet,93.12,2026-04-01T08:54:00+05:30,captured,setl_00000023,
pay_260401000981,order_260401022,5088.00,card,101.76,2026-04-01T16:38:00+05:30,captured,setl_00000023,
pay_260401000982,order_260401022,4436.00,upi_apps,88.72,2026-04-01T20:21:00+05:30,captured,setl_00000023,
pay_260401000983,order_260401022,4653.00,netbanking,41.87,2026-04-01T12:44:00+05:30,captured,setl_00000023,
pay_260401000984,order_260401022,4268.00,upi_apps,85.36,2026-04-01T17:26:00+05:30,captured,setl_00000023,
pay_260401000985,order_260401022,756.00,netbanking,6.80,2026-04-01T11:42:00+05:30,captured,setl_00000023,
pay_260401000986,order_260401022,1494.00,wallet,29.88,2026-04-01T20:59:00+05:30,captured,setl_00000023,
pay_260401000987,order_260401022,2193.00,card,43.86,2026-04-01T16:50:00+05:30,captured,setl_00000023,
pay_260401000988,order_260401022,3066.00,card,61.32,2026-04-01T18:15:00+05:30,captured,setl_00000023,
pay_260401000989,order_260401022,3288.00,card,65.76,2026-04-01T10:02:00+05:30,captured,setl_00000023,
pay_260401000990,order_260401022,1797.00,upi_apps,35.94,2026-04-01T21:18:00+05:30,captured,setl_00000023,
pay_260401000991,order_260401022,1617.00,upi_apps,32.34,2026-04-01T14:02:00+05:30,captured,setl_00000023,
pay_260401000992,order_260401022,4571.00,wallet,91.42,2026-04-01T11:33:00+05:30,captured,setl_00000023,
pay_260401000993,order_260401022,4849.00,card,96.98,2026-04-01T20:12:00+05:30,captured,setl_00000023,
pay_260401000994,order_260401022,1588.00,netbanking,14.29,2026-04-01T12:03:00+05:30,captured,setl_00000023,
pay_260402000995,order_260402023,4696.00,card,93.92,2026-04-02T08:53:00+05:30,captured,setl_00000024,
pay_260402000996,order_260402023,2582.00,card,51.64,2026-04-02T13:21:00+05:30,captured,setl_00000024,
pay_260402000997,order_260402023,3935.00,upi_apps,78.70,2026-04-02T14:21:00+05:30,captured,setl_00000024,
pay_260402000998,order_260402023,3828.00,upi_apps,76.56,2026-04-02T16:18:00+05:30,captured,setl_00000024,
pay_260402000999,order_260402023,492.00,upi_apps,9.84,2026-04-02T13:58:00+05:30,captured,setl_00000024,
pay_260402001000,order_260402023,4919.00,card,98.38,2026-04-02T16:16:00+05:30,captured,setl_00000024,
pay_260402001001,order_260402023,4161.00,card,83.22,2026-04-02T10:46:00+05:30,captured,setl_00000024,
pay_260402001002,order_260402023,926.00,card,18.52,2026-04-02T16:40:00+05:30,captured,setl_00000024,
pay_260402001003,order_260402023,2034.00,card,40.68,2026-04-02T16:03:00+05:30,captured,setl_00000024,
pay_260402001004,order_260402023,4797.00,upi_apps,95.94,2026-04-02T16:40:00+05:30,captured,setl_00000024,
pay_260402001005,order_260402023,2753.00,netbanking,24.77,2026-04-02T18:26:00+05:30,captured,setl_00000024,
pay_260402001006,order_260402023,4601.00,card,92.02,2026-04-02T17:43:00+05:30,captured,setl_00000024,
pay_260402001007,order_260402023,2964.00,card,59.28,2026-04-02T10:44:00+05:30,captured,setl_00000024,
pay_260402001008,order_260402023,1904.00,upi_apps,38.08,2026-04-02T12:25:00+05:30,captured,setl_00000024,
pay_260402001009,order_260402023,4127.00,card,82.54,2026-04-02T22:03:00+05:30,captured,setl_00000024,
pay_260402001010,order_260402023,1247.00,card,24.94,2026-04-02T21:18:00+05:30,captured,setl_00000024,
pay_260402001011,order_260402023,1465.00,upi_apps,29.30,2026-04-02T15:08:00+05:30,captured,setl_00000024,
pay_260402001012,order_260402023,1861.00,upi_apps,37.22,2026-04-02T16:25:00+05:30,captured,setl_00000024,
pay_260402001013,order_260402023,2016.00,card,40.32,2026-04-02T18:38:00+05:30,captured,setl_00000024,
pay_260402001014,order_260402023,3171.00,upi_apps,63.42,2026-04-02T20:41:00+05:30,captured,setl_00000024,
pay_260402001015,order_260402023,1390.00,upi_apps,27.80,2026-04-02T15:32:00+05:30,captured,setl_00000024,
pay_260402001016,order_260402023,5176.00,netbanking,46.58,2026-04-02T10:51:00+05:30,captured,setl_00000024,
pay_260402001017,order_260402023,4273.00,card,85.46,2026-04-02T16:18:00+05:30,captured,setl_00000024,
pay_260402001018,order_260402023,2843.00,upi_apps,56.86,2026-04-02T13:20:00+05:30,captured,setl_00000024,
pay_260402001019,order_260402023,3008.00,upi_apps,60.16,2026-04-02T08:30:00+05:30,captured,setl_00000024,
pay_260402001020,order_260402023,1118.00,netbanking,10.06,2026-04-02T10:12:00+05:30,captured,setl_00000024,
pay_260402001021,order_260402023,3438.00,card,68.76,2026-04-02T14:45:00+05:30,captured,setl_00000024,
pay_260402001022,order_260402023,3629.00,upi_apps,72.58,2026-04-02T08:06:00+05:30,captured,setl_00000024,
pay_260402001023,order_260402023,1606.00,upi_apps,32.12,2026-04-02T20:25:00+05:30,captured,setl_00000024,
pay_260402001024,order_260402023,845.00,upi_apps,16.90,2026-04-02T13:41:00+05:30,captured,setl_00000024,
pay_260402001025,order_260402023,5281.00,upi_apps,105.62,2026-04-02T08:55:00+05:30,captured,setl_00000024,
pay_260402001026,order_260402023,1447.00,wallet,28.94,2026-04-02T17:09:00+05:30,captured,setl_00000024,
pay_260403001027,order_260403024,3992.00,card,79.84,2026-04-03T12:06:00+05:30,captured,setl_00000025,
pay_260403001028,order_260403024,4252.00,wallet,85.04,2026-04-03T22:18:00+05:30,captured,setl_00000025,
pay_260403001029,order_260403024,1081.00,card,21.62,2026-04-03T19:04:00+05:30,captured,setl_00000025,
pay_260403001030,order_260403024,1507.00,card,30.14,2026-04-03T18:56:00+05:30,captured,setl_00000025,
pay_260403001031,order_260403024,3928.00,upi_apps,78.56,2026-04-03T22:18:00+05:30,captured,setl_00000025,
pay_260403001032,order_260403024,935.00,card,18.70,2026-04-03T14:21:00+05:30,captured,setl_00000025,
pay_260403001033,order_260403024,4086.00,upi_apps,81.72,2026-04-03T18:37:00+05:30,captured,setl_00000025,
pay_260403001034,order_260403024,4696.00,wallet,93.92,2026-04-03T13:56:00+05:30,captured,setl_00000025,
pay_260403001035,order_260403024,3612.00,card,72.24,2026-04-03T14:31:00+05:30,captured,setl_00000025,
pay_260403001036,order_260403024,2771.00,upi_apps,55.42,2026-04-03T14:35:00+05:30,captured,setl_00000025,
pay_260403001037,order_260403024,1939.00,netbanking,17.45,2026-04-03T12:58:00+05:30,captured,setl_00000025,
pay_260403001038,order_260403024,2013.00,card,40.26,2026-04-03T22:58:00+05:30,captured,setl_00000025,
pay_260403001039,order_260403024,4547.00,card,90.94,2026-04-03T18:10:00+05:30,captured,setl_00000025,
pay_260403001040,order_260403024,982.00,card,19.64,2026-04-03T19:27:00+05:30,captured,setl_00000025,
pay_260403001041,order_260403024,3817.00,upi_apps,76.34,2026-04-03T21:42:00+05:30,captured,setl_00000025,
pay_260403001042,order_260403024,886.00,upi_apps,17.72,2026-04-03T14:48:00+05:30,captured,setl_00000025,
pay_260403001043,order_260403024,5029.00,upi_apps,100.58,2026-04-03T12:15:00+05:30,captured,setl_00000025,
pay_260403001044,order_260403024,636.00,wallet,12.72,2026-04-03T14:33:00+05:30,captured,setl_00000025,
pay_260403001045,order_260403024,3223.00,wallet,64.46,2026-04-03T09:25:00+05:30,captured,setl_00000025,
pay_260403001046,order_260403024,5261.00,card,105.22,2026-04-03T13:10:00+05:30,captured,setl_00000025,
pay_260403001047,order_260403024,2323.00,netbanking,20.90,2026-04-03T09:54:00+05:30,captured,setl_00000025,
pay_260403001048,order_260403024,3735.00,wallet,74.70,2026-04-03T13:21:00+05:30,captured,setl_00000025,
pay_260403001049,order_260403024,3400.00,upi_apps,68.00,2026-04-03T13:41:00+05:30,captured,setl_00000025,
pay_260403001050,order_260403024,3627.00,netbanking,32.64,2026-04-03T13:52:00+05:30,captured,setl_00000025,
pay_260403001051,order_260403024,2976.00,upi_apps,59.52,2026-04-03T18:12:00+05:30,captured,setl_00000025,
pay_260403001052,order_260403024,3381.00,netbanking,30.42,2026-04-03T17:49:00+05:30,captured,setl_00000025,
pay_260403001053,order_260403024,2745.00,wallet,54.90,2026-04-03T08:57:00+05:30,captured,setl_00000025,
pay_260403001054,order_260403024,2205.00,upi_apps,44.10,2026-04-03T08:30:00+05:30,captured,setl_00000025,
pay_260403001055,order_260403024,5363.00,upi_apps,107.26,2026-04-03T20:19:00+05:30,captured,setl_00000025,
pay_260403001056,order_260403024,2372.00,netbanking,21.34,2026-04-03T09:02:00+05:30,captured,setl_00000025,
pay_260403001057,order_260403024,939.00,card,18.78,2026-04-03T08:35:00+05:30,captured,setl_00000025,
pay_260403001058,order_260403024,4296.00,card,85.92,2026-04-03T13:06:00+05:30,captured,setl_00000025,
pay_260403001059,order_260403024,3507.00,netbanking,31.56,2026-04-03T22:30:00+05:30,captured,setl_00000025,
pay_260403001060,order_260403024,2493.00,wallet,49.86,2026-04-03T10:13:00+05:30,captured,setl_00000025,
pay_260403001061,order_260403024,2075.00,card,41.50,2026-04-03T11:54:00+05:30,captured,setl_00000025,
pay_260403001062,order_260403024,4495.00,card,89.90,2026-04-03T19:40:00+05:30,captured,setl_00000025,
pay_260403001063,order_260403024,3399.00,upi_apps,67.98,2026-04-03T20:41:00+05:30,captured,setl_00000025,
pay_260403001064,order_260403024,4318.00,netbanking,38.86,2026-04-03T16:03:00+05:30,captured,setl_00000025,
pay_260403001065,order_260403024,3254.00,upi_apps,65.08,2026-04-03T20:37:00+05:30,captured,setl_00000025,
pay_260403001066,order_260403024,1877.00,card,37.54,2026-04-03T09:12:00+05:30,captured,setl_00000025,
pay_260403001067,order_260403024,4259.00,card,85.18,2026-04-03T20:19:00+05:30,captured,setl_00000025,
pay_260403001068,order_260403024,4520.00,card,90.40,2026-04-03T09:00:00+05:30,captured,setl_00000025,
pay_260403001069,order_260403024,714.00,card,14.28,2026-04-03T16:32:00+05:30,captured,setl_00000025,
pay_260403001070,order_260403024,4503.00,upi_apps,90.06,2026-04-03T20:18:00+05:30,captured,setl_00000025,
pay_260403001071,order_260403024,3145.00,card,62.90,2026-04-03T15:25:00+05:30,captured,setl_00000025,
pay_260404001072,order_260404025,2660.00,upi_apps,53.20,2026-04-04T16:42:00+05:30,captured,setl_00000026,
pay_260404001073,order_260404025,4214.00,card,84.28,2026-04-04T13:47:00+05:30,captured,setl_00000026,
pay_260404001074,order_260404025,5101.00,upi_apps,102.02,2026-04-04T11:44:00+05:30,captured,setl_00000026,
pay_260404001075,order_260404025,1740.00,upi_apps,34.80,2026-04-04T11:32:00+05:30,captured,setl_00000026,
pay_260404001076,order_260404025,5072.00,upi_apps,101.44,2026-04-04T11:54:00+05:30,captured,setl_00000026,
pay_260406001077,order_260406026,3669.00,upi_apps,73.38,2026-04-06T12:00:00+05:30,captured,setl_00000027,
pay_260406001078,order_260406026,2299.00,upi_apps,45.98,2026-04-06T16:15:00+05:30,captured,setl_00000027,
pay_260406001079,order_260406026,4373.00,card,87.46,2026-04-06T09:43:00+05:30,captured,setl_00000027,
pay_260406001080,order_260406026,4169.00,card,83.38,2026-04-06T19:28:00+05:30,captured,setl_00000027,
pay_260406001081,order_260406026,4838.00,upi_apps,96.76,2026-04-06T13:36:00+05:30,captured,setl_00000027,
pay_260406001082,order_260406026,5263.00,upi_apps,105.26,2026-04-06T19:23:00+05:30,captured,setl_00000027,
pay_260406001083,order_260406026,4178.00,card,83.56,2026-04-06T13:13:00+05:30,captured,setl_00000027,
pay_260406001084,order_260406026,3001.00,wallet,60.02,2026-04-06T20:03:00+05:30,captured,setl_00000027,
pay_260406001085,order_260406026,3828.00,upi_apps,76.56,2026-04-06T16:26:00+05:30,captured,setl_00000027,
pay_260406001086,order_260406026,1833.00,card,36.66,2026-04-06T18:39:00+05:30,captured,setl_00000027,
pay_260406001087,order_260406026,4670.00,upi_apps,93.40,2026-04-06T13:29:00+05:30,captured,setl_00000027,
pay_260406001088,order_260406026,3586.00,card,71.72,2026-04-06T19:15:00+05:30,captured,setl_00000027,
pay_260406001089,order_260406026,1177.00,netbanking,10.59,2026-04-06T13:52:00+05:30,captured,setl_00000027,
pay_260406001090,order_260406026,1745.00,upi_apps,34.90,2026-04-06T16:37:00+05:30,captured,setl_00000027,
pay_260406001091,order_260406026,3740.00,card,74.80,2026-04-06T20:25:00+05:30,captured,setl_00000027,
pay_260406001092,order_260406026,4537.00,upi_apps,90.74,2026-04-06T14:17:00+05:30,captured,setl_00000027,
pay_260406001093,order_260406026,1541.00,netbanking,13.86,2026-04-06T16:02:00+05:30,captured,setl_00000027,
pay_260406001094,order_260406026,4418.00,upi_apps,88.36,2026-04-06T12:39:00+05:30,captured,setl_00000027,
pay_260406001095,order_260406026,3701.00,card,74.02,2026-04-06T17:23:00+05:30,captured,setl_00000027,
pay_260406001096,order_260406026,3656.00,upi_apps,73.12,2026-04-06T19:21:00+05:30,captured,setl_00000027,
pay_260406001097,order_260406026,4106.00,netbanking,36.95,2026-04-06T18:43:00+05:30,captured,setl_00000027,
pay_260406001098,order_260406026,2725.00,card,54.50,2026-04-06T11:21:00+05:30,captured,setl_00000027,
pay_260406001099,order_260406026,4719.00,upi_apps,94.38,2026-04-06T20:01:00+05:30,captured,setl_00000027,
pay_260406001100,order_260406026,2695.00,upi_apps,53.90,2026-04-06T22:53:00+05:30,captured,setl_00000027,
pay_260406001101,order_260406026,5177.00,upi_apps,103.54,2026-04-06T17:27:00+05:30,captured,setl_00000027,
pay_260406001102,order_260406026,5105.00,upi_apps,102.10,2026-04-06T20:15:00+05:30,captured,setl_00000027,
pay_260406001103,order_260406026,2186.00,netbanking,19.67,2026-04-06T18:15:00+05:30,captured,setl_00000027,
pay_260407001104,order_260407027,4851.00,wallet,97.02,2026-04-07T16:36:00+05:30,captured,setl_00000028,
pay_260407001105,order_260407027,873.00,card,17.46,2026-04-07T16:55:00+05:30,captured,setl_00000028,
pay_260407001106,order_260407027,5076.00,upi_apps,101.52,2026-04-07T13:06:00+05:30,captured,setl_00000028,
pay_260407001107,order_260407027,4087.00,card,81.74,2026-04-07T10:23:00+05:30,captured,setl_00000028,
pay_260407001108,order_260407027,2068.00,upi_apps,41.36,2026-04-07T19:32:00+05:30,captured,setl_00000028,
pay_260407001109,order_260407027,2188.00,card,43.76,2026-04-07T13:19:00+05:30,captured,setl_00000028,
pay_260407001110,order_260407027,1652.00,upi_apps,33.04,2026-04-07T20:21:00+05:30,captured,setl_00000028,
pay_260407001111,order_260407027,4529.00,netbanking,40.76,2026-04-07T21:59:00+05:30,captured,setl_00000028,
pay_260407001112,order_260407027,5303.00,upi_apps,106.06,2026-04-07T13:40:00+05:30,captured,setl_00000028,
pay_260407001113,order_260407027,5396.00,card,107.92,2026-04-07T12:10:00+05:30,captured,setl_00000028,
pay_260407001114,order_260407027,3760.00,card,75.20,2026-04-07T10:07:00+05:30,captured,setl_00000028,
pay_260407001115,order_260407027,2985.00,upi_apps,59.70,2026-04-07T19:31:00+05:30,captured,setl_00000028,
pay_260407001116,order_260407027,4675.00,upi_apps,93.50,2026-04-07T11:44:00+05:30,captured,setl_00000028,
pay_260407001117,order_260407027,1276.00,card,25.52,2026-04-07T21:34:00+05:30,captured,setl_00000028,
pay_260407001118,order_260407027,642.00,upi_apps,12.84,2026-04-07T08:13:00+05:30,captured,setl_00000028,
pay_260407001119,order_260407027,2099.00,card,41.98,2026-04-07T19:14:00+05:30,captured,setl_00000028,
pay_260407001120,order_260407027,2119.00,upi_apps,42.38,2026-04-07T17:31:00+05:30,captured,setl_00000028,
pay_260407001121,order_260407027,1017.00,card,20.34,2026-04-07T15:11:00+05:30,captured,setl_00000028,
pay_260407001122,order_260407027,840.00,netbanking,7.55,2026-04-07T19:30:00+05:30,captured,setl_00000028,
pay_260407001123,order_260407027,3576.00,upi_apps,71.52,2026-04-07T22:11:00+05:30,captured,setl_00000028,
pay_260407001124,order_260407027,3690.00,netbanking,33.20,2026-04-07T18:22:00+05:30,captured,setl_00000028,
pay_260407001125,order_260407027,2648.00,card,52.96,2026-04-07T12:53:00+05:30,captured,setl_00000028,
pay_260407001126,order_260407027,3133.00,card,62.66,2026-04-07T09:28:00+05:30,captured,setl_00000028,
pay_260407001127,order_260407027,5251.00,card,105.02,2026-04-07T20:36:00+05:30,captured,setl_00000028,
pay_260407001128,order_260407027,4915.00,card,98.30,2026-04-07T18:48:00+05:30,captured,setl_00000028,
pay_260407001129,order_260407027,2378.00,upi_apps,47.56,2026-04-07T11:32:00+05:30,captured,setl_00000028,
pay_260407001130,order_260407027,2099.00,netbanking,18.89,2026-04-07T12:59:00+05:30,captured,setl_00000028,
pay_260407001131,order_260407027,3798.00,wallet,75.96,2026-04-07T12:14:00+05:30,captured,setl_00000028,
pay_260407001132,order_260407027,5203.00,upi_apps,104.06,2026-04-07T21:39:00+05:30,captured,setl_00000028,
pay_260407001133,order_260407027,2500.00,upi_apps,50.00,2026-04-07T15:00:00+05:30,captured,setl_00000028,
pay_260407001134,order_260407027,2839.00,upi_apps,56.78,2026-04-07T18:00:00+05:30,captured,setl_00000028,
pay_260407001135,order_260407027,4810.00,netbanking,43.29,2026-04-07T09:49:00+05:30,captured,setl_00000028,
pay_260408001136,order_260408028,3436.00,card,68.72,2026-04-08T16:02:00+05:30,captured,setl_00000029,
pay_260408001137,order_260408028,4547.00,card,90.94,2026-04-08T09:57:00+05:30,captured,setl_00000029,
pay_260408001138,order_260408028,2857.00,upi_apps,57.14,2026-04-08T20:25:00+05:30,captured,setl_00000029,
pay_260408001139,order_260408028,1749.00,card,34.98,2026-04-08T12:31:00+05:30,captured,setl_00000029,
pay_260408001140,order_260408028,5347.00,card,106.94,2026-04-08T10:17:00+05:30,captured,setl_00000029,
pay_260408001141,order_260408028,2391.00,upi_apps,47.82,2026-04-08T19:16:00+05:30,captured,setl_00000029,
pay_260408001142,order_260408028,2512.00,card,50.24,2026-04-08T19:40:00+05:30,captured,setl_00000029,
pay_260408001143,order_260408028,5210.00,upi_apps,104.20,2026-04-08T10:01:00+05:30,captured,setl_00000029,
pay_260408001144,order_260408028,3246.00,upi_apps,64.92,2026-04-08T14:02:00+05:30,captured,setl_00000029,
pay_260408001145,order_260408028,2520.00,upi_apps,50.40,2026-04-08T08:42:00+05:30,captured,setl_00000029,
pay_260408001146,order_260408028,1112.00,upi_apps,22.24,2026-04-08T20:29:00+05:30,captured,setl_00000029,
pay_260408001147,order_260408028,3934.00,upi_apps,78.68,2026-04-08T09:13:00+05:30,captured,setl_00000029,
pay_260408001148,order_260408028,3119.00,upi_apps,62.38,2026-04-08T09:48:00+05:30,captured,setl_00000029,
pay_260408001149,order_260408028,696.00,card,13.92,2026-04-08T19:00:00+05:30,captured,setl_00000029,
pay_260408001150,order_260408028,4989.00,netbanking,44.90,2026-04-08T12:44:00+05:30,captured,setl_00000029,
pay_260408001151,order_260408028,1785.00,upi_apps,35.70,2026-04-08T17:26:00+05:30,captured,setl_00000029,
pay_260408001152,order_260408028,3908.00,netbanking,35.17,2026-04-08T15:22:00+05:30,captured,setl_00000029,
pay_260408001153,order_260408028,1903.00,wallet,38.06,2026-04-08T13:07:00+05:30,captured,setl_00000029,
pay_260408001154,order_260408028,3650.00,card,73.00,2026-04-08T14:55:00+05:30,captured,setl_00000029,
pay_260408001155,order_260408028,606.00,wallet,12.12,2026-04-08T14:10:00+05:30,captured,setl_00000029,
pay_260408001156,order_260408028,1271.00,upi_apps,25.42,2026-04-08T13:41:00+05:30,captured,setl_00000029,
pay_260408001157,order_260408028,1298.00,card,25.96,2026-04-08T12:23:00+05:30,captured,setl_00000029,
pay_260408001158,order_260408028,5272.00,netbanking,47.44,2026-04-08T09:34:00+05:30,captured,setl_00000029,
pay_260408001159,order_260408028,601.00,upi_apps,12.02,2026-04-08T18:47:00+05:30,captured,setl_00000029,
pay_260408001160,order_260408028,2440.00,upi_apps,48.80,2026-04-08T15:35:00+05:30,captured,setl_00000029,
pay_260408001161,order_260408028,453.00,upi_apps,9.06,2026-04-08T13:02:00+05:30,captured,setl_00000029,
pay_260408001162,order_260408028,4896.00,upi_apps,97.92,2026-04-08T20:43:00+05:30,captured,setl_00000029,
pay_260408001163,order_260408028,1743.00,card,34.86,2026-04-08T21:49:00+05:30,captured,setl_00000029,
pay_260408001164,order_260408028,2477.00,netbanking,22.29,2026-04-08T18:12:00+05:30,captured,setl_00000029,
pay_260408001165,order_260408028,1880.00,upi_apps,37.60,2026-04-08T22:29:00+05:30,captured,setl_00000029,
pay_260409001166,order_260409029,1010.00,upi_apps,20.20,2026-04-09T12:34:00+05:30,captured,setl_00000030,
pay_260409001167,order_260409029,2473.00,upi_apps,49.46,2026-04-09T21:10:00+05:30,captured,setl_00000030,
pay_260409001168,order_260409029,4594.00,upi_apps,91.88,2026-04-09T20:21:00+05:30,captured,setl_00000030,
pay_260409001169,order_260409029,2824.00,card,56.48,2026-04-09T18:05:00+05:30,captured,setl_00000030,
pay_260409001170,order_260409029,1011.00,card,20.22,2026-04-09T21:37:00+05:30,captured,setl_00000030,
pay_260409001171,order_260409029,3722.00,upi_apps,74.44,2026-04-09T19:33:00+05:30,captured,setl_00000030,
pay_260409001172,order_260409029,980.00,netbanking,8.81,2026-04-09T09:28:00+05:30,captured,setl_00000030,
pay_260409001173,order_260409029,1234.00,card,24.68,2026-04-09T21:45:00+05:30,captured,setl_00000030,
pay_260409001174,order_260409029,3701.00,card,74.02,2026-04-09T10:45:00+05:30,captured,setl_00000030,
pay_260409001175,order_260409029,4294.00,upi_apps,85.88,2026-04-09T20:11:00+05:30,captured,setl_00000030,
pay_260409001176,order_260409029,3705.00,upi_apps,74.10,2026-04-09T10:59:00+05:30,captured,setl_00000030,
pay_260409001177,order_260409029,4107.00,upi_apps,82.14,2026-04-09T08:59:00+05:30,captured,setl_00000030,
pay_260409001178,order_260409029,5358.00,card,107.16,2026-04-09T11:35:00+05:30,captured,setl_00000030,
pay_260409001179,order_260409029,1427.00,upi_apps,28.54,2026-04-09T15:51:00+05:30,captured,setl_00000030,
pay_260409001180,order_260409029,1257.00,upi_apps,25.14,2026-04-09T09:58:00+05:30,captured,setl_00000030,
pay_260409001181,order_260409029,3461.00,netbanking,31.14,2026-04-09T13:04:00+05:30,captured,setl_00000030,
pay_260409001182,order_260409029,4622.00,netbanking,41.59,2026-04-09T16:36:00+05:30,captured,setl_00000030,
pay_260409001183,order_260409029,3981.00,card,79.62,2026-04-09T21:49:00+05:30,captured,setl_00000030,
pay_260409001184,order_260409029,1111.00,card,22.22,2026-04-09T16:10:00+05:30,captured,setl_00000030,
pay_260409001185,order_260409029,1851.00,upi_apps,37.02,2026-04-09T12:08:00+05:30,captured,setl_00000030,
pay_260409001186,order_260409029,2533.00,upi_apps,50.66,2026-04-09T20:26:00+05:30,captured,setl_00000030,
pay_260409001187,order_260409029,3186.00,card,63.72,2026-04-09T13:10:00+05:30,captured,setl_00000030,
pay_260409001188,order_260409029,2655.00,upi_apps,53.10,2026-04-09T20:36:00+05:30,captured,setl_00000030,
pay_260409001189,order_260409029,3552.00,card,71.04,2026-04-09T21:30:00+05:30,captured,setl_00000030,
pay_260409001190,order_260409029,701.00,upi_apps,14.02,2026-04-09T17:50:00+05:30,captured,setl_00000030,
pay_260409001191,order_260409029,556.00,wallet,11.12,2026-04-09T19:40:00+05:30,captured,setl_00000030,
pay_260409001192,order_260409029,3272.00,card,65.44,2026-04-09T18:44:00+05:30,captured,setl_00000030,
pay_260409001193,order_260409029,1638.00,upi_apps,32.76,2026-04-09T20:26:00+05:30,captured,setl_00000030,
pay_260409001194,order_260409029,636.00,netbanking,5.72,2026-04-09T14:08:00+05:30,captured,setl_00000030,
pay_260409001195,order_260409029,4852.00,card,97.04,2026-04-09T09:19:00+05:30,captured,setl_00000030,
pay_260409001196,order_260409029,2608.00,upi_apps,52.16,2026-04-09T22:59:00+05:30,captured,setl_00000030,
pay_260409001197,order_260409029,2079.00,card,41.58,2026-04-09T10:32:00+05:30,captured,setl_00000030,
pay_260409001198,order_260409029,4101.00,card,82.02,2026-04-09T19:49:00+05:30,captured,setl_00000030,
pay_260409001199,order_260409029,4399.00,card,87.98,2026-04-09T20:59:00+05:30,captured,setl_00000030,
pay_260409001200,order_260409029,4952.00,upi_apps,99.04,2026-04-09T21:29:00+05:30,captured,setl_00000030,
pay_260409001201,order_260409029,3354.00,upi_apps,67.08,2026-04-09T18:20:00+05:30,captured,setl_00000030,
pay_260409001202,order_260409029,3420.00,upi_apps,68.40,2026-04-09T11:59:00+05:30,captured,setl_00000030,
pay_260409001203,order_260409029,4996.00,card,99.92,2026-04-09T18:19:00+05:30,captured,setl_00000030,
pay_260409001204,order_260409029,3501.00,netbanking,31.50,2026-04-09T11:55:00+05:30,captured,setl_00000030,
pay_260409001205,order_260409029,4372.00,upi_apps,87.44,2026-04-09T21:08:00+05:30,captured,setl_00000030,
pay_260409001206,order_260409029,2976.00,card,59.52,2026-04-09T21:51:00+05:30,captured,setl_00000030,
pay_260409001207,order_260409029,480.00,card,9.60,2026-04-09T14:30:00+05:30,captured,setl_00000030,
pay_260409001208,order_260409029,3538.00,wallet,70.76,2026-04-09T17:14:00+05:30,captured,setl_00000030,
pay_260409001209,order_260409029,2477.00,card,49.54,2026-04-09T17:28:00+05:30,captured,setl_00000030,
pay_260409001210,order_260409029,4972.00,upi_apps,99.44,2026-04-09T22:04:00+05:30,captured,setl_00000030,
pay_260409001211,order_260409029,2750.00,upi_apps,55.00,2026-04-09T20:55:00+05:30,captured,setl_00000030,
pay_260410001212,order_260410030,5218.00,upi_apps,104.36,2026-04-10T16:57:00+05:30,captured,setl_00000031,
pay_260410001213,order_260410030,1434.00,wallet,28.68,2026-04-10T20:15:00+05:30,captured,setl_00000031,
pay_260410001214,order_260410030,1049.00,wallet,20.98,2026-04-10T15:28:00+05:30,captured,setl_00000031,
pay_260410001215,order_260410030,3943.00,netbanking,35.48,2026-04-10T16:32:00+05:30,captured,setl_00000031,
pay_260410001216,order_260410030,2775.00,card,55.50,2026-04-10T17:39:00+05:30,captured,setl_00000031,
pay_260410001217,order_260410030,1973.00,upi_apps,39.46,2026-04-10T10:49:00+05:30,captured,setl_00000031,
pay_260410001218,order_260410030,1439.00,netbanking,12.95,2026-04-10T14:58:00+05:30,captured,setl_00000031,
pay_260410001219,order_260410030,5241.00,wallet,104.82,2026-04-10T11:51:00+05:30,captured,setl_00000031,
pay_260410001220,order_260410030,2420.00,wallet,48.40,2026-04-10T22:08:00+05:30,captured,setl_00000031,
pay_260410001221,order_260410030,4021.00,upi_apps,80.42,2026-04-10T10:07:00+05:30,captured,setl_00000031,
pay_260410001222,order_260410030,3089.00,card,61.78,2026-04-10T19:26:00+05:30,captured,setl_00000031,
pay_260410001223,order_260410030,4290.00,card,85.80,2026-04-10T14:27:00+05:30,captured,setl_00000031,
pay_260410001224,order_260410030,2895.00,card,57.90,2026-04-10T11:42:00+05:30,captured,setl_00000031,
pay_260410001225,order_260410030,3970.00,card,79.40,2026-04-10T18:50:00+05:30,captured,setl_00000031,
pay_260410001226,order_260410030,1830.00,card,36.60,2026-04-10T10:07:00+05:30,captured,setl_00000031,
pay_260410001227,order_260410030,1277.00,netbanking,11.49,2026-04-10T22:26:00+05:30,captured,setl_00000031,
pay_260410001228,order_260410030,3067.00,upi_apps,61.34,2026-04-10T12:40:00+05:30,captured,setl_00000031,
pay_260410001229,order_260410030,3036.00,card,60.72,2026-04-10T16:30:00+05:30,captured,setl_00000031,
pay_260410001230,order_260410030,2620.00,upi_apps,52.40,2026-04-10T08:56:00+05:30,captured,setl_00000031,
pay_260410001231,order_260410030,2078.00,upi_apps,41.56,2026-04-10T13:30:00+05:30,captured,setl_00000031,
pay_260410001232,order_260410030,1744.00,netbanking,15.69,2026-04-10T08:09:00+05:30,captured,setl_00000031,
pay_260410001233,order_260410030,2293.00,card,45.86,2026-04-10T19:40:00+05:30,captured,setl_00000031,
pay_260410001234,order_260410030,1249.00,card,24.98,2026-04-10T18:17:00+05:30,captured,setl_00000031,
pay_260410001235,order_260410030,4977.00,wallet,99.54,2026-04-10T18:51:00+05:30,captured,setl_00000031,
pay_260410001236,order_260410030,2866.00,wallet,57.32,2026-04-10T14:05:00+05:30,captured,setl_00000031,
pay_260410001237,order_260410030,2515.00,upi_apps,50.30,2026-04-10T08:41:00+05:30,captured,setl_00000031,
pay_260410001238,order_260410030,723.00,wallet,14.46,2026-04-10T15:48:00+05:30,captured,setl_00000031,
pay_260410001239,order_260410030,5359.00,upi_apps,107.18,2026-04-10T21:41:00+05:30,captured,setl_00000031,
pay_260410001240,order_260410030,1510.00,wallet,30.20,2026-04-10T11:21:00+05:30,captured,setl_00000031,
pay_260410001241,order_260410030,2053.00,card,41.06,2026-04-10T11:16:00+05:30,captured,setl_00000031,
pay_260410001242,order_260410030,455.00,wallet,9.10,2026-04-10T11:51:00+05:30,captured,setl_00000031,
pay_260410001243,order_260410030,2144.00,card,42.88,2026-04-10T20:21:00+05:30,captured,setl_00000031,
pay_260410001244,order_260410030,2431.00,upi_apps,48.62,2026-04-10T19:05:00+05:30,captured,setl_00000031,
pay_260410001245,order_260410030,2717.00,netbanking,24.45,2026-04-10T14:28:00+05:30,captured,setl_00000031,
pay_260410001246,order_260410030,907.00,upi_apps,18.14,2026-04-10T15:27:00+05:30,captured,setl_00000031,
pay_260410001247,order_260410030,3238.00,netbanking,29.14,2026-04-10T19:19:00+05:30,captured,setl_00000031,
pay_260410001248,order_260410030,3836.00,wallet,76.72,2026-04-10T19:58:00+05:30,captured,setl_00000031,
pay_260410001249,order_260410030,1369.00,upi_apps,27.38,2026-04-10T09:55:00+05:30,captured,setl_00000031,
pay_260410001250,order_260410030,685.00,upi_apps,13.70,2026-04-10T10:36:00+05:30,captured,setl_00000031,
pay_260410001251,order_260410030,2410.00,card,48.20,2026-04-10T18:15:00+05:30,captured,setl_00000031,
pay_260411001252,order_260411031,1453.00,card,29.06,2026-04-11T21:54:00+05:30,captured,setl_00000032,
pay_260411001253,order_260411031,1358.00,upi_apps,27.16,2026-04-11T17:58:00+05:30,captured,setl_00000032,
pay_260411001254,order_260411031,3576.00,upi_apps,71.52,2026-04-11T14:06:00+05:30,captured,setl_00000032,
pay_260411001255,order_260411031,773.00,netbanking,6.95,2026-04-11T18:11:00+05:30,captured,setl_00000032,
pay_260411001256,order_260411031,5054.00,upi_apps,101.08,2026-04-11T20:54:00+05:30,captured,setl_00000032,
pay_260411001257,order_260411031,3548.00,netbanking,31.93,2026-04-11T10:08:00+05:30,captured,setl_00000032,
pay_260411001258,order_260411031,2985.00,upi_apps,59.70,2026-04-11T17:47:00+05:30,captured,setl_00000032,
pay_260412001259,order_260412032,1360.00,netbanking,12.24,2026-04-12T20:29:00+05:30,captured,setl_00000033,
pay_260412001260,order_260412032,2975.00,card,59.50,2026-04-12T08:02:00+05:30,captured,setl_00000033,
pay_260412001261,order_260412032,2475.00,upi_apps,49.50,2026-04-12T13:15:00+05:30,captured,setl_00000033,
pay_260412001262,order_260412032,535.00,wallet,10.70,2026-04-12T11:44:00+05:30,captured,setl_00000033,
pay_260412001263,order_260412032,3129.00,card,62.58,2026-04-12T10:30:00+05:30,captured,setl_00000033,
pay_260412001264,order_260412032,5316.00,card,106.32,2026-04-12T10:23:00+05:30,captured,setl_00000033,
pay_260412001265,order_260412032,3529.00,upi_apps,70.58,2026-04-12T21:20:00+05:30,captured,setl_00000033,
pay_260412001266,order_260412032,823.00,wallet,16.46,2026-04-12T08:25:00+05:30,captured,setl_00000033,
pay_260412001267,order_260412032,4428.00,upi_apps,88.56,2026-04-12T16:55:00+05:30,captured,setl_00000033,
pay_260412001268,order_260412032,1271.00,card,25.42,2026-04-12T18:28:00+05:30,captured,setl_00000033,
pay_260413001269,order_260413033,1189.00,upi_apps,23.78,2026-04-13T13:14:00+05:30,captured,setl_00000034,
pay_260413001270,order_260413033,2591.00,netbanking,23.31,2026-04-13T09:01:00+05:30,captured,setl_00000034,
pay_260413001271,order_260413033,3130.00,netbanking,28.17,2026-04-13T10:19:00+05:30,captured,setl_00000034,
pay_260413001272,order_260413033,4476.00,card,89.52,2026-04-13T10:33:00+05:30,captured,setl_00000034,
pay_260413001273,order_260413033,4977.00,netbanking,44.79,2026-04-13T18:24:00+05:30,captured,setl_00000034,
pay_260413001274,order_260413033,1017.00,card,20.34,2026-04-13T22:20:00+05:30,captured,setl_00000034,
pay_260413001275,order_260413033,786.00,upi_apps,15.72,2026-04-13T15:39:00+05:30,captured,setl_00000034,
pay_260413001276,order_260413033,3438.00,upi_apps,68.76,2026-04-13T18:31:00+05:30,captured,setl_00000034,
pay_260413001277,order_260413033,1169.00,upi_apps,23.38,2026-04-13T09:10:00+05:30,captured,setl_00000034,
pay_260413001278,order_260413033,1868.00,card,37.36,2026-04-13T19:53:00+05:30,captured,setl_00000034,
pay_260413001279,order_260413033,3858.00,upi_apps,77.16,2026-04-13T20:57:00+05:30,captured,setl_00000034,
pay_260413001280,order_260413033,3376.00,card,67.52,2026-04-13T16:08:00+05:30,captured,setl_00000034,
pay_260413001281,order_260413033,2262.00,upi_apps,45.24,2026-04-13T17:58:00+05:30,captured,setl_00000034,
pay_260413001282,order_260413033,1077.00,upi_apps,21.54,2026-04-13T20:08:00+05:30,captured,setl_00000034,
pay_260413001283,order_260413033,2355.00,upi_apps,47.10,2026-04-13T11:56:00+05:30,captured,setl_00000034,
pay_260413001284,order_260413033,3573.00,wallet,71.46,2026-04-13T12:13:00+05:30,captured,setl_00000034,
pay_260413001285,order_260413033,3581.00,upi_apps,71.62,2026-04-13T22:19:00+05:30,captured,setl_00000034,
pay_260413001286,order_260413033,4876.00,upi_apps,97.52,2026-04-13T10:15:00+05:30,captured,setl_00000034,
pay_260413001287,order_260413033,4253.00,card,85.06,2026-04-13T14:01:00+05:30,captured,setl_00000034,
pay_260413001288,order_260413033,3552.00,card,71.04,2026-04-13T14:08:00+05:30,captured,setl_00000034,
pay_260413001289,order_260413033,5247.00,upi_apps,104.94,2026-04-13T19:39:00+05:30,captured,setl_00000034,
pay_260413001290,order_260413033,3191.00,card,63.82,2026-04-13T09:46:00+05:30,captured,setl_00000034,
pay_260413001291,order_260413033,1046.00,upi_apps,20.92,2026-04-13T08:14:00+05:30,captured,setl_00000034,
pay_260413001292,order_260413033,2913.00,card,58.26,2026-04-13T19:28:00+05:30,captured,setl_00000034,
pay_260413001293,order_260413033,3873.00,card,77.46,2026-04-13T15:09:00+05:30,captured,setl_00000034,
pay_260413001294,order_260413033,1238.00,upi_apps,24.76,2026-04-13T19:54:00+05:30,captured,setl_00000034,
pay_260413001295,order_260413033,504.00,upi_apps,10.08,2026-04-13T16:56:00+05:30,captured,setl_00000034,
pay_260413001296,order_260413033,4175.00,card,83.50,2026-04-13T09:03:00+05:30,captured,setl_00000034,
pay_260413001297,order_260413033,3448.00,upi_apps,68.96,2026-04-13T11:02:00+05:30,captured,setl_00000034,
pay_260413001298,order_260413033,2597.00,card,51.94,2026-04-13T12:21:00+05:30,captured,setl_00000034,
pay_260413001299,order_260413033,3241.00,upi_apps,64.82,2026-04-13T08:01:00+05:30,captured,setl_00000034,
pay_260413001300,order_260413033,839.00,upi_apps,16.78,2026-04-13T21:43:00+05:30,captured,setl_00000034,
pay_260413001301,order_260413033,2674.00,upi_apps,53.48,2026-04-13T18:13:00+05:30,captured,setl_00000034,
pay_260413001302,order_260413033,2551.00,upi_apps,51.02,2026-04-13T08:53:00+05:30,captured,setl_00000034,
pay_260413001303,order_260413033,4402.00,upi_apps,88.04,2026-04-13T11:29:00+05:30,captured,setl_00000034,
pay_260413001304,order_260413033,3313.00,upi_apps,66.26,2026-04-13T20:02:00+05:30,captured,setl_00000034,
pay_260413001305,order_260413033,2744.00,card,54.88,2026-04-13T08:13:00+05:30,captured,setl_00000034,
pay_260413001306,order_260413033,4913.00,upi_apps,98.26,2026-04-13T20:14:00+05:30,captured,setl_00000034,
pay_260413001307,order_260413033,5380.00,wallet,107.60,2026-04-13T15:22:00+05:30,captured,setl_00000034,
pay_260413001308,order_260413033,514.00,netbanking,4.62,2026-04-13T11:19:00+05:30,captured,setl_00000034,
pay_260413001309,order_260413033,3622.00,card,72.44,2026-04-13T19:20:00+05:30,captured,setl_00000034,
pay_260414001310,order_260414034,1832.00,upi_apps,36.64,2026-04-14T20:27:00+05:30,captured,setl_00000035,
pay_260414001311,order_260414034,3312.00,card,66.24,2026-04-14T21:21:00+05:30,captured,setl_00000035,
pay_260414001312,order_260414034,4427.00,card,88.54,2026-04-14T13:37:00+05:30,captured,setl_00000035,
pay_260414001313,order_260414034,1468.00,netbanking,13.21,2026-04-14T18:31:00+05:30,captured,setl_00000035,
pay_260414001314,order_260414034,5354.00,card,107.08,2026-04-14T18:45:00+05:30,captured,setl_00000035,
pay_260414001315,order_260414034,1197.00,upi_apps,23.94,2026-04-14T22:01:00+05:30,captured,setl_00000035,
pay_260414001316,order_260414034,5008.00,upi_apps,100.16,2026-04-14T12:25:00+05:30,captured,setl_00000035,
pay_260414001317,order_260414034,4218.00,card,84.36,2026-04-14T11:13:00+05:30,captured,setl_00000035,
pay_260414001318,order_260414034,2854.00,upi_apps,57.08,2026-04-14T14:17:00+05:30,captured,setl_00000035,
pay_260414001319,order_260414034,5348.00,upi_apps,106.96,2026-04-14T10:43:00+05:30,captured,setl_00000035,
pay_260414001320,order_260414034,3991.00,upi_apps,79.82,2026-04-14T16:59:00+05:30,captured,setl_00000035,
pay_260414001321,order_260414034,994.00,card,19.88,2026-04-14T15:56:00+05:30,captured,setl_00000035,
pay_260414001322,order_260414034,2768.00,upi_apps,55.36,2026-04-14T22:22:00+05:30,captured,setl_00000035,
pay_260414001323,order_260414034,4673.00,upi_apps,93.46,2026-04-14T10:43:00+05:30,captured,setl_00000035,
pay_260414001324,order_260414034,5046.00,card,100.92,2026-04-14T10:06:00+05:30,captured,setl_00000035,
pay_260414001325,order_260414034,3669.00,card,73.38,2026-04-14T20:44:00+05:30,captured,setl_00000035,
pay_260414001326,order_260414034,3701.00,card,74.02,2026-04-14T17:24:00+05:30,captured,setl_00000035,
pay_260414001327,order_260414034,3658.00,wallet,73.16,2026-04-14T09:52:00+05:30,captured,setl_00000035,
pay_260414001328,order_260414034,1130.00,card,22.60,2026-04-14T12:23:00+05:30,captured,setl_00000035,
pay_260414001329,order_260414034,4169.00,upi_apps,83.38,2026-04-14T21:44:00+05:30,captured,setl_00000035,
pay_260414001330,order_260414034,4770.00,netbanking,42.93,2026-04-14T22:29:00+05:30,captured,setl_00000035,
pay_260414001331,order_260414034,4035.00,upi_apps,80.70,2026-04-14T19:31:00+05:30,captured,setl_00000035,
pay_260414001332,order_260414034,2892.00,card,57.84,2026-04-14T08:53:00+05:30,captured,setl_00000035,
pay_260414001333,order_260414034,2171.00,upi_apps,43.42,2026-04-14T15:57:00+05:30,captured,setl_00000035,
pay_260414001334,order_260414034,1284.00,upi_apps,25.68,2026-04-14T14:33:00+05:30,captured,setl_00000035,
pay_260414001335,order_260414034,4179.00,upi_apps,83.58,2026-04-14T20:56:00+05:30,captured,setl_00000035,
pay_260414001336,order_260414034,4254.00,upi_apps,85.08,2026-04-14T14:45:00+05:30,captured,setl_00000035,
pay_260414001337,order_260414034,1463.00,upi_apps,29.26,2026-04-14T17:56:00+05:30,captured,setl_00000035,
pay_260414001338,order_260414034,3515.00,upi_apps,70.30,2026-04-14T10:24:00+05:30,captured,setl_00000035,
pay_260414001339,order_260414034,921.00,card,18.42,2026-04-14T12:41:00+05:30,captured,setl_00000035,
pay_260414001340,order_260414034,4177.00,upi_apps,83.54,2026-04-14T17:42:00+05:30,captured,setl_00000035,
pay_260414001341,order_260414034,762.00,upi_apps,15.24,2026-04-14T16:50:00+05:30,captured,setl_00000035,
pay_260415001342,order_260415035,970.00,upi_apps,19.40,2026-04-15T08:56:00+05:30,captured,setl_00000036,
pay_260415001343,order_260415035,1824.00,card,36.48,2026-04-15T11:40:00+05:30,captured,setl_00000036,
pay_260415001344,order_260415035,2502.00,wallet,50.04,2026-04-15T09:21:00+05:30,captured,setl_00000036,
pay_260415001345,order_260415035,4579.00,wallet,91.58,2026-04-15T18:41:00+05:30,captured,setl_00000036,
pay_260415001346,order_260415035,4596.00,upi_apps,91.92,2026-04-15T11:37:00+05:30,captured,setl_00000036,
pay_260415001347,order_260415035,2371.00,netbanking,21.33,2026-04-15T13:42:00+05:30,captured,setl_00000036,
pay_260415001348,order_260415035,3708.00,upi_apps,74.16,2026-04-15T16:13:00+05:30,captured,setl_00000036,
pay_260415001349,order_260415035,4364.00,upi_apps,87.28,2026-04-15T21:43:00+05:30,captured,setl_00000036,
pay_260415001350,order_260415035,1089.00,upi_apps,21.78,2026-04-15T11:03:00+05:30,captured,setl_00000036,
pay_260415001351,order_260415035,3765.00,wallet,75.30,2026-04-15T08:47:00+05:30,captured,setl_00000036,
pay_260415001352,order_260415035,1648.00,card,32.96,2026-04-15T19:40:00+05:30,captured,setl_00000036,
pay_260415001353,order_260415035,3108.00,upi_apps,62.16,2026-04-15T22:56:00+05:30,captured,setl_00000036,
pay_260415001354,order_260415035,4983.00,card,99.66,2026-04-15T19:04:00+05:30,captured,setl_00000036,
pay_260415001355,order_260415035,2163.00,netbanking,19.46,2026-04-15T22:36:00+05:30,captured,setl_00000036,
pay_260415001356,order_260415035,3546.00,upi_apps,70.92,2026-04-15T16:43:00+05:30,captured,setl_00000036,
pay_260415001357,order_260415035,2816.00,wallet,56.32,2026-04-15T12:04:00+05:30,captured,setl_00000036,
pay_260415001358,order_260415035,3661.00,card,73.22,2026-04-15T22:43:00+05:30,captured,setl_00000036,
pay_260415001359,order_260415035,5313.00,wallet,106.26,2026-04-15T15:34:00+05:30,captured,setl_00000036,
pay_260415001360,order_260415035,3295.00,upi_apps,65.90,2026-04-15T13:46:00+05:30,captured,setl_00000036,
pay_260415001361,order_260415035,2345.00,upi_apps,46.90,2026-04-15T16:57:00+05:30,captured,setl_00000036,
pay_260415001362,order_260415035,3677.00,card,73.54,2026-04-15T13:50:00+05:30,captured,setl_00000036,
pay_260415001363,order_260415035,3780.00,upi_apps,75.60,2026-04-15T10:41:00+05:30,captured,setl_00000036,
pay_260415001364,order_260415035,2085.00,upi_apps,41.70,2026-04-15T17:38:00+05:30,captured,setl_00000036,
pay_260415001365,order_260415035,632.00,card,12.64,2026-04-15T10:28:00+05:30,captured,setl_00000036,
pay_260415001366,order_260415035,1791.00,card,35.82,2026-04-15T11:04:00+05:30,captured,setl_00000036,
pay_260415001367,order_260415035,4804.00,netbanking,43.23,2026-04-15T18:54:00+05:30,captured,setl_00000036,
pay_260415001368,order_260415035,4825.00,upi_apps,96.50,2026-04-15T13:57:00+05:30,captured,setl_00000036,
pay_260415001369,order_260415035,4789.00,wallet,95.78,2026-04-15T19:34:00+05:30,captured,setl_00000036,
pay_260415001370,order_260415035,3871.00,upi_apps,77.42,2026-04-15T13:51:00+05:30,captured,setl_00000036,
pay_260415001371,order_260415035,1620.00,upi_apps,32.40,2026-04-15T12:51:00+05:30,captured,setl_00000036,
pay_260415001372,order_260415035,4730.00,netbanking,42.57,2026-04-15T10:08:00+05:30,captured,setl_00000036,
pay_260415001373,order_260415035,5309.00,wallet,106.18,2026-04-15T18:58:00+05:30,captured,setl_00000036,
pay_260415001374,order_260415035,3063.00,upi_apps,61.26,2026-04-15T22:34:00+05:30,captured,setl_00000036,
pay_260415001375,order_260415035,3397.00,upi_apps,67.94,2026-04-15T22:05:00+05:30,captured,setl_00000036,
pay_260415001376,order_260415035,1749.00,netbanking,15.74,2026-04-15T15:43:00+05:30,captured,setl_00000036,
pay_260415001377,order_260415035,2237.00,wallet,44.74,2026-04-15T10:40:00+05:30,captured,setl_00000036,
pay_260416001378,order_260416036,5249.00,upi_apps,104.98,2026-04-16T15:48:00+05:30,captured,setl_00000037,
pay_260416001379,order_260416036,4176.00,card,83.52,2026-04-16T17:21:00+05:30,captured,setl_00000037,
pay_260416001380,order_260416036,971.00,upi_apps,19.42,2026-04-16T17:04:00+05:30,captured,setl_00000037,
pay_260416001381,order_260416036,2322.00,wallet,46.44,2026-04-16T16:47:00+05:30,captured,setl_00000037,
pay_260416001382,order_260416036,4935.00,netbanking,44.41,2026-04-16T16:47:00+05:30,captured,setl_00000037,
pay_260416001383,order_260416036,1371.00,wallet,27.42,2026-04-16T09:22:00+05:30,captured,setl_00000037,
pay_260416001384,order_260416036,3032.00,card,60.64,2026-04-16T20:29:00+05:30,captured,setl_00000037,
pay_260416001385,order_260416036,2012.00,netbanking,18.10,2026-04-16T18:25:00+05:30,captured,setl_00000037,
pay_260416001386,order_260416036,1917.00,card,38.34,2026-04-16T13:07:00+05:30,captured,setl_00000037,
pay_260416001387,order_260416036,1625.00,wallet,32.50,2026-04-16T14:45:00+05:30,captured,setl_00000037,
pay_260416001388,order_260416036,985.00,card,19.70,2026-04-16T18:46:00+05:30,captured,setl_00000037,
pay_260416001389,order_260416036,4940.00,card,98.80,2026-04-16T10:29:00+05:30,captured,setl_00000037,
pay_260416001390,order_260416036,5272.00,upi_apps,105.44,2026-04-16T17:59:00+05:30,captured,setl_00000037,
pay_260416001391,order_260416036,1378.00,netbanking,12.40,2026-04-16T19:04:00+05:30,captured,setl_00000037,
pay_260416001392,order_260416036,2189.00,upi_apps,43.78,2026-04-16T19:09:00+05:30,captured,setl_00000037,
pay_260416001393,order_260416036,1222.00,upi_apps,24.44,2026-04-16T15:25:00+05:30,captured,setl_00000037,
pay_260416001394,order_260416036,4495.00,upi_apps,89.90,2026-04-16T09:59:00+05:30,captured,setl_00000037,
pay_260416001395,order_260416036,2816.00,upi_apps,56.32,2026-04-16T17:41:00+05:30,captured,setl_00000037,
pay_260416001396,order_260416036,4378.00,netbanking,39.40,2026-04-16T10:25:00+05:30,captured,setl_00000037,
pay_260416001397,order_260416036,1176.00,upi_apps,23.52,2026-04-16T17:16:00+05:30,captured,setl_00000037,
pay_260416001398,order_260416036,4893.00,upi_apps,97.86,2026-04-16T22:38:00+05:30,captured,setl_00000037,
pay_260416001399,order_260416036,899.00,upi_apps,17.98,2026-04-16T17:50:00+05:30,captured,setl_00000037,
pay_260416001400,order_260416036,1692.00,upi_apps,33.84,2026-04-16T14:22:00+05:30,captured,setl_00000037,
pay_260416001401,order_260416036,4408.00,wallet,88.16,2026-04-16T14:32:00+05:30,captured,setl_00000037,
pay_260416001402,order_260416036,3109.00,card,62.18,2026-04-16T16:20:00+05:30,captured,setl_00000037,
pay_260416001403,order_260416036,2529.00,upi_apps,50.58,2026-04-16T22:21:00+05:30,captured,setl_00000037,
pay_260416001404,order_260416036,2940.00,card,58.80,2026-04-16T14:31:00+05:30,captured,setl_00000037,
pay_260416001405,order_260416036,3015.00,card,60.30,2026-04-16T12:49:00+05:30,captured,setl_00000037,
pay_260416001406,order_260416036,5374.00,card,107.48,2026-04-16T21:28:00+05:30,captured,setl_00000037,
pay_260416001407,order_260416036,1290.00,card,25.80,2026-04-16T13:54:00+05:30,captured,setl_00000037,
pay_260416001408,order_260416036,4758.00,netbanking,42.82,2026-04-16T08:25:00+05:30,captured,setl_00000037,
pay_260416001409,order_260416036,988.00,card,19.76,2026-04-16T11:25:00+05:30,captured,setl_00000037,
pay_260417001410,order_260417037,1062.00,upi_apps,21.24,2026-04-17T17:39:00+05:30,captured,setl_00000038,
pay_260417001411,order_260417037,3504.00,card,70.08,2026-04-17T13:20:00+05:30,captured,setl_00000038,
pay_260417001412,order_260417037,2396.00,upi_apps,47.92,2026-04-17T17:03:00+05:30,captured,setl_00000038,
pay_260417001413,order_260417037,1774.00,upi_apps,35.48,2026-04-17T09:54:00+05:30,captured,setl_00000038,
pay_260417001414,order_260417037,2961.00,upi_apps,59.22,2026-04-17T19:28:00+05:30,captured,setl_00000038,
pay_260417001415,order_260417037,2023.00,upi_apps,40.46,2026-04-17T08:29:00+05:30,captured,setl_00000038,
pay_260417001416,order_260417037,3839.00,upi_apps,76.78,2026-04-17T21:52:00+05:30,captured,setl_00000038,
pay_260417001417,order_260417037,1503.00,upi_apps,30.06,2026-04-17T14:12:00+05:30,captured,setl_00000038,
pay_260417001418,order_260417037,5143.00,upi_apps,102.86,2026-04-17T09:55:00+05:30,captured,setl_00000038,
pay_260417001419,order_260417037,2192.00,upi_apps,43.84,2026-04-17T08:12:00+05:30,captured,setl_00000038,
pay_260417001420,order_260417037,672.00,upi_apps,13.44,2026-04-17T19:57:00+05:30,captured,setl_00000038,
pay_260417001421,order_260417037,3321.00,card,66.42,2026-04-17T18:43:00+05:30,captured,setl_00000038,
pay_260417001422,order_260417037,3582.00,upi_apps,71.64,2026-04-17T16:40:00+05:30,captured,setl_00000038,
pay_260417001423,order_260417037,5340.00,wallet,106.80,2026-04-17T11:13:00+05:30,captured,setl_00000038,
pay_260417001424,order_260417037,3576.00,netbanking,32.18,2026-04-17T21:00:00+05:30,captured,setl_00000038,
pay_260417001425,order_260417037,3548.00,upi_apps,70.96,2026-04-17T12:23:00+05:30,captured,setl_00000038,
pay_260417001426,order_260417037,1155.00,upi_apps,23.10,2026-04-17T14:05:00+05:30,captured,setl_00000038,
pay_260417001427,order_260417037,5082.00,upi_apps,101.64,2026-04-17T13:17:00+05:30,captured,setl_00000038,
pay_260417001428,order_260417037,3111.00,wallet,62.22,2026-04-17T19:37:00+05:30,captured,setl_00000038,
pay_260417001429,order_260417037,1031.00,upi_apps,20.62,2026-04-17T17:31:00+05:30,captured,setl_00000038,
pay_260417001430,order_260417037,2773.00,card,55.46,2026-04-17T22:47:00+05:30,captured,setl_00000038,
pay_260417001431,order_260417037,782.00,netbanking,7.03,2026-04-17T21:51:00+05:30,captured,setl_00000038,
pay_260417001432,order_260417037,2171.00,netbanking,19.53,2026-04-17T09:53:00+05:30,captured,setl_00000038,
pay_260417001433,order_260417037,1249.00,netbanking,11.24,2026-04-17T09:14:00+05:30,captured,setl_00000038,
pay_260417001434,order_260417037,5390.00,netbanking,48.51,2026-04-17T10:59:00+05:30,captured,setl_00000038,
pay_260417001435,order_260417037,3090.00,card,61.80,2026-04-17T09:49:00+05:30,captured,setl_00000038,
pay_260417001436,order_260417037,1470.00,card,29.40,2026-04-17T22:05:00+05:30,captured,setl_00000038,
pay_260417001437,order_260417037,3194.00,upi_apps,63.88,2026-04-17T18:01:00+05:30,captured,setl_00000038,
pay_260417001438,order_260417037,4402.00,card,88.04,2026-04-17T14:55:00+05:30,captured,setl_00000038,
pay_260417001439,order_260417037,4355.00,card,87.10,2026-04-17T15:05:00+05:30,captured,setl_00000038,
pay_260417001440,order_260417037,5064.00,upi_apps,101.28,2026-04-17T20:43:00+05:30,captured,setl_00000038,
pay_260417001441,order_260417037,561.00,card,11.22,2026-04-17T19:16:00+05:30,captured,setl_00000038,
pay_260417001442,order_260417037,496.00,upi_apps,9.92,2026-04-17T10:53:00+05:30,captured,setl_00000038,
pay_260417001443,order_260417037,1889.00,card,37.78,2026-04-17T19:16:00+05:30,captured,setl_00000038,
pay_260417001444,order_260417037,4993.00,upi_apps,99.86,2026-04-17T15:43:00+05:30,captured,setl_00000038,
pay_260417001445,order_260417037,4838.00,netbanking,43.54,2026-04-17T13:21:00+05:30,captured,setl_00000038,
pay_260417001446,order_260417037,3677.00,upi_apps,73.54,2026-04-17T19:45:00+05:30,captured,setl_00000038,
pay_260417001447,order_260417037,1672.00,card,33.44,2026-04-17T10:37:00+05:30,captured,setl_00000038,
pay_260417001448,order_260417037,4167.00,card,83.34,2026-04-17T20:49:00+05:30,captured,setl_00000038,
pay_260417001449,order_260417037,2618.00,card,52.36,2026-04-17T22:58:00+05:30,captured,setl_00000038,
pay_260417001450,order_260417037,2169.00,card,43.38,2026-04-17T13:10:00+05:30,captured,setl_00000038,
pay_260417001451,order_260417037,3373.00,netbanking,30.35,2026-04-17T12:03:00+05:30,captured,setl_00000038,
pay_260418001452,order_260418038,4098.00,upi_apps,81.96,2026-04-18T18:19:00+05:30,captured,setl_00000039,
pay_260418001453,order_260418038,4007.00,upi_apps,80.14,2026-04-18T08:27:00+05:30,captured,setl_00000039,
pay_260418001454,order_260418038,942.00,card,18.84,2026-04-18T22:14:00+05:30,captured,setl_00000039,
pay_260418001455,order_260418038,4941.00,upi_apps,98.82,2026-04-18T10:04:00+05:30,captured,setl_00000039,
pay_260418001456,order_260418038,3144.00,wallet,62.88,2026-04-18T09:08:00+05:30,captured,setl_00000039,
pay_260418001457,order_260418038,2182.00,upi_apps,43.64,2026-04-18T09:58:00+05:30,captured,setl_00000039,
pay_260418001458,order_260418038,2526.00,card,50.52,2026-04-18T08:12:00+05:30,captured,setl_00000039,
pay_260418001459,order_260418038,1107.00,card,22.14,2026-04-18T20:21:00+05:30,captured,setl_00000039,
pay_260418001460,order_260418038,3989.00,card,79.78,2026-04-18T16:01:00+05:30,captured,setl_00000039,
pay_260418001461,order_260418038,5352.00,upi_apps,107.04,2026-04-18T13:55:00+05:30,captured,setl_00000039,
pay_260418001462,order_260418038,4797.00,upi_apps,95.94,2026-04-18T11:54:00+05:30,captured,setl_00000039,
pay_260418001463,order_260418038,891.00,card,17.82,2026-04-18T19:50:00+05:30,captured,setl_00000039,
pay_260418001464,order_260418038,4272.00,upi_apps,85.44,2026-04-18T17:40:00+05:30,captured,setl_00000039,
pay_260419001465,order_260419039,2096.00,card,41.92,2026-04-19T12:16:00+05:30,captured,setl_00000040,
pay_260419001466,order_260419039,2194.00,card,43.88,2026-04-19T16:42:00+05:30,captured,setl_00000040,
pay_260419001467,order_260419039,1835.00,upi_apps,36.70,2026-04-19T11:03:00+05:30,captured,setl_00000040,
pay_260419001468,order_260419039,3094.00,card,61.88,2026-04-19T19:31:00+05:30,captured,setl_00000040,
pay_260419001469,order_260419039,1685.00,upi_apps,33.70,2026-04-19T18:00:00+05:30,captured,setl_00000040,
pay_260419001470,order_260419039,1249.00,card,24.98,2026-04-19T18:10:00+05:30,captured,setl_00000040,
pay_260419001471,order_260419039,668.00,card,13.36,2026-04-19T10:25:00+05:30,captured,setl_00000040,
pay_260419001472,order_260419039,1440.00,upi_apps,28.80,2026-04-19T19:28:00+05:30,captured,setl_00000040,
pay_260419001473,order_260419039,5093.00,card,101.86,2026-04-19T09:46:00+05:30,captured,setl_00000040,
pay_260419001474,order_260419039,3515.00,upi_apps,70.30,2026-04-19T10:45:00+05:30,captured,setl_00000040,
pay_260419001475,order_260419039,731.00,upi_apps,14.62,2026-04-19T12:01:00+05:30,captured,setl_00000040,
pay_260419001476,order_260419039,4455.00,upi_apps,89.10,2026-04-19T17:28:00+05:30,captured,setl_00000040,
pay_260419001477,order_260419039,669.00,upi_apps,13.38,2026-04-19T13:45:00+05:30,captured,setl_00000040,
pay_260419001478,order_260419039,1115.00,wallet,22.30,2026-04-19T18:41:00+05:30,captured,setl_00000040,
pay_260419001479,order_260419039,4056.00,upi_apps,81.12,2026-04-19T12:19:00+05:30,captured,setl_00000040,
pay_260419001480,order_260419039,4706.00,upi_apps,94.12,2026-04-19T20:27:00+05:30,captured,setl_00000040,
pay_260419001481,order_260419039,5306.00,upi_apps,106.12,2026-04-19T20:10:00+05:30,captured,setl_00000040,
pay_260419001482,order_260419039,3217.00,upi_apps,64.34,2026-04-19T19:41:00+05:30,captured,setl_00000040,
pay_260419001483,order_260419039,1109.00,upi_apps,22.18,2026-04-19T14:55:00+05:30,captured,setl_00000040,
pay_260420001484,order_260420040,943.00,upi_apps,18.86,2026-04-20T10:30:00+05:30,captured,setl_00000041,
pay_260420001485,order_260420040,4586.00,upi_apps,91.72,2026-04-20T08:57:00+05:30,captured,setl_00000041,
pay_260420001486,order_260420040,1590.00,card,31.80,2026-04-20T12:04:00+05:30,captured,setl_00000041,
pay_260420001487,order_260420040,751.00,wallet,15.02,2026-04-20T19:03:00+05:30,captured,setl_00000041,
pay_260420001488,order_260420040,3491.00,wallet,69.82,2026-04-20T12:04:00+05:30,captured,setl_00000041,
pay_260420001489,order_260420040,2292.00,card,45.84,2026-04-20T20:54:00+05:30,captured,setl_00000041,
pay_260420001490,order_260420040,2213.00,upi_apps,44.26,2026-04-20T11:07:00+05:30,captured,setl_00000041,
pay_260420001491,order_260420040,1063.00,upi_apps,21.26,2026-04-20T15:49:00+05:30,captured,setl_00000041,
pay_260420001492,order_260420040,2617.00,upi_apps,52.34,2026-04-20T14:45:00+05:30,captured,setl_00000041,
pay_260420001493,order_260420040,675.00,upi_apps,13.50,2026-04-20T13:32:00+05:30,captured,setl_00000041,
pay_260420001494,order_260420040,1067.00,upi_apps,21.34,2026-04-20T09:00:00+05:30,captured,setl_00000041,
pay_260420001495,order_260420040,3875.00,upi_apps,77.50,2026-04-20T09:38:00+05:30,captured,setl_00000041,
pay_260420001496,order_260420040,1153.00,netbanking,10.37,2026-04-20T08:11:00+05:30,captured,setl_00000041,
pay_260420001497,order_260420040,2623.00,netbanking,23.60,2026-04-20T16:43:00+05:30,captured,setl_00000041,
pay_260420001498,order_260420040,5163.00,netbanking,46.46,2026-04-20T11:01:00+05:30,captured,setl_00000041,
pay_260420001499,order_260420040,3288.00,card,65.76,2026-04-20T18:10:00+05:30,captured,setl_00000041,
pay_260420001500,order_260420040,4502.00,wallet,90.04,2026-04-20T11:26:00+05:30,captured,setl_00000041,
pay_260420001501,order_260420040,1469.00,card,29.38,2026-04-20T11:31:00+05:30,captured,setl_00000041,
pay_260420001502,order_260420040,5100.00,wallet,102.00,2026-04-20T08:03:00+05:30,captured,setl_00000041,
pay_260420001503,order_260420040,1027.00,upi_apps,20.54,2026-04-20T08:48:00+05:30,captured,setl_00000041,
pay_260420001504,order_260420040,2550.00,card,51.00,2026-04-20T09:53:00+05:30,captured,setl_00000041,
pay_260420001505,order_260420040,4946.00,upi_apps,98.92,2026-04-20T21:30:00+05:30,captured,setl_00000041,
pay_260420001506,order_260420040,1884.00,upi_apps,37.68,2026-04-20T18:26:00+05:30,captured,setl_00000041,
pay_260420001507,order_260420040,2838.00,card,56.76,2026-04-20T13:50:00+05:30,captured,setl_00000041,
pay_260420001508,order_260420040,3280.00,card,65.60,2026-04-20T09:03:00+05:30,captured,setl_00000041,
pay_260420001509,order_260420040,2707.00,upi_apps,54.14,2026-04-20T21:26:00+05:30,captured,setl_00000041,
pay_260420001510,order_260420040,4452.00,card,89.04,2026-04-20T20:25:00+05:30,captured,setl_00000041,
pay_260420001511,order_260420040,4893.00,card,97.86,2026-04-20T14:26:00+05:30,captured,setl_00000041,
pay_260420001512,order_260420040,757.00,card,15.14,2026-04-20T09:36:00+05:30,captured,setl_00000041,
pay_260420001513,order_260420040,844.00,upi_apps,16.88,2026-04-20T20:43:00+05:30,captured,setl_00000041,
pay_260420001514,order_260420040,4145.00,netbanking,37.30,2026-04-20T18:57:00+05:30,captured,setl_00000041,
pay_260420001515,order_260420040,1306.00,card,26.12,2026-04-20T19:28:00+05:30,captured,setl_00000041,
pay_260420001516,order_260420040,3526.00,wallet,70.52,2026-04-20T16:19:00+05:30,captured,setl_00000041,
pay_260420001517,order_260420040,5174.00,card,103.48,2026-04-20T19:14:00+05:30,captured,setl_00000041,
pay_260420001518,order_260420040,3104.00,card,62.08,2026-04-20T12:57:00+05:30,captured,setl_00000041,
pay_260420001519,order_260420040,3244.00,netbanking,29.19,2026-04-20T10:01:00+05:30,captured,setl_00000041,
pay_260420001520,order_260420040,504.00,wallet,10.08,2026-04-20T15:57:00+05:30,captured,setl_00000041,
pay_260420001521,order_260420040,5000.00,upi_apps,100.00,2026-04-20T21:24:00+05:30,captured,setl_00000041,
pay_260420001522,order_260420040,1742.00,card,34.84,2026-04-20T10:46:00+05:30,captured,setl_00000041,
pay_260420001523,order_260420040,5362.00,netbanking,48.25,2026-04-20T21:26:00+05:30,captured,setl_00000041,
pay_260420001524,order_260420040,4418.00,wallet,88.36,2026-04-20T13:03:00+05:30,captured,setl_00000041,
pay_260420001525,order_260420040,4348.00,netbanking,39.13,2026-04-20T22:02:00+05:30,captured,setl_00000041,
pay_260420001526,order_260420040,3537.00,netbanking,31.83,2026-04-20T15:59:00+05:30,captured,setl_00000041,
pay_260420001527,order_260420040,853.00,upi_apps,17.06,2026-04-20T12:55:00+05:30,captured,setl_00000041,
pay_260420001528,order_260420040,4068.00,card,81.36,2026-04-20T20:32:00+05:30,captured,setl_00000041,
pay_260420001529,order_260420040,3965.00,card,79.30,2026-04-20T09:28:00+05:30,captured,setl_00000041,
pay_260420001530,order_260420040,4735.00,card,94.70,2026-04-20T12:00:00+05:30,captured,setl_00000041,
pay_260421001531,order_260421041,885.00,upi_apps,17.70,2026-04-21T13:15:00+05:30,captured,setl_00000042,
pay_260421001532,order_260421041,5346.00,card,106.92,2026-04-21T16:22:00+05:30,captured,setl_00000042,
pay_260421001533,order_260421041,2993.00,card,59.86,2026-04-21T11:26:00+05:30,captured,setl_00000042,
pay_260421001534,order_260421041,3155.00,card,63.10,2026-04-21T19:13:00+05:30,captured,setl_00000042,
pay_260421001535,order_260421041,3922.00,upi_apps,78.44,2026-04-21T20:46:00+05:30,captured,setl_00000042,
pay_260421001536,order_260421041,4283.00,wallet,85.66,2026-04-21T18:46:00+05:30,captured,setl_00000042,
pay_260421001537,order_260421041,1861.00,card,37.22,2026-04-21T19:02:00+05:30,captured,setl_00000042,
pay_260421001538,order_260421041,2466.00,wallet,49.32,2026-04-21T13:54:00+05:30,captured,setl_00000042,
pay_260421001539,order_260421041,884.00,upi_apps,17.68,2026-04-21T17:30:00+05:30,captured,setl_00000042,
pay_260421001540,order_260421041,478.00,upi_apps,9.56,2026-04-21T22:14:00+05:30,captured,setl_00000042,
pay_260421001541,order_260421041,2312.00,netbanking,20.80,2026-04-21T13:42:00+05:30,captured,setl_00000042,
pay_260421001542,order_260421041,3060.00,card,61.20,2026-04-21T15:56:00+05:30,captured,setl_00000042,
pay_260421001543,order_260421041,1617.00,upi_apps,32.34,2026-04-21T16:15:00+05:30,captured,setl_00000042,
pay_260421001544,order_260421041,4522.00,upi_apps,90.44,2026-04-21T13:51:00+05:30,captured,setl_00000042,
pay_260421001545,order_260421041,3870.00,upi_apps,77.40,2026-04-21T14:21:00+05:30,captured,setl_00000042,
pay_260421001546,order_260421041,1918.00,card,38.36,2026-04-21T22:08:00+05:30,captured,setl_00000042,
pay_260421001547,order_260421041,5091.00,upi_apps,101.82,2026-04-21T17:03:00+05:30,captured,setl_00000042,
pay_260421001548,order_260421041,3345.00,card,66.90,2026-04-21T19:26:00+05:30,captured,setl_00000042,
pay_260421001549,order_260421041,3358.00,netbanking,30.22,2026-04-21T22:29:00+05:30,captured,setl_00000042,
pay_260421001550,order_260421041,4815.00,wallet,96.30,2026-04-21T19:12:00+05:30,captured,setl_00000042,
pay_260421001551,order_260421041,1675.00,card,33.50,2026-04-21T20:24:00+05:30,captured,setl_00000042,
pay_260421001552,order_260421041,2360.00,wallet,47.20,2026-04-21T17:50:00+05:30,captured,setl_00000042,
pay_260421001553,order_260421041,2426.00,upi_apps,48.52,2026-04-21T16:26:00+05:30,captured,setl_00000042,
pay_260421001554,order_260421041,2560.00,card,51.20,2026-04-21T17:55:00+05:30,captured,setl_00000042,
pay_260421001555,order_260421041,4718.00,upi_apps,94.36,2026-04-21T08:09:00+05:30,captured,setl_00000042,
pay_260421001556,order_260421041,4080.00,upi_apps,81.60,2026-04-21T19:00:00+05:30,captured,setl_00000042,
pay_260421001557,order_260421041,4370.00,card,87.40,2026-04-21T20:34:00+05:30,captured,setl_00000042,
pay_260421001558,order_260421041,3617.00,card,72.34,2026-04-21T16:18:00+05:30,captured,setl_00000042,
pay_260421001559,order_260421041,4515.00,card,90.30,2026-04-21T17:35:00+05:30,captured,setl_00000042,
pay_260421001560,order_260421041,3810.00,upi_apps,76.20,2026-04-21T10:00:00+05:30,captured,setl_00000042,
pay_260421001561,order_260421041,1189.00,netbanking,10.70,2026-04-21T21:45:00+05:30,captured,setl_00000042,
pay_260422001562,order_260422042,2935.00,upi_apps,58.70,2026-04-22T10:26:00+05:30,captured,setl_00000043,
pay_260422001563,order_260422042,1733.00,upi_apps,34.66,2026-04-22T21:32:00+05:30,captured,setl_00000043,
pay_260422001564,order_260422042,2669.00,card,53.38,2026-04-22T21:27:00+05:30,captured,setl_00000043,
pay_260422001565,order_260422042,3114.00,netbanking,28.02,2026-04-22T12:46:00+05:30,captured,setl_00000043,
pay_260422001566,order_260422042,4015.00,upi_apps,80.30,2026-04-22T08:57:00+05:30,captured,setl_00000043,
pay_260422001567,order_260422042,4970.00,wallet,99.40,2026-04-22T15:57:00+05:30,captured,setl_00000043,
pay_260422001568,order_260422042,1976.00,wallet,39.52,2026-04-22T18:06:00+05:30,captured,setl_00000043,
pay_260422001569,order_260422042,5330.00,wallet,106.60,2026-04-22T21:26:00+05:30,captured,setl_00000043,
pay_260422001570,order_260422042,3056.00,netbanking,27.50,2026-04-22T12:33:00+05:30,captured,setl_00000043,
pay_260422001571,order_260422042,4522.00,wallet,90.44,2026-04-22T21:31:00+05:30,captured,setl_00000043,
pay_260422001572,order_260422042,3469.00,wallet,69.38,2026-04-22T08:11:00+05:30,captured,setl_00000043,
pay_260422001573,order_260422042,4773.00,upi_apps,95.46,2026-04-22T14:44:00+05:30,captured,setl_00000043,
pay_260422001574,order_260422042,3354.00,wallet,67.08,2026-04-22T20:39:00+05:30,captured,setl_00000043,
pay_260422001575,order_260422042,4346.00,upi_apps,86.92,2026-04-22T14:34:00+05:30,captured,setl_00000043,
pay_260422001576,order_260422042,3329.00,wallet,66.58,2026-04-22T20:24:00+05:30,captured,setl_00000043,
pay_260422001577,order_260422042,1591.00,card,31.82,2026-04-22T20:50:00+05:30,captured,setl_00000043,
pay_260422001578,order_260422042,1417.00,wallet,28.34,2026-04-22T15:17:00+05:30,captured,setl_00000043,
pay_260422001579,order_260422042,553.00,card,11.06,2026-04-22T20:36:00+05:30,captured,setl_00000043,
pay_260422001580,order_260422042,4636.00,card,92.72,2026-04-22T18:48:00+05:30,captured,setl_00000043,
pay_260422001581,order_260422042,2135.00,card,42.70,2026-04-22T15:50:00+05:30,captured,setl_00000043,
pay_260422001582,order_260422042,4238.00,upi_apps,84.76,2026-04-22T11:41:00+05:30,captured,setl_00000043,
pay_260422001583,order_260422042,1786.00,card,35.72,2026-04-22T20:01:00+05:30,captured,setl_00000043,
pay_260422001584,order_260422042,1377.00,card,27.54,2026-04-22T12:09:00+05:30,captured,setl_00000043,
pay_260422001585,order_260422042,1477.00,upi_apps,29.54,2026-04-22T09:45:00+05:30,captured,setl_00000043,
pay_260422001586,order_260422042,1630.00,card,32.60,2026-04-22T09:15:00+05:30,captured,setl_00000043,
pay_260422001587,order_260422042,3520.00,card,70.40,2026-04-22T11:36:00+05:30,captured,setl_00000043,
pay_260422001588,order_260422042,3486.00,card,69.72,2026-04-22T14:23:00+05:30,captured,setl_00000043,
pay_260422001589,order_260422042,1079.00,netbanking,9.71,2026-04-22T09:21:00+05:30,captured,setl_00000043,
pay_260422001590,order_260422042,1994.00,card,39.88,2026-04-22T08:49:00+05:30,captured,setl_00000043,
pay_260422001591,order_260422042,4820.00,card,96.40,2026-04-22T14:13:00+05:30,captured,setl_00000043,
pay_260422001592,order_260422042,3815.00,netbanking,34.33,2026-04-22T15:27:00+05:30,captured,setl_00000043,
pay_260422001593,order_260422042,2542.00,upi_apps,50.84,2026-04-22T15:32:00+05:30,captured,setl_00000043,
pay_260422001594,order_260422042,4932.00,upi_apps,98.64,2026-04-22T16:16:00+05:30,captured,setl_00000043,
pay_260422001595,order_260422042,2493.00,wallet,49.86,2026-04-22T21:25:00+05:30,captured,setl_00000043,
pay_260422001596,order_260422042,2806.00,card,56.12,2026-04-22T11:34:00+05:30,captured,setl_00000043,
pay_260422001597,order_260422042,997.00,card,19.94,2026-04-22T08:51:00+05:30,captured,setl_00000043,
pay_260422001598,order_260422042,4520.00,card,90.40,2026-04-22T11:09:00+05:30,captured,setl_00000043,
pay_260422001599,order_260422042,4500.00,netbanking,40.49,2026-04-22T20:26:00+05:30,captured,setl_00000043,
pay_260422001600,order_260422042,4209.00,card,84.18,2026-04-22T18:57:00+05:30,captured,setl_00000043,
pay_260422001601,order_260422042,2082.00,netbanking,18.73,2026-04-22T22:59:00+05:30,captured,setl_00000043,
pay_260423001602,order_260423043,554.00,card,11.08,2026-04-23T20:30:00+05:30,captured,setl_00000044,
pay_260423001603,order_260423043,5072.00,upi_apps,101.44,2026-04-23T18:49:00+05:30,captured,setl_00000044,
pay_260423001604,order_260423043,4098.00,upi_apps,81.96,2026-04-23T11:40:00+05:30,captured,setl_00000044,
pay_260423001605,order_260423043,4524.00,upi_apps,90.48,2026-04-23T13:17:00+05:30,captured,setl_00000044,
pay_260423001606,order_260423043,810.00,upi_apps,16.20,2026-04-23T11:45:00+05:30,captured,setl_00000044,
pay_260423001607,order_260423043,3748.00,netbanking,33.73,2026-04-23T14:45:00+05:30,captured,setl_00000044,
pay_260423001608,order_260423043,2645.00,card,52.90,2026-04-23T22:04:00+05:30,captured,setl_00000044,
pay_260423001609,order_260423043,1924.00,card,38.48,2026-04-23T10:39:00+05:30,captured,setl_00000044,
pay_260423001610,order_260423043,1257.00,netbanking,11.31,2026-04-23T09:29:00+05:30,captured,setl_00000044,
pay_260423001611,order_260423043,3375.00,card,67.50,2026-04-23T21:19:00+05:30,captured,setl_00000044,
pay_260423001612,order_260423043,4544.00,card,90.88,2026-04-23T22:39:00+05:30,captured,setl_00000044,
pay_260423001613,order_260423043,4889.00,upi_apps,97.78,2026-04-23T19:59:00+05:30,captured,setl_00000044,
pay_260423001614,order_260423043,1087.00,card,21.74,2026-04-23T09:10:00+05:30,captured,setl_00000044,
pay_260423001615,order_260423043,4287.00,card,85.74,2026-04-23T11:01:00+05:30,captured,setl_00000044,
pay_260423001616,order_260423043,3736.00,upi_apps,74.72,2026-04-23T17:48:00+05:30,captured,setl_00000044,
pay_260423001617,order_260423043,2326.00,upi_apps,46.52,2026-04-23T19:10:00+05:30,captured,setl_00000044,
pay_260423001618,order_260423043,4804.00,upi_apps,96.08,2026-04-23T21:18:00+05:30,captured,setl_00000044,
pay_260423001619,order_260423043,2034.00,upi_apps,40.68,2026-04-23T11:58:00+05:30,captured,setl_00000044,
pay_260423001620,order_260423043,1615.00,card,32.30,2026-04-23T21:50:00+05:30,captured,setl_00000044,
pay_260423001621,order_260423043,3871.00,upi_apps,77.42,2026-04-23T12:01:00+05:30,captured,setl_00000044,
pay_260423001622,order_260423043,1777.00,netbanking,15.99,2026-04-23T19:54:00+05:30,captured,setl_00000044,
pay_260423001623,order_260423043,4034.00,upi_apps,80.68,2026-04-23T14:31:00+05:30,captured,setl_00000044,
pay_260423001624,order_260423043,544.00,wallet,10.88,2026-04-23T14:41:00+05:30,captured,setl_00000044,
pay_260423001625,order_260423043,4717.00,card,94.34,2026-04-23T14:26:00+05:30,captured,setl_00000044,
pay_260423001626,order_260423043,2394.00,netbanking,21.54,2026-04-23T21:17:00+05:30,captured,setl_00000044,
pay_260423001627,order_260423043,3811.00,card,76.22,2026-04-23T08:06:00+05:30,captured,setl_00000044,
pay_260423001628,order_260423043,1804.00,wallet,36.08,2026-04-23T15:30:00+05:30,captured,setl_00000044,
pay_260423001629,order_260423043,4158.00,upi_apps,83.16,2026-04-23T21:28:00+05:30,captured,setl_00000044,
pay_260423001630,order_260423043,3221.00,upi_apps,64.42,2026-04-23T19:29:00+05:30,captured,setl_00000044,
pay_260423001631,order_260423043,2782.00,card,55.64,2026-04-23T16:04:00+05:30,captured,setl_00000044,
pay_260423001632,order_260423043,2396.00,upi_apps,47.92,2026-04-23T08:34:00+05:30,captured,setl_00000044,
pay_260424001633,order_260424044,2541.00,card,50.82,2026-04-24T08:12:00+05:30,captured,setl_00000045,
pay_260424001634,order_260424044,4932.00,upi_apps,98.64,2026-04-24T21:11:00+05:30,captured,setl_00000045,
pay_260424001635,order_260424044,3517.00,card,70.34,2026-04-24T10:34:00+05:30,captured,setl_00000045,
pay_260424001636,order_260424044,678.00,card,13.56,2026-04-24T22:38:00+05:30,captured,setl_00000045,
pay_260424001637,order_260424044,452.00,netbanking,4.06,2026-04-24T19:38:00+05:30,captured,setl_00000045,
pay_260424001638,order_260424044,1954.00,upi_apps,39.08,2026-04-24T16:17:00+05:30,captured,setl_00000045,
pay_260424001639,order_260424044,1917.00,upi_apps,38.34,2026-04-24T09:01:00+05:30,captured,setl_00000045,
pay_260424001640,order_260424044,5400.00,netbanking,48.60,2026-04-24T12:01:00+05:30,captured,setl_00000045,
pay_260424001641,order_260424044,3486.00,upi_apps,69.72,2026-04-24T13:47:00+05:30,captured,setl_00000045,
pay_260424001642,order_260424044,3804.00,wallet,76.08,2026-04-24T09:40:00+05:30,captured,setl_00000045,
pay_260424001643,order_260424044,1820.00,upi_apps,36.40,2026-04-24T15:39:00+05:30,captured,setl_00000045,
pay_260424001644,order_260424044,2466.00,wallet,49.32,2026-04-24T08:28:00+05:30,captured,setl_00000045,
pay_260424001645,order_260424044,2244.00,card,44.88,2026-04-24T12:15:00+05:30,captured,setl_00000045,
pay_260424001646,order_260424044,1196.00,upi_apps,23.92,2026-04-24T12:13:00+05:30,captured,setl_00000045,
pay_260424001647,order_260424044,1349.00,upi_apps,26.98,2026-04-24T11:48:00+05:30,captured,setl_00000045,
pay_260424001648,order_260424044,969.00,upi_apps,19.38,2026-04-24T15:41:00+05:30,captured,setl_00000045,
pay_260424001649,order_260424044,4048.00,netbanking,36.43,2026-04-24T11:35:00+05:30,captured,setl_00000045,
pay_260424001650,order_260424044,3200.00,upi_apps,64.00,2026-04-24T16:05:00+05:30,captured,setl_00000045,
pay_260424001651,order_260424044,477.00,upi_apps,9.54,2026-04-24T13:22:00+05:30,captured,setl_00000045,
pay_260424001652,order_260424044,3515.00,upi_apps,70.30,2026-04-24T08:30:00+05:30,captured,setl_00000045,
pay_260424001653,order_260424044,2825.00,upi_apps,56.50,2026-04-24T10:30:00+05:30,captured,setl_00000045,
pay_260424001654,order_260424044,4176.00,upi_apps,83.52,2026-04-24T19:56:00+05:30,captured,setl_00000045,
pay_260424001655,order_260424044,2504.00,upi_apps,50.08,2026-04-24T17:06:00+05:30,captured,setl_00000045,
pay_260424001656,order_260424044,1245.00,card,24.90,2026-04-24T11:11:00+05:30,captured,setl_00000045,
pay_260424001657,order_260424044,3099.00,card,61.98,2026-04-24T15:39:00+05:30,captured,setl_00000045,
pay_260424001658,order_260424044,3242.00,wallet,64.84,2026-04-24T10:55:00+05:30,captured,setl_00000045,
pay_260424001659,order_260424044,4239.00,card,84.78,2026-04-24T11:29:00+05:30,captured,setl_00000045,
pay_260424001660,order_260424044,4192.00,card,83.84,2026-04-24T17:17:00+05:30,captured,setl_00000045,
pay_260424001661,order_260424044,3366.00,netbanking,30.29,2026-04-24T16:37:00+05:30,captured,setl_00000045,
pay_260424001662,order_260424044,2721.00,upi_apps,54.42,2026-04-24T19:59:00+05:30,captured,setl_00000045,
pay_260424001663,order_260424044,2104.00,card,42.08,2026-04-24T20:01:00+05:30,captured,setl_00000045,
pay_260424001664,order_260424044,507.00,card,10.14,2026-04-24T14:55:00+05:30,captured,setl_00000045,
pay_260424001665,order_260424044,450.00,netbanking,4.04,2026-04-24T19:35:00+05:30,captured,setl_00000045,
pay_260424001666,order_260424044,2643.00,upi_apps,52.86,2026-04-24T16:43:00+05:30,captured,setl_00000045,
pay_260424001667,order_260424044,4015.00,upi_apps,80.30,2026-04-24T21:16:00+05:30,captured,setl_00000045,
pay_260424001668,order_260424044,588.00,wallet,11.76,2026-04-24T10:13:00+05:30,captured,setl_00000045,
pay_260424001669,order_260424044,1798.00,netbanking,16.18,2026-04-24T19:50:00+05:30,captured,setl_00000045,
pay_260424001670,order_260424044,1261.00,upi_apps,25.22,2026-04-24T08:54:00+05:30,captured,setl_00000045,
pay_260424001671,order_260424044,5263.00,upi_apps,105.26,2026-04-24T12:12:00+05:30,captured,setl_00000045,
pay_260424001672,order_260424044,2665.00,netbanking,23.98,2026-04-24T22:55:00+05:30,captured,setl_00000045,
pay_260425001673,order_260425045,2642.00,upi_apps,52.84,2026-04-25T18:47:00+05:30,captured,setl_00000046,
pay_260425001674,order_260425045,3714.00,upi_apps,74.28,2026-04-25T12:35:00+05:30,captured,setl_00000046,
pay_260425001675,order_260425045,4761.00,upi_apps,95.22,2026-04-25T22:44:00+05:30,captured,setl_00000046,
pay_260425001676,order_260425045,3864.00,card,77.28,2026-04-25T20:24:00+05:30,captured,setl_00000046,
pay_260425001677,order_260425045,1828.00,upi_apps,36.56,2026-04-25T18:01:00+05:30,captured,setl_00000046,
pay_260425001678,order_260425045,1894.00,netbanking,17.04,2026-04-25T22:15:00+05:30,captured,setl_00000046,
pay_260425001679,order_260425045,1489.00,card,29.78,2026-04-25T10:33:00+05:30,captured,setl_00000046,
pay_260425001680,order_260425045,808.00,upi_apps,16.16,2026-04-25T21:39:00+05:30,captured,setl_00000046,
pay_260425001681,order_260425045,2767.00,upi_apps,55.34,2026-04-25T17:23:00+05:30,captured,setl_00000046,
pay_260425001682,order_260425045,4405.00,card,88.10,2026-04-25T16:21:00+05:30,captured,setl_00000046,
pay_260425001683,order_260425045,5348.00,upi_apps,106.96,2026-04-25T17:25:00+05:30,captured,setl_00000046,
pay_260425001684,order_260425045,747.00,card,14.94,2026-04-25T17:39:00+05:30,captured,setl_00000046,
pay_260425001685,order_260425045,5299.00,card,105.98,2026-04-25T20:41:00+05:30,captured,setl_00000046,
pay_260426001686,order_260426046,2649.00,card,52.98,2026-04-26T10:06:00+05:30,captured,setl_00000047,
pay_260426001687,order_260426046,993.00,upi_apps,19.86,2026-04-26T19:27:00+05:30,captured,setl_00000047,
pay_260426001688,order_260426046,567.00,card,11.34,2026-04-26T12:57:00+05:30,captured,setl_00000047,
pay_260426001689,order_260426046,4757.00,card,95.14,2026-04-26T13:10:00+05:30,captured,setl_00000047,
pay_260426001690,order_260426046,2992.00,upi_apps,59.84,2026-04-26T11:32:00+05:30,captured,setl_00000047,
pay_260426001691,order_260426046,4639.00,wallet,92.78,2026-04-26T13:27:00+05:30,captured,setl_00000047,
pay_260426001692,order_260426046,2168.00,wallet,43.36,2026-04-26T09:41:00+05:30,captured,setl_00000047,
pay_260426001693,order_260426046,1353.00,card,27.06,2026-04-26T15:09:00+05:30,captured,setl_00000047,
pay_260426001694,order_260426046,1988.00,netbanking,17.89,2026-04-26T11:03:00+05:30,captured,setl_00000047,
pay_260427001695,order_260427047,4343.00,card,86.86,2026-04-27T08:45:00+05:30,captured,setl_00000048,
pay_260427001696,order_260427047,2279.00,netbanking,20.51,2026-04-27T22:30:00+05:30,captured,setl_00000048,
pay_260427001697,order_260427047,3563.00,upi_apps,71.26,2026-04-27T13:59:00+05:30,captured,setl_00000048,
pay_260427001698,order_260427047,554.00,card,11.08,2026-04-27T11:06:00+05:30,captured,setl_00000048,
pay_260427001699,order_260427047,5055.00,wallet,101.10,2026-04-27T13:32:00+05:30,captured,setl_00000048,
pay_260427001700,order_260427047,3184.00,upi_apps,63.68,2026-04-27T18:42:00+05:30,captured,setl_00000048,
pay_260427001701,order_260427047,2578.00,upi_apps,51.56,2026-04-27T10:30:00+05:30,captured,setl_00000048,
pay_260427001702,order_260427047,3041.00,upi_apps,60.82,2026-04-27T11:39:00+05:30,captured,setl_00000048,
pay_260427001703,order_260427047,3496.00,wallet,69.92,2026-04-27T11:07:00+05:30,captured,setl_00000048,
pay_260427001704,order_260427047,2605.00,card,52.10,2026-04-27T08:20:00+05:30,captured,setl_00000048,
pay_260427001705,order_260427047,3028.00,upi_apps,60.56,2026-04-27T14:23:00+05:30,captured,setl_00000048,
pay_260427001706,order_260427047,3803.00,netbanking,34.22,2026-04-27T19:36:00+05:30,captured,setl_00000048,
pay_260427001707,order_260427047,1880.00,card,37.60,2026-04-27T20:42:00+05:30,captured,setl_00000048,
pay_260427001708,order_260427047,5230.00,upi_apps,104.60,2026-04-27T20:24:00+05:30,captured,setl_00000048,
pay_260427001709,order_260427047,1350.00,netbanking,12.15,2026-04-27T19:33:00+05:30,captured,setl_00000048,
pay_260427001710,order_260427047,4810.00,upi_apps,96.20,2026-04-27T16:37:00+05:30,captured,setl_00000048,
pay_260427001711,order_260427047,2935.00,upi_apps,58.70,2026-04-27T12:45:00+05:30,captured,setl_00000048,
pay_260427001712,order_260427047,2125.00,upi_apps,42.50,2026-04-27T17:35:00+05:30,captured,setl_00000048,
pay_260427001713,order_260427047,2737.00,upi_apps,54.74,2026-04-27T19:23:00+05:30,captured,setl_00000048,
pay_260427001714,order_260427047,3813.00,upi_apps,76.26,2026-04-27T11:43:00+05:30,captured,setl_00000048,
pay_260427001715,order_260427047,3866.00,upi_apps,77.32,2026-04-27T09:49:00+05:30,captured,setl_00000048,
pay_260427001716,order_260427047,2355.00,upi_apps,47.10,2026-04-27T11:54:00+05:30,captured,setl_00000048,
pay_260427001717,order_260427047,1609.00,wallet,32.18,2026-04-27T17:10:00+05:30,captured,setl_00000048,
pay_260427001718,order_260427047,1749.00,wallet,34.98,2026-04-27T20:02:00+05:30,captured,setl_00000048,
pay_260427001719,order_260427047,1233.00,netbanking,11.09,2026-04-27T08:46:00+05:30,captured,setl_00000048,
pay_260427001720,order_260427047,4539.00,upi_apps,90.78,2026-04-27T11:05:00+05:30,captured,setl_00000048,
pay_260427001721,order_260427047,5160.00,upi_apps,103.20,2026-04-27T19:30:00+05:30,captured,setl_00000048,
pay_260427001722,order_260427047,2378.00,netbanking,21.40,2026-04-27T18:41:00+05:30,captured,setl_00000048,
pay_260427001723,order_260427047,588.00,upi_apps,11.76,2026-04-27T17:58:00+05:30,captured,setl_00000048,
pay_260427001724,order_260427047,2401.00,upi_apps,48.02,2026-04-27T20:43:00+05:30,captured,setl_00000048,
pay_260427001725,order_260427047,2573.00,upi_apps,51.46,2026-04-27T08:54:00+05:30,captured,setl_00000048,
pay_260427001726,order_260427047,2692.00,upi_apps,53.84,2026-04-27T18:04:00+05:30,captured,setl_00000048,
pay_260427001727,order_260427047,4239.00,upi_apps,84.78,2026-04-27T09:08:00+05:30,captured,setl_00000048,
pay_260427001728,order_260427047,1944.00,card,38.88,2026-04-27T16:29:00+05:30,captured,setl_00000048,
pay_260427001729,order_260427047,1711.00,netbanking,15.39,2026-04-27T11:04:00+05:30,captured,setl_00000048,
pay_260427001730,order_260427047,892.00,upi_apps,17.84,2026-04-27T19:00:00+05:30,captured,setl_00000048,
pay_260427001731,order_260427047,4150.00,wallet,83.00,2026-04-27T22:12:00+05:30,captured,setl_00000048,
pay_260427001732,order_260427047,475.00,upi_apps,9.50,2026-04-27T22:47:00+05:30,captured,setl_00000048,
pay_260427001733,order_260427047,1374.00,card,27.48,2026-04-27T12:20:00+05:30,captured,setl_00000048,
pay_260427001734,order_260427047,2702.00,card,54.04,2026-04-27T14:16:00+05:30,captured,setl_00000048,
pay_260427001735,order_260427047,2435.00,upi_apps,48.70,2026-04-27T19:23:00+05:30,captured,setl_00000048,
pay_260427001736,order_260427047,4007.00,upi_apps,80.14,2026-04-27T19:47:00+05:30,captured,setl_00000048,
pay_260427001737,order_260427047,2864.00,upi_apps,57.28,2026-04-27T13:18:00+05:30,captured,setl_00000048,
pay_260427001738,order_260427047,3818.00,card,76.36,2026-04-27T20:35:00+05:30,captured,setl_00000048,
pay_260427001739,order_260427047,4683.00,upi_apps,93.66,2026-04-27T09:10:00+05:30,captured,setl_00000048,
pay_260427001740,order_260427047,1715.00,upi_apps,34.30,2026-04-27T16:09:00+05:30,captured,setl_00000048,
pay_260427001741,order_260427047,2507.00,card,50.14,2026-04-27T10:00:00+05:30,captured,setl_00000048,
pay_260428001742,order_260428048,2991.00,card,59.82,2026-04-28T08:01:00+05:30,captured,setl_00000049,
pay_260428001743,order_260428048,1341.00,card,26.82,2026-04-28T09:04:00+05:30,captured,setl_00000049,
pay_260428001744,order_260428048,4298.00,netbanking,38.68,2026-04-28T10:18:00+05:30,captured,setl_00000049,
pay_260428001745,order_260428048,2143.00,card,42.86,2026-04-28T22:30:00+05:30,captured,setl_00000049,
pay_260428001746,order_260428048,3206.00,card,64.12,2026-04-28T21:46:00+05:30,captured,setl_00000049,
pay_260428001747,order_260428048,1523.00,card,30.46,2026-04-28T15:21:00+05:30,captured,setl_00000049,
pay_260428001748,order_260428048,2788.00,upi_apps,55.76,2026-04-28T08:31:00+05:30,captured,setl_00000049,
pay_260428001749,order_260428048,551.00,card,11.02,2026-04-28T20:43:00+05:30,captured,setl_00000049,
pay_260428001750,order_260428048,1179.00,upi_apps,23.58,2026-04-28T08:39:00+05:30,captured,setl_00000049,
pay_260428001751,order_260428048,1670.00,card,33.40,2026-04-28T13:37:00+05:30,captured,setl_00000049,
pay_260428001752,order_260428048,2762.00,netbanking,24.85,2026-04-28T16:59:00+05:30,captured,setl_00000049,
pay_260428001753,order_260428048,2512.00,card,50.24,2026-04-28T19:06:00+05:30,captured,setl_00000049,
pay_260428001754,order_260428048,3899.00,netbanking,35.09,2026-04-28T15:36:00+05:30,captured,setl_00000049,
pay_260428001755,order_260428048,4729.00,upi_apps,94.58,2026-04-28T22:36:00+05:30,captured,setl_00000049,
pay_260428001756,order_260428048,2592.00,card,51.84,2026-04-28T17:34:00+05:30,captured,setl_00000049,
pay_260428001757,order_260428048,2290.00,netbanking,20.61,2026-04-28T20:41:00+05:30,captured,setl_00000049,
pay_260428001758,order_260428048,4234.00,upi_apps,84.68,2026-04-28T20:45:00+05:30,captured,setl_00000049,
pay_260428001759,order_260428048,5296.00,upi_apps,105.92,2026-04-28T18:30:00+05:30,captured,setl_00000049,
pay_260428001760,order_260428048,2741.00,upi_apps,54.82,2026-04-28T09:03:00+05:30,captured,setl_00000049,
pay_260428001761,order_260428048,3947.00,upi_apps,78.94,2026-04-28T22:04:00+05:30,captured,setl_00000049,
pay_260429001762,order_260429049,1218.00,upi_apps,24.36,2026-04-29T15:52:00+05:30,captured,setl_00000050,
pay_260429001763,order_260429049,1514.00,upi_apps,30.28,2026-04-29T19:51:00+05:30,captured,setl_00000050,
pay_260429001764,order_260429049,4185.00,wallet,83.70,2026-04-29T18:43:00+05:30,captured,setl_00000050,
pay_260429001765,order_260429049,5203.00,upi_apps,104.06,2026-04-29T15:44:00+05:30,captured,setl_00000050,
pay_260429001766,order_260429049,4602.00,upi_apps,92.04,2026-04-29T17:21:00+05:30,captured,setl_00000050,
pay_260429001767,order_260429049,5400.00,card,108.00,2026-04-29T16:31:00+05:30,captured,setl_00000050,
pay_260429001768,order_260429049,3883.00,card,77.66,2026-04-29T16:02:00+05:30,captured,setl_00000050,
pay_260429001769,order_260429049,3293.00,card,65.86,2026-04-29T09:44:00+05:30,captured,setl_00000050,
pay_260429001770,order_260429049,3375.00,upi_apps,67.50,2026-04-29T15:53:00+05:30,captured,setl_00000050,
pay_260429001771,order_260429049,585.00,upi_apps,11.70,2026-04-29T21:07:00+05:30,captured,setl_00000050,
pay_260429001772,order_260429049,4030.00,upi_apps,80.60,2026-04-29T21:56:00+05:30,captured,setl_00000050,
pay_260429001773,order_260429049,4943.00,card,98.86,2026-04-29T10:33:00+05:30,captured,setl_00000050,
pay_260429001774,order_260429049,4213.00,upi_apps,84.26,2026-04-29T13:51:00+05:30,captured,setl_00000050,
pay_260429001775,order_260429049,2542.00,netbanking,22.87,2026-04-29T15:50:00+05:30,captured,setl_00000050,
pay_260429001776,order_260429049,3406.00,card,68.12,2026-04-29T10:15:00+05:30,captured,setl_00000050,
pay_260429001777,order_260429049,5022.00,upi_apps,100.44,2026-04-29T17:26:00+05:30,captured,setl_00000050,
pay_260429001778,order_260429049,4725.00,card,94.50,2026-04-29T12:10:00+05:30,captured,setl_00000050,
pay_260429001779,order_260429049,3606.00,upi_apps,72.12,2026-04-29T09:54:00+05:30,captured,setl_00000050,
pay_260429001780,order_260429049,1433.00,upi_apps,28.66,2026-04-29T21:25:00+05:30,captured,setl_00000050,
pay_260429001781,order_260429049,502.00,card,10.04,2026-04-29T14:22:00+05:30,captured,setl_00000050,
pay_260429001782,order_260429049,3792.00,upi_apps,75.84,2026-04-29T20:15:00+05:30,captured,setl_00000050,
pay_260429001783,order_260429049,5223.00,card,104.46,2026-04-29T18:57:00+05:30,captured,setl_00000050,
pay_260429001784,order_260429049,4438.00,card,88.76,2026-04-29T09:58:00+05:30,captured,setl_00000050,
pay_260429001785,order_260429049,4699.00,card,93.98,2026-04-29T10:31:00+05:30,captured,setl_00000050,
pay_260429001786,order_260429049,3006.00,netbanking,27.05,2026-04-29T08:00:00+05:30,captured,setl_00000050,
pay_260429001787,order_260429049,5340.00,wallet,106.80,2026-04-29T18:42:00+05:30,captured,setl_00000050,
pay_260429001788,order_260429049,5063.00,upi_apps,101.26,2026-04-29T22:57:00+05:30,captured,setl_00000050,
pay_260429001789,order_260429049,4891.00,upi_apps,97.82,2026-04-29T09:27:00+05:30,captured,setl_00000050,
pay_260429001790,order_260429049,3786.00,upi_apps,75.72,2026-04-29T21:36:00+05:30,captured,setl_00000050,
pay_260429001791,order_260429049,1978.00,upi_apps,39.56,2026-04-29T20:18:00+05:30,captured,setl_00000050,
pay_260429001792,order_260429049,1936.00,card,38.72,2026-04-29T09:26:00+05:30,captured,setl_00000050,
pay_260429001793,order_260429049,969.00,card,19.38,2026-04-29T12:59:00+05:30,captured,setl_00000050,
pay_260429001794,order_260429049,2906.00,upi_apps,58.12,2026-04-29T14:54:00+05:30,captured,setl_00000050,
pay_260429001795,order_260429049,4991.00,upi_apps,99.82,2026-04-29T19:04:00+05:30,captured,setl_00000050,
pay_260429001796,order_260429049,2542.00,card,50.84,2026-04-29T16:32:00+05:30,captured,setl_00000050,
pay_260429001797,order_260429049,3355.00,card,67.10,2026-04-29T14:00:00+05:30,captured,setl_00000050,
pay_260429001798,order_260429049,4060.00,upi_apps,81.20,2026-04-29T13:29:00+05:30,captured,setl_00000050,
pay_260430001799,order_260430050,947.00,upi_apps,18.94,2026-04-30T08:34:00+05:30,captured,setl_00000051,
pay_260430001800,order_260430050,5275.00,netbanking,47.47,2026-04-30T19:47:00+05:30,captured,setl_00000051,
pay_260430001801,order_260430050,3131.00,upi_apps,62.62,2026-04-30T18:12:00+05:30,captured,setl_00000051,
pay_260430001802,order_260430050,4497.00,upi_apps,89.94,2026-04-30T10:25:00+05:30,captured,setl_00000051,
pay_260430001803,order_260430050,627.00,netbanking,5.64,2026-04-30T14:25:00+05:30,captured,setl_00000051,
pay_260430001804,order_260430050,4710.00,upi_apps,94.20,2026-04-30T20:09:00+05:30,captured,setl_00000051,
pay_260430001805,order_260430050,1648.00,wallet,32.96,2026-04-30T13:10:00+05:30,captured,setl_00000051,
pay_260430001806,order_260430050,458.00,card,9.16,2026-04-30T12:08:00+05:30,captured,setl_00000051,
pay_260430001807,order_260430050,4059.00,upi_apps,81.18,2026-04-30T09:52:00+05:30,captured,setl_00000051,
pay_260430001808,order_260430050,2587.00,upi_apps,51.74,2026-04-30T12:24:00+05:30,captured,setl_00000051,
pay_260430001809,order_260430050,1896.00,card,37.92,2026-04-30T15:38:00+05:30,captured,setl_00000051,
pay_260430001810,order_260430050,5117.00,card,102.34,2026-04-30T11:34:00+05:30,captured,setl_00000051,
pay_260430001811,order_260430050,4796.00,wallet,95.92,2026-04-30T10:41:00+05:30,captured,setl_00000051,
pay_260430001812,order_260430050,2749.00,upi_apps,54.98,2026-04-30T14:21:00+05:30,captured,setl_00000051,
pay_260430001813,order_260430050,4724.00,card,94.48,2026-04-30T15:08:00+05:30,captured,setl_00000051,
pay_260430001814,order_260430050,4313.00,upi_apps,86.26,2026-04-30T21:04:00+05:30,captured,setl_00000051,
pay_260430001815,order_260430050,4797.00,upi_apps,95.94,2026-04-30T21:27:00+05:30,captured,setl_00000051,
pay_260430001816,order_260430050,2957.00,wallet,59.14,2026-04-30T10:17:00+05:30,captured,setl_00000051,
pay_260430001817,order_260430050,3015.00,card,60.30,2026-04-30T11:58:00+05:30,captured,setl_00000051,
pay_260430001818,order_260430050,5080.00,upi_apps,101.60,2026-04-30T22:16:00+05:30,captured,setl_00000051,
pay_260430001819,order_260430050,4280.00,netbanking,38.51,2026-04-30T15:10:00+05:30,captured,setl_00000051,
pay_260430001820,order_260430050,824.00,upi_apps,16.48,2026-04-30T14:36:00+05:30,captured,setl_00000051,
pay_260430001821,order_260430050,577.00,wallet,11.54,2026-04-30T09:53:00+05:30,captured,setl_00000051,
pay_260430001822,order_260430050,4817.00,upi_apps,96.34,2026-04-30T18:47:00+05:30,captured,setl_00000051,
pay_260430001823,order_260430050,4764.00,card,95.28,2026-04-30T21:36:00+05:30,captured,setl_00000051,
pay_260430001824,order_260430050,2734.00,netbanking,24.60,2026-04-30T14:19:00+05:30,captured,setl_00000051,
pay_260501001825,order_260501051,4768.00,upi_apps,95.36,2026-05-01T09:54:00+05:30,captured,setl_00000052,
pay_260501001826,order_260501051,5329.00,card,106.58,2026-05-01T18:28:00+05:30,captured,setl_00000052,
pay_260501001827,order_260501051,2341.00,upi_apps,46.82,2026-05-01T16:09:00+05:30,captured,setl_00000052,
pay_260501001828,order_260501051,4953.00,card,99.06,2026-05-01T14:40:00+05:30,captured,setl_00000052,
pay_260501001829,order_260501051,2458.00,card,49.16,2026-05-01T09:57:00+05:30,captured,setl_00000052,
pay_260501001830,order_260501051,523.00,netbanking,4.70,2026-05-01T10:38:00+05:30,captured,setl_00000052,
pay_260501001831,order_260501051,4414.00,card,88.28,2026-05-01T08:38:00+05:30,captured,setl_00000052,
pay_260501001832,order_260501051,4403.00,upi_apps,88.06,2026-05-01T18:15:00+05:30,captured,setl_00000052,
pay_260501001833,order_260501051,3355.00,card,67.10,2026-05-01T20:21:00+05:30,captured,setl_00000052,
pay_260501001834,order_260501051,2493.00,card,49.86,2026-05-01T13:26:00+05:30,captured,setl_00000052,
pay_260501001835,order_260501051,2860.00,card,57.20,2026-05-01T15:24:00+05:30,captured,setl_00000052,
pay_260501001836,order_260501051,4575.00,upi_apps,91.50,2026-05-01T16:25:00+05:30,captured,setl_00000052,
pay_260501001837,order_260501051,4961.00,upi_apps,99.22,2026-05-01T13:06:00+05:30,captured,setl_00000052,
pay_260501001838,order_260501051,1875.00,upi_apps,37.50,2026-05-01T20:01:00+05:30,captured,setl_00000052,
pay_260501001839,order_260501051,2577.00,card,51.54,2026-05-01T16:36:00+05:30,captured,setl_00000052,
pay_260501001840,order_260501051,1353.00,upi_apps,27.06,2026-05-01T19:35:00+05:30,captured,setl_00000052,
pay_260501001841,order_260501051,4298.00,card,85.96,2026-05-01T15:21:00+05:30,captured,setl_00000052,
pay_260501001842,order_260501051,877.00,netbanking,7.89,2026-05-01T10:41:00+05:30,captured,setl_00000052,
pay_260501001843,order_260501051,4359.00,upi_apps,87.18,2026-05-01T09:09:00+05:30,captured,setl_00000052,
pay_260501001844,order_260501051,5097.00,upi_apps,101.94,2026-05-01T11:02:00+05:30,captured,setl_00000052,
pay_260501001845,order_260501051,3036.00,netbanking,27.32,2026-05-01T22:29:00+05:30,captured,setl_00000052,
pay_260501001846,order_260501051,5342.00,upi_apps,106.84,2026-05-01T10:48:00+05:30,captured,setl_00000052,
pay_260501001847,order_260501051,2486.00,netbanking,22.37,2026-05-01T16:47:00+05:30,captured,setl_00000052,
pay_260501001848,order_260501051,1758.00,card,35.16,2026-05-01T20:18:00+05:30,captured,setl_00000052,
pay_260501001849,order_260501051,2933.00,upi_apps,58.66,2026-05-01T13:52:00+05:30,captured,setl_00000052,
pay_260501001850,order_260501051,3958.00,card,79.16,2026-05-01T12:14:00+05:30,captured,setl_00000052,
pay_260501001851,order_260501051,3915.00,upi_apps,78.30,2026-05-01T11:41:00+05:30,captured,setl_00000052,
pay_260501001852,order_260501051,1222.00,upi_apps,24.44,2026-05-01T21:36:00+05:30,captured,setl_00000052,
pay_260501001853,order_260501051,1091.00,upi_apps,21.82,2026-05-01T10:59:00+05:30,captured,setl_00000052,
pay_260501001854,order_260501051,4716.00,netbanking,42.44,2026-05-01T14:52:00+05:30,captured,setl_00000052,
pay_260502001855,order_260502052,2946.00,card,58.92,2026-05-02T17:53:00+05:30,captured,setl_00000053,
pay_260502001856,order_260502052,1393.00,card,27.86,2026-05-02T15:32:00+05:30,captured,setl_00000053,
pay_260502001857,order_260502052,5188.00,card,103.76,2026-05-02T21:22:00+05:30,captured,setl_00000053,
pay_260502001858,order_260502052,1109.00,card,22.18,2026-05-02T13:55:00+05:30,captured,setl_00000053,
pay_260502001859,order_260502052,2701.00,wallet,54.02,2026-05-02T20:22:00+05:30,captured,setl_00000053,
pay_260502001860,order_260502052,3234.00,upi_apps,64.68,2026-05-02T21:43:00+05:30,captured,setl_00000053,
pay_260502001861,order_260502052,5082.00,upi_apps,101.64,2026-05-02T09:06:00+05:30,captured,setl_00000053,
pay_260502001862,order_260502052,5159.00,upi_apps,103.18,2026-05-02T21:01:00+05:30,captured,setl_00000053,
pay_260502001863,order_260502052,4592.00,upi_apps,91.84,2026-05-02T09:13:00+05:30,captured,setl_00000053,
pay_260502001864,order_260502052,4070.00,wallet,81.40,2026-05-02T10:17:00+05:30,captured,setl_00000053,
pay_260502001865,order_260502052,2682.00,netbanking,24.13,2026-05-02T14:41:00+05:30,captured,setl_00000053,
pay_260502001866,order_260502052,857.00,card,17.14,2026-05-02T18:53:00+05:30,captured,setl_00000053,
pay_260502001867,order_260502052,2849.00,upi_apps,56.98,2026-05-02T20:52:00+05:30,captured,setl_00000053,
pay_260504001868,order_260504053,2585.00,upi_apps,51.70,2026-05-04T17:16:00+05:30,captured,setl_00000054,
pay_260504001869,order_260504053,672.00,upi_apps,13.44,2026-05-04T19:33:00+05:30,captured,setl_00000054,
pay_260504001870,order_260504053,2283.00,wallet,45.66,2026-05-04T17:01:00+05:30,captured,setl_00000054,
pay_260504001871,order_260504053,4430.00,upi_apps,88.60,2026-05-04T17:00:00+05:30,captured,setl_00000054,
pay_260504001872,order_260504053,4959.00,netbanking,44.63,2026-05-04T18:30:00+05:30,captured,setl_00000054,
pay_260504001873,order_260504053,1472.00,upi_apps,29.44,2026-05-04T12:17:00+05:30,captured,setl_00000054,
pay_260504001874,order_260504053,3228.00,upi_apps,64.56,2026-05-04T16:07:00+05:30,captured,setl_00000054,
pay_260504001875,order_260504053,4992.00,netbanking,44.92,2026-05-04T18:06:00+05:30,captured,setl_00000054,
pay_260504001876,order_260504053,4643.00,card,92.86,2026-05-04T14:16:00+05:30,captured,setl_00000054,
pay_260504001877,order_260504053,3909.00,upi_apps,78.18,2026-05-04T11:44:00+05:30,captured,setl_00000054,
pay_260504001878,order_260504053,2761.00,netbanking,24.84,2026-05-04T10:25:00+05:30,captured,setl_00000054,
pay_260504001879,order_260504053,1084.00,upi_apps,21.68,2026-05-04T20:07:00+05:30,captured,setl_00000054,
pay_260504001880,order_260504053,2820.00,card,56.40,2026-05-04T10:35:00+05:30,captured,setl_00000054,
pay_260504001881,order_260504053,772.00,upi_apps,15.44,2026-05-04T08:18:00+05:30,captured,setl_00000054,
pay_260504001882,order_260504053,674.00,card,13.48,2026-05-04T11:34:00+05:30,captured,setl_00000054,
pay_260504001883,order_260504053,2607.00,upi_apps,52.14,2026-05-04T13:56:00+05:30,captured,setl_00000054,
pay_260504001884,order_260504053,5270.00,card,105.40,2026-05-04T12:10:00+05:30,captured,setl_00000054,
pay_260504001885,order_260504053,2633.00,upi_apps,52.66,2026-05-04T16:10:00+05:30,captured,setl_00000054,
pay_260504001886,order_260504053,1861.00,wallet,37.22,2026-05-04T08:44:00+05:30,captured,setl_00000054,
pay_260504001887,order_260504053,1570.00,upi_apps,31.40,2026-05-04T16:36:00+05:30,captured,setl_00000054,
pay_260504001888,order_260504053,1370.00,netbanking,12.33,2026-05-04T10:39:00+05:30,captured,setl_00000054,
pay_260504001889,order_260504053,3328.00,wallet,66.56,2026-05-04T12:27:00+05:30,captured,setl_00000054,
pay_260504001890,order_260504053,4741.00,card,94.82,2026-05-04T18:49:00+05:30,captured,setl_00000054,
pay_260504001891,order_260504053,1399.00,upi_apps,27.98,2026-05-04T15:09:00+05:30,captured,setl_00000054,
pay_260504001892,order_260504053,4823.00,card,96.46,2026-05-04T10:37:00+05:30,captured,setl_00000054,
pay_260504001893,order_260504053,4698.00,card,93.96,2026-05-04T15:30:00+05:30,captured,setl_00000054,
pay_260504001894,order_260504053,4803.00,upi_apps,96.06,2026-05-04T16:51:00+05:30,captured,setl_00000054,
pay_260504001895,order_260504053,4013.00,upi_apps,80.26,2026-05-04T16:46:00+05:30,captured,setl_00000054,
pay_260504001896,order_260504053,4382.00,card,87.64,2026-05-04T21:56:00+05:30,captured,setl_00000054,
pay_260504001897,order_260504053,3885.00,upi_apps,77.70,2026-05-04T22:11:00+05:30,captured,setl_00000054,
pay_260504001898,order_260504053,1319.00,card,26.38,2026-05-04T14:25:00+05:30,captured,setl_00000054,
pay_260504001899,order_260504053,811.00,card,16.22,2026-05-04T14:05:00+05:30,captured,setl_00000054,
pay_260504001900,order_260504053,1154.00,card,23.08,2026-05-04T10:55:00+05:30,captured,setl_00000054,
pay_260504001901,order_260504053,540.00,card,10.80,2026-05-04T11:57:00+05:30,captured,setl_00000054,
pay_260504001902,order_260504053,1642.00,upi_apps,32.84,2026-05-04T09:03:00+05:30,captured,setl_00000054,
pay_260504001903,order_260504053,1595.00,netbanking,14.35,2026-05-04T22:59:00+05:30,captured,setl_00000054,
pay_260504001904,order_260504053,1660.00,card,33.20,2026-05-04T11:36:00+05:30,captured,setl_00000054,
pay_260504001905,order_260504053,529.00,upi_apps,10.58,2026-05-04T19:44:00+05:30,captured,setl_00000054,
pay_260504001906,order_260504053,4918.00,upi_apps,98.36,2026-05-04T18:31:00+05:30,captured,setl_00000054,
pay_260504001907,order_260504053,3401.00,card,68.02,2026-05-04T15:40:00+05:30,captured,setl_00000054,
pay_260504001908,order_260504053,2274.00,upi_apps,45.48,2026-05-04T22:04:00+05:30,captured,setl_00000054,
pay_260504001909,order_260504053,2307.00,card,46.14,2026-05-04T12:16:00+05:30,captured,setl_00000054,
pay_260504001910,order_260504053,4093.00,upi_apps,81.86,2026-05-04T10:38:00+05:30,captured,setl_00000054,
pay_260504001911,order_260504053,2396.00,upi_apps,47.92,2026-05-04T12:29:00+05:30,captured,setl_00000054,
pay_260504001912,order_260504053,3836.00,netbanking,34.52,2026-05-04T09:16:00+05:30,captured,setl_00000054,
pay_260504001913,order_260504053,1648.00,upi_apps,32.96,2026-05-04T21:43:00+05:30,captured,setl_00000054,
pay_260504001914,order_260504053,3740.00,card,74.80,2026-05-04T18:08:00+05:30,captured,setl_00000054,
pay_260504001915,order_260504053,1509.00,netbanking,13.58,2026-05-04T13:29:00+05:30,captured,setl_00000054,
pay_260504001916,order_260504053,3322.00,card,66.44,2026-05-04T17:49:00+05:30,captured,setl_00000054,
pay_260504001917,order_260504053,2562.00,upi_apps,51.24,2026-05-04T21:11:00+05:30,captured,setl_00000054,
pay_260505001918,order_260505054,992.00,card,19.84,2026-05-05T15:44:00+05:30,captured,setl_00000055,
pay_260505001919,order_260505054,2377.00,upi_apps,47.54,2026-05-05T21:57:00+05:30,captured,setl_00000055,
pay_260505001920,order_260505054,3991.00,upi_apps,79.82,2026-05-05T20:55:00+05:30,captured,setl_00000055,
pay_260505001921,order_260505054,1686.00,card,33.72,2026-05-05T14:37:00+05:30,captured,setl_00000055,
pay_260505001922,order_260505054,2423.00,card,48.46,2026-05-05T14:39:00+05:30,captured,setl_00000055,
pay_260505001923,order_260505054,1019.00,card,20.38,2026-05-05T13:03:00+05:30,captured,setl_00000055,
pay_260505001924,order_260505054,4206.00,upi_apps,84.12,2026-05-05T20:56:00+05:30,captured,setl_00000055,
pay_260505001925,order_260505054,3410.00,upi_apps,68.20,2026-05-05T21:26:00+05:30,captured,setl_00000055,
pay_260505001926,order_260505054,1212.00,upi_apps,24.24,2026-05-05T18:51:00+05:30,captured,setl_00000055,
pay_260505001927,order_260505054,2546.00,upi_apps,50.92,2026-05-05T17:52:00+05:30,captured,setl_00000055,
pay_260505001928,order_260505054,1976.00,upi_apps,39.52,2026-05-05T13:34:00+05:30,captured,setl_00000055,
pay_260505001929,order_260505054,4962.00,card,99.24,2026-05-05T10:17:00+05:30,captured,setl_00000055,
pay_260505001930,order_260505054,4922.00,card,98.44,2026-05-05T08:52:00+05:30,captured,setl_00000055,
pay_260505001931,order_260505054,4733.00,card,94.66,2026-05-05T20:28:00+05:30,captured,setl_00000055,
pay_260505001932,order_260505054,2214.00,upi_apps,44.28,2026-05-05T15:22:00+05:30,captured,setl_00000055,
pay_260505001933,order_260505054,4241.00,wallet,84.82,2026-05-05T13:46:00+05:30,captured,setl_00000055,
pay_260505001934,order_260505054,2141.00,upi_apps,42.82,2026-05-05T15:28:00+05:30,captured,setl_00000055,
pay_260505001935,order_260505054,1924.00,upi_apps,38.48,2026-05-05T20:51:00+05:30,captured,setl_00000055,
pay_260505001936,order_260505054,4047.00,upi_apps,80.94,2026-05-05T09:08:00+05:30,captured,setl_00000055,
pay_260505001937,order_260505054,2484.00,card,49.68,2026-05-05T14:26:00+05:30,captured,setl_00000055,
pay_260505001938,order_260505054,2666.00,netbanking,23.99,2026-05-05T16:27:00+05:30,captured,setl_00000055,
pay_260505001939,order_260505054,4688.00,card,93.76,2026-05-05T13:56:00+05:30,captured,setl_00000055,
pay_260505001940,order_260505054,3322.00,upi_apps,66.44,2026-05-05T21:43:00+05:30,captured,setl_00000055,
pay_260505001941,order_260505054,503.00,netbanking,4.52,2026-05-05T16:56:00+05:30,captured,setl_00000055,
pay_260505001942,order_260505054,5105.00,netbanking,45.94,2026-05-05T22:39:00+05:30,captured,setl_00000055,
pay_260505001943,order_260505054,3339.00,upi_apps,66.78,2026-05-05T18:58:00+05:30,captured,setl_00000055,
pay_260505001944,order_260505054,4894.00,upi_apps,97.88,2026-05-05T18:00:00+05:30,captured,setl_00000055,
pay_260505001945,order_260505054,1394.00,card,27.88,2026-05-05T15:21:00+05:30,captured,setl_00000055,
pay_260505001946,order_260505054,3101.00,card,62.02,2026-05-05T17:22:00+05:30,captured,setl_00000055,
pay_260505001947,order_260505054,1010.00,netbanking,9.08,2026-05-05T15:09:00+05:30,captured,setl_00000055,
pay_260505001948,order_260505054,4178.00,card,83.56,2026-05-05T14:23:00+05:30,captured,setl_00000055,
pay_260505001949,order_260505054,4379.00,card,87.58,2026-05-05T21:49:00+05:30,captured,setl_00000055,
pay_260505001950,order_260505054,2328.00,netbanking,20.95,2026-05-05T08:53:00+05:30,captured,setl_00000055,
pay_260505001951,order_260505054,2697.00,card,53.94,2026-05-05T09:56:00+05:30,captured,setl_00000055,
pay_260505001952,order_260505054,2910.00,netbanking,26.19,2026-05-05T15:28:00+05:30,captured,setl_00000055,
pay_260505001953,order_260505054,2959.00,upi_apps,59.18,2026-05-05T16:13:00+05:30,captured,setl_00000055,
pay_260505001954,order_260505054,4434.00,upi_apps,88.68,2026-05-05T08:47:00+05:30,captured,setl_00000055,
pay_260505001955,order_260505054,4877.00,card,97.54,2026-05-05T14:02:00+05:30,captured,setl_00000055,
pay_260505001956,order_260505054,708.00,netbanking,6.37,2026-05-05T21:10:00+05:30,captured,setl_00000055,
pay_260505001957,order_260505054,2840.00,card,56.80,2026-05-05T17:04:00+05:30,captured,setl_00000055,
pay_260505001958,order_260505054,2802.00,upi_apps,56.04,2026-05-05T19:56:00+05:30,captured,setl_00000055,
pay_260505001959,order_260505054,885.00,card,17.70,2026-05-05T09:55:00+05:30,captured,setl_00000055,
pay_260506001960,order_260506055,3224.00,upi_apps,64.48,2026-05-06T08:22:00+05:30,captured,setl_00000056,
pay_260506001961,order_260506055,1235.00,upi_apps,24.70,2026-05-06T13:42:00+05:30,captured,setl_00000056,
pay_260506001962,order_260506055,5349.00,upi_apps,106.98,2026-05-06T08:12:00+05:30,captured,setl_00000056,
pay_260506001963,order_260506055,856.00,upi_apps,17.12,2026-05-06T10:28:00+05:30,captured,setl_00000056,
pay_260506001964,order_260506055,1052.00,upi_apps,21.04,2026-05-06T10:13:00+05:30,captured,setl_00000056,
pay_260506001965,order_260506055,1316.00,upi_apps,26.32,2026-05-06T19:20:00+05:30,captured,setl_00000056,
pay_260506001966,order_260506055,4313.00,card,86.26,2026-05-06T15:04:00+05:30,captured,setl_00000056,
pay_260506001967,order_260506055,2190.00,wallet,43.80,2026-05-06T12:22:00+05:30,captured,setl_00000056,
pay_260506001968,order_260506055,2137.00,card,42.74,2026-05-06T11:17:00+05:30,captured,setl_00000056,
pay_260506001969,order_260506055,2109.00,upi_apps,42.18,2026-05-06T13:47:00+05:30,captured,setl_00000056,
pay_260506001970,order_260506055,1310.00,upi_apps,26.20,2026-05-06T20:11:00+05:30,captured,setl_00000056,
pay_260506001971,order_260506055,2009.00,upi_apps,40.18,2026-05-06T17:18:00+05:30,captured,setl_00000056,
pay_260506001972,order_260506055,3821.00,card,76.42,2026-05-06T08:28:00+05:30,captured,setl_00000056,
pay_260506001973,order_260506055,1437.00,netbanking,12.93,2026-05-06T20:39:00+05:30,captured,setl_00000056,
pay_260506001974,order_260506055,2905.00,upi_apps,58.10,2026-05-06T08:50:00+05:30,captured,setl_00000056,
pay_260506001975,order_260506055,680.00,upi_apps,13.60,2026-05-06T18:21:00+05:30,captured,setl_00000056,
pay_260506001976,order_260506055,3225.00,wallet,64.50,2026-05-06T22:49:00+05:30,captured,setl_00000056,
pay_260506001977,order_260506055,3684.00,card,73.68,2026-05-06T09:18:00+05:30,captured,setl_00000056,
pay_260506001978,order_260506055,926.00,netbanking,8.33,2026-05-06T08:25:00+05:30,captured,setl_00000056,
pay_260506001979,order_260506055,3668.00,card,73.36,2026-05-06T12:50:00+05:30,captured,setl_00000056,
pay_260506001980,order_260506055,1041.00,upi_apps,20.82,2026-05-06T10:12:00+05:30,captured,setl_00000056,
pay_260506001981,order_260506055,2173.00,card,43.46,2026-05-06T11:32:00+05:30,captured,setl_00000056,
pay_260506001982,order_260506055,450.00,upi_apps,9.00,2026-05-06T14:49:00+05:30,captured,setl_00000056,
pay_260506001983,order_260506055,1082.00,wallet,21.64,2026-05-06T08:05:00+05:30,captured,setl_00000056,
pay_260506001984,order_260506055,3845.00,upi_apps,76.90,2026-05-06T21:07:00+05:30,captured,setl_00000056,
pay_260506001985,order_260506055,457.00,card,9.14,2026-05-06T21:11:00+05:30,captured,setl_00000056,
pay_260506001986,order_260506055,5210.00,upi_apps,104.20,2026-05-06T22:47:00+05:30,captured,setl_00000056,
pay_260506001987,order_260506055,1072.00,netbanking,9.64,2026-05-06T14:11:00+05:30,captured,setl_00000056,
pay_260506001988,order_260506055,4073.00,upi_apps,81.46,2026-05-06T11:01:00+05:30,captured,setl_00000056,
pay_260506001989,order_260506055,1325.00,netbanking,11.92,2026-05-06T16:55:00+05:30,captured,setl_00000056,
pay_260506001990,order_260506055,2197.00,netbanking,19.77,2026-05-06T09:09:00+05:30,captured,setl_00000056,
pay_260506001991,order_260506055,5232.00,card,104.64,2026-05-06T11:03:00+05:30,captured,setl_00000056,
pay_260506001992,order_260506055,1459.00,upi_apps,29.18,2026-05-06T22:49:00+05:30,captured,setl_00000056,
pay_260506001993,order_260506055,3816.00,wallet,76.32,2026-05-06T13:30:00+05:30,captured,setl_00000056,
pay_260506001994,order_260506055,1846.00,upi_apps,36.92,2026-05-06T09:56:00+05:30,captured,setl_00000056,
pay_260506001995,order_260506055,3052.00,upi_apps,61.04,2026-05-06T10:21:00+05:30,captured,setl_00000056,
pay_260506001996,order_260506055,4544.00,upi_apps,90.88,2026-05-06T19:16:00+05:30,captured,setl_00000056,
pay_260506001997,order_260506055,3102.00,card,62.04,2026-05-06T21:37:00+05:30,captured,setl_00000056,
pay_260506001998,order_260506055,1603.00,upi_apps,32.06,2026-05-06T11:58:00+05:30,captured,setl_00000056,
pay_260506001999,order_260506055,3337.00,card,66.74,2026-05-06T17:38:00+05:30,captured,setl_00000056,
pay_260506002000,order_260506055,832.00,upi_apps,16.64,2026-05-06T14:01:00+05:30,captured,setl_00000056,
pay_260506002001,order_260506055,2209.00,netbanking,19.88,2026-05-06T14:40:00+05:30,captured,setl_00000056,
pay_260506002002,order_260506055,879.00,upi_apps,17.58,2026-05-06T16:41:00+05:30,captured,setl_00000056,
pay_260506002003,order_260506055,3777.00,netbanking,33.99,2026-05-06T18:26:00+05:30,captured,setl_00000056,
pay_260506002004,order_260506055,4327.00,upi_apps,86.54,2026-05-06T10:38:00+05:30,captured,setl_00000056,
pay_260506002005,order_260506055,3037.00,upi_apps,60.74,2026-05-06T19:51:00+05:30,captured,setl_00000056,
pay_260506002006,order_260506055,4758.00,wallet,95.16,2026-05-06T17:09:00+05:30,captured,setl_00000056,
pay_260507002007,order_260507056,2552.00,card,51.04,2026-05-07T16:31:00+05:30,captured,setl_00000057,
pay_260507002008,order_260507056,1793.00,upi_apps,35.86,2026-05-07T22:41:00+05:30,captured,setl_00000057,
pay_260507002009,order_260507056,5053.00,upi_apps,101.06,2026-05-07T21:53:00+05:30,captured,setl_00000057,
pay_260507002010,order_260507056,529.00,upi_apps,10.58,2026-05-07T09:08:00+05:30,captured,setl_00000057,
pay_260507002011,order_260507056,1754.00,netbanking,15.78,2026-05-07T11:25:00+05:30,captured,setl_00000057,
pay_260507002012,order_260507056,1486.00,upi_apps,29.72,2026-05-07T20:39:00+05:30,captured,setl_00000057,
pay_260507002013,order_260507056,3080.00,upi_apps,61.60,2026-05-07T14:53:00+05:30,captured,setl_00000057,
pay_260507002014,order_260507056,4345.00,upi_apps,86.90,2026-05-07T13:20:00+05:30,captured,setl_00000057,
pay_260507002015,order_260507056,2448.00,upi_apps,48.96,2026-05-07T13:39:00+05:30,captured,setl_00000057,
pay_260507002016,order_260507056,2370.00,upi_apps,47.40,2026-05-07T16:43:00+05:30,captured,setl_00000057,
pay_260507002017,order_260507056,3305.00,upi_apps,66.10,2026-05-07T15:39:00+05:30,captured,setl_00000057,
pay_260507002018,order_260507056,710.00,upi_apps,14.20,2026-05-07T16:30:00+05:30,captured,setl_00000057,
pay_260507002019,order_260507056,4365.00,upi_apps,87.30,2026-05-07T18:58:00+05:30,captured,setl_00000057,
pay_260507002020,order_260507056,3708.00,upi_apps,74.16,2026-05-07T12:03:00+05:30,captured,setl_00000057,
pay_260507002021,order_260507056,2813.00,netbanking,25.31,2026-05-07T22:49:00+05:30,captured,setl_00000057,
pay_260507002022,order_260507056,2658.00,wallet,53.16,2026-05-07T21:29:00+05:30,captured,setl_00000057,
pay_260507002023,order_260507056,482.00,upi_apps,9.64,2026-05-07T21:09:00+05:30,captured,setl_00000057,
pay_260507002024,order_260507056,3307.00,upi_apps,66.14,2026-05-07T22:04:00+05:30,captured,setl_00000057,
pay_260507002025,order_260507056,1413.00,card,28.26,2026-05-07T08:28:00+05:30,captured,setl_00000057,
pay_260507002026,order_260507056,2192.00,wallet,43.84,2026-05-07T22:37:00+05:30,captured,setl_00000057,
pay_260507002027,order_260507056,4425.00,card,88.50,2026-05-07T16:38:00+05:30,captured,setl_00000057,
pay_260507002028,order_260507056,1869.00,card,37.38,2026-05-07T19:44:00+05:30,captured,setl_00000057,
pay_260507002029,order_260507056,3360.00,upi_apps,67.20,2026-05-07T15:32:00+05:30,captured,setl_00000057,
pay_260507002030,order_260507056,789.00,upi_apps,15.78,2026-05-07T08:16:00+05:30,captured,setl_00000057,
pay_260507002031,order_260507056,4621.00,netbanking,41.58,2026-05-07T16:52:00+05:30,captured,setl_00000057,
pay_260507002032,order_260507056,4037.00,upi_apps,80.74,2026-05-07T22:10:00+05:30,captured,setl_00000057,
pay_260507002033,order_260507056,3311.00,upi_apps,66.22,2026-05-07T16:21:00+05:30,captured,setl_00000057,
pay_260507002034,order_260507056,3394.00,netbanking,30.54,2026-05-07T15:27:00+05:30,captured,setl_00000057,
pay_260507002035,order_260507056,5119.00,upi_apps,102.38,2026-05-07T11:54:00+05:30,captured,setl_00000057,
pay_260507002036,order_260507056,2724.00,netbanking,24.51,2026-05-07T17:52:00+05:30,captured,setl_00000057,
pay_260507002037,order_260507056,2860.00,card,57.20,2026-05-07T17:30:00+05:30,captured,setl_00000057,
pay_260507002038,order_260507056,4470.00,card,89.40,2026-05-07T15:03:00+05:30,captured,setl_00000057,
pay_260507002039,order_260507056,5164.00,netbanking,46.47,2026-05-07T08:30:00+05:30,captured,setl_00000057,
pay_260507002040,order_260507056,2266.00,wallet,45.32,2026-05-07T20:34:00+05:30,captured,setl_00000057,
pay_260507002041,order_260507056,4814.00,card,96.28,2026-05-07T09:09:00+05:30,captured,setl_00000057,
pay_260507002042,order_260507056,4323.00,upi_apps,86.46,2026-05-07T09:49:00+05:30,captured,setl_00000057,
pay_260507002043,order_260507056,3748.00,upi_apps,74.96,2026-05-07T08:02:00+05:30,captured,setl_00000057,
pay_260507002044,order_260507056,1789.00,upi_apps,35.78,2026-05-07T21:58:00+05:30,captured,setl_00000057,
pay_260507002045,order_260507056,3128.00,card,62.56,2026-05-07T12:03:00+05:30,captured,setl_00000057,
pay_260508002046,order_260508057,3425.00,upi_apps,68.50,2026-05-08T09:54:00+05:30,captured,setl_00000058,
pay_260508002047,order_260508057,2177.00,netbanking,19.59,2026-05-08T13:07:00+05:30,captured,setl_00000058,
pay_260508002048,order_260508057,3415.00,upi_apps,68.30,2026-05-08T21:11:00+05:30,captured,setl_00000058,
pay_260508002049,order_260508057,2997.00,card,59.94,2026-05-08T19:12:00+05:30,captured,setl_00000058,
pay_260508002050,order_260508057,5267.00,upi_apps,105.34,2026-05-08T16:52:00+05:30,captured,setl_00000058,
pay_260508002051,order_260508057,1518.00,upi_apps,30.36,2026-05-08T09:02:00+05:30,captured,setl_00000058,
pay_260508002052,order_260508057,1822.00,card,36.44,2026-05-08T14:36:00+05:30,captured,setl_00000058,
pay_260508002053,order_260508057,2189.00,card,43.78,2026-05-08T18:42:00+05:30,captured,setl_00000058,
pay_260508002054,order_260508057,3290.00,card,65.80,2026-05-08T10:04:00+05:30,captured,setl_00000058,
pay_260508002055,order_260508057,2018.00,card,40.36,2026-05-08T12:16:00+05:30,captured,setl_00000058,
pay_260508002056,order_260508057,885.00,upi_apps,17.70,2026-05-08T21:52:00+05:30,captured,setl_00000058,
pay_260508002057,order_260508057,5194.00,card,103.88,2026-05-08T13:16:00+05:30,captured,setl_00000058,
pay_260508002058,order_260508057,4142.00,netbanking,37.27,2026-05-08T18:11:00+05:30,captured,setl_00000058,
pay_260508002059,order_260508057,1267.00,upi_apps,25.34,2026-05-08T13:58:00+05:30,captured,setl_00000058,
pay_260508002060,order_260508057,4786.00,upi_apps,95.72,2026-05-08T22:52:00+05:30,captured,setl_00000058,
pay_260508002061,order_260508057,3061.00,upi_apps,61.22,2026-05-08T16:39:00+05:30,captured,setl_00000058,
pay_260508002062,order_260508057,4257.00,upi_apps,85.14,2026-05-08T10:59:00+05:30,captured,setl_00000058,
pay_260508002063,order_260508057,2111.00,upi_apps,42.22,2026-05-08T22:20:00+05:30,captured,setl_00000058,
pay_260508002064,order_260508057,3456.00,card,69.12,2026-05-08T11:41:00+05:30,captured,setl_00000058,
pay_260508002065,order_260508057,1480.00,upi_apps,29.60,2026-05-08T17:05:00+05:30,captured,setl_00000058,
pay_260508002066,order_260508057,995.00,card,19.90,2026-05-08T19:43:00+05:30,captured,setl_00000058,
pay_260508002067,order_260508057,521.00,card,10.42,2026-05-08T22:59:00+05:30,captured,setl_00000058,
pay_260508002068,order_260508057,1853.00,upi_apps,37.06,2026-05-08T10:52:00+05:30,captured,setl_00000058,
pay_260508002069,order_260508057,813.00,upi_apps,16.26,2026-05-08T20:40:00+05:30,captured,setl_00000058,
pay_260508002070,order_260508057,3530.00,upi_apps,70.60,2026-05-08T13:36:00+05:30,captured,setl_00000058,
pay_260508002071,order_260508057,4024.00,wallet,80.48,2026-05-08T10:10:00+05:30,captured,setl_00000058,
pay_260508002072,order_260508057,1204.00,wallet,24.08,2026-05-08T20:55:00+05:30,captured,setl_00000058,
pay_260508002073,order_260508057,5390.00,upi_apps,107.80,2026-05-08T17:52:00+05:30,captured,setl_00000058,
pay_260508002074,order_260508057,5344.00,upi_apps,106.88,2026-05-08T17:32:00+05:30,captured,setl_00000058,
pay_260508002075,order_260508057,582.00,netbanking,5.23,2026-05-08T14:03:00+05:30,captured,setl_00000058,
pay_260508002076,order_260508057,4984.00,card,99.68,2026-05-08T09:28:00+05:30,captured,setl_00000058,
pay_260508002077,order_260508057,4472.00,upi_apps,89.44,2026-05-08T17:35:00+05:30,captured,setl_00000058,
pay_260508002078,order_260508057,2506.00,wallet,50.12,2026-05-08T10:52:00+05:30,captured,setl_00000058,
pay_260508002079,order_260508057,1568.00,card,31.36,2026-05-08T20:19:00+05:30,captured,setl_00000058,
pay_260508002080,order_260508057,3402.00,netbanking,30.61,2026-05-08T15:04:00+05:30,captured,setl_00000058,
pay_260508002081,order_260508057,3654.00,card,73.08,2026-05-08T18:57:00+05:30,captured,setl_00000058,
pay_260508002082,order_260508057,1544.00,upi_apps,30.88,2026-05-08T21:22:00+05:30,captured,setl_00000058,
pay_260509002083,order_260509058,963.00,upi_apps,19.26,2026-05-09T08:07:00+05:30,captured,setl_00000059,
pay_260509002084,order_260509058,3884.00,netbanking,34.95,2026-05-09T15:42:00+05:30,captured,setl_00000059,
pay_260509002085,order_260509058,4224.00,netbanking,38.01,2026-05-09T14:39:00+05:30,captured,setl_00000059,
pay_260509002086,order_260509058,4686.00,wallet,93.72,2026-05-09T22:18:00+05:30,captured,setl_00000059,
pay_260509002087,order_260509058,5320.00,wallet,106.40,2026-05-09T09:48:00+05:30,captured,setl_00000059,
pay_260509002088,order_260509058,1303.00,card,26.06,2026-05-09T10:23:00+05:30,captured,setl_00000059,
pay_260509002089,order_260509058,2128.00,wallet,42.56,2026-05-09T17:51:00+05:30,captured,setl_00000059,
pay_260509002090,order_260509058,2180.00,upi_apps,43.60,2026-05-09T11:19:00+05:30,captured,setl_00000059,
pay_260509002091,order_260509058,3295.00,card,65.90,2026-05-09T20:24:00+05:30,captured,setl_00000059,
pay_260509002092,order_260509058,1419.00,card,28.38,2026-05-09T16:23:00+05:30,captured,setl_00000059,
pay_260509002093,order_260509058,682.00,upi_apps,13.64,2026-05-09T15:15:00+05:30,captured,setl_00000059,
pay_260510002094,order_260510059,1382.00,card,27.64,2026-05-10T20:09:00+05:30,captured,setl_00000060,
pay_260510002095,order_260510059,2570.00,wallet,51.40,2026-05-10T09:08:00+05:30,captured,setl_00000060,
pay_260511002096,order_260511060,5272.00,card,105.44,2026-05-11T22:20:00+05:30,captured,setl_00000061,
pay_260511002097,order_260511060,1914.00,netbanking,17.22,2026-05-11T10:27:00+05:30,captured,setl_00000061,
pay_260511002098,order_260511060,1335.00,upi_apps,26.70,2026-05-11T08:51:00+05:30,captured,setl_00000061,
pay_260511002099,order_260511060,4192.00,wallet,83.84,2026-05-11T14:10:00+05:30,captured,setl_00000061,
pay_260511002100,order_260511060,1446.00,netbanking,13.01,2026-05-11T08:26:00+05:30,captured,setl_00000061,
pay_260511002101,order_260511060,3967.00,upi_apps,79.34,2026-05-11T09:57:00+05:30,captured,setl_00000061,
pay_260511002102,order_260511060,5161.00,card,103.22,2026-05-11T17:10:00+05:30,captured,setl_00000061,
pay_260511002103,order_260511060,4463.00,wallet,89.26,2026-05-11T14:06:00+05:30,captured,setl_00000061,
pay_260511002104,order_260511060,1021.00,card,20.42,2026-05-11T18:47:00+05:30,captured,setl_00000061,
pay_260511002105,order_260511060,1199.00,netbanking,10.79,2026-05-11T16:47:00+05:30,captured,setl_00000061,
pay_260511002106,order_260511060,4592.00,upi_apps,91.84,2026-05-11T16:55:00+05:30,captured,setl_00000061,
pay_260511002107,order_260511060,3053.00,upi_apps,61.06,2026-05-11T20:36:00+05:30,captured,setl_00000061,
pay_260511002108,order_260511060,2680.00,upi_apps,53.60,2026-05-11T22:37:00+05:30,captured,setl_00000061,
pay_260511002109,order_260511060,4620.00,netbanking,41.58,2026-05-11T10:54:00+05:30,captured,setl_00000061,
pay_260511002110,order_260511060,3893.00,upi_apps,77.86,2026-05-11T21:36:00+05:30,captured,setl_00000061,
pay_260511002111,order_260511060,2560.00,upi_apps,51.20,2026-05-11T17:22:00+05:30,captured,setl_00000061,
pay_260511002112,order_260511060,2386.00,card,47.72,2026-05-11T19:51:00+05:30,captured,setl_00000061,
pay_260511002113,order_260511060,2409.00,upi_apps,48.18,2026-05-11T12:32:00+05:30,captured,setl_00000061,
pay_260511002114,order_260511060,3765.00,card,75.30,2026-05-11T13:24:00+05:30,captured,setl_00000061,
pay_260511002115,order_260511060,3122.00,wallet,62.44,2026-05-11T11:53:00+05:30,captured,setl_00000061,
pay_260511002116,order_260511060,2048.00,upi_apps,40.96,2026-05-11T17:42:00+05:30,captured,setl_00000061,
pay_260511002117,order_260511060,5300.00,upi_apps,106.00,2026-05-11T09:06:00+05:30,captured,setl_00000061,
pay_260511002118,order_260511060,4202.00,upi_apps,84.04,2026-05-11T13:28:00+05:30,captured,setl_00000061,
pay_260511002119,order_260511060,4890.00,card,97.80,2026-05-11T11:38:00+05:30,captured,setl_00000061,
pay_260511002120,order_260511060,3180.00,card,63.60,2026-05-11T16:12:00+05:30,captured,setl_00000061,
pay_260511002121,order_260511060,1447.00,upi_apps,28.94,2026-05-11T15:38:00+05:30,captured,setl_00000061,
pay_260511002122,order_260511060,3661.00,card,73.22,2026-05-11T10:29:00+05:30,captured,setl_00000061,
pay_260511002123,order_260511060,1257.00,card,25.14,2026-05-11T13:33:00+05:30,captured,setl_00000061,
pay_260511002124,order_260511060,5229.00,netbanking,47.06,2026-05-11T12:48:00+05:30,captured,setl_00000061,
pay_260511002125,order_260511060,848.00,upi_apps,16.96,2026-05-11T18:14:00+05:30,captured,setl_00000061,
pay_260511002126,order_260511060,628.00,upi_apps,12.56,2026-05-11T18:31:00+05:30,captured,setl_00000061,
pay_260511002127,order_260511060,3415.00,card,68.30,2026-05-11T19:47:00+05:30,captured,setl_00000061,
pay_260511002128,order_260511060,4062.00,upi_apps,81.24,2026-05-11T15:33:00+05:30,captured,setl_00000061,
pay_260511002129,order_260511060,516.00,netbanking,4.64,2026-05-11T09:49:00+05:30,captured,setl_00000061,
pay_260511002130,order_260511060,3290.00,card,65.80,2026-05-11T10:32:00+05:30,captured,setl_00000061,
pay_260511002131,order_260511060,4801.00,netbanking,43.20,2026-05-11T13:27:00+05:30,captured,setl_00000061,
pay_260511002132,order_260511060,3858.00,card,77.16,2026-05-11T21:11:00+05:30,captured,setl_00000061,
pay_260511002133,order_260511060,2704.00,netbanking,24.33,2026-05-11T20:41:00+05:30,captured,setl_00000061,
pay_260511002134,order_260511060,4439.00,wallet,88.78,2026-05-11T16:33:00+05:30,captured,setl_00000061,
pay_260511002135,order_260511060,2129.00,netbanking,19.16,2026-05-11T20:14:00+05:30,captured,setl_00000061,
pay_260512002136,order_260512061,1176.00,upi_apps,23.52,2026-05-12T20:30:00+05:30,captured,setl_00000062,
pay_260512002137,order_260512061,3477.00,card,69.54,2026-05-12T21:13:00+05:30,captured,setl_00000062,
pay_260512002138,order_260512061,1226.00,card,24.52,2026-05-12T11:08:00+05:30,captured,setl_00000062,
pay_260512002139,order_260512061,5235.00,upi_apps,104.70,2026-05-12T22:59:00+05:30,captured,setl_00000062,
pay_260512002140,order_260512061,1114.00,card,22.28,2026-05-12T10:53:00+05:30,captured,setl_00000062,
pay_260512002141,order_260512061,4134.00,card,82.68,2026-05-12T20:36:00+05:30,captured,setl_00000062,
pay_260512002142,order_260512061,869.00,card,17.38,2026-05-12T15:59:00+05:30,captured,setl_00000062,
pay_260512002143,order_260512061,797.00,upi_apps,15.94,2026-05-12T11:10:00+05:30,captured,setl_00000062,
pay_260512002144,order_260512061,4171.00,card,83.42,2026-05-12T09:44:00+05:30,captured,setl_00000062,
pay_260512002145,order_260512061,629.00,upi_apps,12.58,2026-05-12T08:36:00+05:30,captured,setl_00000062,
pay_260512002146,order_260512061,4328.00,card,86.56,2026-05-12T09:40:00+05:30,captured,setl_00000062,
pay_260512002147,order_260512061,2906.00,card,58.12,2026-05-12T14:07:00+05:30,captured,setl_00000062,
pay_260512002148,order_260512061,3793.00,upi_apps,75.86,2026-05-12T18:35:00+05:30,captured,setl_00000062,
pay_260512002149,order_260512061,4979.00,netbanking,44.81,2026-05-12T09:52:00+05:30,captured,setl_00000062,
pay_260512002150,order_260512061,4678.00,upi_apps,93.56,2026-05-12T17:32:00+05:30,captured,setl_00000062,
pay_260512002151,order_260512061,695.00,upi_apps,13.90,2026-05-12T20:59:00+05:30,captured,setl_00000062,
pay_260512002152,order_260512061,3192.00,wallet,63.84,2026-05-12T16:41:00+05:30,captured,setl_00000062,
pay_260512002153,order_260512061,4799.00,netbanking,43.19,2026-05-12T20:14:00+05:30,captured,setl_00000062,
pay_260512002154,order_260512061,4143.00,card,82.86,2026-05-12T20:52:00+05:30,captured,setl_00000062,
pay_260512002155,order_260512061,986.00,upi_apps,19.72,2026-05-12T13:21:00+05:30,captured,setl_00000062,
pay_260512002156,order_260512061,1466.00,upi_apps,29.32,2026-05-12T08:56:00+05:30,captured,setl_00000062,
pay_260512002157,order_260512061,2130.00,card,42.60,2026-05-12T20:41:00+05:30,captured,setl_00000062,
pay_260512002158,order_260512061,4679.00,upi_apps,93.58,2026-05-12T20:22:00+05:30,captured,setl_00000062,
pay_260512002159,order_260512061,1493.00,upi_apps,29.86,2026-05-12T16:03:00+05:30,captured,setl_00000062,
pay_260512002160,order_260512061,5246.00,wallet,104.92,2026-05-12T19:02:00+05:30,captured,setl_00000062,
pay_260512002161,order_260512061,3238.00,wallet,64.76,2026-05-12T16:56:00+05:30,captured,setl_00000062,
pay_260512002162,order_260512061,4779.00,upi_apps,95.58,2026-05-12T20:14:00+05:30,captured,setl_00000062,
pay_260512002163,order_260512061,4364.00,netbanking,39.27,2026-05-12T13:07:00+05:30,captured,setl_00000062,
pay_260513002164,order_260513062,5175.00,upi_apps,103.50,2026-05-13T20:47:00+05:30,captured,setl_00000063,
pay_260513002165,order_260513062,4232.00,upi_apps,84.64,2026-05-13T20:31:00+05:30,captured,setl_00000063,
pay_260513002166,order_260513062,3546.00,upi_apps,70.92,2026-05-13T11:56:00+05:30,captured,setl_00000063,
pay_260513002167,order_260513062,2342.00,upi_apps,46.84,2026-05-13T21:40:00+05:30,captured,setl_00000063,
pay_260513002168,order_260513062,5116.00,upi_apps,102.32,2026-05-13T16:30:00+05:30,captured,setl_00000063,
pay_260513002169,order_260513062,3019.00,netbanking,27.17,2026-05-13T13:41:00+05:30,captured,setl_00000063,
pay_260513002170,order_260513062,3055.00,netbanking,27.49,2026-05-13T21:14:00+05:30,captured,setl_00000063,
pay_260513002171,order_260513062,2640.00,upi_apps,52.80,2026-05-13T16:11:00+05:30,captured,setl_00000063,
pay_260513002172,order_260513062,1207.00,upi_apps,24.14,2026-05-13T12:09:00+05:30,captured,setl_00000063,
pay_260513002173,order_260513062,4753.00,netbanking,42.77,2026-05-13T21:10:00+05:30,captured,setl_00000063,
pay_260513002174,order_260513062,2252.00,card,45.04,2026-05-13T13:53:00+05:30,captured,setl_00000063,
pay_260513002175,order_260513062,4403.00,upi_apps,88.06,2026-05-13T17:27:00+05:30,captured,setl_00000063,
pay_260513002176,order_260513062,1046.00,upi_apps,20.92,2026-05-13T10:02:00+05:30,captured,setl_00000063,
pay_260513002177,order_260513062,4939.00,card,98.78,2026-05-13T08:32:00+05:30,captured,setl_00000063,
pay_260513002178,order_260513062,1424.00,upi_apps,28.48,2026-05-13T14:13:00+05:30,captured,setl_00000063,
pay_260513002179,order_260513062,491.00,netbanking,4.41,2026-05-13T15:19:00+05:30,captured,setl_00000063,
pay_260513002180,order_260513062,5209.00,upi_apps,104.18,2026-05-13T20:50:00+05:30,captured,setl_00000063,
pay_260513002181,order_260513062,2720.00,card,54.40,2026-05-13T13:25:00+05:30,captured,setl_00000063,
pay_260513002182,order_260513062,3679.00,upi_apps,73.58,2026-05-13T10:24:00+05:30,captured,setl_00000063,
pay_260513002183,order_260513062,1249.00,card,24.98,2026-05-13T18:01:00+05:30,captured,setl_00000063,
pay_260513002184,order_260513062,1911.00,upi_apps,38.22,2026-05-13T16:57:00+05:30,captured,setl_00000063,
pay_260513002185,order_260513062,779.00,card,15.58,2026-05-13T22:53:00+05:30,captured,setl_00000063,
pay_260513002186,order_260513062,2836.00,netbanking,25.52,2026-05-13T11:01:00+05:30,captured,setl_00000063,
pay_260513002187,order_260513062,783.00,upi_apps,15.66,2026-05-13T08:44:00+05:30,captured,setl_00000063,
pay_260513002188,order_260513062,3812.00,upi_apps,76.24,2026-05-13T11:44:00+05:30,captured,setl_00000063,
pay_260513002189,order_260513062,824.00,netbanking,7.41,2026-05-13T17:26:00+05:30,captured,setl_00000063,
pay_260513002190,order_260513062,1847.00,card,36.94,2026-05-13T17:17:00+05:30,captured,setl_00000063,
pay_260513002191,order_260513062,2220.00,card,44.40,2026-05-13T13:51:00+05:30,captured,setl_00000063,
pay_260513002192,order_260513062,1182.00,netbanking,10.63,2026-05-13T14:52:00+05:30,captured,setl_00000063,
pay_260513002193,order_260513062,464.00,upi_apps,9.28,2026-05-13T08:54:00+05:30,captured,setl_00000063,
pay_260513002194,order_260513062,5183.00,card,103.66,2026-05-13T11:10:00+05:30,captured,setl_00000063,
pay_260513002195,order_260513062,1180.00,card,23.60,2026-05-13T16:31:00+05:30,captured,setl_00000063,
pay_260513002196,order_260513062,556.00,upi_apps,11.12,2026-05-13T20:33:00+05:30,captured,setl_00000063,
pay_260513002197,order_260513062,749.00,upi_apps,14.98,2026-05-13T08:31:00+05:30,captured,setl_00000063,
pay_260513002198,order_260513062,648.00,card,12.96,2026-05-13T13:05:00+05:30,captured,setl_00000063,
pay_260514002199,order_260514063,2870.00,upi_apps,57.40,2026-05-14T15:44:00+05:30,captured,setl_00000064,
pay_260514002200,order_260514063,4939.00,card,98.78,2026-05-14T15:26:00+05:30,captured,setl_00000064,
pay_260514002201,order_260514063,1009.00,wallet,20.18,2026-05-14T14:40:00+05:30,captured,setl_00000064,
pay_260514002202,order_260514063,2122.00,card,42.44,2026-05-14T19:45:00+05:30,captured,setl_00000064,
pay_260514002203,order_260514063,4599.00,netbanking,41.39,2026-05-14T20:06:00+05:30,captured,setl_00000064,
pay_260514002204,order_260514063,1309.00,upi_apps,26.18,2026-05-14T09:37:00+05:30,captured,setl_00000064,
pay_260514002205,order_260514063,4062.00,card,81.24,2026-05-14T09:03:00+05:30,captured,setl_00000064,
pay_260514002206,order_260514063,2658.00,netbanking,23.92,2026-05-14T12:52:00+05:30,captured,setl_00000064,
pay_260514002207,order_260514063,2600.00,upi_apps,52.00,2026-05-14T18:11:00+05:30,captured,setl_00000064,
pay_260514002208,order_260514063,4970.00,upi_apps,99.40,2026-05-14T18:54:00+05:30,captured,setl_00000064,
pay_260514002209,order_260514063,2919.00,netbanking,26.27,2026-05-14T22:01:00+05:30,captured,setl_00000064,
pay_260514002210,order_260514063,4795.00,upi_apps,95.90,2026-05-14T18:15:00+05:30,captured,setl_00000064,
pay_260514002211,order_260514063,899.00,card,17.98,2026-05-14T15:38:00+05:30,captured,setl_00000064,
pay_260514002212,order_260514063,5300.00,upi_apps,106.00,2026-05-14T12:41:00+05:30,captured,setl_00000064,
pay_260514002213,order_260514063,2146.00,upi_apps,42.92,2026-05-14T20:48:00+05:30,captured,setl_00000064,
pay_260514002214,order_260514063,4588.00,upi_apps,91.76,2026-05-14T22:55:00+05:30,captured,setl_00000064,
pay_260514002215,order_260514063,5050.00,upi_apps,101.00,2026-05-14T14:58:00+05:30,captured,setl_00000064,
pay_260514002216,order_260514063,3709.00,upi_apps,74.18,2026-05-14T16:58:00+05:30,captured,setl_00000064,
pay_260514002217,order_260514063,2517.00,upi_apps,50.34,2026-05-14T10:33:00+05:30,captured,setl_00000064,
pay_260514002218,order_260514063,4101.00,upi_apps,82.02,2026-05-14T16:01:00+05:30,captured,setl_00000064,
pay_260514002219,order_260514063,4663.00,netbanking,41.96,2026-05-14T19:18:00+05:30,captured,setl_00000064,
pay_260514002220,order_260514063,3332.00,card,66.64,2026-05-14T13:16:00+05:30,captured,setl_00000064,
pay_260514002221,order_260514063,3346.00,upi_apps,66.92,2026-05-14T14:56:00+05:30,captured,setl_00000064,
pay_260514002222,order_260514063,3382.00,card,67.64,2026-05-14T16:55:00+05:30,captured,setl_00000064,
pay_260514002223,order_260514063,487.00,upi_apps,9.74,2026-05-14T21:42:00+05:30,captured,setl_00000064,
pay_260514002224,order_260514063,1377.00,card,27.54,2026-05-14T15:43:00+05:30,captured,setl_00000064,
pay_260514002225,order_260514063,3140.00,netbanking,28.26,2026-05-14T22:15:00+05:30,captured,setl_00000064,
pay_260514002226,order_260514063,4393.00,card,87.86,2026-05-14T22:22:00+05:30,captured,setl_00000064,
pay_260514002227,order_260514063,2135.00,upi_apps,42.70,2026-05-14T19:32:00+05:30,captured,setl_00000064,
pay_260514002228,order_260514063,911.00,upi_apps,18.22,2026-05-14T20:23:00+05:30,captured,setl_00000064,
pay_260514002229,order_260514063,3159.00,upi_apps,63.18,2026-05-14T16:21:00+05:30,captured,setl_00000064,
pay_260514002230,order_260514063,1004.00,card,20.08,2026-05-14T22:03:00+05:30,captured,setl_00000064,
pay_260514002231,order_260514063,1980.00,upi_apps,39.60,2026-05-14T09:16:00+05:30,captured,setl_00000064,
pay_260514002232,order_260514063,1162.00,upi_apps,23.24,2026-05-14T11:48:00+05:30,captured,setl_00000064,
pay_260514002233,order_260514063,1927.00,card,38.54,2026-05-14T17:23:00+05:30,captured,setl_00000064,
pay_260514002234,order_260514063,3825.00,upi_apps,76.50,2026-05-14T10:36:00+05:30,captured,setl_00000064,
pay_260515002235,order_260515064,4419.00,wallet,88.38,2026-05-15T08:47:00+05:30,captured,setl_00000065,
pay_260515002236,order_260515064,4082.00,upi_apps,81.64,2026-05-15T20:35:00+05:30,captured,setl_00000065,
pay_260515002237,order_260515064,2447.00,upi_apps,48.94,2026-05-15T21:12:00+05:30,captured,setl_00000065,
pay_260515002238,order_260515064,1491.00,upi_apps,29.82,2026-05-15T18:27:00+05:30,captured,setl_00000065,
pay_260515002239,order_260515064,660.00,netbanking,5.94,2026-05-15T13:19:00+05:30,captured,setl_00000065,
pay_260515002240,order_260515064,3747.00,card,74.94,2026-05-15T19:19:00+05:30,captured,setl_00000065,
pay_260515002241,order_260515064,460.00,netbanking,4.13,2026-05-15T13:57:00+05:30,captured,setl_00000065,
pay_260515002242,order_260515064,774.00,card,15.48,2026-05-15T11:26:00+05:30,captured,setl_00000065,
pay_260515002243,order_260515064,552.00,wallet,11.04,2026-05-15T17:59:00+05:30,captured,setl_00000065,
pay_260515002244,order_260515064,3091.00,card,61.82,2026-05-15T10:25:00+05:30,captured,setl_00000065,
pay_260515002245,order_260515064,3334.00,wallet,66.68,2026-05-15T08:29:00+05:30,captured,setl_00000065,
pay_260515002246,order_260515064,4223.00,upi_apps,84.46,2026-05-15T12:43:00+05:30,captured,setl_00000065,
pay_260515002247,order_260515064,867.00,card,17.34,2026-05-15T13:34:00+05:30,captured,setl_00000065,
pay_260515002248,order_260515064,1554.00,upi_apps,31.08,2026-05-15T20:06:00+05:30,captured,setl_00000065,
pay_260515002249,order_260515064,633.00,card,12.66,2026-05-15T21:23:00+05:30,captured,setl_00000065,
pay_260515002250,order_260515064,790.00,netbanking,7.11,2026-05-15T19:05:00+05:30,captured,setl_00000065,
pay_260515002251,order_260515064,4466.00,netbanking,40.19,2026-05-15T22:07:00+05:30,captured,setl_00000065,
pay_260515002252,order_260515064,2811.00,upi_apps,56.22,2026-05-15T18:32:00+05:30,captured,setl_00000065,
pay_260515002253,order_260515064,4375.00,upi_apps,87.50,2026-05-15T19:35:00+05:30,captured,setl_00000065,
pay_260515002254,order_260515064,2119.00,wallet,42.38,2026-05-15T19:32:00+05:30,captured,setl_00000065,
pay_260515002255,order_260515064,3786.00,upi_apps,75.72,2026-05-15T19:24:00+05:30,captured,setl_00000065,
pay_260515002256,order_260515064,4256.00,upi_apps,85.12,2026-05-15T10:47:00+05:30,captured,setl_00000065,
pay_260515002257,order_260515064,4657.00,upi_apps,93.14,2026-05-15T11:38:00+05:30,captured,setl_00000065,
pay_260515002258,order_260515064,2309.00,upi_apps,46.18,2026-05-15T09:44:00+05:30,captured,setl_00000065,
pay_260515002259,order_260515064,1237.00,netbanking,11.13,2026-05-15T14:57:00+05:30,captured,setl_00000065,
pay_260515002260,order_260515064,761.00,upi_apps,15.22,2026-05-15T22:22:00+05:30,captured,setl_00000065,
pay_260515002261,order_260515064,1090.00,card,21.80,2026-05-15T17:37:00+05:30,captured,setl_00000065,
pay_260515002262,order_260515064,4981.00,upi_apps,99.62,2026-05-15T22:13:00+05:30,captured,setl_00000065,
pay_260515002263,order_260515064,911.00,netbanking,8.19,2026-05-15T14:41:00+05:30,captured,setl_00000065,
pay_260515002264,order_260515064,2301.00,upi_apps,46.02,2026-05-15T10:34:00+05:30,captured,setl_00000065,
pay_260515002265,order_260515064,5300.00,upi_apps,106.00,2026-05-15T17:29:00+05:30,captured,setl_00000065,
pay_260515002266,order_260515064,1462.00,netbanking,13.15,2026-05-15T17:23:00+05:30,captured,setl_00000065,
pay_260515002267,order_260515064,4086.00,netbanking,36.77,2026-05-15T13:49:00+05:30,captured,setl_00000065,
pay_260515002268,order_260515064,4709.00,netbanking,42.38,2026-05-15T18:37:00+05:30,captured,setl_00000065,
pay_260515002269,order_260515064,4480.00,wallet,89.60,2026-05-15T09:49:00+05:30,captured,setl_00000065,
pay_260515002270,order_260515064,4507.00,card,90.14,2026-05-15T16:08:00+05:30,captured,setl_00000065,
pay_260515002271,order_260515064,1358.00,netbanking,12.22,2026-05-15T14:28:00+05:30,captured,setl_00000065,
pay_260515002272,order_260515064,1856.00,card,37.12,2026-05-15T20:06:00+05:30,captured,setl_00000065,
pay_260515002273,order_260515064,2462.00,upi_apps,49.24,2026-05-15T12:46:00+05:30,captured,setl_00000065,
pay_260515002274,order_260515064,3214.00,upi_apps,64.28,2026-05-15T19:13:00+05:30,captured,setl_00000065,
pay_260515002275,order_260515064,4678.00,netbanking,42.10,2026-05-15T11:21:00+05:30,captured,setl_00000065,
pay_260515002276,order_260515064,2658.00,upi_apps,53.16,2026-05-15T22:39:00+05:30,captured,setl_00000065,
pay_260515002277,order_260515064,4187.00,upi_apps,83.74,2026-05-15T19:54:00+05:30,captured,setl_00000065,
pay_260515002278,order_260515064,858.00,wallet,17.16,2026-05-15T21:10:00+05:30,captured,setl_00000065,
pay_260515002279,order_260515064,3045.00,upi_apps,60.90,2026-05-15T13:44:00+05:30,captured,setl_00000065,
pay_260515002280,order_260515064,3641.00,card,72.82,2026-05-15T10:46:00+05:30,captured,setl_00000065,
pay_260515002281,order_260515064,4604.00,card,92.08,2026-05-15T16:53:00+05:30,captured,setl_00000065,
pay_260515002282,order_260515064,4469.00,upi_apps,89.38,2026-05-15T09:11:00+05:30,captured,setl_00000065,
pay_260515002283,order_260515064,5392.00,card,107.84,2026-05-15T21:40:00+05:30,captured,setl_00000065,
pay_260515002284,order_260515064,4718.00,wallet,94.36,2026-05-15T16:05:00+05:30,captured,setl_00000065,
pay_260515002285,order_260515064,704.00,upi_apps,14.08,2026-05-15T08:22:00+05:30,captured,setl_00000065,
pay_260515002286,order_260515064,527.00,card,10.54,2026-05-15T09:54:00+05:30,captured,setl_00000065,
pay_260515002287,order_260515064,2990.00,card,59.80,2026-05-15T15:55:00+05:30,captured,setl_00000065,
pay_260515002288,order_260515064,2692.00,wallet,53.84,2026-05-15T10:01:00+05:30,captured,setl_00000065,
pay_260515002289,order_260515064,2878.00,upi_apps,57.56,2026-05-15T09:01:00+05:30,captured,setl_00000065,
pay_260515002290,order_260515064,1224.00,upi_apps,24.48,2026-05-15T18:04:00+05:30,captured,setl_00000065,
pay_260515002291,order_260515064,4077.00,card,81.54,2026-05-15T16:00:00+05:30,captured,setl_00000065,
pay_260515002292,order_260515064,4947.00,upi_apps,98.94,2026-05-15T13:03:00+05:30,captured,setl_00000065,
pay_260516002293,order_260516065,792.00,card,15.84,2026-05-16T09:26:00+05:30,captured,setl_00000066,
pay_260516002294,order_260516065,2963.00,card,59.26,2026-05-16T08:37:00+05:30,captured,setl_00000066,
pay_260516002295,order_260516065,1530.00,upi_apps,30.60,2026-05-16T17:48:00+05:30,captured,setl_00000066,
pay_260516002296,order_260516065,3220.00,upi_apps,64.40,2026-05-16T21:04:00+05:30,captured,setl_00000066,
pay_260516002297,order_260516065,2864.00,upi_apps,57.28,2026-05-16T16:40:00+05:30,captured,setl_00000066,
pay_260516002298,order_260516065,4881.00,upi_apps,97.62,2026-05-16T09:56:00+05:30,captured,setl_00000066,
pay_260516002299,order_260516065,1234.00,upi_apps,24.68,2026-05-16T15:58:00+05:30,captured,setl_00000066,
pay_260516002300,order_260516065,4411.00,upi_apps,88.22,2026-05-16T09:08:00+05:30,captured,setl_00000066,
pay_260516002301,order_260516065,4378.00,upi_apps,87.56,2026-05-16T21:15:00+05:30,captured,setl_00000066,
pay_260516002302,order_260516065,5137.00,upi_apps,102.74,2026-05-16T09:51:00+05:30,captured,setl_00000066,
pay_260516002303,order_260516065,1094.00,netbanking,9.84,2026-05-16T17:53:00+05:30,captured,setl_00000066,
pay_260516002304,order_260516065,2072.00,upi_apps,41.44,2026-05-16T14:16:00+05:30,captured,setl_00000066,
pay_260516002305,order_260516065,630.00,card,12.60,2026-05-16T14:16:00+05:30,captured,setl_00000066,
pay_260516002306,order_260516065,4533.00,card,90.66,2026-05-16T20:12:00+05:30,captured,setl_00000066,
pay_260516002307,order_260516065,4270.00,upi_apps,85.40,2026-05-16T20:17:00+05:30,captured,setl_00000066,
pay_260516002308,order_260516065,1670.00,upi_apps,33.40,2026-05-16T21:29:00+05:30,captured,setl_00000066,
pay_260517002309,order_260517066,1448.00,netbanking,13.03,2026-05-17T21:45:00+05:30,captured,setl_00000067,
pay_260517002310,order_260517066,5035.00,upi_apps,100.70,2026-05-17T21:09:00+05:30,captured,setl_00000067,
pay_260517002311,order_260517066,5235.00,upi_apps,104.70,2026-05-17T08:03:00+05:30,captured,setl_00000067,
pay_260517002312,order_260517066,3597.00,netbanking,32.37,2026-05-17T17:53:00+05:30,captured,setl_00000067,
pay_260518002313,order_260518067,3014.00,card,60.28,2026-05-18T19:36:00+05:30,captured,setl_00000068,
pay_260518002314,order_260518067,933.00,upi_apps,18.66,2026-05-18T19:18:00+05:30,captured,setl_00000068,
pay_260518002315,order_260518067,4392.00,card,87.84,2026-05-18T12:20:00+05:30,captured,setl_00000068,
pay_260518002316,order_260518067,4370.00,upi_apps,87.40,2026-05-18T11:38:00+05:30,captured,setl_00000068,
pay_260518002317,order_260518067,2506.00,upi_apps,50.12,2026-05-18T19:32:00+05:30,captured,setl_00000068,
pay_260518002318,order_260518067,2901.00,upi_apps,58.02,2026-05-18T08:18:00+05:30,captured,setl_00000068,
pay_260518002319,order_260518067,518.00,wallet,10.36,2026-05-18T12:58:00+05:30,captured,setl_00000068,
pay_260518002320,order_260518067,1655.00,upi_apps,33.10,2026-05-18T22:56:00+05:30,captured,setl_00000068,
pay_260518002321,order_260518067,4566.00,card,91.32,2026-05-18T08:28:00+05:30,captured,setl_00000068,
pay_260518002322,order_260518067,1805.00,card,36.10,2026-05-18T21:51:00+05:30,captured,setl_00000068,
pay_260518002323,order_260518067,4964.00,card,99.28,2026-05-18T11:01:00+05:30,captured,setl_00000068,
pay_260518002324,order_260518067,3604.00,netbanking,32.43,2026-05-18T21:56:00+05:30,captured,setl_00000068,
pay_260518002325,order_260518067,2304.00,netbanking,20.73,2026-05-18T13:07:00+05:30,captured,setl_00000068,
pay_260518002326,order_260518067,2448.00,upi_apps,48.96,2026-05-18T10:11:00+05:30,captured,setl_00000068,
pay_260518002327,order_260518067,2125.00,upi_apps,42.50,2026-05-18T08:44:00+05:30,captured,setl_00000068,
pay_260518002328,order_260518067,4737.00,card,94.74,2026-05-18T12:47:00+05:30,captured,setl_00000068,
pay_260518002329,order_260518067,3825.00,upi_apps,76.50,2026-05-18T19:58:00+05:30,captured,setl_00000068,
pay_260518002330,order_260518067,1901.00,card,38.02,2026-05-18T16:17:00+05:30,captured,setl_00000068,
pay_260518002331,order_260518067,1196.00,upi_apps,23.92,2026-05-18T22:37:00+05:30,captured,setl_00000068,
pay_260518002332,order_260518067,3660.00,upi_apps,73.20,2026-05-18T16:32:00+05:30,captured,setl_00000068,
pay_260518002333,order_260518067,1249.00,upi_apps,24.98,2026-05-18T17:50:00+05:30,captured,setl_00000068,
pay_260518002334,order_260518067,4982.00,netbanking,44.83,2026-05-18T11:05:00+05:30,captured,setl_00000068,
pay_260518002335,order_260518067,2656.00,wallet,53.12,2026-05-18T09:35:00+05:30,captured,setl_00000068,
pay_260518002336,order_260518067,3891.00,upi_apps,77.82,2026-05-18T17:54:00+05:30,captured,setl_00000068,
pay_260518002337,order_260518067,694.00,card,13.88,2026-05-18T10:09:00+05:30,captured,setl_00000068,
pay_260518002338,order_260518067,3397.00,upi_apps,67.94,2026-05-18T11:16:00+05:30,captured,setl_00000068,
pay_260518002339,order_260518067,4176.00,netbanking,37.58,2026-05-18T08:05:00+05:30,captured,setl_00000068,
pay_260518002340,order_260518067,1742.00,card,34.84,2026-05-18T22:24:00+05:30,captured,setl_00000068,
pay_260518002341,order_260518067,3982.00,upi_apps,79.64,2026-05-18T11:52:00+05:30,captured,setl_00000068,
pay_260518002342,order_260518067,944.00,card,18.88,2026-05-18T14:08:00+05:30,captured,setl_00000068,
pay_260518002343,order_260518067,5038.00,upi_apps,100.76,2026-05-18T22:35:00+05:30,captured,setl_00000068,
pay_260518002344,order_260518067,3850.00,wallet,77.00,2026-05-18T10:43:00+05:30,captured,setl_00000068,
pay_260518002345,order_260518067,591.00,upi_apps,11.82,2026-05-18T10:28:00+05:30,captured,setl_00000068,
pay_260518002346,order_260518067,1225.00,card,24.50,2026-05-18T08:55:00+05:30,captured,setl_00000068,
pay_260518002347,order_260518067,3250.00,wallet,65.00,2026-05-18T10:29:00+05:30,captured,setl_00000068,
pay_260518002348,order_260518067,4605.00,netbanking,41.44,2026-05-18T08:18:00+05:30,captured,setl_00000068,
pay_260518002349,order_260518067,4019.00,wallet,80.38,2026-05-18T11:51:00+05:30,captured,setl_00000068,
pay_260518002350,order_260518067,1328.00,upi_apps,26.56,2026-05-18T13:58:00+05:30,captured,setl_00000068,
pay_260518002351,order_260518067,3851.00,card,77.02,2026-05-18T09:31:00+05:30,captured,setl_00000068,
pay_260518002352,order_260518067,526.00,wallet,10.52,2026-05-18T15:16:00+05:30,captured,setl_00000068,
pay_260518002353,order_260518067,4357.00,card,87.14,2026-05-18T15:56:00+05:30,captured,setl_00000068,
pay_260518002354,order_260518067,507.00,upi_apps,10.14,2026-05-18T17:52:00+05:30,captured,setl_00000068,
pay_260518002355,order_260518067,4617.00,upi_apps,92.34,2026-05-18T08:29:00+05:30,captured,setl_00000068,
pay_260518002356,order_260518067,1725.00,upi_apps,34.50,2026-05-18T09:09:00+05:30,captured,setl_00000068,
pay_260518002357,order_260518067,1570.00,upi_apps,31.40,2026-05-18T22:30:00+05:30,captured,setl_00000068,
pay_260518002358,order_260518067,3332.00,netbanking,29.98,2026-05-18T16:38:00+05:30,captured,setl_00000068,
pay_260519002359,order_260519068,930.00,upi_apps,18.60,2026-05-19T19:14:00+05:30,captured,setl_00000069,
pay_260519002360,order_260519068,2300.00,card,46.00,2026-05-19T16:51:00+05:30,captured,setl_00000069,
pay_260519002361,order_260519068,486.00,upi_apps,9.72,2026-05-19T21:42:00+05:30,captured,setl_00000069,
pay_260519002362,order_260519068,1812.00,upi_apps,36.24,2026-05-19T22:21:00+05:30,captured,setl_00000069,
pay_260519002363,order_260519068,2611.00,upi_apps,52.22,2026-05-19T10:51:00+05:30,captured,setl_00000069,
pay_260519002364,order_260519068,2963.00,card,59.26,2026-05-19T18:45:00+05:30,captured,setl_00000069,
pay_260519002365,order_260519068,4366.00,upi_apps,87.32,2026-05-19T13:48:00+05:30,captured,setl_00000069,
pay_260519002366,order_260519068,3980.00,netbanking,35.81,2026-05-19T17:44:00+05:30,captured,setl_00000069,
pay_260519002367,order_260519068,2225.00,upi_apps,44.50,2026-05-19T19:24:00+05:30,captured,setl_00000069,
pay_260519002368,order_260519068,1956.00,netbanking,17.60,2026-05-19T13:43:00+05:30,captured,setl_00000069,
pay_260519002369,order_260519068,930.00,netbanking,8.36,2026-05-19T12:36:00+05:30,captured,setl_00000069,
pay_260519002370,order_260519068,4294.00,card,85.88,2026-05-19T14:02:00+05:30,captured,setl_00000069,
pay_260519002371,order_260519068,2526.00,netbanking,22.73,2026-05-19T08:07:00+05:30,captured,setl_00000069,
pay_260519002372,order_260519068,1322.00,upi_apps,26.44,2026-05-19T10:09:00+05:30,captured,setl_00000069,
pay_260519002373,order_260519068,2502.00,upi_apps,50.04,2026-05-19T11:50:00+05:30,captured,setl_00000069,
pay_260519002374,order_260519068,3464.00,card,69.28,2026-05-19T15:28:00+05:30,captured,setl_00000069,
pay_260519002375,order_260519068,2723.00,netbanking,24.50,2026-05-19T18:37:00+05:30,captured,setl_00000069,
pay_260519002376,order_260519068,4823.00,upi_apps,96.46,2026-05-19T19:20:00+05:30,captured,setl_00000069,
pay_260519002377,order_260519068,2120.00,upi_apps,42.40,2026-05-19T13:25:00+05:30,captured,setl_00000069,
pay_260519002378,order_260519068,1046.00,card,20.92,2026-05-19T13:37:00+05:30,captured,setl_00000069,
pay_260519002379,order_260519068,2820.00,netbanking,25.38,2026-05-19T22:13:00+05:30,captured,setl_00000069,
pay_260519002380,order_260519068,4429.00,card,88.58,2026-05-19T21:42:00+05:30,captured,setl_00000069,
pay_260519002381,order_260519068,1765.00,upi_apps,35.30,2026-05-19T11:12:00+05:30,captured,setl_00000069,
pay_260519002382,order_260519068,1764.00,upi_apps,35.28,2026-05-19T14:52:00+05:30,captured,setl_00000069,
pay_260519002383,order_260519068,3997.00,upi_apps,79.94,2026-05-19T14:36:00+05:30,captured,setl_00000069,
pay_260519002384,order_260519068,3780.00,card,75.60,2026-05-19T10:50:00+05:30,captured,setl_00000069,
pay_260519002385,order_260519068,1270.00,card,25.40,2026-05-19T12:55:00+05:30,captured,setl_00000069,
pay_260519002386,order_260519068,5300.00,card,106.00,2026-05-19T19:10:00+05:30,captured,setl_00000069,
pay_260519002387,order_260519068,1217.00,netbanking,10.95,2026-05-19T17:27:00+05:30,captured,setl_00000069,
pay_260519002388,order_260519068,4530.00,upi_apps,90.60,2026-05-19T12:48:00+05:30,captured,setl_00000069,
pay_260519002389,order_260519068,4137.00,netbanking,37.23,2026-05-19T16:16:00+05:30,captured,setl_00000069,
pay_260519002390,order_260519068,3920.00,upi_apps,78.40,2026-05-19T10:56:00+05:30,captured,setl_00000069,
pay_260519002391,order_260519068,1196.00,wallet,23.92,2026-05-19T21:18:00+05:30,captured,setl_00000069,
pay_260519002392,order_260519068,3444.00,upi_apps,68.88,2026-05-19T16:03:00+05:30,captured,setl_00000069,
pay_260519002393,order_260519068,3096.00,card,61.92,2026-05-19T19:37:00+05:30,captured,setl_00000069,
pay_260519002394,order_260519068,4282.00,card,85.64,2026-05-19T18:46:00+05:30,captured,setl_00000069,
pay_260519002395,order_260519068,1413.00,upi_apps,28.26,2026-05-19T21:44:00+05:30,captured,setl_00000069,
pay_260519002396,order_260519068,590.00,card,11.80,2026-05-19T16:11:00+05:30,captured,setl_00000069,
pay_260519002397,order_260519068,2287.00,card,45.74,2026-05-19T11:59:00+05:30,captured,setl_00000069,
pay_260520002398,order_260520069,888.00,wallet,17.76,2026-05-20T08:56:00+05:30,captured,setl_00000070,
pay_260520002399,order_260520069,767.00,card,15.34,2026-05-20T11:26:00+05:30,captured,setl_00000070,
pay_260520002400,order_260520069,637.00,card,12.74,2026-05-20T22:24:00+05:30,captured,setl_00000070,
pay_260520002401,order_260520069,1398.00,upi_apps,27.96,2026-05-20T18:46:00+05:30,captured,setl_00000070,
pay_260520002402,order_260520069,3446.00,upi_apps,68.92,2026-05-20T09:26:00+05:30,captured,setl_00000070,
pay_260520002403,order_260520069,3614.00,netbanking,32.52,2026-05-20T18:11:00+05:30,captured,setl_00000070,
pay_260520002404,order_260520069,5192.00,upi_apps,103.84,2026-05-20T13:01:00+05:30,captured,setl_00000070,
pay_260520002405,order_260520069,4235.00,card,84.70,2026-05-20T19:41:00+05:30,captured,setl_00000070,
pay_260520002406,order_260520069,1337.00,card,26.74,2026-05-20T10:09:00+05:30,captured,setl_00000070,
pay_260521002407,order_260521070,2414.00,card,48.28,2026-05-21T22:12:00+05:30,captured,setl_00000071,
pay_260521002408,order_260521070,3504.00,upi_apps,70.08,2026-05-21T22:09:00+05:30,captured,setl_00000071,
pay_260521002409,order_260521070,5002.00,upi_apps,100.04,2026-05-21T11:18:00+05:30,captured,setl_00000071,
pay_260521002410,order_260521070,3971.00,card,79.42,2026-05-21T19:05:00+05:30,captured,setl_00000071,
pay_260521002411,order_260521070,3599.00,card,71.98,2026-05-21T20:04:00+05:30,captured,setl_00000071,
pay_260521002412,order_260521070,3636.00,upi_apps,72.72,2026-05-21T08:27:00+05:30,captured,setl_00000071,
pay_260521002413,order_260521070,4911.00,upi_apps,98.22,2026-05-21T17:37:00+05:30,captured,setl_00000071,
pay_260521002414,order_260521070,622.00,upi_apps,12.44,2026-05-21T19:21:00+05:30,captured,setl_00000071,
pay_260521002415,order_260521070,3016.00,upi_apps,60.32,2026-05-21T10:31:00+05:30,captured,setl_00000071,
pay_260521002416,order_260521070,3770.00,upi_apps,75.40,2026-05-21T18:44:00+05:30,captured,setl_00000071,
pay_260521002417,order_260521070,4797.00,upi_apps,95.94,2026-05-21T09:28:00+05:30,captured,setl_00000071,
pay_260521002418,order_260521070,3547.00,upi_apps,70.94,2026-05-21T19:24:00+05:30,captured,setl_00000071,
pay_260521002419,order_260521070,2576.00,card,51.52,2026-05-21T09:55:00+05:30,captured,setl_00000071,
pay_260521002420,order_260521070,867.00,card,17.34,2026-05-21T09:51:00+05:30,captured,setl_00000071,
pay_260521002421,order_260521070,3307.00,netbanking,29.76,2026-05-21T13:07:00+05:30,captured,setl_00000071,
pay_260521002422,order_260521070,3769.00,card,75.38,2026-05-21T15:32:00+05:30,captured,setl_00000071,
pay_260521002423,order_260521070,2237.00,card,44.74,2026-05-21T16:30:00+05:30,captured,setl_00000071,
pay_260521002424,order_260521070,3242.00,upi_apps,64.84,2026-05-21T19:12:00+05:30,captured,setl_00000071,
pay_260521002425,order_260521070,5193.00,card,103.86,2026-05-21T22:43:00+05:30,captured,setl_00000071,
pay_260521002426,order_260521070,4506.00,card,90.12,2026-05-21T17:56:00+05:30,captured,setl_00000071,
pay_260521002427,order_260521070,2398.00,upi_apps,47.96,2026-05-21T20:49:00+05:30,captured,setl_00000071,
pay_260521002428,order_260521070,4050.00,wallet,81.00,2026-05-21T15:17:00+05:30,captured,setl_00000071,
pay_260521002429,order_260521070,3562.00,upi_apps,71.24,2026-05-21T12:45:00+05:30,captured,setl_00000071,
pay_260521002430,order_260521070,3724.00,upi_apps,74.48,2026-05-21T21:21:00+05:30,captured,setl_00000071,
pay_260521002431,order_260521070,3296.00,upi_apps,65.92,2026-05-21T11:35:00+05:30,captured,setl_00000071,
pay_260521002432,order_260521070,545.00,card,10.90,2026-05-21T19:04:00+05:30,captured,setl_00000071,
pay_260521002433,order_260521070,3657.00,upi_apps,73.14,2026-05-21T10:49:00+05:30,captured,setl_00000071,
pay_260521002434,order_260521070,3275.00,card,65.50,2026-05-21T22:41:00+05:30,captured,setl_00000071,
pay_260522002435,order_260522071,2960.00,card,59.20,2026-05-22T15:43:00+05:30,captured,setl_00000072,
pay_260522002436,order_260522071,1663.00,netbanking,14.96,2026-05-22T14:06:00+05:30,captured,setl_00000072,
pay_260522002437,order_260522071,4885.00,upi_apps,97.70,2026-05-22T12:17:00+05:30,captured,setl_00000072,
pay_260522002438,order_260522071,4286.00,upi_apps,85.72,2026-05-22T22:42:00+05:30,captured,setl_00000072,
pay_260522002439,order_260522071,3787.00,card,75.74,2026-05-22T08:54:00+05:30,captured,setl_00000072,
pay_260522002440,order_260522071,4336.00,upi_apps,86.72,2026-05-22T19:55:00+05:30,captured,setl_00000072,
pay_260522002441,order_260522071,4459.00,card,89.18,2026-05-22T21:51:00+05:30,captured,setl_00000072,
pay_260522002442,order_260522071,1225.00,card,24.50,2026-05-22T10:57:00+05:30,captured,setl_00000072,
pay_260522002443,order_260522071,5121.00,upi_apps,102.42,2026-05-22T12:49:00+05:30,captured,setl_00000072,
pay_260522002444,order_260522071,4997.00,card,99.94,2026-05-22T11:12:00+05:30,captured,setl_00000072,
pay_260522002445,order_260522071,2186.00,upi_apps,43.72,2026-05-22T17:32:00+05:30,captured,setl_00000072,
pay_260522002446,order_260522071,863.00,upi_apps,17.26,2026-05-22T13:10:00+05:30,captured,setl_00000072,
pay_260522002447,order_260522071,3671.00,card,73.42,2026-05-22T19:10:00+05:30,captured,setl_00000072,
pay_260522002448,order_260522071,3190.00,upi_apps,63.80,2026-05-22T09:01:00+05:30,captured,setl_00000072,
pay_260522002449,order_260522071,577.00,upi_apps,11.54,2026-05-22T08:41:00+05:30,captured,setl_00000072,
pay_260522002450,order_260522071,4660.00,upi_apps,93.20,2026-05-22T11:02:00+05:30,captured,setl_00000072,
pay_260522002451,order_260522071,1260.00,upi_apps,25.20,2026-05-22T22:34:00+05:30,captured,setl_00000072,
pay_260522002452,order_260522071,4460.00,upi_apps,89.20,2026-05-22T08:08:00+05:30,captured,setl_00000072,
pay_260522002453,order_260522071,1190.00,card,23.80,2026-05-22T22:59:00+05:30,captured,setl_00000072,
pay_260522002454,order_260522071,2143.00,upi_apps,42.86,2026-05-22T21:54:00+05:30,captured,setl_00000072,
pay_260522002455,order_260522071,5028.00,upi_apps,100.56,2026-05-22T22:08:00+05:30,captured,setl_00000072,
pay_260522002456,order_260522071,2641.00,upi_apps,52.82,2026-05-22T21:43:00+05:30,captured,setl_00000072,
pay_260522002457,order_260522071,585.00,card,11.70,2026-05-22T20:04:00+05:30,captured,setl_00000072,
pay_260522002458,order_260522071,2037.00,upi_apps,40.74,2026-05-22T09:09:00+05:30,captured,setl_00000072,
pay_260522002459,order_260522071,3592.00,card,71.84,2026-05-22T11:03:00+05:30,captured,setl_00000072,
pay_260522002460,order_260522071,1527.00,netbanking,13.74,2026-05-22T18:18:00+05:30,captured,setl_00000072,
pay_260522002461,order_260522071,5131.00,wallet,102.62,2026-05-22T21:07:00+05:30,captured,setl_00000072,
pay_260522002462,order_260522071,1101.00,netbanking,9.90,2026-05-22T18:32:00+05:30,captured,setl_00000072,
pay_260522002463,order_260522071,559.00,upi_apps,11.18,2026-05-22T08:34:00+05:30,captured,setl_00000072,
pay_260522002464,order_260522071,2902.00,card,58.04,2026-05-22T22:18:00+05:30,captured,setl_00000072,
pay_260522002465,order_260522071,4503.00,netbanking,40.52,2026-05-22T16:19:00+05:30,captured,setl_00000072,
pay_260522002466,order_260522071,561.00,upi_apps,11.22,2026-05-22T17:24:00+05:30,captured,setl_00000072,
pay_260523002467,order_260523072,3804.00,card,76.08,2026-05-23T14:20:00+05:30,captured,setl_00000073,
pay_260523002468,order_260523072,2645.00,upi_apps,52.90,2026-05-23T14:37:00+05:30,captured,setl_00000073,
pay_260523002469,order_260523072,2162.00,upi_apps,43.24,2026-05-23T16:18:00+05:30,captured,setl_00000073,
pay_260523002470,order_260523072,2172.00,card,43.44,2026-05-23T22:33:00+05:30,captured,setl_00000073,
pay_260523002471,order_260523072,1122.00,netbanking,10.09,2026-05-23T10:16:00+05:30,captured,setl_00000073,
pay_260523002472,order_260523072,3060.00,netbanking,27.54,2026-05-23T22:47:00+05:30,captured,setl_00000073,
pay_260523002473,order_260523072,4720.00,upi_apps,94.40,2026-05-23T14:17:00+05:30,captured,setl_00000073,
pay_260523002474,order_260523072,3964.00,upi_apps,79.28,2026-05-23T10:43:00+05:30,captured,setl_00000073,
pay_260523002475,order_260523072,915.00,card,18.30,2026-05-23T16:59:00+05:30,captured,setl_00000073,
pay_260523002476,order_260523072,3158.00,card,63.16,2026-05-23T15:07:00+05:30,captured,setl_00000073,
pay_260523002477,order_260523072,2115.00,netbanking,19.03,2026-05-23T17:40:00+05:30,captured,setl_00000073,
pay_260523002478,order_260523072,5175.00,wallet,103.50,2026-05-23T11:08:00+05:30,captured,setl_00000073,
pay_260523002479,order_260523072,1918.00,card,38.36,2026-05-23T19:40:00+05:30,captured,setl_00000073,
pay_260523002480,order_260523072,4445.00,upi_apps,88.90,2026-05-23T18:54:00+05:30,captured,setl_00000073,
pay_260523002481,order_260523072,1593.00,upi_apps,31.86,2026-05-23T08:50:00+05:30,captured,setl_00000073,
pay_260523002482,order_260523072,3158.00,upi_apps,63.16,2026-05-23T22:37:00+05:30,captured,setl_00000073,
pay_260524002483,order_260524073,4579.00,card,91.58,2026-05-24T10:12:00+05:30,captured,setl_00000074,
pay_260524002484,order_260524073,5361.00,upi_apps,107.22,2026-05-24T19:56:00+05:30,captured,setl_00000074,
pay_260524002485,order_260524073,1426.00,card,28.52,2026-05-24T14:30:00+05:30,captured,setl_00000074,
pay_260524002486,order_260524073,3952.00,upi_apps,79.04,2026-05-24T11:43:00+05:30,captured,setl_00000074,
pay_260524002487,order_260524073,3064.00,card,61.28,2026-05-24T11:14:00+05:30,captured,setl_00000074,
pay_260524002488,order_260524073,875.00,upi_apps,17.50,2026-05-24T18:32:00+05:30,captured,setl_00000074,
pay_260525002489,order_260525074,2067.00,upi_apps,41.34,2026-05-25T17:53:00+05:30,captured,setl_00000075,
pay_260525002490,order_260525074,3242.00,card,64.84,2026-05-25T17:07:00+05:30,captured,setl_00000075,
pay_260525002491,order_260525074,5199.00,netbanking,46.79,2026-05-25T08:25:00+05:30,captured,setl_00000075,
pay_260525002492,order_260525074,4050.00,upi_apps,81.00,2026-05-25T14:38:00+05:30,captured,setl_00000075,
pay_260525002493,order_260525074,928.00,wallet,18.56,2026-05-25T15:34:00+05:30,captured,setl_00000075,
pay_260525002494,order_260525074,2721.00,upi_apps,54.42,2026-05-25T09:47:00+05:30,captured,setl_00000075,
pay_260525002495,order_260525074,3869.00,upi_apps,77.38,2026-05-25T18:36:00+05:30,captured,setl_00000075,
pay_260525002496,order_260525074,1514.00,upi_apps,30.28,2026-05-25T11:55:00+05:30,captured,setl_00000075,
pay_260525002497,order_260525074,2995.00,upi_apps,59.90,2026-05-25T15:13:00+05:30,captured,setl_00000075,
pay_260525002498,order_260525074,1918.00,upi_apps,38.36,2026-05-25T21:46:00+05:30,captured,setl_00000075,
pay_260525002499,order_260525074,669.00,card,13.38,2026-05-25T11:53:00+05:30,captured,setl_00000075,
pay_260525002500,order_260525074,1000.00,upi_apps,20.00,2026-05-25T17:27:00+05:30,captured,setl_00000075,
pay_260525002501,order_260525074,1257.00,upi_apps,25.14,2026-05-25T17:31:00+05:30,captured,setl_00000075,
pay_260525002502,order_260525074,4397.00,upi_apps,87.94,2026-05-25T14:37:00+05:30,captured,setl_00000075,
pay_260525002503,order_260525074,2970.00,card,59.40,2026-05-25T18:39:00+05:30,captured,setl_00000075,
pay_260525002504,order_260525074,3727.00,netbanking,33.54,2026-05-25T17:28:00+05:30,captured,setl_00000075,
pay_260525002505,order_260525074,3952.00,card,79.04,2026-05-25T15:32:00+05:30,captured,setl_00000075,
pay_260525002506,order_260525074,2329.00,card,46.58,2026-05-25T16:03:00+05:30,captured,setl_00000075,
pay_260525002507,order_260525074,3551.00,card,71.02,2026-05-25T15:10:00+05:30,captured,setl_00000075,
pay_260525002508,order_260525074,2319.00,wallet,46.38,2026-05-25T21:36:00+05:30,captured,setl_00000075,
pay_260525002509,order_260525074,1258.00,card,25.16,2026-05-25T21:09:00+05:30,captured,setl_00000075,
pay_260525002510,order_260525074,2125.00,upi_apps,42.50,2026-05-25T16:59:00+05:30,captured,setl_00000075,
pay_260525002511,order_260525074,4771.00,wallet,95.42,2026-05-25T22:14:00+05:30,captured,setl_00000075,
pay_260525002512,order_260525074,4577.00,upi_apps,91.54,2026-05-25T20:05:00+05:30,captured,setl_00000075,
pay_260525002513,order_260525074,1802.00,upi_apps,36.04,2026-05-25T14:59:00+05:30,captured,setl_00000075,
pay_260525002514,order_260525074,2104.00,card,42.08,2026-05-25T15:36:00+05:30,captured,setl_00000075,
pay_260525002515,order_260525074,2387.00,netbanking,21.48,2026-05-25T16:22:00+05:30,captured,setl_00000075,
pay_260525002516,order_260525074,4974.00,upi_apps,99.48,2026-05-25T13:07:00+05:30,captured,setl_00000075,
pay_260525002517,order_260525074,1328.00,card,26.56,2026-05-25T13:36:00+05:30,captured,setl_00000075,
pay_260525002518,order_260525074,4360.00,netbanking,39.23,2026-05-25T09:08:00+05:30,captured,setl_00000075,
pay_260525002519,order_260525074,3470.00,upi_apps,69.40,2026-05-25T18:41:00+05:30,captured,setl_00000075,
pay_260525002520,order_260525074,726.00,card,14.52,2026-05-25T12:04:00+05:30,captured,setl_00000075,
pay_260525002521,order_260525074,3083.00,wallet,61.66,2026-05-25T09:01:00+05:30,captured,setl_00000075,
pay_260525002522,order_260525074,4849.00,card,96.98,2026-05-25T21:06:00+05:30,captured,setl_00000075,
pay_260525002523,order_260525074,4292.00,upi_apps,85.84,2026-05-25T18:19:00+05:30,captured,setl_00000075,
pay_260525002524,order_260525074,3494.00,netbanking,31.44,2026-05-25T21:44:00+05:30,captured,setl_00000075,
pay_260525002525,order_260525074,4802.00,card,96.04,2026-05-25T16:21:00+05:30,captured,setl_00000075,
pay_260525002526,order_260525074,558.00,upi_apps,11.16,2026-05-25T19:48:00+05:30,captured,setl_00000075,
pay_260525002527,order_260525074,5018.00,card,100.36,2026-05-25T18:42:00+05:30,captured,setl_00000075,
pay_260525002528,order_260525074,2651.00,netbanking,23.85,2026-05-25T19:47:00+05:30,captured,setl_00000075,
pay_260525002529,order_260525074,1790.00,upi_apps,35.80,2026-05-25T15:22:00+05:30,captured,setl_00000075,
pay_260525002530,order_260525074,3122.00,card,62.44,2026-05-25T19:10:00+05:30,captured,setl_00000075,
pay_260525002531,order_260525074,3349.00,card,66.98,2026-05-25T16:54:00+05:30,captured,setl_00000075,
pay_260526002532,order_260526075,2672.00,card,53.44,2026-05-26T18:24:00+05:30,captured,setl_00000076,
pay_260526002533,order_260526075,2389.00,wallet,47.78,2026-05-26T17:38:00+05:30,captured,setl_00000076,
pay_260526002534,order_260526075,5392.00,card,107.84,2026-05-26T10:43:00+05:30,captured,setl_00000076,
pay_260526002535,order_260526075,2860.00,upi_apps,57.20,2026-05-26T20:07:00+05:30,captured,setl_00000076,
pay_260526002536,order_260526075,3052.00,netbanking,27.46,2026-05-26T22:38:00+05:30,captured,setl_00000076,
pay_260526002537,order_260526075,4955.00,card,99.10,2026-05-26T15:28:00+05:30,captured,setl_00000076,
pay_260526002538,order_260526075,695.00,upi_apps,13.90,2026-05-26T13:59:00+05:30,captured,setl_00000076,
pay_260526002539,order_260526075,3492.00,card,69.84,2026-05-26T18:48:00+05:30,captured,setl_00000076,
pay_260526002540,order_260526075,4221.00,upi_apps,84.42,2026-05-26T11:13:00+05:30,captured,setl_00000076,
pay_260526002541,order_260526075,552.00,wallet,11.04,2026-05-26T08:43:00+05:30,captured,setl_00000076,
pay_260526002542,order_260526075,2365.00,upi_apps,47.30,2026-05-26T21:59:00+05:30,captured,setl_00000076,
pay_260526002543,order_260526075,5203.00,upi_apps,104.06,2026-05-26T09:32:00+05:30,captured,setl_00000076,
pay_260526002544,order_260526075,2409.00,upi_apps,48.18,2026-05-26T11:50:00+05:30,captured,setl_00000076,
pay_260526002545,order_260526075,4075.00,card,81.50,2026-05-26T11:32:00+05:30,captured,setl_00000076,
pay_260526002546,order_260526075,4819.00,card,96.38,2026-05-26T20:56:00+05:30,captured,setl_00000076,
pay_260526002547,order_260526075,478.00,upi_apps,9.56,2026-05-26T22:54:00+05:30,captured,setl_00000076,
pay_260526002548,order_260526075,1550.00,upi_apps,31.00,2026-05-26T09:34:00+05:30,captured,setl_00000076,
pay_260526002549,order_260526075,2646.00,upi_apps,52.92,2026-05-26T16:01:00+05:30,captured,setl_00000076,
pay_260526002550,order_260526075,1352.00,card,27.04,2026-05-26T13:23:00+05:30,captured,setl_00000076,
pay_260526002551,order_260526075,1379.00,upi_apps,27.58,2026-05-26T17:54:00+05:30,captured,setl_00000076,
pay_260526002552,order_260526075,3006.00,card,60.12,2026-05-26T08:27:00+05:30,captured,setl_00000076,
pay_260526002553,order_260526075,2793.00,upi_apps,55.86,2026-05-26T17:03:00+05:30,captured,setl_00000076,
pay_260526002554,order_260526075,5177.00,upi_apps,103.54,2026-05-26T15:22:00+05:30,captured,setl_00000076,
pay_260526002555,order_260526075,1797.00,upi_apps,35.94,2026-05-26T15:34:00+05:30,captured,setl_00000076,
pay_260526002556,order_260526075,2867.00,card,57.34,2026-05-26T19:03:00+05:30,captured,setl_00000076,
pay_260526002557,order_260526075,532.00,card,10.64,2026-05-26T13:48:00+05:30,captured,setl_00000076,
pay_260526002558,order_260526075,2121.00,card,42.42,2026-05-26T09:54:00+05:30,captured,setl_00000076,
pay_260526002559,order_260526075,1157.00,netbanking,10.41,2026-05-26T12:56:00+05:30,captured,setl_00000076,
pay_260526002560,order_260526075,2807.00,card,56.14,2026-05-26T19:26:00+05:30,captured,setl_00000076,
pay_260526002561,order_260526075,3799.00,card,75.98,2026-05-26T19:53:00+05:30,captured,setl_00000076,
pay_260526002562,order_260526075,1872.00,card,37.44,2026-05-26T19:29:00+05:30,captured,setl_00000076,
pay_260526002563,order_260526075,3289.00,netbanking,29.60,2026-05-26T21:26:00+05:30,captured,setl_00000076,
pay_260526002564,order_260526075,4369.00,card,87.38,2026-05-26T11:06:00+05:30,captured,setl_00000076,
pay_260526002565,order_260526075,1617.00,upi_apps,32.34,2026-05-26T11:07:00+05:30,captured,setl_00000076,
pay_260526002566,order_260526075,1096.00,card,21.92,2026-05-26T18:02:00+05:30,captured,setl_00000076,
pay_260526002567,order_260526075,1261.00,upi_apps,25.22,2026-05-26T16:09:00+05:30,captured,setl_00000076,
pay_260526002568,order_260526075,4499.00,upi_apps,89.98,2026-05-26T19:30:00+05:30,captured,setl_00000076,
pay_260526002569,order_260526075,1415.00,upi_apps,28.30,2026-05-26T15:45:00+05:30,captured,setl_00000076,
pay_260526002570,order_260526075,4939.00,card,98.78,2026-05-26T18:27:00+05:30,captured,setl_00000076,
pay_260526002571,order_260526075,4747.00,wallet,94.94,2026-05-26T12:53:00+05:30,captured,setl_00000076,
pay_260526002572,order_260526075,4313.00,card,86.26,2026-05-26T08:06:00+05:30,captured,setl_00000076,
pay_260526002573,order_260526075,1669.00,card,33.38,2026-05-26T10:44:00+05:30,captured,setl_00000076,
pay_260526002574,order_260526075,5295.00,upi_apps,105.90,2026-05-26T20:17:00+05:30,captured,setl_00000076,
pay_260526002575,order_260526075,4430.00,upi_apps,88.60,2026-05-26T19:33:00+05:30,captured,setl_00000076,
pay_260526002576,order_260526075,3494.00,upi_apps,69.88,2026-05-26T22:35:00+05:30,captured,setl_00000076,
pay_260526002577,order_260526075,3844.00,card,76.88,2026-05-26T20:43:00+05:30,captured,setl_00000076,
pay_260526002578,order_260526075,4348.00,upi_apps,86.96,2026-05-26T16:09:00+05:30,captured,setl_00000076,
pay_260526002579,order_260526075,959.00,netbanking,8.63,2026-05-26T15:15:00+05:30,captured,setl_00000076,
pay_260526002580,order_260526075,5105.00,wallet,102.10,2026-05-26T22:21:00+05:30,captured,setl_00000076,
pay_260526002581,order_260526075,459.00,card,9.18,2026-05-26T19:35:00+05:30,captured,setl_00000076,
pay_260526002582,order_260526075,4112.00,wallet,82.24,2026-05-26T12:01:00+05:30,captured,setl_00000076,
pay_260527002583,order_260527076,3810.00,upi_apps,76.20,2026-05-27T18:42:00+05:30,captured,setl_00000077,
pay_260527002584,order_260527076,2498.00,upi_apps,49.96,2026-05-27T15:40:00+05:30,captured,setl_00000077,
pay_260527002585,order_260527076,3477.00,wallet,69.54,2026-05-27T08:15:00+05:30,captured,setl_00000077,
pay_260527002586,order_260527076,4221.00,netbanking,37.98,2026-05-27T18:52:00+05:30,captured,setl_00000077,
pay_260527002587,order_260527076,4538.00,upi_apps,90.76,2026-05-27T15:42:00+05:30,captured,setl_00000077,
pay_260527002588,order_260527076,1763.00,upi_apps,35.26,2026-05-27T15:46:00+05:30,captured,setl_00000077,
pay_260527002589,order_260527076,4848.00,card,96.96,2026-05-27T19:25:00+05:30,captured,setl_00000077,
pay_260527002590,order_260527076,4644.00,upi_apps,92.88,2026-05-27T10:11:00+05:30,captured,setl_00000077,
pay_260527002591,order_260527076,2082.00,netbanking,18.73,2026-05-27T20:21:00+05:30,captured,setl_00000077,
pay_260527002592,order_260527076,674.00,netbanking,6.06,2026-05-27T18:01:00+05:30,captured,setl_00000077,
pay_260527002593,order_260527076,3532.00,upi_apps,70.64,2026-05-27T20:28:00+05:30,captured,setl_00000077,
pay_260527002594,order_260527076,1522.00,upi_apps,30.44,2026-05-27T17:12:00+05:30,captured,setl_00000077,
pay_260527002595,order_260527076,2720.00,wallet,54.40,2026-05-27T19:14:00+05:30,captured,setl_00000077,
pay_260527002596,order_260527076,3596.00,card,71.92,2026-05-27T19:04:00+05:30,captured,setl_00000077,
pay_260527002597,order_260527076,4112.00,upi_apps,82.24,2026-05-27T12:50:00+05:30,captured,setl_00000077,
pay_260527002598,order_260527076,1084.00,upi_apps,21.68,2026-05-27T13:46:00+05:30,captured,setl_00000077,
pay_260527002599,order_260527076,4584.00,upi_apps,91.68,2026-05-27T21:13:00+05:30,captured,setl_00000077,
pay_260527002600,order_260527076,3490.00,wallet,69.80,2026-05-27T10:11:00+05:30,captured,setl_00000077,
pay_260527002601,order_260527076,978.00,netbanking,8.80,2026-05-27T08:20:00+05:30,captured,setl_00000077,
pay_260527002602,order_260527076,3994.00,upi_apps,79.88,2026-05-27T12:30:00+05:30,captured,setl_00000077,
pay_260527002603,order_260527076,4192.00,card,83.84,2026-05-27T17:16:00+05:30,captured,setl_00000077,
pay_260527002604,order_260527076,2316.00,upi_apps,46.32,2026-05-27T21:55:00+05:30,captured,setl_00000077,
pay_260527002605,order_260527076,4550.00,card,91.00,2026-05-27T22:01:00+05:30,captured,setl_00000077,
pay_260527002606,order_260527076,3554.00,card,71.08,2026-05-27T18:52:00+05:30,captured,setl_00000077,
pay_260527002607,order_260527076,1347.00,upi_apps,26.94,2026-05-27T15:14:00+05:30,captured,setl_00000077,
pay_260527002608,order_260527076,4575.00,card,91.50,2026-05-27T21:13:00+05:30,captured,setl_00000077,
pay_260527002609,order_260527076,1318.00,card,26.36,2026-05-27T21:59:00+05:30,captured,setl_00000077,
pay_260527002610,order_260527076,1722.00,card,34.44,2026-05-27T19:02:00+05:30,captured,setl_00000077,
pay_260527002611,order_260527076,2340.00,card,46.80,2026-05-27T09:36:00+05:30,captured,setl_00000077,
pay_260527002612,order_260527076,484.00,card,9.68,2026-05-27T20:29:00+05:30,captured,setl_00000077,
pay_260527002613,order_260527076,1134.00,upi_apps,22.68,2026-05-27T20:05:00+05:30,captured,setl_00000077,
pay_260528002614,order_260528077,3655.00,card,73.10,2026-05-28T20:09:00+05:30,captured,setl_00000078,
pay_260528002615,order_260528077,2363.00,card,47.26,2026-05-28T20:05:00+05:30,captured,setl_00000078,
pay_260528002616,order_260528077,3814.00,card,76.28,2026-05-28T09:31:00+05:30,captured,setl_00000078,
pay_260528002617,order_260528077,4005.00,card,80.10,2026-05-28T19:41:00+05:30,captured,setl_00000078,
pay_260528002618,order_260528077,3581.00,upi_apps,71.62,2026-05-28T13:59:00+05:30,captured,setl_00000078,
pay_260528002619,order_260528077,5164.00,upi_apps,103.28,2026-05-28T21:25:00+05:30,captured,setl_00000078,
pay_260528002620,order_260528077,1560.00,card,31.20,2026-05-28T11:28:00+05:30,captured,setl_00000078,
pay_260528002621,order_260528077,5391.00,card,107.82,2026-05-28T09:20:00+05:30,captured,setl_00000078,
pay_260528002622,order_260528077,2862.00,upi_apps,57.24,2026-05-28T19:27:00+05:30,captured,setl_00000078,
pay_260528002623,order_260528077,478.00,upi_apps,9.56,2026-05-28T16:45:00+05:30,captured,setl_00000078,
pay_260528002624,order_260528077,2219.00,card,44.38,2026-05-28T19:41:00+05:30,captured,setl_00000078,
pay_260528002625,order_260528077,3736.00,upi_apps,74.72,2026-05-28T09:13:00+05:30,captured,setl_00000078,
pay_260528002626,order_260528077,4229.00,card,84.58,2026-05-28T20:27:00+05:30,captured,setl_00000078,
pay_260528002627,order_260528077,2759.00,upi_apps,55.18,2026-05-28T10:21:00+05:30,captured,setl_00000078,
pay_260528002628,order_260528077,4004.00,card,80.08,2026-05-28T20:42:00+05:30,captured,setl_00000078,
pay_260528002629,order_260528077,1697.00,upi_apps,33.94,2026-05-28T16:43:00+05:30,captured,setl_00000078,
pay_260528002630,order_260528077,3794.00,upi_apps,75.88,2026-05-28T16:29:00+05:30,captured,setl_00000078,
pay_260528002631,order_260528077,3956.00,upi_apps,79.12,2026-05-28T16:03:00+05:30,captured,setl_00000078,
pay_260528002632,order_260528077,1518.00,upi_apps,30.36,2026-05-28T18:49:00+05:30,captured,setl_00000078,
pay_260528002633,order_260528077,4911.00,upi_apps,98.22,2026-05-28T09:23:00+05:30,captured,setl_00000078,
pay_260528002634,order_260528077,3270.00,upi_apps,65.40,2026-05-28T15:04:00+05:30,captured,setl_00000078,
pay_260528002635,order_260528077,3819.00,card,76.38,2026-05-28T21:07:00+05:30,captured,setl_00000078,
pay_260528002636,order_260528077,4833.00,netbanking,43.49,2026-05-28T12:24:00+05:30,captured,setl_00000078,
pay_260528002637,order_260528077,3769.00,upi_apps,75.38,2026-05-28T15:30:00+05:30,captured,setl_00000078,
pay_260528002638,order_260528077,2992.00,card,59.84,2026-05-28T22:27:00+05:30,captured,setl_00000078,
pay_260528002639,order_260528077,1732.00,upi_apps,34.64,2026-05-28T14:21:00+05:30,captured,setl_00000078,
pay_260528002640,order_260528077,4566.00,card,91.32,2026-05-28T22:39:00+05:30,captured,setl_00000078,
pay_260528002641,order_260528077,4223.00,wallet,84.46,2026-05-28T19:07:00+05:30,captured,setl_00000078,
pay_260528002642,order_260528077,4313.00,netbanking,38.81,2026-05-28T14:38:00+05:30,captured,setl_00000078,
pay_260528002643,order_260528077,636.00,card,12.72,2026-05-28T14:51:00+05:30,captured,setl_00000078,
pay_260528002644,order_260528077,4127.00,card,82.54,2026-05-28T22:32:00+05:30,captured,setl_00000078,
pay_260528002645,order_260528077,5298.00,wallet,105.96,2026-05-28T12:02:00+05:30,captured,setl_00000078,
pay_260528002646,order_260528077,2722.00,netbanking,24.49,2026-05-28T19:43:00+05:30,captured,setl_00000078,
pay_260528002647,order_260528077,1549.00,wallet,30.98,2026-05-28T09:39:00+05:30,captured,setl_00000078,
pay_260528002648,order_260528077,3229.00,card,64.58,2026-05-28T22:21:00+05:30,captured,setl_00000078,
pay_260528002649,order_260528077,2186.00,netbanking,19.67,2026-05-28T16:16:00+05:30,captured,setl_00000078,
pay_260528002650,order_260528077,837.00,card,16.74,2026-05-28T10:17:00+05:30,captured,setl_00000078,
pay_260528002651,order_260528077,1183.00,upi_apps,23.66,2026-05-28T17:53:00+05:30,captured,setl_00000078,
pay_260528002652,order_260528077,4793.00,upi_apps,95.86,2026-05-28T08:42:00+05:30,captured,setl_00000078,
pay_260528002653,order_260528077,2464.00,upi_apps,49.28,2026-05-28T08:17:00+05:30,captured,setl_00000078,
pay_260528002654,order_260528077,4022.00,wallet,80.44,2026-05-28T12:14:00+05:30,captured,setl_00000078,
pay_260528002655,order_260528077,1061.00,netbanking,9.54,2026-05-28T15:21:00+05:30,captured,setl_00000078,
pay_260528002656,order_260528077,3532.00,netbanking,31.78,2026-05-28T11:27:00+05:30,captured,setl_00000078,
pay_260528002657,order_260528077,4129.00,netbanking,37.16,2026-05-28T22:48:00+05:30,captured,setl_00000078,
pay_260528002658,order_260528077,1330.00,wallet,26.60,2026-05-28T21:48:00+05:30,captured,setl_00000078,
pay_260528002659,order_260528077,501.00,netbanking,4.50,2026-05-28T11:25:00+05:30,captured,setl_00000078,
pay_260528002660,order_260528077,1249.00,upi_apps,24.98,2026-05-28T17:15:00+05:30,captured,setl_00000078,
pay_260528002661,order_260528077,1002.00,upi_apps,20.04,2026-05-28T09:01:00+05:30,captured,setl_00000078,
pay_260529002662,order_260529078,2706.00,upi_apps,54.12,2026-05-29T18:43:00+05:30,captured,setl_00000079,
pay_260529002663,order_260529078,2663.00,upi_apps,53.26,2026-05-29T20:09:00+05:30,captured,setl_00000079,
pay_260529002664,order_260529078,5329.00,netbanking,47.96,2026-05-29T21:05:00+05:30,captured,setl_00000079,
pay_260529002665,order_260529078,5056.00,upi_apps,101.12,2026-05-29T22:53:00+05:30,captured,setl_00000079,
pay_260529002666,order_260529078,2424.00,upi_apps,48.48,2026-05-29T20:45:00+05:30,captured,setl_00000079,
pay_260529002667,order_260529078,2438.00,upi_apps,48.76,2026-05-29T16:09:00+05:30,captured,setl_00000079,
pay_260529002668,order_260529078,5018.00,card,100.36,2026-05-29T18:28:00+05:30,captured,setl_00000079,
pay_260529002669,order_260529078,4889.00,netbanking,44.00,2026-05-29T17:26:00+05:30,captured,setl_00000079,
pay_260529002670,order_260529078,3757.00,card,75.14,2026-05-29T13:09:00+05:30,captured,setl_00000079,
pay_260529002671,order_260529078,4870.00,wallet,97.40,2026-05-29T20:24:00+05:30,captured,setl_00000079,
pay_260529002672,order_260529078,648.00,card,12.96,2026-05-29T22:40:00+05:30,captured,setl_00000079,
pay_260529002673,order_260529078,830.00,wallet,16.60,2026-05-29T11:31:00+05:30,captured,setl_00000079,
pay_260529002674,order_260529078,2465.00,upi_apps,49.30,2026-05-29T17:12:00+05:30,captured,setl_00000079,
pay_260529002675,order_260529078,3008.00,card,60.16,2026-05-29T08:15:00+05:30,captured,setl_00000079,
pay_260529002676,order_260529078,3108.00,upi_apps,62.16,2026-05-29T21:57:00+05:30,captured,setl_00000079,
pay_260529002677,order_260529078,3369.00,wallet,67.38,2026-05-29T15:36:00+05:30,captured,setl_00000079,
pay_260529002678,order_260529078,3642.00,upi_apps,72.84,2026-05-29T14:28:00+05:30,captured,setl_00000079,
pay_260529002679,order_260529078,2165.00,upi_apps,43.30,2026-05-29T22:21:00+05:30,captured,setl_00000079,
pay_260529002680,order_260529078,502.00,card,10.04,2026-05-29T19:43:00+05:30,captured,setl_00000079,
pay_260529002681,order_260529078,3443.00,netbanking,30.98,2026-05-29T18:17:00+05:30,captured,setl_00000079,
pay_260529002682,order_260529078,1251.00,wallet,25.02,2026-05-29T22:00:00+05:30,captured,setl_00000079,
pay_260529002683,order_260529078,2268.00,upi_apps,45.36,2026-05-29T09:23:00+05:30,captured,setl_00000079,
pay_260529002684,order_260529078,4064.00,netbanking,36.57,2026-05-29T15:03:00+05:30,captured,setl_00000079,
pay_260529002685,order_260529078,1272.00,card,25.44,2026-05-29T14:57:00+05:30,captured,setl_00000079,
pay_260529002686,order_260529078,4201.00,wallet,84.02,2026-05-29T19:57:00+05:30,captured,setl_00000079,
pay_260529002687,order_260529078,4910.00,netbanking,44.19,2026-05-29T21:05:00+05:30,captured,setl_00000079,
pay_260529002688,order_260529078,2352.00,card,47.04,2026-05-29T13:28:00+05:30,captured,setl_00000079,
pay_260529002689,order_260529078,1718.00,wallet,34.36,2026-05-29T17:17:00+05:30,captured,setl_00000079,
pay_260529002690,order_260529078,638.00,netbanking,5.74,2026-05-29T13:49:00+05:30,captured,setl_00000079,
pay_260529002691,order_260529078,1826.00,upi_apps,36.52,2026-05-29T20:59:00+05:30,captured,setl_00000079,
pay_260529002692,order_260529078,1108.00,netbanking,9.97,2026-05-29T20:24:00+05:30,captured,setl_00000079,
pay_260529002693,order_260529078,2364.00,card,47.28,2026-05-29T08:54:00+05:30,captured,setl_00000079,
pay_260529002694,order_260529078,3512.00,card,70.24,2026-05-29T20:52:00+05:30,captured,setl_00000079,
pay_260529002695,order_260529078,4375.00,upi_apps,87.50,2026-05-29T15:38:00+05:30,captured,setl_00000079,
pay_260529002696,order_260529078,2692.00,upi_apps,53.84,2026-05-29T08:28:00+05:30,captured,setl_00000079,
pay_260529002697,order_260529078,4509.00,card,90.18,2026-05-29T09:35:00+05:30,captured,setl_00000079,
pay_260529002698,order_260529078,3278.00,card,65.56,2026-05-29T18:54:00+05:30,captured,setl_00000079,
pay_260529002699,order_260529078,1160.00,card,23.20,2026-05-29T11:13:00+05:30,captured,setl_00000079,
pay_260529002700,order_260529078,1972.00,upi_apps,39.44,2026-05-29T13:37:00+05:30,captured,setl_00000079,
pay_260529002701,order_260529078,4326.00,upi_apps,86.52,2026-05-29T18:02:00+05:30,captured,setl_00000079,
pay_260529002702,order_260529078,4556.00,upi_apps,91.12,2026-05-29T17:01:00+05:30,captured,setl_00000079,
pay_260529002703,order_260529078,4728.00,card,94.56,2026-05-29T18:33:00+05:30,captured,setl_00000079,
pay_260529002704,order_260529078,3107.00,netbanking,27.96,2026-05-29T13:10:00+05:30,captured,setl_00000079,
pay_260529002705,order_260529078,819.00,card,16.38,2026-05-29T21:03:00+05:30,captured,setl_00000079,
pay_260529002706,order_260529078,1166.00,upi_apps,23.32,2026-05-29T20:30:00+05:30,captured,setl_00000079,
pay_260529002707,order_260529078,2818.00,card,56.36,2026-05-29T09:53:00+05:30,captured,setl_00000079,
pay_260529002708,order_260529078,2651.00,card,53.02,2026-05-29T12:57:00+05:30,captured,setl_00000079,
pay_260529002709,order_260529078,3327.00,upi_apps,66.54,2026-05-29T16:46:00+05:30,captured,setl_00000079,
pay_260529002710,order_260529078,5198.00,netbanking,46.78,2026-05-29T11:10:00+05:30,captured,setl_00000079,
pay_260529002711,order_260529078,4145.00,upi_apps,82.90,2026-05-29T18:00:00+05:30,captured,setl_00000079,
pay_260529002712,order_260529078,5349.00,wallet,106.98,2026-05-29T11:16:00+05:30,captured,setl_00000079,
pay_260529002713,order_260529078,4687.00,card,93.74,2026-05-29T20:41:00+05:30,captured,setl_00000079,
pay_260530002714,order_260530079,626.00,card,12.52,2026-05-30T08:22:00+05:30,captured,setl_00000080,
pay_260530002715,order_260530079,4182.00,upi_apps,83.64,2026-05-30T17:45:00+05:30,captured,setl_00000080,
pay_260530002716,order_260530079,4572.00,upi_apps,91.44,2026-05-30T15:27:00+05:30,captured,setl_00000080,
pay_260530002717,order_260530079,3898.00,netbanking,35.08,2026-05-30T18:31:00+05:30,captured,setl_00000080,
pay_260530002718,order_260530079,5189.00,upi_apps,103.78,2026-05-30T12:09:00+05:30,captured,setl_00000080,
pay_260530002719,order_260530079,4151.00,card,83.02,2026-05-30T11:00:00+05:30,captured,setl_00000080,
pay_260530002720,order_260530079,4851.00,upi_apps,97.02,2026-05-30T13:06:00+05:30,captured,setl_00000080,
pay_260530002721,order_260530079,818.00,card,16.36,2026-05-30T08:58:00+05:30,captured,setl_00000080,
pay_260530002722,order_260530079,2946.00,card,58.92,2026-05-30T19:46:00+05:30,captured,setl_00000080,
pay_260530002723,order_260530079,5086.00,upi_apps,101.72,2026-05-30T17:35:00+05:30,captured,setl_00000080,
pay_260530002724,order_260530079,4188.00,card,83.76,2026-05-30T08:26:00+05:30,captured,setl_00000080,
pay_260530002725,order_260530079,4201.00,wallet,84.02,2026-05-30T22:03:00+05:30,captured,setl_00000080,
pay_260530002726,order_260530079,3188.00,card,63.76,2026-05-30T09:53:00+05:30,captured,setl_00000080,
pay_260530002727,order_260530079,3894.00,wallet,77.88,2026-05-30T10:13:00+05:30,captured,setl_00000080,
pay_260530002728,order_260530079,3878.00,card,77.56,2026-05-30T16:32:00+05:30,captured,setl_00000080,
pay_260530002729,order_260530079,5325.00,upi_apps,106.50,2026-05-30T13:08:00+05:30,captured,setl_00000080,
pay_260530002730,order_260530079,617.00,card,12.34,2026-05-30T13:09:00+05:30,captured,setl_00000080,
pay_260530002731,order_260530079,557.00,wallet,11.14,2026-05-30T13:35:00+05:30,captured,setl_00000080,
pay_260530002732,order_260530079,1660.00,card,33.20,2026-05-30T17:59:00+05:30,captured,setl_00000080,
pay_260530002733,order_260530079,771.00,netbanking,6.93,2026-05-30T22:13:00+05:30,captured,setl_00000080,
pay_260530002734,order_260530079,2146.00,upi_apps,42.92,2026-05-30T16:55:00+05:30,captured,setl_00000080,
pay_260530002735,order_260530079,2410.00,card,48.20,2026-05-30T16:29:00+05:30,captured,setl_00000080,
pay_260530002736,order_260530079,4650.00,upi_apps,93.00,2026-05-30T13:41:00+05:30,captured,setl_00000080,
pay_260530002737,order_260530079,595.00,upi_apps,11.90,2026-05-30T22:24:00+05:30,captured,setl_00000080,
pay_260531002738,order_260531080,4042.00,netbanking,36.37,2026-05-31T18:43:00+05:30,captured,setl_00000081,
pay_260531002739,order_260531080,4022.00,wallet,80.44,2026-05-31T21:37:00+05:30,captured,setl_00000081,
pay_260531002740,order_260531080,3395.00,card,67.90,2026-05-31T09:15:00+05:30,captured,setl_00000081,
pay_260531002741,order_260531080,3852.00,wallet,77.04,2026-05-31T15:13:00+05:30,captured,setl_00000081,
pay_260531002742,order_260531080,4363.00,wallet,87.26,2026-05-31T16:05:00+05:30,captured,setl_00000081,
pay_260531002743,order_260531080,3635.00,netbanking,32.71,2026-05-31T21:28:00+05:30,captured,setl_00000081,
pay_260531002744,order_260531080,1583.00,card,31.66,2026-05-31T17:50:00+05:30,captured,setl_00000081,
pay_260531002745,order_260531080,1386.00,card,27.72,2026-05-31T08:19:00+05:30,captured,setl_00000081,
pay_260531002746,order_260531080,2175.00,card,43.50,2026-05-31T10:40:00+05:30,captured,setl_00000081,
pay_260531002747,order_260531080,4730.00,wallet,94.60,2026-05-31T11:50:00+05:30,captured,setl_00000081,
pay_260531002748,order_260531080,3325.00,wallet,66.50,2026-05-31T08:48:00+05:30,captured,setl_00000081,
pay_260531002749,order_260531080,1485.00,upi_apps,29.70,2026-05-31T19:43:00+05:30,captured,setl_00000081,
pay_260601002750,order_260601081,3118.00,netbanking,28.06,2026-06-01T12:46:00+05:30,captured,setl_00000082,
pay_260601002751,order_260601081,1628.00,netbanking,14.65,2026-06-01T16:25:00+05:30,captured,setl_00000082,
pay_260601002752,order_260601081,4002.00,card,80.04,2026-06-01T16:03:00+05:30,captured,setl_00000082,
pay_260601002753,order_260601081,3381.00,wallet,67.62,2026-06-01T16:48:00+05:30,captured,setl_00000082,
pay_260601002754,order_260601081,878.00,netbanking,7.90,2026-06-01T10:29:00+05:30,captured,setl_00000082,
pay_260601002755,order_260601081,1696.00,wallet,33.92,2026-06-01T09:44:00+05:30,captured,setl_00000082,
pay_260601002756,order_260601081,1141.00,upi_apps,22.82,2026-06-01T22:35:00+05:30,captured,setl_00000082,
pay_260601002757,order_260601081,4713.00,upi_apps,94.26,2026-06-01T15:11:00+05:30,captured,setl_00000082,
pay_260601002758,order_260601081,502.00,upi_apps,10.04,2026-06-01T17:58:00+05:30,captured,setl_00000082,
pay_260601002759,order_260601081,4840.00,card,96.80,2026-06-01T09:06:00+05:30,captured,setl_00000082,
pay_260601002760,order_260601081,5202.00,card,104.04,2026-06-01T15:46:00+05:30,captured,setl_00000082,
pay_260601002761,order_260601081,2075.00,card,41.50,2026-06-01T11:43:00+05:30,captured,setl_00000082,
pay_260601002762,order_260601081,1678.00,wallet,33.56,2026-06-01T13:03:00+05:30,captured,setl_00000082,
pay_260601002763,order_260601081,1600.00,upi_apps,32.00,2026-06-01T22:57:00+05:30,captured,setl_00000082,
pay_260601002764,order_260601081,4218.00,netbanking,37.96,2026-06-01T09:55:00+05:30,captured,setl_00000082,
pay_260601002765,order_260601081,1992.00,upi_apps,39.84,2026-06-01T22:46:00+05:30,captured,setl_00000082,
pay_260601002766,order_260601081,2040.00,netbanking,18.35,2026-06-01T20:00:00+05:30,captured,setl_00000082,
pay_260601002767,order_260601081,1461.00,upi_apps,29.22,2026-06-01T18:37:00+05:30,captured,setl_00000082,
pay_260601002768,order_260601081,4227.00,upi_apps,84.54,2026-06-01T15:49:00+05:30,captured,setl_00000082,
pay_260601002769,order_260601081,2010.00,card,40.20,2026-06-01T17:52:00+05:30,captured,setl_00000082,
pay_260601002770,order_260601081,1574.00,card,31.48,2026-06-01T22:53:00+05:30,captured,setl_00000082,
pay_260601002771,order_260601081,1111.00,wallet,22.22,2026-06-01T09:47:00+05:30,captured,setl_00000082,
pay_260601002772,order_260601081,1060.00,card,21.20,2026-06-01T11:45:00+05:30,captured,setl_00000082,
pay_260601002773,order_260601081,3919.00,netbanking,35.27,2026-06-01T19:25:00+05:30,captured,setl_00000082,
pay_260601002774,order_260601081,3741.00,card,74.82,2026-06-01T21:13:00+05:30,captured,setl_00000082,
pay_260601002775,order_260601081,4730.00,wallet,94.60,2026-06-01T10:08:00+05:30,captured,setl_00000082,
pay_260601002776,order_260601081,4131.00,upi_apps,82.62,2026-06-01T12:35:00+05:30,captured,setl_00000082,
pay_260601002777,order_260601081,3228.00,card,64.56,2026-06-01T18:04:00+05:30,captured,setl_00000082,
pay_260601002778,order_260601081,3823.00,card,76.46,2026-06-01T11:19:00+05:30,captured,setl_00000082,
pay_260601002779,order_260601081,2944.00,upi_apps,58.88,2026-06-01T09:13:00+05:30,captured,setl_00000082,
pay_260601002780,order_260601081,939.00,wallet,18.78,2026-06-01T09:33:00+05:30,captured,setl_00000082,
pay_260601002781,order_260601081,2581.00,upi_apps,51.62,2026-06-01T10:09:00+05:30,captured,setl_00000082,
pay_260601002782,order_260601081,4069.00,card,81.38,2026-06-01T08:51:00+05:30,captured,setl_00000082,
pay_260601002783,order_260601081,722.00,upi_apps,14.44,2026-06-01T17:15:00+05:30,captured,setl_00000082,
pay_260601002784,order_260601081,3754.00,upi_apps,75.08,2026-06-01T15:56:00+05:30,captured,setl_00000082,
pay_260601002785,order_260601081,2317.00,upi_apps,46.34,2026-06-01T20:09:00+05:30,captured,setl_00000082,
pay_260601002786,order_260601081,4234.00,card,84.68,2026-06-01T22:51:00+05:30,captured,setl_00000082,
pay_260601002787,order_260601081,1741.00,wallet,34.82,2026-06-01T15:37:00+05:30,captured,setl_00000082,
pay_260601002788,order_260601081,1173.00,card,23.46,2026-06-01T14:36:00+05:30,captured,setl_00000082,
pay_260601002789,order_260601081,2195.00,upi_apps,43.90,2026-06-01T16:36:00+05:30,captured,setl_00000082,
pay_260601002790,order_260601081,3363.00,netbanking,30.26,2026-06-01T11:21:00+05:30,captured,setl_00000082,
pay_260601002791,order_260601081,5052.00,wallet,101.04,2026-06-01T09:24:00+05:30,captured,setl_00000082,
pay_260601002792,order_260601081,1071.00,card,21.42,2026-06-01T17:19:00+05:30,captured,setl_00000082,
pay_260601002793,order_260601081,2968.00,card,59.36,2026-06-01T17:18:00+05:30,captured,setl_00000082,
pay_260602002794,order_260602082,1503.00,card,30.06,2026-06-02T21:29:00+05:30,captured,setl_00000083,
pay_260602002795,order_260602082,2304.00,wallet,46.08,2026-06-02T16:09:00+05:30,captured,setl_00000083,
pay_260602002796,order_260602082,5241.00,wallet,104.82,2026-06-02T19:56:00+05:30,captured,setl_00000083,
pay_260602002797,order_260602082,3882.00,card,77.64,2026-06-02T12:28:00+05:30,captured,setl_00000083,
pay_260602002798,order_260602082,910.00,card,18.20,2026-06-02T21:20:00+05:30,captured,setl_00000083,
pay_260602002799,order_260602082,4384.00,upi_apps,87.68,2026-06-02T22:35:00+05:30,captured,setl_00000083,
pay_260602002800,order_260602082,595.00,upi_apps,11.90,2026-06-02T14:16:00+05:30,captured,setl_00000083,
pay_260602002801,order_260602082,2726.00,card,54.52,2026-06-02T08:50:00+05:30,captured,setl_00000083,
pay_260602002802,order_260602082,2407.00,upi_apps,48.14,2026-06-02T09:35:00+05:30,captured,setl_00000083,
pay_260602002803,order_260602082,1825.00,upi_apps,36.50,2026-06-02T21:21:00+05:30,captured,setl_00000083,
pay_260602002804,order_260602082,3397.00,card,67.94,2026-06-02T11:21:00+05:30,captured,setl_00000083,
pay_260602002805,order_260602082,991.00,upi_apps,19.82,2026-06-02T15:42:00+05:30,captured,setl_00000083,
pay_260602002806,order_260602082,2980.00,upi_apps,59.60,2026-06-02T08:35:00+05:30,captured,setl_00000083,
pay_260602002807,order_260602082,1437.00,wallet,28.74,2026-06-02T21:10:00+05:30,captured,setl_00000083,
pay_260602002808,order_260602082,3506.00,upi_apps,70.12,2026-06-02T13:38:00+05:30,captured,setl_00000083,
pay_260602002809,order_260602082,2624.00,card,52.48,2026-06-02T12:36:00+05:30,captured,setl_00000083,
pay_260602002810,order_260602082,1651.00,card,33.02,2026-06-02T12:30:00+05:30,captured,setl_00000083,
pay_260602002811,order_260602082,1280.00,upi_apps,25.60,2026-06-02T19:43:00+05:30,captured,setl_00000083,
pay_260602002812,order_260602082,1487.00,wallet,29.74,2026-06-02T15:25:00+05:30,captured,setl_00000083,
pay_260602002813,order_260602082,5276.00,card,105.52,2026-06-02T22:58:00+05:30,captured,setl_00000083,
pay_260602002814,order_260602082,3869.00,card,77.38,2026-06-02T15:48:00+05:30,captured,setl_00000083,
pay_260602002815,order_260602082,5008.00,card,100.16,2026-06-02T10:00:00+05:30,captured,setl_00000083,
pay_260602002816,order_260602082,681.00,upi_apps,13.62,2026-06-02T16:16:00+05:30,captured,setl_00000083,
pay_260602002817,order_260602082,4615.00,upi_apps,92.30,2026-06-02T19:24:00+05:30,captured,setl_00000083,
pay_260602002818,order_260602082,1846.00,upi_apps,36.92,2026-06-02T08:58:00+05:30,captured,setl_00000083,
pay_260602002819,order_260602082,4756.00,upi_apps,95.12,2026-06-02T20:03:00+05:30,captured,setl_00000083,
pay_260602002820,order_260602082,1086.00,card,21.72,2026-06-02T15:55:00+05:30,captured,setl_00000083,
pay_260602002821,order_260602082,4455.00,card,89.10,2026-06-02T22:05:00+05:30,captured,setl_00000083,
pay_260602002822,order_260602082,4747.00,wallet,94.94,2026-06-02T10:49:00+05:30,captured,setl_00000083,
pay_260602002823,order_260602082,3281.00,upi_apps,65.62,2026-06-02T19:57:00+05:30,captured,setl_00000083,
pay_260603002824,order_260603083,2630.00,upi_apps,52.60,2026-06-03T11:59:00+05:30,captured,setl_00000084,
pay_260603002825,order_260603083,2129.00,netbanking,19.16,2026-06-03T16:24:00+05:30,captured,setl_00000084,
pay_260603002826,order_260603083,3056.00,netbanking,27.50,2026-06-03T22:55:00+05:30,captured,setl_00000084,
pay_260603002827,order_260603083,1803.00,card,36.06,2026-06-03T11:30:00+05:30,captured,setl_00000084,
pay_260603002828,order_260603083,4601.00,card,92.02,2026-06-03T18:55:00+05:30,captured,setl_00000084,
pay_260603002829,order_260603083,1796.00,upi_apps,35.92,2026-06-03T16:47:00+05:30,captured,setl_00000084,
pay_260603002830,order_260603083,1122.00,upi_apps,22.44,2026-06-03T15:26:00+05:30,captured,setl_00000084,
pay_260603002831,order_260603083,1092.00,wallet,21.84,2026-06-03T19:03:00+05:30,captured,setl_00000084,
pay_260603002832,order_260603083,2002.00,card,40.04,2026-06-03T08:26:00+05:30,captured,setl_00000084,
pay_260603002833,order_260603083,1666.00,card,33.32,2026-06-03T08:31:00+05:30,captured,setl_00000084,
pay_260603002834,order_260603083,3674.00,upi_apps,73.48,2026-06-03T12:17:00+05:30,captured,setl_00000084,
pay_260603002835,order_260603083,2490.00,netbanking,22.41,2026-06-03T12:32:00+05:30,captured,setl_00000084,
pay_260603002836,order_260603083,3843.00,upi_apps,76.86,2026-06-03T14:43:00+05:30,captured,setl_00000084,
pay_260603002837,order_260603083,3692.00,netbanking,33.22,2026-06-03T13:39:00+05:30,captured,setl_00000084,
pay_260603002838,order_260603083,4891.00,card,97.82,2026-06-03T16:29:00+05:30,captured,setl_00000084,
pay_260603002839,order_260603083,1706.00,upi_apps,34.12,2026-06-03T16:01:00+05:30,captured,setl_00000084,
pay_260603002840,order_260603083,3103.00,upi_apps,62.06,2026-06-03T10:34:00+05:30,captured,setl_00000084,
pay_260603002841,order_260603083,4427.00,netbanking,39.84,2026-06-03T18:22:00+05:30,captured,setl_00000084,
pay_260603002842,order_260603083,3078.00,upi_apps,61.56,2026-06-03T18:15:00+05:30,captured,setl_00000084,
pay_260603002843,order_260603083,3122.00,card,62.44,2026-06-03T16:30:00+05:30,captured,setl_00000084,
pay_260603002844,order_260603083,5100.00,card,102.00,2026-06-03T17:25:00+05:30,captured,setl_00000084,
pay_260603002845,order_260603083,5012.00,card,100.24,2026-06-03T10:36:00+05:30,captured,setl_00000084,
pay_260603002846,order_260603083,5246.00,upi_apps,104.92,2026-06-03T13:46:00+05:30,captured,setl_00000084,
pay_260603002847,order_260603083,3292.00,upi_apps,65.84,2026-06-03T09:43:00+05:30,captured,setl_00000084,
pay_260603002848,order_260603083,5237.00,netbanking,47.13,2026-06-03T15:39:00+05:30,captured,setl_00000084,
pay_260603002849,order_260603083,1059.00,wallet,21.18,2026-06-03T08:46:00+05:30,captured,setl_00000084,
pay_260603002850,order_260603083,2871.00,netbanking,25.83,2026-06-03T20:50:00+05:30,captured,setl_00000084,
pay_260603002851,order_260603083,1404.00,upi_apps,28.08,2026-06-03T09:27:00+05:30,captured,setl_00000084,
pay_260603002852,order_260603083,4737.00,card,94.74,2026-06-03T19:02:00+05:30,captured,setl_00000084,
pay_260603002853,order_260603083,772.00,upi_apps,15.44,2026-06-03T10:27:00+05:30,captured,setl_00000084,
pay_260603002854,order_260603083,4483.00,upi_apps,89.66,2026-06-03T12:18:00+05:30,captured,setl_00000084,
pay_260603002855,order_260603083,543.00,upi_apps,10.86,2026-06-03T11:44:00+05:30,captured,setl_00000084,
pay_260603002856,order_260603083,4479.00,upi_apps,89.58,2026-06-03T14:05:00+05:30,captured,setl_00000084,
pay_260603002857,order_260603083,837.00,upi_apps,16.74,2026-06-03T20:54:00+05:30,captured,setl_00000084,
pay_260603002858,order_260603083,886.00,netbanking,7.97,2026-06-03T22:00:00+05:30,captured,setl_00000084,
pay_260603002859,order_260603083,4999.00,card,99.98,2026-06-03T19:45:00+05:30,captured,setl_00000084,
pay_260604002860,order_260604084,5387.00,upi_apps,107.74,2026-06-04T17:16:00+05:30,captured,setl_00000085,
pay_260604002861,order_260604084,4693.00,card,93.86,2026-06-04T21:29:00+05:30,captured,setl_00000085,
pay_260604002862,order_260604084,945.00,card,18.90,2026-06-04T14:02:00+05:30,captured,setl_00000085,
pay_260604002863,order_260604084,4704.00,wallet,94.08,2026-06-04T12:47:00+05:30,captured,setl_00000085,
pay_260604002864,order_260604084,2195.00,upi_apps,43.90,2026-06-04T19:17:00+05:30,captured,setl_00000085,
pay_260604002865,order_260604084,2872.00,wallet,57.44,2026-06-04T15:06:00+05:30,captured,setl_00000085,
pay_260604002866,order_260604084,3346.00,netbanking,30.11,2026-06-04T12:11:00+05:30,captured,setl_00000085,
pay_260604002867,order_260604084,1199.00,upi_apps,23.98,2026-06-04T10:50:00+05:30,captured,setl_00000085,
pay_260604002868,order_260604084,4520.00,upi_apps,90.40,2026-06-04T22:06:00+05:30,captured,setl_00000085,
pay_260604002869,order_260604084,1849.00,netbanking,16.64,2026-06-04T22:31:00+05:30,captured,setl_00000085,
pay_260604002870,order_260604084,1210.00,netbanking,10.89,2026-06-04T21:23:00+05:30,captured,setl_00000085,
pay_260604002871,order_260604084,1671.00,card,33.42,2026-06-04T21:25:00+05:30,captured,setl_00000085,
pay_260604002872,order_260604084,615.00,upi_apps,12.30,2026-06-04T11:59:00+05:30,captured,setl_00000085,
pay_260604002873,order_260604084,5244.00,upi_apps,104.88,2026-06-04T12:09:00+05:30,captured,setl_00000085,
pay_260604002874,order_260604084,5134.00,card,102.68,2026-06-04T14:47:00+05:30,captured,setl_00000085,
pay_260604002875,order_260604084,2132.00,netbanking,19.18,2026-06-04T11:53:00+05:30,captured,setl_00000085,
pay_260604002876,order_260604084,3902.00,upi_apps,78.04,2026-06-04T11:45:00+05:30,captured,setl_00000085,
pay_260604002877,order_260604084,2286.00,netbanking,20.57,2026-06-04T10:22:00+05:30,captured,setl_00000085,
pay_260604002878,order_260604084,4559.00,netbanking,41.03,2026-06-04T18:51:00+05:30,captured,setl_00000085,
pay_260604002879,order_260604084,2150.00,wallet,43.00,2026-06-04T17:28:00+05:30,captured,setl_00000085,
pay_260604002880,order_260604084,4192.00,card,83.84,2026-06-04T14:30:00+05:30,captured,setl_00000085,
pay_260604002881,order_260604084,992.00,upi_apps,19.84,2026-06-04T22:56:00+05:30,captured,setl_00000085,
pay_260604002882,order_260604084,4316.00,card,86.32,2026-06-04T18:35:00+05:30,captured,setl_00000085,
pay_260604002883,order_260604084,4116.00,upi_apps,82.32,2026-06-04T13:42:00+05:30,captured,setl_00000085,
pay_260604002884,order_260604084,2715.00,upi_apps,54.30,2026-06-04T20:08:00+05:30,captured,setl_00000085,
pay_260604002885,order_260604084,3342.00,card,66.84,2026-06-04T12:44:00+05:30,captured,setl_00000085,
pay_260604002886,order_260604084,5039.00,netbanking,45.35,2026-06-04T22:11:00+05:30,captured,setl_00000085,
pay_260604002887,order_260604084,1631.00,card,32.62,2026-06-04T16:48:00+05:30,captured,setl_00000085,
pay_260604002888,order_260604084,3666.00,upi_apps,73.32,2026-06-04T15:11:00+05:30,captured,setl_00000085,
pay_260604002889,order_260604084,4520.00,upi_apps,90.40,2026-06-04T17:12:00+05:30,captured,setl_00000085,
pay_260604002890,order_260604084,498.00,wallet,9.96,2026-06-04T08:52:00+05:30,captured,setl_00000085,
pay_260604002891,order_260604084,3541.00,wallet,70.82,2026-06-04T11:33:00+05:30,captured,setl_00000085,
pay_260604002892,order_260604084,961.00,card,19.22,2026-06-04T14:06:00+05:30,captured,setl_00000085,
pay_260604002893,order_260604084,2311.00,netbanking,20.79,2026-06-04T13:28:00+05:30,captured,setl_00000085,
pay_260604002894,order_260604084,2742.00,card,54.84,2026-06-04T20:52:00+05:30,captured,setl_00000085,
pay_260605002895,order_260605085,2608.00,upi_apps,52.16,2026-06-05T16:23:00+05:30,captured,setl_00000086,
pay_260605002896,order_260605085,4023.00,netbanking,36.20,2026-06-05T19:30:00+05:30,captured,setl_00000086,
pay_260605002897,order_260605085,879.00,upi_apps,17.58,2026-06-05T11:19:00+05:30,captured,setl_00000086,
pay_260605002898,order_260605085,491.00,upi_apps,9.82,2026-06-05T17:42:00+05:30,captured,setl_00000086,
pay_260605002899,order_260605085,4298.00,card,85.96,2026-06-05T22:37:00+05:30,captured,setl_00000086,
pay_260605002900,order_260605085,1521.00,card,30.42,2026-06-05T22:45:00+05:30,captured,setl_00000086,
pay_260605002901,order_260605085,4939.00,wallet,98.78,2026-06-05T16:16:00+05:30,captured,setl_00000086,
pay_260605002902,order_260605085,2735.00,upi_apps,54.70,2026-06-05T14:09:00+05:30,captured,setl_00000086,
pay_260605002903,order_260605085,540.00,upi_apps,10.80,2026-06-05T16:51:00+05:30,captured,setl_00000086,
pay_260605002904,order_260605085,3098.00,wallet,61.96,2026-06-05T08:36:00+05:30,captured,setl_00000086,
pay_260605002905,order_260605085,5337.00,wallet,106.74,2026-06-05T14:38:00+05:30,captured,setl_00000086,
pay_260605002906,order_260605085,2950.00,upi_apps,59.00,2026-06-05T10:47:00+05:30,captured,setl_00000086,
pay_260605002907,order_260605085,1185.00,netbanking,10.66,2026-06-05T21:52:00+05:30,captured,setl_00000086,
pay_260605002908,order_260605085,5084.00,upi_apps,101.68,2026-06-05T20:58:00+05:30,captured,setl_00000086,
pay_260605002909,order_260605085,2493.00,upi_apps,49.86,2026-06-05T17:55:00+05:30,captured,setl_00000086,
pay_260605002910,order_260605085,2079.00,upi_apps,41.58,2026-06-05T10:34:00+05:30,captured,setl_00000086,
pay_260605002911,order_260605085,4554.00,netbanking,40.98,2026-06-05T16:51:00+05:30,captured,setl_00000086,
pay_260605002912,order_260605085,4559.00,upi_apps,91.18,2026-06-05T16:01:00+05:30,captured,setl_00000086,
pay_260605002913,order_260605085,3537.00,upi_apps,70.74,2026-06-05T13:06:00+05:30,captured,setl_00000086,
pay_260605002914,order_260605085,4775.00,card,95.50,2026-06-05T21:12:00+05:30,captured,setl_00000086,
pay_260605002915,order_260605085,3034.00,upi_apps,60.68,2026-06-05T18:12:00+05:30,captured,setl_00000086,
pay_260605002916,order_260605085,2311.00,upi_apps,46.22,2026-06-05T18:11:00+05:30,captured,setl_00000086,
pay_260605002917,order_260605085,2555.00,upi_apps,51.10,2026-06-05T22:39:00+05:30,captured,setl_00000086,
pay_260605002918,order_260605085,2044.00,upi_apps,40.88,2026-06-05T15:53:00+05:30,captured,setl_00000086,
pay_260605002919,order_260605085,4358.00,upi_apps,87.16,2026-06-05T20:07:00+05:30,captured,setl_00000086,
pay_260605002920,order_260605085,2140.00,card,42.80,2026-06-05T08:17:00+05:30,captured,setl_00000086,
pay_260605002921,order_260605085,4158.00,upi_apps,83.16,2026-06-05T16:25:00+05:30,captured,setl_00000086,
pay_260605002922,order_260605085,4715.00,upi_apps,94.30,2026-06-05T10:31:00+05:30,captured,setl_00000086,
pay_260605002923,order_260605085,486.00,upi_apps,9.72,2026-06-05T19:32:00+05:30,captured,setl_00000086,
pay_260605002924,order_260605085,3345.00,upi_apps,66.90,2026-06-05T19:45:00+05:30,captured,setl_00000086,
pay_260605002925,order_260605085,3980.00,upi_apps,79.60,2026-06-05T10:34:00+05:30,captured,setl_00000086,
pay_260605002926,order_260605085,1611.00,netbanking,14.49,2026-06-05T14:33:00+05:30,captured,setl_00000086,
pay_260605002927,order_260605085,1800.00,upi_apps,36.00,2026-06-05T12:05:00+05:30,captured,setl_00000086,
pay_260605002928,order_260605085,465.00,netbanking,4.18,2026-06-05T11:59:00+05:30,captured,setl_00000086,
pay_260605002929,order_260605085,2644.00,upi_apps,52.88,2026-06-05T13:30:00+05:30,captured,setl_00000086,
pay_260605002930,order_260605085,5148.00,upi_apps,102.96,2026-06-05T17:33:00+05:30,captured,setl_00000086,
pay_260605002931,order_260605085,458.00,card,9.16,2026-06-05T15:29:00+05:30,captured,setl_00000086,
pay_260605002932,order_260605085,1857.00,card,37.14,2026-06-05T10:34:00+05:30,captured,setl_00000086,
pay_260605002933,order_260605085,3204.00,wallet,64.08,2026-06-05T14:55:00+05:30,captured,setl_00000086,
pay_260605002934,order_260605085,795.00,card,15.90,2026-06-05T14:31:00+05:30,captured,setl_00000086,
pay_260605002935,order_260605085,4527.00,upi_apps,90.54,2026-06-05T18:18:00+05:30,captured,setl_00000086,
pay_260605002936,order_260605085,3681.00,upi_apps,73.62,2026-06-05T17:29:00+05:30,captured,setl_00000086,
pay_260605002937,order_260605085,1896.00,wallet,37.92,2026-06-05T21:44:00+05:30,captured,setl_00000086,
pay_260605002938,order_260605085,3079.00,upi_apps,61.58,2026-06-05T21:25:00+05:30,captured,setl_00000086,
pay_260605002939,order_260605085,3371.00,upi_apps,67.42,2026-06-05T19:52:00+05:30,captured,setl_00000086,
pay_260605002940,order_260605085,3927.00,upi_apps,78.54,2026-06-05T12:57:00+05:30,captured,setl_00000086,
pay_260605002941,order_260605085,1265.00,upi_apps,25.30,2026-06-05T18:25:00+05:30,captured,setl_00000086,
pay_260605002942,order_260605085,5270.00,upi_apps,105.40,2026-06-05T20:28:00+05:30,captured,setl_00000086,
pay_260605002943,order_260605085,4271.00,upi_apps,85.42,2026-06-05T11:48:00+05:30,captured,setl_00000086,
pay_260605002944,order_260605085,3482.00,card,69.64,2026-06-05T16:03:00+05:30,captured,setl_00000086,
pay_260605002945,order_260605085,4882.00,upi_apps,97.64,2026-06-05T10:48:00+05:30,captured,setl_00000086,
pay_260605002946,order_260605085,3591.00,upi_apps,71.82,2026-06-05T13:12:00+05:30,captured,setl_00000086,
pay_260605002947,order_260605085,3925.00,netbanking,35.32,2026-06-05T12:48:00+05:30,captured,setl_00000086,
pay_260605002948,order_260605085,668.00,upi_apps,13.36,2026-06-05T08:15:00+05:30,captured,setl_00000086,
pay_260605002949,order_260605085,1417.00,upi_apps,28.34,2026-06-05T11:43:00+05:30,captured,setl_00000086,
pay_260605002950,order_260605085,4240.00,card,84.80,2026-06-05T20:09:00+05:30,captured,setl_00000086,
pay_260605002951,order_260605085,3952.00,upi_apps,79.04,2026-06-05T12:52:00+05:30,captured,setl_00000086,
pay_260605002952,order_260605085,5230.00,card,104.60,2026-06-05T17:41:00+05:30,captured,setl_00000086,
pay_260605002953,order_260605085,2565.00,card,51.30,2026-06-05T15:46:00+05:30,captured,setl_00000086,
pay_260605002954,order_260605085,5112.00,wallet,102.24,2026-06-05T09:47:00+05:30,captured,setl_00000086,
pay_260605002955,order_260605085,1933.00,upi_apps,38.66,2026-06-05T17:15:00+05:30,captured,setl_00000086,
pay_260605002956,order_260605085,2181.00,card,43.62,2026-06-05T13:20:00+05:30,captured,setl_00000086,
pay_260605002957,order_260605085,4924.00,upi_apps,98.48,2026-06-05T09:44:00+05:30,captured,setl_00000086,
pay_260605002958,order_260605085,1048.00,card,20.96,2026-06-05T10:54:00+05:30,captured,setl_00000086,
pay_260605002959,order_260605085,966.00,upi_apps,19.32,2026-06-05T15:33:00+05:30,captured,setl_00000086,
pay_260605002960,order_260605085,2467.00,upi_apps,49.34,2026-06-05T22:00:00+05:30,captured,setl_00000086,
pay_260605002961,order_260605085,3779.00,upi_apps,75.58,2026-06-05T18:45:00+05:30,captured,setl_00000086,
pay_260605002962,order_260605085,2085.00,upi_apps,41.70,2026-06-05T08:05:00+05:30,captured,setl_00000086,
pay_260605002963,order_260605085,1403.00,upi_apps,28.06,2026-06-05T13:11:00+05:30,captured,setl_00000086,
pay_260605002964,order_260605085,4242.00,netbanking,38.17,2026-06-05T20:21:00+05:30,captured,setl_00000086,
pay_260605002965,order_260605085,2232.00,upi_apps,44.64,2026-06-05T19:08:00+05:30,captured,setl_00000086,
pay_260605002966,order_260605085,844.00,upi_apps,16.88,2026-06-05T19:48:00+05:30,captured,setl_00000086,
pay_260605002967,order_260605085,4959.00,netbanking,44.63,2026-06-05T11:26:00+05:30,captured,setl_00000086,
pay_260605002968,order_260605085,2374.00,card,47.48,2026-06-05T21:23:00+05:30,captured,setl_00000086,
pay_260605002969,order_260605085,4870.00,upi_apps,97.40,2026-06-05T08:22:00+05:30,captured,setl_00000086,
pay_260605002970,order_260605085,1509.00,card,30.18,2026-06-05T22:29:00+05:30,captured,setl_00000086,
pay_260605002971,order_260605085,4606.00,card,92.12,2026-06-05T09:23:00+05:30,captured,setl_00000086,
pay_260605002972,order_260605085,1647.00,card,32.94,2026-06-05T11:56:00+05:30,captured,setl_00000086,
pay_260606002973,order_260606086,1277.00,upi_apps,25.54,2026-06-06T11:07:00+05:30,captured,setl_00000087,
pay_260606002974,order_260606086,3952.00,wallet,79.04,2026-06-06T15:48:00+05:30,captured,setl_00000087,
pay_260606002975,order_260606086,2241.00,upi_apps,44.82,2026-06-06T13:58:00+05:30,captured,setl_00000087,
pay_260606002976,order_260606086,477.00,card,9.54,2026-06-06T19:09:00+05:30,captured,setl_00000087,
pay_260606002977,order_260606086,1429.00,upi_apps,28.58,2026-06-06T18:28:00+05:30,captured,setl_00000087,
pay_260606002978,order_260606086,4559.00,upi_apps,91.18,2026-06-06T14:32:00+05:30,captured,setl_00000087,
pay_260607002979,order_260607087,1095.00,upi_apps,21.90,2026-06-07T12:52:00+05:30,captured,setl_00000088,
pay_260607002980,order_260607087,4445.00,upi_apps,88.90,2026-06-07T15:04:00+05:30,captured,setl_00000088,
pay_260607002981,order_260607087,4166.00,upi_apps,83.32,2026-06-07T09:33:00+05:30,captured,setl_00000088,
pay_260607002982,order_260607087,582.00,wallet,11.64,2026-06-07T22:27:00+05:30,captured,setl_00000088,
pay_260607002983,order_260607087,3106.00,card,62.12,2026-06-07T14:25:00+05:30,captured,setl_00000088,
pay_260607002984,order_260607087,3942.00,card,78.84,2026-06-07T15:36:00+05:30,captured,setl_00000088,
pay_260607002985,order_260607087,1970.00,wallet,39.40,2026-06-07T08:28:00+05:30,captured,setl_00000088,
pay_260607002986,order_260607087,2190.00,upi_apps,43.80,2026-06-07T19:17:00+05:30,captured,setl_00000088,
pay_260607002987,order_260607087,2281.00,upi_apps,45.62,2026-06-07T22:43:00+05:30,captured,setl_00000088,
pay_260607002988,order_260607087,3264.00,upi_apps,65.28,2026-06-07T20:16:00+05:30,captured,setl_00000088,
pay_260607002989,order_260607087,3134.00,card,62.68,2026-06-07T10:49:00+05:30,captured,setl_00000088,
pay_260607002990,order_260607087,4633.00,netbanking,41.69,2026-06-07T15:18:00+05:30,captured,setl_00000088,
pay_260607002991,order_260607087,613.00,card,12.26,2026-06-07T22:13:00+05:30,captured,setl_00000088,
pay_260607002992,order_260607087,3521.00,netbanking,31.68,2026-06-07T15:41:00+05:30,captured,setl_00000088,
pay_260607002993,order_260607087,4529.00,card,90.58,2026-06-07T13:52:00+05:30,captured,setl_00000088,
pay_260607002994,order_260607087,3063.00,card,61.26,2026-06-07T13:06:00+05:30,captured,setl_00000088,
pay_260607002995,order_260607087,5188.00,card,103.76,2026-06-07T18:45:00+05:30,captured,setl_00000088,
pay_260608002996,order_260608088,5195.00,card,103.90,2026-06-08T19:26:00+05:30,captured,setl_00000089,
pay_260608002997,order_260608088,1300.00,wallet,26.00,2026-06-08T18:27:00+05:30,captured,setl_00000089,
pay_260608002998,order_260608088,4108.00,upi_apps,82.16,2026-06-08T22:44:00+05:30,captured,setl_00000089,
pay_260608002999,order_260608088,1888.00,card,37.76,2026-06-08T20:30:00+05:30,captured,setl_00000089,
pay_260608003000,order_260608088,2350.00,upi_apps,47.00,2026-06-08T15:28:00+05:30,captured,setl_00000089,
pay_260608003001,order_260608088,3489.00,wallet,69.78,2026-06-08T13:50:00+05:30,captured,setl_00000089,
pay_260608003002,order_260608088,876.00,wallet,17.52,2026-06-08T14:17:00+05:30,captured,setl_00000089,
pay_260608003003,order_260608088,3879.00,wallet,77.58,2026-06-08T10:45:00+05:30,captured,setl_00000089,
pay_260608003004,order_260608088,1864.00,upi_apps,37.28,2026-06-08T11:22:00+05:30,captured,setl_00000089,
pay_260608003005,order_260608088,2610.00,upi_apps,52.20,2026-06-08T13:17:00+05:30,captured,setl_00000089,
pay_260608003006,order_260608088,2492.00,upi_apps,49.84,2026-06-08T20:26:00+05:30,captured,setl_00000089,
pay_260608003007,order_260608088,2164.00,upi_apps,43.28,2026-06-08T11:27:00+05:30,captured,setl_00000089,
pay_260608003008,order_260608088,1112.00,card,22.24,2026-06-08T19:51:00+05:30,captured,setl_00000089,
pay_260608003009,order_260608088,2879.00,upi_apps,57.58,2026-06-08T08:40:00+05:30,captured,setl_00000089,
pay_260608003010,order_260608088,4351.00,netbanking,39.15,2026-06-08T11:43:00+05:30,captured,setl_00000089,
pay_260608003011,order_260608088,3917.00,card,78.34,2026-06-08T21:59:00+05:30,captured,setl_00000089,
pay_260608003012,order_260608088,871.00,card,17.42,2026-06-08T18:04:00+05:30,captured,setl_00000089,
pay_260608003013,order_260608088,3938.00,card,78.76,2026-06-08T16:53:00+05:30,captured,setl_00000089,
pay_260608003014,order_260608088,5370.00,upi_apps,107.40,2026-06-08T16:26:00+05:30,captured,setl_00000089,
pay_260608003015,order_260608088,601.00,upi_apps,12.02,2026-06-08T14:58:00+05:30,captured,setl_00000089,
pay_260608003016,order_260608088,1245.00,netbanking,11.20,2026-06-08T12:14:00+05:30,captured,setl_00000089,
pay_260608003017,order_260608088,3613.00,netbanking,32.51,2026-06-08T13:03:00+05:30,captured,setl_00000089,
pay_260608003018,order_260608088,5209.00,netbanking,46.88,2026-06-08T11:02:00+05:30,captured,setl_00000089,
pay_260608003019,order_260608088,1569.00,upi_apps,31.38,2026-06-08T15:49:00+05:30,captured,setl_00000089,
pay_260608003020,order_260608088,1300.00,card,26.00,2026-06-08T19:04:00+05:30,captured,setl_00000089,
pay_260608003021,order_260608088,1046.00,netbanking,9.41,2026-06-08T15:37:00+05:30,captured,setl_00000089,
pay_260608003022,order_260608088,4614.00,upi_apps,92.28,2026-06-08T11:25:00+05:30,captured,setl_00000089,
pay_260608003023,order_260608088,1688.00,upi_apps,33.76,2026-06-08T19:11:00+05:30,captured,setl_00000089,
pay_260608003024,order_260608088,3740.00,upi_apps,74.80,2026-06-08T22:26:00+05:30,captured,setl_00000089,
pay_260608003025,order_260608088,5131.00,wallet,102.62,2026-06-08T22:12:00+05:30,captured,setl_00000089,
pay_260608003026,order_260608088,483.00,card,9.66,2026-06-08T10:43:00+05:30,captured,setl_00000089,
pay_260608003027,order_260608088,1285.00,upi_apps,25.70,2026-06-08T19:09:00+05:30,captured,setl_00000089,
pay_260608003028,order_260608088,3955.00,upi_apps,79.10,2026-06-08T12:19:00+05:30,captured,setl_00000089,
pay_260608003029,order_260608088,2034.00,card,40.68,2026-06-08T21:47:00+05:30,captured,setl_00000089,
pay_260608003030,order_260608088,2773.00,card,55.46,2026-06-08T09:06:00+05:30,captured,setl_00000089,
pay_260608003031,order_260608088,5354.00,upi_apps,107.08,2026-06-08T19:02:00+05:30,captured,setl_00000089,
pay_260608003032,order_260608088,4599.00,upi_apps,91.98,2026-06-08T20:25:00+05:30,captured,setl_00000089,
pay_260608003033,order_260608088,2083.00,upi_apps,41.66,2026-06-08T10:23:00+05:30,captured,setl_00000089,
pay_260608003034,order_260608088,3175.00,upi_apps,63.50,2026-06-08T15:12:00+05:30,captured,setl_00000089,
pay_260608003035,order_260608088,1430.00,card,28.60,2026-06-08T09:13:00+05:30,captured,setl_00000089,
pay_260608003036,order_260608088,1327.00,upi_apps,26.54,2026-06-08T13:54:00+05:30,captured,setl_00000089,
pay_260608003037,order_260608088,3691.00,upi_apps,73.82,2026-06-08T11:19:00+05:30,captured,setl_00000089,
pay_260608003038,order_260608088,1235.00,card,24.70,2026-06-08T11:43:00+05:30,captured,setl_00000089,
pay_260608003039,order_260608088,1974.00,wallet,39.48,2026-06-08T21:13:00+05:30,captured,setl_00000089,
pay_260608003040,order_260608088,2329.00,upi_apps,46.58,2026-06-08T14:41:00+05:30,captured,setl_00000089,
pay_260608003041,order_260608088,2836.00,upi_apps,56.72,2026-06-08T13:24:00+05:30,captured,setl_00000089,
pay_260608003042,order_260608088,917.00,card,18.34,2026-06-08T11:09:00+05:30,captured,setl_00000089,
pay_260608003043,order_260608088,1208.00,upi_apps,24.16,2026-06-08T08:10:00+05:30,captured,setl_00000089,
pay_260608003044,order_260608088,2982.00,card,59.64,2026-06-08T12:36:00+05:30,captured,setl_00000089,
pay_260608003045,order_260608088,4435.00,upi_apps,88.70,2026-06-08T09:13:00+05:30,captured,setl_00000089,
pay_260609003046,order_260609089,1778.00,upi_apps,35.56,2026-06-09T12:29:00+05:30,captured,setl_00000090,
pay_260609003047,order_260609089,2226.00,upi_apps,44.52,2026-06-09T12:42:00+05:30,captured,setl_00000090,
pay_260609003048,order_260609089,829.00,card,16.58,2026-06-09T10:55:00+05:30,captured,setl_00000090,
pay_260609003049,order_260609089,1603.00,netbanking,14.42,2026-06-09T10:01:00+05:30,captured,setl_00000090,
pay_260609003050,order_260609089,4339.00,upi_apps,86.78,2026-06-09T15:08:00+05:30,captured,setl_00000090,
pay_260609003051,order_260609089,4540.00,upi_apps,90.80,2026-06-09T11:28:00+05:30,captured,setl_00000090,
pay_260609003052,order_260609089,4053.00,card,81.06,2026-06-09T21:43:00+05:30,captured,setl_00000090,
pay_260609003053,order_260609089,1148.00,upi_apps,22.96,2026-06-09T16:08:00+05:30,captured,setl_00000090,
pay_260609003054,order_260609089,3072.00,card,61.44,2026-06-09T11:07:00+05:30,captured,setl_00000090,
pay_260609003055,order_260609089,1925.00,card,38.50,2026-06-09T15:13:00+05:30,captured,setl_00000090,
pay_260609003056,order_260609089,778.00,upi_apps,15.56,2026-06-09T19:54:00+05:30,captured,setl_00000090,
pay_260609003057,order_260609089,934.00,upi_apps,18.68,2026-06-09T19:15:00+05:30,captured,setl_00000090,
pay_260609003058,order_260609089,3429.00,card,68.58,2026-06-09T19:53:00+05:30,captured,setl_00000090,
pay_260609003059,order_260609089,1267.00,upi_apps,25.34,2026-06-09T10:13:00+05:30,captured,setl_00000090,
pay_260609003060,order_260609089,2008.00,card,40.16,2026-06-09T20:56:00+05:30,captured,setl_00000090,
pay_260609003061,order_260609089,4675.00,upi_apps,93.50,2026-06-09T19:46:00+05:30,captured,setl_00000090,
pay_260609003062,order_260609089,2674.00,wallet,53.48,2026-06-09T09:17:00+05:30,captured,setl_00000090,
pay_260609003063,order_260609089,4962.00,upi_apps,99.24,2026-06-09T13:04:00+05:30,captured,setl_00000090,
pay_260609003064,order_260609089,4742.00,wallet,94.84,2026-06-09T17:52:00+05:30,captured,setl_00000090,
pay_260609003065,order_260609089,3096.00,upi_apps,61.92,2026-06-09T20:08:00+05:30,captured,setl_00000090,
pay_260609003066,order_260609089,4025.00,netbanking,36.22,2026-06-09T18:15:00+05:30,captured,setl_00000090,
pay_260609003067,order_260609089,3770.00,card,75.40,2026-06-09T08:24:00+05:30,captured,setl_00000090,
pay_260609003068,order_260609089,5309.00,upi_apps,106.18,2026-06-09T13:33:00+05:30,captured,setl_00000090,
pay_260609003069,order_260609089,781.00,upi_apps,15.62,2026-06-09T12:16:00+05:30,captured,setl_00000090,
pay_260609003070,order_260609089,2382.00,netbanking,21.43,2026-06-09T16:07:00+05:30,captured,setl_00000090,
pay_260609003071,order_260609089,4434.00,card,88.68,2026-06-09T11:07:00+05:30,captured,setl_00000090,
pay_260609003072,order_260609089,3255.00,upi_apps,65.10,2026-06-09T10:31:00+05:30,captured,setl_00000090,
pay_260609003073,order_260609089,593.00,upi_apps,11.86,2026-06-09T20:07:00+05:30,captured,setl_00000090,
pay_260609003074,order_260609089,2212.00,upi_apps,44.24,2026-06-09T19:37:00+05:30,captured,setl_00000090,
pay_260609003075,order_260609089,4646.00,upi_apps,92.92,2026-06-09T14:49:00+05:30,captured,setl_00000090,
pay_260609003076,order_260609089,3667.00,card,73.34,2026-06-09T22:45:00+05:30,captured,setl_00000090,
pay_260609003077,order_260609089,4282.00,card,85.64,2026-06-09T11:50:00+05:30,captured,setl_00000090,
pay_260609003078,order_260609089,4680.00,upi_apps,93.60,2026-06-09T09:00:00+05:30,captured,setl_00000090,
pay_260609003079,order_260609089,1112.00,upi_apps,22.24,2026-06-09T16:56:00+05:30,captured,setl_00000090,
pay_260609003080,order_260609089,5311.00,card,106.22,2026-06-09T14:41:00+05:30,captured,setl_00000090,
pay_260609003081,order_260609089,3082.00,card,61.64,2026-06-09T13:45:00+05:30,captured,setl_00000090,
pay_260609003082,order_260609089,512.00,wallet,10.24,2026-06-09T14:25:00+05:30,captured,setl_00000090,
pay_260610003083,order_260610090,1957.00,upi_apps,39.14,2026-06-10T11:12:00+05:30,captured,setl_00000091,
pay_260610003084,order_260610090,5385.00,upi_apps,107.70,2026-06-10T16:30:00+05:30,captured,setl_00000091,
pay_260610003085,order_260610090,1294.00,card,25.88,2026-06-10T22:17:00+05:30,captured,setl_00000091,
pay_260610003086,order_260610090,887.00,card,17.74,2026-06-10T22:31:00+05:30,captured,setl_00000091,
pay_260610003087,order_260610090,4603.00,card,92.06,2026-06-10T22:35:00+05:30,captured,setl_00000091,
pay_260610003088,order_260610090,3194.00,card,63.88,2026-06-10T13:27:00+05:30,captured,setl_00000091,
pay_260610003089,order_260610090,4881.00,upi_apps,97.62,2026-06-10T14:33:00+05:30,captured,setl_00000091,
pay_260610003090,order_260610090,715.00,wallet,14.30,2026-06-10T20:16:00+05:30,captured,setl_00000091,
pay_260610003091,order_260610090,4434.00,card,88.68,2026-06-10T12:13:00+05:30,captured,setl_00000091,
pay_260610003092,order_260610090,3258.00,wallet,65.16,2026-06-10T12:41:00+05:30,captured,setl_00000091,
pay_260610003093,order_260610090,4139.00,wallet,82.78,2026-06-10T09:18:00+05:30,captured,setl_00000091,
pay_260610003094,order_260610090,632.00,card,12.64,2026-06-10T20:35:00+05:30,captured,setl_00000091,
pay_260610003095,order_260610090,3123.00,upi_apps,62.46,2026-06-10T20:40:00+05:30,captured,setl_00000091,
pay_260610003096,order_260610090,1383.00,card,27.66,2026-06-10T18:48:00+05:30,captured,setl_00000091,
pay_260610003097,order_260610090,1764.00,card,35.28,2026-06-10T18:47:00+05:30,captured,setl_00000091,
pay_260610003098,order_260610090,2122.00,upi_apps,42.44,2026-06-10T09:58:00+05:30,captured,setl_00000091,
pay_260610003099,order_260610090,1942.00,upi_apps,38.84,2026-06-10T14:16:00+05:30,captured,setl_00000091,
pay_260610003100,order_260610090,3934.00,netbanking,35.40,2026-06-10T20:29:00+05:30,captured,setl_00000091,
pay_260610003101,order_260610090,748.00,upi_apps,14.96,2026-06-10T17:01:00+05:30,captured,setl_00000091,
pay_260610003102,order_260610090,506.00,upi_apps,10.12,2026-06-10T13:23:00+05:30,captured,setl_00000091,
pay_260610003103,order_260610090,1280.00,upi_apps,25.60,2026-06-10T08:38:00+05:30,captured,setl_00000091,
pay_260610003104,order_260610090,4358.00,card,87.16,2026-06-10T15:27:00+05:30,captured,setl_00000091,
pay_260610003105,order_260610090,2810.00,upi_apps,56.20,2026-06-10T12:41:00+05:30,captured,setl_00000091,
pay_260610003106,order_260610090,1660.00,netbanking,14.94,2026-06-10T10:21:00+05:30,captured,setl_00000091,
pay_260610003107,order_260610090,3428.00,wallet,68.56,2026-06-10T20:34:00+05:30,captured,setl_00000091,
pay_260610003108,order_260610090,3064.00,wallet,61.28,2026-06-10T21:53:00+05:30,captured,setl_00000091,
pay_260610003109,order_260610090,4014.00,upi_apps,80.28,2026-06-10T11:52:00+05:30,captured,setl_00000091,
pay_260610003110,order_260610090,1045.00,upi_apps,20.90,2026-06-10T12:05:00+05:30,captured,setl_00000091,
pay_260610003111,order_260610090,1729.00,upi_apps,34.58,2026-06-10T12:09:00+05:30,captured,setl_00000091,
pay_260610003112,order_260610090,760.00,wallet,15.20,2026-06-10T17:48:00+05:30,captured,setl_00000091,
pay_260610003113,order_260610090,948.00,upi_apps,18.96,2026-06-10T12:13:00+05:30,captured,setl_00000091,
pay_260610003114,order_260610090,3941.00,card,78.82,2026-06-10T20:16:00+05:30,captured,setl_00000091,
pay_260610003115,order_260610090,1844.00,upi_apps,36.88,2026-06-10T17:13:00+05:30,captured,setl_00000091,
pay_260610003116,order_260610090,833.00,upi_apps,16.66,2026-06-10T10:06:00+05:30,captured,setl_00000091,
pay_260610003117,order_260610090,1681.00,card,33.62,2026-06-10T09:42:00+05:30,captured,setl_00000091,
pay_260610003118,order_260610090,4866.00,upi_apps,97.32,2026-06-10T08:13:00+05:30,captured,setl_00000091,
pay_260610003119,order_260610090,1168.00,netbanking,10.51,2026-06-10T09:31:00+05:30,captured,setl_00000091,
pay_260610003120,order_260610090,673.00,netbanking,6.05,2026-06-10T22:53:00+05:30,captured,setl_00000091,
pay_260610003121,order_260610090,2343.00,upi_apps,46.86,2026-06-10T14:25:00+05:30,captured,setl_00000091,
pay_260610003122,order_260610090,4871.00,upi_apps,97.42,2026-06-10T22:58:00+05:30,captured,setl_00000091,
pay_260610003123,order_260610090,1963.00,upi_apps,39.26,2026-06-10T09:03:00+05:30,captured,setl_00000091,
pay_260610003124,order_260610090,2132.00,netbanking,19.18,2026-06-10T14:00:00+05:30,captured,setl_00000091,
pay_260610003125,order_260610090,5379.00,upi_apps,107.58,2026-06-10T11:48:00+05:30,captured,setl_00000091,
pay_260611003126,order_260611091,2215.00,card,44.30,2026-06-11T20:40:00+05:30,captured,setl_00000092,
pay_260611003127,order_260611091,799.00,upi_apps,15.98,2026-06-11T08:55:00+05:30,captured,setl_00000092,
pay_260611003128,order_260611091,919.00,upi_apps,18.38,2026-06-11T17:01:00+05:30,captured,setl_00000092,
pay_260611003129,order_260611091,3140.00,wallet,62.80,2026-06-11T13:29:00+05:30,captured,setl_00000092,
pay_260611003130,order_260611091,2784.00,netbanking,25.05,2026-06-11T15:25:00+05:30,captured,setl_00000092,
pay_260611003131,order_260611091,1889.00,card,37.78,2026-06-11T09:58:00+05:30,captured,setl_00000092,
pay_260611003132,order_260611091,2228.00,upi_apps,44.56,2026-06-11T11:24:00+05:30,captured,setl_00000092,
pay_260611003133,order_260611091,4096.00,card,81.92,2026-06-11T19:02:00+05:30,captured,setl_00000092,
pay_260611003134,order_260611091,2363.00,upi_apps,47.26,2026-06-11T18:59:00+05:30,captured,setl_00000092,
pay_260611003135,order_260611091,4449.00,netbanking,40.04,2026-06-11T20:34:00+05:30,captured,setl_00000092,
pay_260611003136,order_260611091,4132.00,upi_apps,82.64,2026-06-11T16:38:00+05:30,captured,setl_00000092,
pay_260611003137,order_260611091,2361.00,upi_apps,47.22,2026-06-11T13:57:00+05:30,captured,setl_00000092,
pay_260611003138,order_260611091,3652.00,netbanking,32.86,2026-06-11T14:29:00+05:30,captured,setl_00000092,
pay_260611003139,order_260611091,1768.00,card,35.36,2026-06-11T20:54:00+05:30,captured,setl_00000092,
pay_260611003140,order_260611091,3989.00,card,79.78,2026-06-11T18:48:00+05:30,captured,setl_00000092,
pay_260611003141,order_260611091,4593.00,card,91.86,2026-06-11T13:14:00+05:30,captured,setl_00000092,
pay_260611003142,order_260611091,4088.00,upi_apps,81.76,2026-06-11T14:59:00+05:30,captured,setl_00000092,
pay_260611003143,order_260611091,4455.00,upi_apps,89.10,2026-06-11T12:17:00+05:30,captured,setl_00000092,
pay_260611003144,order_260611091,3654.00,netbanking,32.88,2026-06-11T16:05:00+05:30,captured,setl_00000092,
pay_260611003145,order_260611091,3307.00,upi_apps,66.14,2026-06-11T08:32:00+05:30,captured,setl_00000092,
pay_260611003146,order_260611091,1758.00,upi_apps,35.16,2026-06-11T09:38:00+05:30,captured,setl_00000092,
pay_260611003147,order_260611091,2434.00,upi_apps,48.68,2026-06-11T11:15:00+05:30,captured,setl_00000092,
pay_260611003148,order_260611091,2195.00,upi_apps,43.90,2026-06-11T15:11:00+05:30,captured,setl_00000092,
pay_260611003149,order_260611091,3305.00,upi_apps,66.10,2026-06-11T17:36:00+05:30,captured,setl_00000092,
pay_260612003150,order_260612092,2964.00,netbanking,26.67,2026-06-12T18:27:00+05:30,captured,setl_00000093,
pay_260612003151,order_260612092,4812.00,netbanking,43.30,2026-06-12T19:02:00+05:30,captured,setl_00000093,
pay_260612003152,order_260612092,4239.00,netbanking,38.15,2026-06-12T17:59:00+05:30,captured,setl_00000093,
pay_260612003153,order_260612092,1986.00,wallet,39.72,2026-06-12T18:45:00+05:30,captured,setl_00000093,
pay_260612003154,order_260612092,1368.00,upi_apps,27.36,2026-06-12T20:54:00+05:30,captured,setl_00000093,
pay_260612003155,order_260612092,1370.00,card,27.40,2026-06-12T08:51:00+05:30,captured,setl_00000093,
pay_260612003156,order_260612092,3725.00,card,74.50,2026-06-12T15:10:00+05:30,captured,setl_00000093,
pay_260612003157,order_260612092,1467.00,netbanking,13.20,2026-06-12T17:12:00+05:30,captured,setl_00000093,
pay_260612003158,order_260612092,4274.00,wallet,85.48,2026-06-12T22:11:00+05:30,captured,setl_00000093,
pay_260612003159,order_260612092,5187.00,upi_apps,103.74,2026-06-12T11:26:00+05:30,captured,setl_00000093,
pay_260612003160,order_260612092,2978.00,upi_apps,59.56,2026-06-12T09:24:00+05:30,captured,setl_00000093,
pay_260612003161,order_260612092,4148.00,netbanking,37.33,2026-06-12T08:28:00+05:30,captured,setl_00000093,
pay_260612003162,order_260612092,606.00,upi_apps,12.12,2026-06-12T17:18:00+05:30,captured,setl_00000093,
pay_260612003163,order_260612092,4560.00,upi_apps,91.20,2026-06-12T17:41:00+05:30,captured,setl_00000093,
pay_260612003164,order_260612092,4712.00,card,94.24,2026-06-12T19:24:00+05:30,captured,setl_00000093,
pay_260612003165,order_260612092,803.00,card,16.06,2026-06-12T12:10:00+05:30,captured,setl_00000093,
pay_260612003166,order_260612092,4899.00,upi_apps,97.98,2026-06-12T08:50:00+05:30,captured,setl_00000093,
pay_260612003167,order_260612092,1555.00,upi_apps,31.10,2026-06-12T16:51:00+05:30,captured,setl_00000093,
pay_260612003168,order_260612092,709.00,wallet,14.18,2026-06-12T10:55:00+05:30,captured,setl_00000093,
pay_260612003169,order_260612092,2125.00,netbanking,19.12,2026-06-12T16:47:00+05:30,captured,setl_00000093,
pay_260612003170,order_260612092,842.00,upi_apps,16.84,2026-06-12T14:23:00+05:30,captured,setl_00000093,
pay_260612003171,order_260612092,4250.00,upi_apps,85.00,2026-06-12T18:47:00+05:30,captured,setl_00000093,
pay_260612003172,order_260612092,855.00,card,17.10,2026-06-12T20:12:00+05:30,captured,setl_00000093,
pay_260612003173,order_260612092,1054.00,card,21.08,2026-06-12T10:29:00+05:30,captured,setl_00000093,
pay_260612003174,order_260612092,3607.00,upi_apps,72.14,2026-06-12T12:55:00+05:30,captured,setl_00000093,
pay_260612003175,order_260612092,995.00,card,19.90,2026-06-12T12:27:00+05:30,captured,setl_00000093,
pay_260612003176,order_260612092,1108.00,upi_apps,22.16,2026-06-12T19:38:00+05:30,captured,setl_00000093,
pay_260612003177,order_260612092,2413.00,upi_apps,48.26,2026-06-12T11:02:00+05:30,captured,setl_00000093,
pay_260612003178,order_260612092,2857.00,upi_apps,57.14,2026-06-12T22:25:00+05:30,captured,setl_00000093,
pay_260612003179,order_260612092,3228.00,upi_apps,64.56,2026-06-12T17:22:00+05:30,captured,setl_00000093,
pay_260612003180,order_260612092,2902.00,upi_apps,58.04,2026-06-12T14:45:00+05:30,captured,setl_00000093,
pay_260612003181,order_260612092,2764.00,card,55.28,2026-06-12T10:45:00+05:30,captured,setl_00000093,
pay_260612003182,order_260612092,5166.00,card,103.32,2026-06-12T11:55:00+05:30,captured,setl_00000093,
pay_260612003183,order_260612092,4147.00,wallet,82.94,2026-06-12T08:59:00+05:30,captured,setl_00000093,
pay_260612003184,order_260612092,3076.00,upi_apps,61.52,2026-06-12T20:43:00+05:30,captured,setl_00000093,
pay_260612003185,order_260612092,2522.00,card,50.44,2026-06-12T20:09:00+05:30,captured,setl_00000093,
pay_260612003186,order_260612092,3364.00,card,67.28,2026-06-12T22:49:00+05:30,captured,setl_00000093,
pay_260612003187,order_260612092,642.00,upi_apps,12.84,2026-06-12T19:36:00+05:30,captured,setl_00000093,
pay_260612003188,order_260612092,1715.00,card,34.30,2026-06-12T18:24:00+05:30,captured,setl_00000093,
pay_260612003189,order_260612092,2912.00,card,58.24,2026-06-12T09:54:00+05:30,captured,setl_00000093,
pay_260612003190,order_260612092,4945.00,card,98.90,2026-06-12T11:55:00+05:30,captured,setl_00000093,
pay_260612003191,order_260612092,1229.00,upi_apps,24.58,2026-06-12T18:20:00+05:30,captured,setl_00000093,
pay_260613003192,order_260613093,2741.00,wallet,54.82,2026-06-13T14:19:00+05:30,captured,setl_00000094,
pay_260613003193,order_260613093,1505.00,upi_apps,30.10,2026-06-13T19:16:00+05:30,captured,setl_00000094,
pay_260613003194,order_260613093,2733.00,netbanking,24.59,2026-06-13T10:55:00+05:30,captured,setl_00000094,
pay_260613003195,order_260613093,2497.00,wallet,49.94,2026-06-13T14:25:00+05:30,captured,setl_00000094,
pay_260613003196,order_260613093,4100.00,upi_apps,82.00,2026-06-13T20:29:00+05:30,captured,setl_00000094,
pay_260614003197,order_260614094,4934.00,upi_apps,98.68,2026-06-14T16:44:00+05:30,captured,setl_00000095,
pay_260615003198,order_260615095,4465.00,card,89.30,2026-06-15T14:07:00+05:30,captured,setl_00000096,
pay_260615003199,order_260615095,529.00,upi_apps,10.58,2026-06-15T18:04:00+05:30,captured,setl_00000096,
pay_260615003200,order_260615095,960.00,upi_apps,19.20,2026-06-15T15:27:00+05:30,captured,setl_00000096,
pay_260615003201,order_260615095,1565.00,netbanking,14.08,2026-06-15T18:58:00+05:30,captured,setl_00000096,
pay_260615003202,order_260615095,795.00,netbanking,7.15,2026-06-15T14:11:00+05:30,captured,setl_00000096,
pay_260615003203,order_260615095,1294.00,upi_apps,25.88,2026-06-15T22:27:00+05:30,captured,setl_00000096,
pay_260615003204,order_260615095,3410.00,upi_apps,68.20,2026-06-15T20:34:00+05:30,captured,setl_00000096,
pay_260615003205,order_260615095,3156.00,card,63.12,2026-06-15T11:22:00+05:30,captured,setl_00000096,
pay_260615003206,order_260615095,4447.00,upi_apps,88.94,2026-06-15T08:19:00+05:30,captured,setl_00000096,
pay_260615003207,order_260615095,1103.00,netbanking,9.92,2026-06-15T16:19:00+05:30,captured,setl_00000096,
pay_260615003208,order_260615095,3074.00,upi_apps,61.48,2026-06-15T12:48:00+05:30,captured,setl_00000096,
pay_260615003209,order_260615095,4314.00,upi_apps,86.28,2026-06-15T17:20:00+05:30,captured,setl_00000096,
pay_260615003210,order_260615095,4502.00,card,90.04,2026-06-15T16:14:00+05:30,captured,setl_00000096,
pay_260615003211,order_260615095,3196.00,card,63.92,2026-06-15T19:25:00+05:30,captured,setl_00000096,
pay_260615003212,order_260615095,2027.00,card,40.54,2026-06-15T12:00:00+05:30,captured,setl_00000096,
pay_260615003213,order_260615095,5129.00,card,102.58,2026-06-15T12:06:00+05:30,captured,setl_00000096,
pay_260615003214,order_260615095,2890.00,upi_apps,57.80,2026-06-15T21:37:00+05:30,captured,setl_00000096,
pay_260615003215,order_260615095,2323.00,netbanking,20.90,2026-06-15T19:00:00+05:30,captured,setl_00000096,
pay_260615003216,order_260615095,5305.00,card,106.10,2026-06-15T15:32:00+05:30,captured,setl_00000096,
pay_260615003217,order_260615095,4150.00,upi_apps,83.00,2026-06-15T20:15:00+05:30,captured,setl_00000096,
pay_260615003218,order_260615095,627.00,upi_apps,12.54,2026-06-15T20:14:00+05:30,captured,setl_00000096,
pay_260615003219,order_260615095,2408.00,card,48.16,2026-06-15T13:40:00+05:30,captured,setl_00000096,
pay_260615003220,order_260615095,3232.00,card,64.64,2026-06-15T14:16:00+05:30,captured,setl_00000096,
pay_260615003221,order_260615095,1905.00,upi_apps,38.10,2026-06-15T21:46:00+05:30,captured,setl_00000096,
pay_260615003222,order_260615095,4518.00,wallet,90.36,2026-06-15T20:51:00+05:30,captured,setl_00000096,
pay_260615003223,order_260615095,5181.00,upi_apps,103.62,2026-06-15T14:21:00+05:30,captured,setl_00000096,
pay_260615003224,order_260615095,2331.00,card,46.62,2026-06-15T22:31:00+05:30,captured,setl_00000096,
pay_260615003225,order_260615095,3260.00,wallet,65.20,2026-06-15T19:33:00+05:30,captured,setl_00000096,
pay_260615003226,order_260615095,3003.00,upi_apps,60.06,2026-06-15T13:39:00+05:30,captured,setl_00000096,
pay_260615003227,order_260615095,3771.00,card,75.42,2026-06-15T08:53:00+05:30,captured,setl_00000096,
pay_260615003228,order_260615095,3988.00,card,79.76,2026-06-15T16:28:00+05:30,captured,setl_00000096,
pay_260615003229,order_260615095,3167.00,wallet,63.34,2026-06-15T08:09:00+05:30,captured,setl_00000096,
pay_260615003230,order_260615095,2752.00,card,55.04,2026-06-15T18:41:00+05:30,captured,setl_00000096,
pay_260615003231,order_260615095,804.00,card,16.08,2026-06-15T12:24:00+05:30,captured,setl_00000096,
pay_260615003232,order_260615095,4780.00,upi_apps,95.60,2026-06-15T22:00:00+05:30,captured,setl_00000096,
pay_260615003233,order_260615095,2985.00,upi_apps,59.70,2026-06-15T15:35:00+05:30,captured,setl_00000096,
pay_260615003234,order_260615095,4128.00,upi_apps,82.56,2026-06-15T20:25:00+05:30,captured,setl_00000096,
pay_260615003235,order_260615095,904.00,upi_apps,18.08,2026-06-15T18:39:00+05:30,captured,setl_00000096,
pay_260615003236,order_260615095,479.00,card,9.58,2026-06-15T12:53:00+05:30,captured,setl_00000096,
pay_260615003237,order_260615095,942.00,card,18.84,2026-06-15T13:12:00+05:30,captured,setl_00000096,
pay_260615003238,order_260615095,1690.00,upi_apps,33.80,2026-06-15T11:50:00+05:30,captured,setl_00000096,
pay_260615003239,order_260615095,2872.00,upi_apps,57.44,2026-06-15T21:42:00+05:30,captured,setl_00000096,
pay_260615003240,order_260615095,1174.00,upi_apps,23.48,2026-06-15T19:05:00+05:30,captured,setl_00000096,
pay_260615003241,order_260615095,4507.00,upi_apps,90.14,2026-06-15T08:54:00+05:30,captured,setl_00000096,
pay_260615003242,order_260615095,4147.00,card,82.94,2026-06-15T12:47:00+05:30,captured,setl_00000096,
pay_260615003243,order_260615095,2976.00,upi_apps,59.52,2026-06-15T09:23:00+05:30,captured,setl_00000096,
pay_260615003244,order_260615095,2304.00,card,46.08,2026-06-15T10:47:00+05:30,captured,setl_00000096,
pay_260615003245,order_260615095,2173.00,netbanking,19.55,2026-06-15T11:10:00+05:30,captured,setl_00000096,
pay_260615003246,order_260615095,4284.00,card,85.68,2026-06-15T20:54:00+05:30,captured,setl_00000096,
pay_260615003247,order_260615095,4779.00,card,95.58,2026-06-15T11:01:00+05:30,captured,setl_00000096,
pay_260615003248,order_260615095,5163.00,netbanking,46.46,2026-06-15T13:44:00+05:30,captured,setl_00000096,
pay_260615003249,order_260615095,2092.00,card,41.84,2026-06-15T09:17:00+05:30,captured,setl_00000096,
pay_260615003250,order_260615095,2415.00,card,48.30,2026-06-15T12:00:00+05:30,captured,setl_00000096,
pay_260615003251,order_260615095,481.00,upi_apps,9.62,2026-06-15T13:09:00+05:30,captured,setl_00000096,
pay_260615003252,order_260615095,2483.00,upi_apps,49.66,2026-06-15T15:03:00+05:30,captured,setl_00000096,
pay_260616003253,order_260616096,3900.00,netbanking,35.09,2026-06-16T08:00:00+05:30,captured,setl_00000097,
pay_260616003254,order_260616096,1213.00,netbanking,10.91,2026-06-16T19:00:00+05:30,captured,setl_00000097,
pay_260616003255,order_260616096,1249.00,netbanking,11.24,2026-06-16T13:30:00+05:30,captured,setl_00000097,
pay_260616003256,order_260616096,3395.00,wallet,67.90,2026-06-16T15:19:00+05:30,captured,setl_00000097,
pay_260616003257,order_260616096,3022.00,wallet,60.44,2026-06-16T18:12:00+05:30,captured,setl_00000097,
pay_260616003258,order_260616096,4450.00,card,89.00,2026-06-16T17:55:00+05:30,captured,setl_00000097,
pay_260616003259,order_260616096,4011.00,card,80.22,2026-06-16T12:21:00+05:30,captured,setl_00000097,
pay_260616003260,order_260616096,4282.00,upi_apps,85.64,2026-06-16T16:23:00+05:30,captured,setl_00000097,
pay_260616003261,order_260616096,3378.00,card,67.56,2026-06-16T20:22:00+05:30,captured,setl_00000097,
pay_260616003262,order_260616096,4157.00,netbanking,37.41,2026-06-16T12:49:00+05:30,captured,setl_00000097,
pay_260616003263,order_260616096,2469.00,upi_apps,49.38,2026-06-16T11:10:00+05:30,captured,setl_00000097,
pay_260616003264,order_260616096,5381.00,upi_apps,107.62,2026-06-16T11:22:00+05:30,captured,setl_00000097,
pay_260616003265,order_260616096,657.00,upi_apps,13.14,2026-06-16T20:10:00+05:30,captured,setl_00000097,
pay_260616003266,order_260616096,3378.00,upi_apps,67.56,2026-06-16T19:45:00+05:30,captured,setl_00000097,
pay_260616003267,order_260616096,2821.00,card,56.42,2026-06-16T15:47:00+05:30,captured,setl_00000097,
pay_260616003268,order_260616096,3296.00,card,65.92,2026-06-16T21:08:00+05:30,captured,setl_00000097,
pay_260616003269,order_260616096,5057.00,upi_apps,101.14,2026-06-16T11:23:00+05:30,captured,setl_00000097,
pay_260616003270,order_260616096,2511.00,upi_apps,50.22,2026-06-16T14:48:00+05:30,captured,setl_00000097,
pay_260616003271,order_260616096,5310.00,card,106.20,2026-06-16T11:39:00+05:30,captured,setl_00000097,
pay_260616003272,order_260616096,4876.00,card,97.52,2026-06-16T12:55:00+05:30,captured,setl_00000097,
pay_260616003273,order_260616096,4673.00,upi_apps,93.46,2026-06-16T21:28:00+05:30,captured,setl_00000097,
pay_260616003274,order_260616096,2317.00,netbanking,20.85,2026-06-16T11:06:00+05:30,captured,setl_00000097,
pay_260616003275,order_260616096,791.00,upi_apps,15.82,2026-06-16T14:01:00+05:30,captured,setl_00000097,
pay_260616003276,order_260616096,1015.00,upi_apps,20.30,2026-06-16T21:06:00+05:30,captured,setl_00000097,
pay_260616003277,order_260616096,1255.00,upi_apps,25.10,2026-06-16T20:47:00+05:30,captured,setl_00000097,
pay_260617003278,order_260617097,1253.00,upi_apps,25.06,2026-06-17T19:32:00+05:30,captured,setl_00000098,
pay_260617003279,order_260617097,5196.00,upi_apps,103.92,2026-06-17T16:13:00+05:30,captured,setl_00000098,
pay_260617003280,order_260617097,1191.00,upi_apps,23.82,2026-06-17T13:15:00+05:30,captured,setl_00000098,
pay_260617003281,order_260617097,727.00,card,14.54,2026-06-17T11:03:00+05:30,captured,setl_00000098,
pay_260617003282,order_260617097,973.00,card,19.46,2026-06-17T12:17:00+05:30,captured,setl_00000098,
pay_260617003283,order_260617097,3896.00,upi_apps,77.92,2026-06-17T19:42:00+05:30,captured,setl_00000098,
pay_260617003284,order_260617097,2609.00,upi_apps,52.18,2026-06-17T11:54:00+05:30,captured,setl_00000098,
pay_260617003285,order_260617097,1065.00,upi_apps,21.30,2026-06-17T17:54:00+05:30,captured,setl_00000098,
pay_260617003286,order_260617097,3217.00,upi_apps,64.34,2026-06-17T21:53:00+05:30,captured,setl_00000098,
pay_260617003287,order_260617097,4166.00,card,83.32,2026-06-17T08:25:00+05:30,captured,setl_00000098,
pay_260617003288,order_260617097,4113.00,card,82.26,2026-06-17T08:00:00+05:30,captured,setl_00000098,
pay_260617003289,order_260617097,5046.00,upi_apps,100.92,2026-06-17T14:38:00+05:30,captured,setl_00000098,
pay_260617003290,order_260617097,1775.00,upi_apps,35.50,2026-06-17T22:54:00+05:30,captured,setl_00000098,
pay_260618003291,order_260618098,1354.00,card,27.08,2026-06-18T15:38:00+05:30,captured,setl_00000099,
pay_260618003292,order_260618098,4840.00,upi_apps,96.80,2026-06-18T09:43:00+05:30,captured,setl_00000099,
pay_260618003293,order_260618098,2554.00,netbanking,22.98,2026-06-18T15:24:00+05:30,captured,setl_00000099,
pay_260618003294,order_260618098,1065.00,card,21.30,2026-06-18T12:10:00+05:30,captured,setl_00000099,
pay_260618003295,order_260618098,2086.00,netbanking,18.77,2026-06-18T11:41:00+05:30,captured,setl_00000099,
pay_260618003296,order_260618098,1064.00,card,21.28,2026-06-18T08:22:00+05:30,captured,setl_00000099,
pay_260618003297,order_260618098,5137.00,wallet,102.74,2026-06-18T10:29:00+05:30,captured,setl_00000099,
pay_260618003298,order_260618098,3583.00,upi_apps,71.66,2026-06-18T22:23:00+05:30,captured,setl_00000099,
pay_260618003299,order_260618098,2556.00,upi_apps,51.12,2026-06-18T20:11:00+05:30,captured,setl_00000099,
pay_260618003300,order_260618098,3760.00,card,75.20,2026-06-18T20:32:00+05:30,captured,setl_00000099,
pay_260618003301,order_260618098,872.00,card,17.44,2026-06-18T16:32:00+05:30,captured,setl_00000099,
pay_260618003302,order_260618098,2287.00,upi_apps,45.74,2026-06-18T19:07:00+05:30,captured,setl_00000099,
pay_260618003303,order_260618098,4276.00,card,85.52,2026-06-18T17:59:00+05:30,captured,setl_00000099,
pay_260618003304,order_260618098,4170.00,upi_apps,83.40,2026-06-18T19:04:00+05:30,captured,setl_00000099,
pay_260618003305,order_260618098,2894.00,wallet,57.88,2026-06-18T22:08:00+05:30,captured,setl_00000099,
pay_260618003306,order_260618098,2900.00,card,58.00,2026-06-18T17:56:00+05:30,captured,setl_00000099,
pay_260618003307,order_260618098,1546.00,wallet,30.92,2026-06-18T21:21:00+05:30,captured,setl_00000099,
pay_260618003308,order_260618098,2165.00,upi_apps,43.30,2026-06-18T22:33:00+05:30,captured,setl_00000099,
pay_260618003309,order_260618098,5146.00,netbanking,46.31,2026-06-18T13:49:00+05:30,captured,setl_00000099,
pay_260618003310,order_260618098,2866.00,upi_apps,57.32,2026-06-18T22:02:00+05:30,captured,setl_00000099,
pay_260618003311,order_260618098,1067.00,wallet,21.34,2026-06-18T10:25:00+05:30,captured,setl_00000099,
pay_260618003312,order_260618098,4765.00,upi_apps,95.30,2026-06-18T14:16:00+05:30,captured,setl_00000099,
pay_260618003313,order_260618098,2169.00,card,43.38,2026-06-18T14:14:00+05:30,captured,setl_00000099,
pay_260618003314,order_260618098,1982.00,card,39.64,2026-06-18T17:42:00+05:30,captured,setl_00000099,
pay_260618003315,order_260618098,4585.00,upi_apps,91.70,2026-06-18T13:41:00+05:30,captured,setl_00000099,
pay_260618003316,order_260618098,2425.00,netbanking,21.82,2026-06-18T10:19:00+05:30,captured,setl_00000099,
pay_260618003317,order_260618098,4181.00,netbanking,37.62,2026-06-18T14:40:00+05:30,captured,setl_00000099,
pay_260618003318,order_260618098,3616.00,card,72.32,2026-06-18T13:03:00+05:30,captured,setl_00000099,
pay_260618003319,order_260618098,3507.00,upi_apps,70.14,2026-06-18T19:03:00+05:30,captured,setl_00000099,
pay_260618003320,order_260618098,2566.00,netbanking,23.09,2026-06-18T14:20:00+05:30,captured,setl_00000099,
pay_260618003321,order_260618098,2711.00,upi_apps,54.22,2026-06-18T12:44:00+05:30,captured,setl_00000099,
pay_260618003322,order_260618098,1231.00,card,24.62,2026-06-18T16:50:00+05:30,captured,setl_00000099,
pay_260618003323,order_260618098,2060.00,upi_apps,41.20,2026-06-18T21:22:00+05:30,captured,setl_00000099,
pay_260618003324,order_260618098,2260.00,netbanking,20.33,2026-06-18T15:03:00+05:30,captured,setl_00000099,
pay_260618003325,order_260618098,2741.00,upi_apps,54.82,2026-06-18T10:43:00+05:30,captured,setl_00000099,
pay_260618003326,order_260618098,1430.00,wallet,28.60,2026-06-18T12:32:00+05:30,captured,setl_00000099,
pay_260618003327,order_260618098,525.00,card,10.50,2026-06-18T09:17:00+05:30,captured,setl_00000099,
pay_260618003328,order_260618098,942.00,upi_apps,18.84,2026-06-18T12:22:00+05:30,captured,setl_00000099,
pay_260618003329,order_260618098,3799.00,card,75.98,2026-06-18T12:32:00+05:30,captured,setl_00000099,
pay_260619003330,order_260619099,3728.00,card,74.56,2026-06-19T17:06:00+05:30,captured,setl_00000100,
pay_260619003331,order_260619099,4037.00,upi_apps,80.74,2026-06-19T19:57:00+05:30,captured,setl_00000100,
pay_260619003332,order_260619099,5151.00,upi_apps,103.02,2026-06-19T12:06:00+05:30,captured,setl_00000100,
pay_260619003333,order_260619099,2855.00,netbanking,25.69,2026-06-19T22:55:00+05:30,captured,setl_00000100,
pay_260619003334,order_260619099,3391.00,card,67.82,2026-06-19T15:02:00+05:30,captured,setl_00000100,
pay_260619003335,order_260619099,2380.00,upi_apps,47.60,2026-06-19T12:51:00+05:30,captured,setl_00000100,
pay_260619003336,order_260619099,4092.00,netbanking,36.82,2026-06-19T18:19:00+05:30,captured,setl_00000100,
pay_260619003337,order_260619099,1633.00,upi_apps,32.66,2026-06-19T19:04:00+05:30,captured,setl_00000100,
pay_260619003338,order_260619099,5183.00,upi_apps,103.66,2026-06-19T11:02:00+05:30,captured,setl_00000100,
pay_260619003339,order_260619099,2115.00,upi_apps,42.30,2026-06-19T20:18:00+05:30,captured,setl_00000100,
pay_260619003340,order_260619099,698.00,card,13.96,2026-06-19T19:07:00+05:30,captured,setl_00000100,
pay_260619003341,order_260619099,1296.00,upi_apps,25.92,2026-06-19T11:26:00+05:30,captured,setl_00000100,
pay_260619003342,order_260619099,5326.00,upi_apps,106.52,2026-06-19T12:30:00+05:30,captured,setl_00000100,
pay_260619003343,order_260619099,2938.00,netbanking,26.44,2026-06-19T17:29:00+05:30,captured,setl_00000100,
pay_260619003344,order_260619099,1216.00,netbanking,10.94,2026-06-19T08:41:00+05:30,captured,setl_00000100,
pay_260619003345,order_260619099,2612.00,card,52.24,2026-06-19T09:59:00+05:30,captured,setl_00000100,
pay_260619003346,order_260619099,2241.00,upi_apps,44.82,2026-06-19T14:26:00+05:30,captured,setl_00000100,
pay_260619003347,order_260619099,3053.00,netbanking,27.47,2026-06-19T16:34:00+05:30,captured,setl_00000100,
pay_260619003348,order_260619099,3045.00,upi_apps,60.90,2026-06-19T19:21:00+05:30,captured,setl_00000100,
pay_260619003349,order_260619099,955.00,upi_apps,19.10,2026-06-19T19:43:00+05:30,captured,setl_00000100,
pay_260619003350,order_260619099,1100.00,upi_apps,22.00,2026-06-19T16:14:00+05:30,captured,setl_00000100,
pay_260619003351,order_260619099,908.00,card,18.16,2026-06-19T11:06:00+05:30,captured,setl_00000100,
pay_260619003352,order_260619099,4849.00,card,96.98,2026-06-19T09:36:00+05:30,captured,setl_00000100,
pay_260619003353,order_260619099,525.00,upi_apps,10.50,2026-06-19T19:39:00+05:30,captured,setl_00000100,
pay_260619003354,order_260619099,3355.00,upi_apps,67.10,2026-06-19T10:11:00+05:30,captured,setl_00000100,
pay_260619003355,order_260619099,2227.00,card,44.54,2026-06-19T09:57:00+05:30,captured,setl_00000100,
pay_260619003356,order_260619099,3335.00,upi_apps,66.70,2026-06-19T21:12:00+05:30,captured,setl_00000100,
pay_260619003357,order_260619099,1596.00,card,31.92,2026-06-19T15:25:00+05:30,captured,setl_00000100,
pay_260619003358,order_260619099,2602.00,card,52.04,2026-06-19T14:31:00+05:30,captured,setl_00000100,
pay_260619003359,order_260619099,2483.00,wallet,49.66,2026-06-19T16:31:00+05:30,captured,setl_00000100,
pay_260619003360,order_260619099,1209.00,wallet,24.18,2026-06-19T14:07:00+05:30,captured,setl_00000100,
pay_260619003361,order_260619099,698.00,upi_apps,13.96,2026-06-19T12:07:00+05:30,captured,setl_00000100,
pay_260619003362,order_260619099,3173.00,wallet,63.46,2026-06-19T16:21:00+05:30,captured,setl_00000100,
pay_260619003363,order_260619099,1416.00,card,28.32,2026-06-19T19:57:00+05:30,captured,setl_00000100,
pay_260619003364,order_260619099,3699.00,upi_apps,73.98,2026-06-19T08:40:00+05:30,captured,setl_00000100,
pay_260619003365,order_260619099,2243.00,upi_apps,44.86,2026-06-19T17:05:00+05:30,captured,setl_00000100,
pay_260619003366,order_260619099,5236.00,upi_apps,104.72,2026-06-19T12:46:00+05:30,captured,setl_00000100,
pay_260619003367,order_260619099,4113.00,upi_apps,82.26,2026-06-19T16:00:00+05:30,captured,setl_00000100,
pay_260619003368,order_260619099,536.00,netbanking,4.82,2026-06-19T09:18:00+05:30,captured,setl_00000100,
pay_260619003369,order_260619099,4844.00,card,96.88,2026-06-19T15:56:00+05:30,captured,setl_00000100,
pay_260619003370,order_260619099,2443.00,card,48.86,2026-06-19T18:34:00+05:30,captured,setl_00000100,
pay_260619003371,order_260619099,1412.00,upi_apps,28.24,2026-06-19T10:17:00+05:30,captured,setl_00000100,
pay_260619003372,order_260619099,3913.00,card,78.26,2026-06-19T17:20:00+05:30,captured,setl_00000100,
pay_260619003373,order_260619099,3173.00,upi_apps,63.46,2026-06-19T13:15:00+05:30,captured,setl_00000100,
pay_260619003374,order_260619099,823.00,upi_apps,16.46,2026-06-19T11:07:00+05:30,captured,setl_00000100,
pay_260619003375,order_260619099,2202.00,upi_apps,44.04,2026-06-19T14:56:00+05:30,captured,setl_00000100,
pay_260620003376,order_260620100,2245.00,wallet,44.90,2026-06-20T10:26:00+05:30,captured,setl_00000101,
pay_260620003377,order_260620100,4515.00,upi_apps,90.30,2026-06-20T11:48:00+05:30,captured,setl_00000101,
pay_260620003378,order_260620100,1646.00,upi_apps,32.92,2026-06-20T15:01:00+05:30,captured,setl_00000101,
pay_260620003379,order_260620100,5087.00,netbanking,45.78,2026-06-20T21:53:00+05:30,captured,setl_00000101,
pay_260620003380,order_260620100,1743.00,upi_apps,34.86,2026-06-20T09:51:00+05:30,captured,setl_00000101,
pay_260620003381,order_260620100,5358.00,upi_apps,107.16,2026-06-20T20:55:00+05:30,captured,setl_00000101,
pay_260620003382,order_260620100,4234.00,upi_apps,84.68,2026-06-20T19:18:00+05:30,captured,setl_00000101,
pay_260620003383,order_260620100,1076.00,upi_apps,21.52,2026-06-20T20:06:00+05:30,captured,setl_00000101,
pay_260620003384,order_260620100,2466.00,card,49.32,2026-06-20T12:37:00+05:30,captured,setl_00000101,
pay_260620003385,order_260620100,2949.00,upi_apps,58.98,2026-06-20T14:55:00+05:30,captured,setl_00000101,
pay_260620003386,order_260620100,5110.00,upi_apps,102.20,2026-06-20T15:54:00+05:30,captured,setl_00000101,
pay_260622003387,order_260622101,4185.00,upi_apps,83.70,2026-06-22T13:27:00+05:30,captured,setl_00000102,
pay_260622003388,order_260622101,1841.00,upi_apps,36.82,2026-06-22T21:43:00+05:30,captured,setl_00000102,
pay_260622003389,order_260622101,1273.00,netbanking,11.45,2026-06-22T20:21:00+05:30,captured,setl_00000102,
pay_260622003390,order_260622101,3382.00,upi_apps,67.64,2026-06-22T10:10:00+05:30,captured,setl_00000102,
pay_260622003391,order_260622101,1038.00,card,20.76,2026-06-22T22:30:00+05:30,captured,setl_00000102,
pay_260622003392,order_260622101,4919.00,netbanking,44.27,2026-06-22T13:24:00+05:30,captured,setl_00000102,
pay_260622003393,order_260622101,3070.00,upi_apps,61.40,2026-06-22T21:28:00+05:30,captured,setl_00000102,
pay_260622003394,order_260622101,517.00,wallet,10.34,2026-06-22T13:26:00+05:30,captured,setl_00000102,
pay_260622003395,order_260622101,4595.00,card,91.90,2026-06-22T18:20:00+05:30,captured,setl_00000102,
pay_260622003396,order_260622101,2203.00,card,44.06,2026-06-22T10:55:00+05:30,captured,setl_00000102,
pay_260622003397,order_260622101,778.00,upi_apps,15.56,2026-06-22T13:23:00+05:30,captured,setl_00000102,
pay_260622003398,order_260622101,4464.00,upi_apps,89.28,2026-06-22T15:03:00+05:30,captured,setl_00000102,
pay_260622003399,order_260622101,1161.00,upi_apps,23.22,2026-06-22T22:38:00+05:30,captured,setl_00000102,
pay_260622003400,order_260622101,4294.00,upi_apps,85.88,2026-06-22T11:51:00+05:30,captured,setl_00000102,
pay_260622003401,order_260622101,5015.00,upi_apps,100.30,2026-06-22T13:57:00+05:30,captured,setl_00000102,
pay_260622003402,order_260622101,3357.00,netbanking,30.21,2026-06-22T10:24:00+05:30,captured,setl_00000102,
pay_260622003403,order_260622101,3833.00,card,76.66,2026-06-22T10:54:00+05:30,captured,setl_00000102,
pay_260622003404,order_260622101,664.00,card,13.28,2026-06-22T13:40:00+05:30,captured,setl_00000102,
pay_260622003405,order_260622101,1442.00,card,28.84,2026-06-22T14:58:00+05:30,captured,setl_00000102,
pay_260622003406,order_260622101,1088.00,upi_apps,21.76,2026-06-22T18:25:00+05:30,captured,setl_00000102,
pay_260622003407,order_260622101,4758.00,upi_apps,95.16,2026-06-22T15:06:00+05:30,captured,setl_00000102,
pay_260622003408,order_260622101,798.00,upi_apps,15.96,2026-06-22T17:13:00+05:30,captured,setl_00000102,
pay_260622003409,order_260622101,4983.00,upi_apps,99.66,2026-06-22T19:44:00+05:30,captured,setl_00000102,
pay_260622003410,order_260622101,1169.00,card,23.38,2026-06-22T09:47:00+05:30,captured,setl_00000102,
pay_260622003411,order_260622101,5189.00,upi_apps,103.78,2026-06-22T10:37:00+05:30,captured,setl_00000102,
pay_260622003412,order_260622101,4822.00,upi_apps,96.44,2026-06-22T13:16:00+05:30,captured,setl_00000102,
pay_260622003413,order_260622101,4420.00,card,88.40,2026-06-22T17:47:00+05:30,captured,setl_00000102,
pay_260622003414,order_260622101,5205.00,upi_apps,104.10,2026-06-22T17:41:00+05:30,captured,setl_00000102,
pay_260622003415,order_260622101,3758.00,netbanking,33.82,2026-06-22T20:34:00+05:30,captured,setl_00000102,
pay_260622003416,order_260622101,2358.00,upi_apps,47.16,2026-06-22T21:39:00+05:30,captured,setl_00000102,
pay_260622003417,order_260622101,3283.00,netbanking,29.54,2026-06-22T09:27:00+05:30,captured,setl_00000102,
pay_260622003418,order_260622101,1174.00,card,23.48,2026-06-22T08:16:00+05:30,captured,setl_00000102,
pay_260622003419,order_260622101,1465.00,upi_apps,29.30,2026-06-22T13:16:00+05:30,captured,setl_00000102,
pay_260622003420,order_260622101,1656.00,upi_apps,33.12,2026-06-22T16:10:00+05:30,captured,setl_00000102,
pay_260622003421,order_260622101,1115.00,upi_apps,22.30,2026-06-22T19:09:00+05:30,captured,setl_00000102,
pay_260622003422,order_260622101,2180.00,card,43.60,2026-06-22T11:02:00+05:30,captured,setl_00000102,
pay_260622003423,order_260622101,2417.00,card,48.34,2026-06-22T20:13:00+05:30,captured,setl_00000102,
pay_260622003424,order_260622101,2696.00,upi_apps,53.92,2026-06-22T14:34:00+05:30,captured,setl_00000102,
pay_260622003425,order_260622101,3368.00,card,67.36,2026-06-22T18:28:00+05:30,captured,setl_00000102,
pay_260622003426,order_260622101,2491.00,upi_apps,49.82,2026-06-22T15:30:00+05:30,captured,setl_00000102,
pay_260622003427,order_260622101,2336.00,wallet,46.72,2026-06-22T08:30:00+05:30,captured,setl_00000102,
pay_260622003428,order_260622101,3905.00,upi_apps,78.10,2026-06-22T19:40:00+05:30,captured,setl_00000102,
pay_260622003429,order_260622101,3671.00,card,73.42,2026-06-22T17:49:00+05:30,captured,setl_00000102,
pay_260622003430,order_260622101,3062.00,card,61.24,2026-06-22T19:27:00+05:30,captured,setl_00000102,
pay_260622003431,order_260622101,4225.00,upi_apps,84.50,2026-06-22T22:00:00+05:30,captured,setl_00000102,
pay_260622003432,order_260622101,2469.00,upi_apps,49.38,2026-06-22T21:03:00+05:30,captured,setl_00000102,
pay_260622003433,order_260622101,1138.00,upi_apps,22.76,2026-06-22T13:19:00+05:30,captured,setl_00000102,
pay_260622003434,order_260622101,1639.00,upi_apps,32.78,2026-06-22T21:34:00+05:30,captured,setl_00000102,
pay_260622003435,order_260622101,1696.00,card,33.92,2026-06-22T14:29:00+05:30,captured,setl_00000102,
pay_260622003436,order_260622101,488.00,upi_apps,9.76,2026-06-22T15:10:00+05:30,captured,setl_00000102,
pay_260622003437,order_260622101,5121.00,card,102.42,2026-06-22T12:49:00+05:30,captured,setl_00000102,
pay_260622003438,order_260622101,793.00,upi_apps,15.86,2026-06-22T19:03:00+05:30,captured,setl_00000102,
pay_260622003439,order_260622101,3378.00,upi_apps,67.56,2026-06-22T14:44:00+05:30,captured,setl_00000102,
pay_260622003440,order_260622101,2143.00,wallet,42.86,2026-06-22T12:44:00+05:30,captured,setl_00000102,
pay_260622003441,order_260622101,2979.00,upi_apps,59.58,2026-06-22T09:58:00+05:30,captured,setl_00000102,
pay_260622003442,order_260622101,5093.00,upi_apps,101.86,2026-06-22T10:16:00+05:30,captured,setl_00000102,
pay_260622003443,order_260622101,3972.00,upi_apps,79.44,2026-06-22T20:25:00+05:30,captured,setl_00000102,
pay_260622003444,order_260622101,1854.00,wallet,37.08,2026-06-22T09:57:00+05:30,captured,setl_00000102,
pay_260622003445,order_260622101,2071.00,upi_apps,41.42,2026-06-22T15:57:00+05:30,captured,setl_00000102,
pay_260622003446,order_260622101,3364.00,upi_apps,67.28,2026-06-22T09:47:00+05:30,captured,setl_00000102,
pay_260622003447,order_260622101,819.00,netbanking,7.37,2026-06-22T14:59:00+05:30,captured,setl_00000102,
pay_260622003448,order_260622101,3217.00,upi_apps,64.34,2026-06-22T16:25:00+05:30,captured,setl_00000102,
pay_260622003449,order_260622101,1880.00,upi_apps,37.60,2026-06-22T19:39:00+05:30,captured,setl_00000102,
pay_260622003450,order_260622101,5116.00,upi_apps,102.32,2026-06-22T14:45:00+05:30,captured,setl_00000102,
pay_260623003451,order_260623102,5074.00,netbanking,45.66,2026-06-23T15:42:00+05:30,captured,setl_00000103,
pay_260623003452,order_260623102,4341.00,card,86.82,2026-06-23T19:41:00+05:30,captured,setl_00000103,
pay_260623003453,order_260623102,554.00,netbanking,4.98,2026-06-23T12:23:00+05:30,captured,setl_00000103,
pay_260623003454,order_260623102,1981.00,upi_apps,39.62,2026-06-23T21:41:00+05:30,captured,setl_00000103,
pay_260623003455,order_260623102,1734.00,upi_apps,34.68,2026-06-23T18:53:00+05:30,captured,setl_00000103,
pay_260623003456,order_260623102,695.00,upi_apps,13.90,2026-06-23T18:03:00+05:30,captured,setl_00000103,
pay_260623003457,order_260623102,4537.00,upi_apps,90.74,2026-06-23T15:32:00+05:30,captured,setl_00000103,
pay_260623003458,order_260623102,1425.00,upi_apps,28.50,2026-06-23T17:23:00+05:30,captured,setl_00000103,
pay_260623003459,order_260623102,1214.00,upi_apps,24.28,2026-06-23T22:02:00+05:30,captured,setl_00000103,
pay_260623003460,order_260623102,4971.00,card,99.42,2026-06-23T09:53:00+05:30,captured,setl_00000103,
pay_260623003461,order_260623102,4843.00,wallet,96.86,2026-06-23T15:51:00+05:30,captured,setl_00000103,
pay_260623003462,order_260623102,590.00,card,11.80,2026-06-23T14:57:00+05:30,captured,setl_00000103,
pay_260623003463,order_260623102,2555.00,card,51.10,2026-06-23T21:01:00+05:30,captured,setl_00000103,
pay_260623003464,order_260623102,5211.00,upi_apps,104.22,2026-06-23T22:39:00+05:30,captured,setl_00000103,
pay_260623003465,order_260623102,3232.00,card,64.64,2026-06-23T19:12:00+05:30,captured,setl_00000103,
pay_260623003466,order_260623102,1995.00,card,39.90,2026-06-23T14:51:00+05:30,captured,setl_00000103,
pay_260623003467,order_260623102,4539.00,netbanking,40.85,2026-06-23T22:10:00+05:30,captured,setl_00000103,
pay_260623003468,order_260623102,2789.00,upi_apps,55.78,2026-06-23T17:27:00+05:30,captured,setl_00000103,
pay_260623003469,order_260623102,1770.00,upi_apps,35.40,2026-06-23T20:03:00+05:30,captured,setl_00000103,
pay_260623003470,order_260623102,2726.00,wallet,54.52,2026-06-23T13:36:00+05:30,captured,setl_00000103,
pay_260623003471,order_260623102,625.00,upi_apps,12.50,2026-06-23T17:31:00+05:30,captured,setl_00000103,
pay_260623003472,order_260623102,4923.00,card,98.46,2026-06-23T16:18:00+05:30,captured,setl_00000103,
pay_260623003473,order_260623102,4799.00,card,95.98,2026-06-23T18:35:00+05:30,captured,setl_00000103,
pay_260623003474,order_260623102,4373.00,card,87.46,2026-06-23T13:54:00+05:30,captured,setl_00000103,
pay_260623003475,order_260623102,3897.00,upi_apps,77.94,2026-06-23T17:31:00+05:30,captured,setl_00000103,
pay_260623003476,order_260623102,5163.00,card,103.26,2026-06-23T11:14:00+05:30,captured,setl_00000103,
pay_260623003477,order_260623102,4842.00,wallet,96.84,2026-06-23T13:43:00+05:30,captured,setl_00000103,
pay_260623003478,order_260623102,4560.00,card,91.20,2026-06-23T19:54:00+05:30,captured,setl_00000103,
pay_260623003479,order_260623102,4619.00,card,92.38,2026-06-23T18:26:00+05:30,captured,setl_00000103,
pay_260623003480,order_260623102,4540.00,netbanking,40.85,2026-06-23T21:35:00+05:30,captured,setl_00000103,
pay_260623003481,order_260623102,1885.00,upi_apps,37.70,2026-06-23T20:24:00+05:30,captured,setl_00000103,
pay_260623003482,order_260623102,3500.00,netbanking,31.49,2026-06-23T18:57:00+05:30,captured,setl_00000103,
pay_260623003483,order_260623102,3266.00,wallet,65.32,2026-06-23T22:52:00+05:30,captured,setl_00000103,
pay_260623003484,order_260623102,1389.00,card,27.78,2026-06-23T15:06:00+05:30,captured,setl_00000103,
pay_260623003485,order_260623102,3600.00,upi_apps,72.00,2026-06-23T11:47:00+05:30,captured,setl_00000103,
pay_260623003486,order_260623102,5334.00,upi_apps,106.68,2026-06-23T10:16:00+05:30,captured,setl_00000103,
pay_260624003487,order_260624103,4757.00,upi_apps,95.14,2026-06-24T20:05:00+05:30,captured,setl_00000104,
pay_260624003488,order_260624103,2830.00,wallet,56.60,2026-06-24T09:48:00+05:30,captured,setl_00000104,
pay_260624003489,order_260624103,2087.00,wallet,41.74,2026-06-24T20:26:00+05:30,captured,setl_00000104,
pay_260624003490,order_260624103,4565.00,wallet,91.30,2026-06-24T09:53:00+05:30,captured,setl_00000104,
pay_260624003491,order_260624103,1656.00,upi_apps,33.12,2026-06-24T20:26:00+05:30,captured,setl_00000104,
pay_260624003492,order_260624103,3974.00,upi_apps,79.48,2026-06-24T19:46:00+05:30,captured,setl_00000104,
pay_260624003493,order_260624103,3998.00,upi_apps,79.96,2026-06-24T09:15:00+05:30,captured,setl_00000104,
pay_260624003494,order_260624103,711.00,card,14.22,2026-06-24T14:02:00+05:30,captured,setl_00000104,
pay_260624003495,order_260624103,4366.00,netbanking,39.29,2026-06-24T11:00:00+05:30,captured,setl_00000104,
pay_260624003496,order_260624103,4058.00,upi_apps,81.16,2026-06-24T21:14:00+05:30,captured,setl_00000104,
pay_260624003497,order_260624103,4450.00,upi_apps,89.00,2026-06-24T14:36:00+05:30,captured,setl_00000104,
pay_260624003498,order_260624103,3485.00,upi_apps,69.70,2026-06-24T08:53:00+05:30,captured,setl_00000104,
pay_260624003499,order_260624103,733.00,netbanking,6.59,2026-06-24T19:30:00+05:30,captured,setl_00000104,
pay_260624003500,order_260624103,4483.00,netbanking,40.34,2026-06-24T16:25:00+05:30,captured,setl_00000104,
pay_260624003501,order_260624103,1145.00,upi_apps,22.90,2026-06-24T18:01:00+05:30,captured,setl_00000104,
pay_260624003502,order_260624103,1782.00,card,35.64,2026-06-24T16:10:00+05:30,captured,setl_00000104,
pay_260624003503,order_260624103,1878.00,card,37.56,2026-06-24T20:11:00+05:30,captured,setl_00000104,
pay_260624003504,order_260624103,2325.00,wallet,46.50,2026-06-24T10:08:00+05:30,captured,setl_00000104,
pay_260624003505,order_260624103,1766.00,upi_apps,35.32,2026-06-24T14:45:00+05:30,captured,setl_00000104,
pay_260624003506,order_260624103,4248.00,upi_apps,84.96,2026-06-24T10:54:00+05:30,captured,setl_00000104,
pay_260624003507,order_260624103,3951.00,card,79.02,2026-06-24T22:37:00+05:30,captured,setl_00000104,
pay_260624003508,order_260624103,2517.00,card,50.34,2026-06-24T18:54:00+05:30,captured,setl_00000104,
pay_260624003509,order_260624103,1597.00,card,31.94,2026-06-24T17:47:00+05:30,captured,setl_00000104,
pay_260624003510,order_260624103,4235.00,card,84.70,2026-06-24T21:50:00+05:30,captured,setl_00000104,
pay_260625003511,order_260625104,2347.00,upi_apps,46.94,2026-06-25T13:22:00+05:30,captured,setl_00000105,
pay_260625003512,order_260625104,591.00,upi_apps,11.82,2026-06-25T17:18:00+05:30,captured,setl_00000105,
pay_260625003513,order_260625104,2947.00,upi_apps,58.94,2026-06-25T12:49:00+05:30,captured,setl_00000105,
pay_260625003514,order_260625104,1064.00,netbanking,9.57,2026-06-25T09:14:00+05:30,captured,setl_00000105,
pay_260625003515,order_260625104,488.00,card,9.76,2026-06-25T16:40:00+05:30,captured,setl_00000105,
pay_260625003516,order_260625104,477.00,card,9.54,2026-06-25T10:07:00+05:30,captured,setl_00000105,
pay_260625003517,order_260625104,2270.00,card,45.40,2026-06-25T13:06:00+05:30,captured,setl_00000105,
pay_260625003518,order_260625104,4282.00,upi_apps,85.64,2026-06-25T15:43:00+05:30,captured,setl_00000105,
pay_260625003519,order_260625104,5056.00,upi_apps,101.12,2026-06-25T08:48:00+05:30,captured,setl_00000105,
pay_260625003520,order_260625104,2808.00,card,56.16,2026-06-25T14:58:00+05:30,captured,setl_00000105,
pay_260625003521,order_260625104,4238.00,upi_apps,84.76,2026-06-25T10:50:00+05:30,captured,setl_00000105,
pay_260625003522,order_260625104,2259.00,upi_apps,45.18,2026-06-25T10:45:00+05:30,captured,setl_00000105,
pay_260625003523,order_260625104,5095.00,card,101.90,2026-06-25T12:13:00+05:30,captured,setl_00000105,
pay_260625003524,order_260625104,3337.00,upi_apps,66.74,2026-06-25T10:30:00+05:30,captured,setl_00000105,
pay_260625003525,order_260625104,3636.00,upi_apps,72.72,2026-06-25T11:55:00+05:30,captured,setl_00000105,
pay_260625003526,order_260625104,1851.00,card,37.02,2026-06-25T20:44:00+05:30,captured,setl_00000105,
pay_260625003527,order_260625104,1268.00,wallet,25.36,2026-06-25T08:34:00+05:30,captured,setl_00000105,
pay_260625003528,order_260625104,3605.00,upi_apps,72.10,2026-06-25T21:38:00+05:30,captured,setl_00000105,
pay_260625003529,order_260625104,3974.00,upi_apps,79.48,2026-06-25T16:22:00+05:30,captured,setl_00000105,
pay_260625003530,order_260625104,2397.00,card,47.94,2026-06-25T17:17:00+05:30,captured,setl_00000105,
pay_260625003531,order_260625104,5283.00,upi_apps,105.66,2026-06-25T22:52:00+05:30,captured,setl_00000105,
pay_260625003532,order_260625104,2929.00,card,58.58,2026-06-25T16:42:00+05:30,captured,setl_00000105,
pay_260625003533,order_260625104,3954.00,card,79.08,2026-06-25T12:06:00+05:30,captured,setl_00000105,
pay_260625003534,order_260625104,2327.00,netbanking,20.94,2026-06-25T14:12:00+05:30,captured,setl_00000105,
pay_260625003535,order_260625104,2832.00,upi_apps,56.64,2026-06-25T08:49:00+05:30,captured,setl_00000105,
pay_260625003536,order_260625104,4513.00,upi_apps,90.26,2026-06-25T14:12:00+05:30,captured,setl_00000105,
pay_260625003537,order_260625104,1704.00,upi_apps,34.08,2026-06-25T14:28:00+05:30,captured,setl_00000105,
pay_260625003538,order_260625104,3903.00,card,78.06,2026-06-25T13:41:00+05:30,captured,setl_00000105,
pay_260625003539,order_260625104,4003.00,upi_apps,80.06,2026-06-25T15:19:00+05:30,captured,setl_00000105,
pay_260625003540,order_260625104,2961.00,netbanking,26.64,2026-06-25T17:31:00+05:30,captured,setl_00000105,
pay_260625003541,order_260625104,4917.00,card,98.34,2026-06-25T08:21:00+05:30,captured,setl_00000105,
pay_260625003542,order_260625104,2688.00,upi_apps,53.76,2026-06-25T14:37:00+05:30,captured,setl_00000105,
pay_260625003543,order_260625104,4054.00,card,81.08,2026-06-25T13:03:00+05:30,captured,setl_00000105,
pay_260625003544,order_260625104,3883.00,upi_apps,77.66,2026-06-25T21:44:00+05:30,captured,setl_00000105,
pay_260625003545,order_260625104,5266.00,card,105.32,2026-06-25T14:16:00+05:30,captured,setl_00000105,
pay_260625003546,order_260625104,4560.00,upi_apps,91.20,2026-06-25T12:24:00+05:30,captured,setl_00000105,
pay_260625003547,order_260625104,1191.00,upi_apps,23.82,2026-06-25T14:04:00+05:30,captured,setl_00000105,
pay_260625003548,order_260625104,1128.00,upi_apps,22.56,2026-06-25T19:00:00+05:30,captured,setl_00000105,
pay_260625003549,order_260625104,4306.00,upi_apps,86.12,2026-06-25T16:56:00+05:30,captured,setl_00000105,
pay_260625003550,order_260625104,4794.00,card,95.88,2026-06-25T20:50:00+05:30,captured,setl_00000105,
pay_260625003551,order_260625104,1302.00,netbanking,11.71,2026-06-25T18:00:00+05:30,captured,setl_00000105,
pay_260625003552,order_260625104,1645.00,netbanking,14.80,2026-06-25T18:18:00+05:30,captured,setl_00000105,
pay_260625003553,order_260625104,4147.00,upi_apps,82.94,2026-06-25T16:25:00+05:30,captured,setl_00000105,
pay_260625003554,order_260625104,3122.00,upi_apps,62.44,2026-06-25T14:26:00+05:30,captured,setl_00000105,
pay_260625003555,order_260625104,1620.00,card,32.40,2026-06-25T22:12:00+05:30,captured,setl_00000105,
pay_260626003556,order_260626105,4636.00,card,92.72,2026-06-26T14:58:00+05:30,captured,setl_00000106,
pay_260626003557,order_260626105,5373.00,card,107.46,2026-06-26T11:16:00+05:30,captured,setl_00000106,
pay_260626003558,order_260626105,5055.00,netbanking,45.49,2026-06-26T17:57:00+05:30,captured,setl_00000106,
pay_260626003559,order_260626105,1688.00,upi_apps,33.76,2026-06-26T13:53:00+05:30,captured,setl_00000106,
pay_260626003560,order_260626105,4951.00,upi_apps,99.02,2026-06-26T08:08:00+05:30,captured,setl_00000106,
pay_260626003561,order_260626105,2081.00,wallet,41.62,2026-06-26T15:48:00+05:30,captured,setl_00000106,
pay_260626003562,order_260626105,1865.00,upi_apps,37.30,2026-06-26T16:43:00+05:30,captured,setl_00000106,
pay_260626003563,order_260626105,4684.00,upi_apps,93.68,2026-06-26T12:09:00+05:30,captured,setl_00000106,
pay_260626003564,order_260626105,5302.00,wallet,106.04,2026-06-26T17:26:00+05:30,captured,setl_00000106,
pay_260626003565,order_260626105,2985.00,card,59.70,2026-06-26T15:49:00+05:30,captured,setl_00000106,
pay_260626003566,order_260626105,5105.00,upi_apps,102.10,2026-06-26T11:44:00+05:30,captured,setl_00000106,
pay_260626003567,order_260626105,2786.00,card,55.72,2026-06-26T14:46:00+05:30,captured,setl_00000106,
pay_260626003568,order_260626105,4407.00,upi_apps,88.14,2026-06-26T12:11:00+05:30,captured,setl_00000106,
pay_260626003569,order_260626105,4719.00,card,94.38,2026-06-26T21:24:00+05:30,captured,setl_00000106,
pay_260626003570,order_260626105,4299.00,upi_apps,85.98,2026-06-26T22:05:00+05:30,captured,setl_00000106,
pay_260626003571,order_260626105,1446.00,upi_apps,28.92,2026-06-26T08:34:00+05:30,captured,setl_00000106,
pay_260626003572,order_260626105,2080.00,netbanking,18.71,2026-06-26T14:09:00+05:30,captured,setl_00000106,
pay_260626003573,order_260626105,4058.00,wallet,81.16,2026-06-26T21:32:00+05:30,captured,setl_00000106,
pay_260626003574,order_260626105,5219.00,upi_apps,104.38,2026-06-26T17:28:00+05:30,captured,setl_00000106,
pay_260626003575,order_260626105,4729.00,upi_apps,94.58,2026-06-26T10:44:00+05:30,captured,setl_00000106,
pay_260626003576,order_260626105,794.00,card,15.88,2026-06-26T17:53:00+05:30,captured,setl_00000106,
pay_260626003577,order_260626105,4311.00,card,86.22,2026-06-26T17:19:00+05:30,captured,setl_00000106,
pay_260626003578,order_260626105,1248.00,upi_apps,24.96,2026-06-26T13:52:00+05:30,captured,setl_00000106,
pay_260626003579,order_260626105,1234.00,netbanking,11.10,2026-06-26T13:43:00+05:30,captured,setl_00000106,
pay_260626003580,order_260626105,5167.00,card,103.34,2026-06-26T15:15:00+05:30,captured,setl_00000106,
pay_260626003581,order_260626105,757.00,upi_apps,15.14,2026-06-26T11:22:00+05:30,captured,setl_00000106,
pay_260626003582,order_260626105,5394.00,upi_apps,107.88,2026-06-26T11:00:00+05:30,captured,setl_00000106,
pay_260626003583,order_260626105,1903.00,card,38.06,2026-06-26T09:53:00+05:30,captured,setl_00000106,
pay_260626003584,order_260626105,2196.00,card,43.92,2026-06-26T18:32:00+05:30,captured,setl_00000106,
pay_260626003585,order_260626105,831.00,netbanking,7.47,2026-06-26T09:48:00+05:30,captured,setl_00000106,
pay_260626003586,order_260626105,1633.00,upi_apps,32.66,2026-06-26T22:01:00+05:30,captured,setl_00000106,
pay_260626003587,order_260626105,617.00,upi_apps,12.34,2026-06-26T20:24:00+05:30,captured,setl_00000106,
pay_260626003588,order_260626105,5113.00,upi_apps,102.26,2026-06-26T09:04:00+05:30,captured,setl_00000106,
pay_260626003589,order_260626105,4674.00,netbanking,42.06,2026-06-26T12:48:00+05:30,captured,setl_00000106,
pay_260626003590,order_260626105,3594.00,netbanking,32.34,2026-06-26T21:52:00+05:30,captured,setl_00000106,
pay_260626003591,order_260626105,2236.00,upi_apps,44.72,2026-06-26T21:02:00+05:30,captured,setl_00000106,
pay_260626003592,order_260626105,560.00,upi_apps,11.20,2026-06-26T11:42:00+05:30,captured,setl_00000106,
pay_260626003593,order_260626105,2761.00,card,55.22,2026-06-26T09:19:00+05:30,captured,setl_00000106,
pay_260626003594,order_260626105,4840.00,upi_apps,96.80,2026-06-26T09:30:00+05:30,captured,setl_00000106,
pay_260626003595,order_260626105,3081.00,upi_apps,61.62,2026-06-26T08:47:00+05:30,captured,setl_00000106,
pay_260626003596,order_260626105,610.00,upi_apps,12.20,2026-06-26T13:30:00+05:30,captured,setl_00000106,
pay_260626003597,order_260626105,560.00,upi_apps,11.20,2026-06-26T19:55:00+05:30,captured,setl_00000106,
pay_260626003598,order_260626105,3952.00,upi_apps,79.04,2026-06-26T08:54:00+05:30,captured,setl_00000106,
pay_260626003599,order_260626105,3726.00,upi_apps,74.52,2026-06-26T09:10:00+05:30,captured,setl_00000106,
pay_260626003600,order_260626105,4555.00,upi_apps,91.10,2026-06-26T15:55:00+05:30,captured,setl_00000106,
pay_260626003601,order_260626105,1955.00,wallet,39.10,2026-06-26T15:12:00+05:30,captured,setl_00000106,
pay_260626003602,order_260626105,4903.00,netbanking,44.12,2026-06-26T22:47:00+05:30,captured,setl_00000106,
pay_260626003603,order_260626105,3935.00,upi_apps,78.70,2026-06-26T13:54:00+05:30,captured,setl_00000106,
pay_260626003604,order_260626105,3164.00,card,63.28,2026-06-26T21:13:00+05:30,captured,setl_00000106,
pay_260626003605,order_260626105,1355.00,upi_apps,27.10,2026-06-26T16:00:00+05:30,captured,setl_00000106,
pay_260626003606,order_260626105,3864.00,upi_apps,77.28,2026-06-26T14:09:00+05:30,captured,setl_00000106,
pay_260626003607,order_260626105,5277.00,card,105.54,2026-06-26T15:34:00+05:30,captured,setl_00000106,
pay_260626003608,order_260626105,3149.00,upi_apps,62.98,2026-06-26T09:58:00+05:30,captured,setl_00000106,
pay_260626003609,order_260626105,3117.00,upi_apps,62.34,2026-06-26T16:18:00+05:30,captured,setl_00000106,
pay_260626003610,order_260626105,4107.00,card,82.14,2026-06-26T18:22:00+05:30,captured,setl_00000106,
pay_260626003611,order_260626105,4972.00,card,99.44,2026-06-26T16:55:00+05:30,captured,setl_00000106,
pay_260626003612,order_260626105,604.00,upi_apps,12.08,2026-06-26T12:48:00+05:30,captured,setl_00000106,
pay_260626003613,order_260626105,1532.00,upi_apps,30.64,2026-06-26T08:10:00+05:30,captured,setl_00000106,
pay_260626003614,order_260626105,564.00,netbanking,5.07,2026-06-26T22:05:00+05:30,captured,setl_00000106,
pay_260626003615,order_260626105,1150.00,upi_apps,23.00,2026-06-26T17:41:00+05:30,captured,setl_00000106,
pay_260626003616,order_260626105,4424.00,upi_apps,88.48,2026-06-26T22:53:00+05:30,captured,setl_00000106,
pay_260626003617,order_260626105,4367.00,card,87.34,2026-06-26T18:42:00+05:30,captured,setl_00000106,
pay_260626003618,order_260626105,4844.00,upi_apps,96.88,2026-06-26T08:26:00+05:30,captured,setl_00000106,
pay_260626003619,order_260626105,867.00,card,17.34,2026-06-26T20:44:00+05:30,captured,setl_00000106,
pay_260626003620,order_260626105,4776.00,upi_apps,95.52,2026-06-26T22:09:00+05:30,captured,setl_00000106,
pay_260626003621,order_260626105,871.00,upi_apps,17.42,2026-06-26T08:59:00+05:30,captured,setl_00000106,
pay_260626003622,order_260626105,2778.00,upi_apps,55.56,2026-06-26T20:34:00+05:30,captured,setl_00000106,
pay_260626003623,order_260626105,1613.00,upi_apps,32.26,2026-06-26T09:04:00+05:30,captured,setl_00000106,
pay_260626003624,order_260626105,1046.00,card,20.92,2026-06-26T10:25:00+05:30,captured,setl_00000106,
pay_260626003625,order_260626105,1693.00,upi_apps,33.86,2026-06-26T11:08:00+05:30,captured,setl_00000106,
pay_260626003626,order_260626105,4263.00,upi_apps,85.26,2026-06-26T08:38:00+05:30,captured,setl_00000106,
pay_260626003627,order_260626105,1799.00,upi_apps,35.98,2026-06-26T18:44:00+05:30,captured,setl_00000106,
pay_260626003628,order_260626105,2473.00,upi_apps,49.46,2026-06-26T22:59:00+05:30,captured,setl_00000106,
pay_260626003629,order_260626105,3214.00,wallet,64.28,2026-06-26T22:31:00+05:30,captured,setl_00000106,
pay_260626003630,order_260626105,2585.00,netbanking,23.26,2026-06-26T09:30:00+05:30,captured,setl_00000106,
pay_260626003631,order_260626105,4349.00,card,86.98,2026-06-26T12:24:00+05:30,captured,setl_00000106,
pay_260626003632,order_260626105,2878.00,netbanking,25.90,2026-06-26T15:26:00+05:30,captured,setl_00000106,
pay_260626003633,order_260626105,1978.00,upi_apps,39.56,2026-06-26T09:47:00+05:30,captured,setl_00000106,
pay_260626003634,order_260626105,1204.00,wallet,24.08,2026-06-26T18:49:00+05:30,captured,setl_00000106,
pay_260626003635,order_260626105,3981.00,upi_apps,79.62,2026-06-26T16:08:00+05:30,captured,setl_00000106,
pay_260627003636,order_260627106,2898.00,netbanking,26.08,2026-06-27T12:27:00+05:30,captured,setl_00000107,
pay_260627003637,order_260627106,1750.00,card,35.00,2026-06-27T18:47:00+05:30,captured,setl_00000107,
pay_260627003638,order_260627106,4215.00,upi_apps,84.30,2026-06-27T14:23:00+05:30,captured,setl_00000107,
pay_260627003639,order_260627106,921.00,card,18.42,2026-06-27T12:58:00+05:30,captured,setl_00000107,
pay_260627003640,order_260627106,882.00,card,17.64,2026-06-27T18:53:00+05:30,captured,setl_00000107,
pay_260627003641,order_260627106,873.00,upi_apps,17.46,2026-06-27T10:40:00+05:30,captured,setl_00000107,
pay_260627003642,order_260627106,770.00,card,15.40,2026-06-27T22:52:00+05:30,captured,setl_00000107,
pay_260627003643,order_260627106,2972.00,wallet,59.44,2026-06-27T13:43:00+05:30,captured,setl_00000107,
pay_260627003644,order_260627106,1525.00,upi_apps,30.50,2026-06-27T20:09:00+05:30,captured,setl_00000107,
pay_260627003645,order_260627106,1397.00,netbanking,12.57,2026-06-27T21:00:00+05:30,captured,setl_00000107,
pay_260627003646,order_260627106,4440.00,upi_apps,88.80,2026-06-27T17:57:00+05:30,captured,setl_00000107,
pay_260628003647,order_260628107,1291.00,upi_apps,25.82,2026-06-28T17:59:00+05:30,captured,setl_00000108,
pay_260628003648,order_260628107,961.00,netbanking,8.64,2026-06-28T13:03:00+05:30,captured,setl_00000108,
pay_260628003649,order_260628107,2337.00,upi_apps,46.74,2026-06-28T12:28:00+05:30,captured,setl_00000108,
pay_260628003650,order_260628107,3862.00,card,77.24,2026-06-28T10:26:00+05:30,captured,setl_00000108,
pay_260628003651,order_260628107,2351.00,upi_apps,47.02,2026-06-28T16:44:00+05:30,captured,setl_00000108,
pay_260628003652,order_260628107,1325.00,netbanking,11.92,2026-06-28T20:54:00+05:30,captured,setl_00000108,
pay_260628003653,order_260628107,1603.00,upi_apps,32.06,2026-06-28T15:39:00+05:30,captured,setl_00000108,
pay_260628003654,order_260628107,2570.00,card,51.40,2026-06-28T14:26:00+05:30,captured,setl_00000108,
pay_260628003655,order_260628107,3840.00,upi_apps,76.80,2026-06-28T22:55:00+05:30,captured,setl_00000108,
pay_260628003656,order_260628107,1519.00,upi_apps,30.38,2026-06-28T21:22:00+05:30,captured,setl_00000108,
pay_260629003657,order_260629108,763.00,wallet,15.26,2026-06-29T22:59:00+05:30,captured,setl_00000109,
pay_260629003658,order_260629108,2415.00,wallet,48.30,2026-06-29T19:59:00+05:30,captured,setl_00000109,
pay_260629003659,order_260629108,2911.00,upi_apps,58.22,2026-06-29T10:42:00+05:30,captured,setl_00000109,
pay_260629003660,order_260629108,4029.00,upi_apps,80.58,2026-06-29T08:16:00+05:30,captured,setl_00000109,
pay_260629003661,order_260629108,4179.00,upi_apps,83.58,2026-06-29T10:47:00+05:30,captured,setl_00000109,
pay_260629003662,order_260629108,1960.00,upi_apps,39.20,2026-06-29T12:07:00+05:30,captured,setl_00000109,
pay_260629003663,order_260629108,5089.00,card,101.78,2026-06-29T08:52:00+05:30,captured,setl_00000109,
pay_260629003664,order_260629108,2509.00,upi_apps,50.18,2026-06-29T20:34:00+05:30,captured,setl_00000109,
pay_260629003665,order_260629108,5105.00,netbanking,45.94,2026-06-29T20:44:00+05:30,captured,setl_00000109,
pay_260629003666,order_260629108,2666.00,upi_apps,53.32,2026-06-29T10:10:00+05:30,captured,setl_00000109,
pay_260629003667,order_260629108,2674.00,card,53.48,2026-06-29T13:00:00+05:30,captured,setl_00000109,
pay_260629003668,order_260629108,4749.00,upi_apps,94.98,2026-06-29T18:28:00+05:30,captured,setl_00000109,
pay_260629003669,order_260629108,3592.00,upi_apps,71.84,2026-06-29T20:53:00+05:30,captured,setl_00000109,
pay_260629003670,order_260629108,3015.00,upi_apps,60.30,2026-06-29T14:11:00+05:30,captured,setl_00000109,
pay_260629003671,order_260629108,2891.00,upi_apps,57.82,2026-06-29T16:08:00+05:30,captured,setl_00000109,
pay_260629003672,order_260629108,1015.00,upi_apps,20.30,2026-06-29T11:04:00+05:30,captured,setl_00000109,
pay_260629003673,order_260629108,1503.00,card,30.06,2026-06-29T11:38:00+05:30,captured,setl_00000109,
pay_260629003674,order_260629108,3134.00,netbanking,28.20,2026-06-29T19:35:00+05:30,captured,setl_00000109,
pay_260629003675,order_260629108,4103.00,upi_apps,82.06,2026-06-29T10:20:00+05:30,captured,setl_00000109,
pay_260629003676,order_260629108,4758.00,upi_apps,95.16,2026-06-29T08:10:00+05:30,captured,setl_00000109,
pay_260629003677,order_260629108,2612.00,upi_apps,52.24,2026-06-29T20:14:00+05:30,captured,setl_00000109,
pay_260629003678,order_260629108,1298.00,netbanking,11.68,2026-06-29T21:51:00+05:30,captured,setl_00000109,
pay_260629003679,order_260629108,1227.00,card,24.54,2026-06-29T19:36:00+05:30,captured,setl_00000109,
pay_260629003680,order_260629108,4031.00,upi_apps,80.62,2026-06-29T14:43:00+05:30,captured,setl_00000109,
pay_260629003681,order_260629108,3057.00,upi_apps,61.14,2026-06-29T12:33:00+05:30,captured,setl_00000109,
pay_260629003682,order_260629108,4714.00,upi_apps,94.28,2026-06-29T20:40:00+05:30,captured,setl_00000109,
pay_260629003683,order_260629108,4305.00,upi_apps,86.10,2026-06-29T17:53:00+05:30,captured,setl_00000109,
pay_260629003684,order_260629108,3716.00,card,74.32,2026-06-29T20:00:00+05:30,captured,setl_00000109,
pay_260629003685,order_260629108,4094.00,upi_apps,81.88,2026-06-29T16:01:00+05:30,captured,setl_00000109,
pay_260629003686,order_260629108,3091.00,upi_apps,61.82,2026-06-29T17:31:00+05:30,captured,setl_00000109,
pay_260629003687,order_260629108,3190.00,wallet,63.80,2026-06-29T15:49:00+05:30,captured,setl_00000109,
pay_260629003688,order_260629108,718.00,upi_apps,14.36,2026-06-29T10:48:00+05:30,captured,setl_00000109,
pay_260629003689,order_260629108,3992.00,upi_apps,79.84,2026-06-29T14:31:00+05:30,captured,setl_00000109,
pay_260629003690,order_260629108,4341.00,upi_apps,86.82,2026-06-29T17:34:00+05:30,captured,setl_00000109,
pay_260629003691,order_260629108,2490.00,wallet,49.80,2026-06-29T12:35:00+05:30,captured,setl_00000109,
pay_260629003692,order_260629108,3002.00,card,60.04,2026-06-29T09:52:00+05:30,captured,setl_00000109,
pay_260629003693,order_260629108,5088.00,card,101.76,2026-06-29T08:17:00+05:30,captured,setl_00000109,
pay_260629003694,order_260629108,2030.00,upi_apps,40.60,2026-06-29T19:34:00+05:30,captured,setl_00000109,
pay_260629003695,order_260629108,3179.00,upi_apps,63.58,2026-06-29T22:38:00+05:30,captured,setl_00000109,
pay_260629003696,order_260629108,1161.00,upi_apps,23.22,2026-06-29T21:33:00+05:30,captured,setl_00000109,
pay_260629003697,order_260629108,3241.00,card,64.82,2026-06-29T13:28:00+05:30,captured,setl_00000109,
pay_260629003698,order_260629108,583.00,upi_apps,11.66,2026-06-29T08:20:00+05:30,captured,setl_00000109,
pay_260629003699,order_260629108,1956.00,card,39.12,2026-06-29T13:30:00+05:30,captured,setl_00000109,
pay_260629003700,order_260629108,4664.00,wallet,93.28,2026-06-29T09:42:00+05:30,captured,setl_00000109,
pay_260629003701,order_260629108,913.00,netbanking,8.21,2026-06-29T22:41:00+05:30,captured,setl_00000109,
pay_260629003702,order_260629108,5163.00,upi_apps,103.26,2026-06-29T18:38:00+05:30,captured,setl_00000109,
pay_260629003703,order_260629108,1531.00,netbanking,13.77,2026-06-29T12:33:00+05:30,captured,setl_00000109,
pay_260629003704,order_260629108,2802.00,card,56.04,2026-06-29T20:31:00+05:30,captured,setl_00000109,
pay_260629003705,order_260629108,2781.00,card,55.62,2026-06-29T08:54:00+05:30,captured,setl_00000109,
pay_260629003706,order_260629108,1247.00,wallet,24.94,2026-06-29T10:37:00+05:30,captured,setl_00000109,
pay_260629003707,order_260629108,1676.00,upi_apps,33.52,2026-06-29T21:57:00+05:30,captured,setl_00000109,
pay_260629003708,order_260629108,2321.00,upi_apps,46.42,2026-06-29T19:42:00+05:30,captured,setl_00000109,
pay_260630003709,order_260630109,4307.00,card,86.14,2026-06-30T08:22:00+05:30,captured,setl_00000110,
pay_260630003710,order_260630109,5024.00,wallet,100.48,2026-06-30T10:41:00+05:30,captured,setl_00000110,
pay_260630003711,order_260630109,2441.00,wallet,48.82,2026-06-30T22:48:00+05:30,captured,setl_00000110,
pay_260630003712,order_260630109,3079.00,card,61.58,2026-06-30T13:29:00+05:30,captured,setl_00000110,
pay_260630003713,order_260630109,900.00,card,18.00,2026-06-30T15:39:00+05:30,captured,setl_00000110,
pay_260630003714,order_260630109,4850.00,card,97.00,2026-06-30T17:45:00+05:30,captured,setl_00000110,
pay_260630003715,order_260630109,1958.00,netbanking,17.62,2026-06-30T20:29:00+05:30,captured,setl_00000110,
pay_260630003716,order_260630109,2358.00,netbanking,21.22,2026-06-30T18:20:00+05:30,captured,setl_00000110,
pay_260630003717,order_260630109,4310.00,upi_apps,86.20,2026-06-30T13:55:00+05:30,captured,setl_00000110,
pay_260630003718,order_260630109,3914.00,upi_apps,78.28,2026-06-30T19:22:00+05:30,captured,setl_00000110,
pay_260630003719,order_260630109,492.00,upi_apps,9.84,2026-06-30T22:03:00+05:30,captured,setl_00000110,
pay_260630003720,order_260630109,1075.00,card,21.50,2026-06-30T12:01:00+05:30,captured,setl_00000110,
pay_260630003721,order_260630109,3544.00,netbanking,31.89,2026-06-30T17:57:00+05:30,captured,setl_00000110,
pay_260630003722,order_260630109,1374.00,upi_apps,27.48,2026-06-30T18:27:00+05:30,captured,setl_00000110,
pay_260630003723,order_260630109,3956.00,wallet,79.12,2026-06-30T14:43:00+05:30,captured,setl_00000110,
pay_260630003724,order_260630109,3980.00,card,79.60,2026-06-30T16:32:00+05:30,captured,setl_00000110,
pay_260630003725,order_260630109,2769.00,upi_apps,55.38,2026-06-30T16:56:00+05:30,captured,setl_00000110,
pay_260630003726,order_260630109,4424.00,upi_apps,88.48,2026-06-30T13:07:00+05:30,captured,setl_00000110,
pay_260630003727,order_260630109,5152.00,upi_apps,103.04,2026-06-30T20:34:00+05:30,captured,setl_00000110,
pay_260630003728,order_260630109,4801.00,upi_apps,96.02,2026-06-30T10:37:00+05:30,captured,setl_00000110,
pay_260630003729,order_260630109,4260.00,upi_apps,85.20,2026-06-30T19:29:00+05:30,captured,setl_00000110,
pay_260630003730,order_260630109,3644.00,upi_apps,72.88,2026-06-30T09:12:00+05:30,captured,setl_00000110,
pay_260630003731,order_260630109,952.00,upi_apps,19.04,2026-06-30T12:16:00+05:30,captured,setl_00000110,
pay_260630003732,order_260630109,4699.00,wallet,93.98,2026-06-30T12:35:00+05:30,captured,setl_00000110,
pay_260630003733,order_260630109,4422.00,netbanking,39.79,2026-06-30T11:17:00+05:30,captured,setl_00000110,
pay_260630003734,order_260630109,4428.00,card,88.56,2026-06-30T22:06:00+05:30,captured,setl_00000110,
pay_260630003735,order_260630109,1226.00,upi_apps,24.52,2026-06-30T13:25:00+05:30,captured,setl_00000110,
pay_260630003736,order_260630109,4964.00,upi_apps,99.28,2026-06-30T14:41:00+05:30,captured,setl_00000110,
pay_260630003737,order_260630109,924.00,upi_apps,18.48,2026-06-30T17:19:00+05:30,captured,setl_00000110,
pay_260630003738,order_260630109,1390.00,upi_apps,27.80,2026-06-30T18:26:00+05:30,captured,setl_00000110,
pay_260630003739,order_260630109,5269.00,wallet,105.38,2026-06-30T08:17:00+05:30,captured,setl_00000110,
pay_260630003740,order_260630109,2543.00,card,50.86,2026-06-30T09:56:00+05:30,captured,setl_00000110,
pay_260630003741,order_260630109,3261.00,card,65.22,2026-06-30T11:46:00+05:30,captured,setl_00000110,
pay_260630003742,order_260630109,2435.00,card,48.70,2026-06-30T13:20:00+05:30,captured,setl_00000110,
pay_260630003743,order_260630109,2546.00,card,50.92,2026-06-30T10:48:00+05:30,captured,setl_00000110,
pay_260630003744,order_260630109,2566.00,card,51.32,2026-06-30T14:15:00+05:30,captured,setl_00000110,
pay_260630003745,order_260630109,4474.00,card,89.48,2026-06-30T21:37:00+05:30,captured,setl_00000110,
pay_260701003746,order_260701110,4707.00,upi_apps,94.14,2026-07-01T20:39:00+05:30,captured,setl_00000111,
pay_260701003747,order_260701110,2984.00,upi_apps,59.68,2026-07-01T14:16:00+05:30,captured,setl_00000111,
pay_260701003748,order_260701110,2277.00,upi_apps,45.54,2026-07-01T18:36:00+05:30,captured,setl_00000111,
pay_260701003749,order_260701110,2650.00,wallet,53.00,2026-07-01T13:16:00+05:30,captured,setl_00000111,
pay_260701003750,order_260701110,4858.00,upi_apps,97.16,2026-07-01T09:48:00+05:30,captured,setl_00000111,
pay_260701003751,order_260701110,5098.00,card,101.96,2026-07-01T09:00:00+05:30,captured,setl_00000111,
pay_260701003752,order_260701110,2804.00,upi_apps,56.08,2026-07-01T19:21:00+05:30,captured,setl_00000111,
pay_260701003753,order_260701110,5296.00,netbanking,47.66,2026-07-01T13:32:00+05:30,captured,setl_00000111,
pay_260701003754,order_260701110,2207.00,card,44.14,2026-07-01T10:01:00+05:30,captured,setl_00000111,
pay_260701003755,order_260701110,1797.00,card,35.94,2026-07-01T14:38:00+05:30,captured,setl_00000111,
pay_260701003756,order_260701110,3497.00,netbanking,31.47,2026-07-01T18:37:00+05:30,captured,setl_00000111,
pay_260701003757,order_260701110,2155.00,upi_apps,43.10,2026-07-01T12:52:00+05:30,captured,setl_00000111,
pay_260701003758,order_260701110,1775.00,netbanking,15.97,2026-07-01T18:45:00+05:30,captured,setl_00000111,
pay_260701003759,order_260701110,1583.00,card,31.66,2026-07-01T09:37:00+05:30,captured,setl_00000111,
pay_260701003760,order_260701110,1630.00,card,32.60,2026-07-01T12:35:00+05:30,captured,setl_00000111,
pay_260701003761,order_260701110,951.00,card,19.02,2026-07-01T17:32:00+05:30,captured,setl_00000111,
pay_260701003762,order_260701110,4753.00,card,95.06,2026-07-01T21:46:00+05:30,captured,setl_00000111,
pay_260701003763,order_260701110,4522.00,upi_apps,90.44,2026-07-01T18:53:00+05:30,captured,setl_00000111,
pay_260701003764,order_260701110,1836.00,netbanking,16.52,2026-07-01T19:48:00+05:30,captured,setl_00000111,
pay_260701003765,order_260701110,4572.00,wallet,91.44,2026-07-01T18:59:00+05:30,captured,setl_00000111,
pay_260701003766,order_260701110,474.00,card,9.48,2026-07-01T09:28:00+05:30,captured,setl_00000111,
pay_260701003767,order_260701110,4423.00,card,88.46,2026-07-01T12:53:00+05:30,captured,setl_00000111,
pay_260701003768,order_260701110,5038.00,upi_apps,100.76,2026-07-01T10:20:00+05:30,captured,setl_00000111,
pay_260701003769,order_260701110,1639.00,card,32.78,2026-07-01T20:17:00+05:30,captured,setl_00000111,
pay_260701003770,order_260701110,724.00,card,14.48,2026-07-01T11:07:00+05:30,captured,setl_00000111,
pay_260701003771,order_260701110,1556.00,card,31.12,2026-07-01T22:01:00+05:30,captured,setl_00000111,
pay_260701003772,order_260701110,5048.00,wallet,100.96,2026-07-01T11:50:00+05:30,captured,setl_00000111,
pay_260701003773,order_260701110,3101.00,card,62.02,2026-07-01T10:12:00+05:30,captured,setl_00000111,
pay_260701003774,order_260701110,1923.00,upi_apps,38.46,2026-07-01T14:55:00+05:30,captured,setl_00000111,
pay_260701003775,order_260701110,4229.00,netbanking,38.06,2026-07-01T08:50:00+05:30,captured,setl_00000111,
pay_260701003776,order_260701110,2758.00,upi_apps,55.16,2026-07-01T16:27:00+05:30,captured,setl_00000111,
pay_260701003777,order_260701110,2331.00,upi_apps,46.62,2026-07-01T17:32:00+05:30,captured,setl_00000111,
pay_260701003778,order_260701110,2842.00,card,56.84,2026-07-01T16:14:00+05:30,captured,setl_00000111,
pay_260701003779,order_260701110,2746.00,upi_apps,54.92,2026-07-01T22:13:00+05:30,captured,setl_00000111,
pay_260701003780,order_260701110,2644.00,upi_apps,52.88,2026-07-01T09:08:00+05:30,captured,setl_00000111,
pay_260701003781,order_260701110,1998.00,netbanking,17.98,2026-07-01T16:33:00+05:30,captured,setl_00000111,
pay_260701003782,order_260701110,469.00,upi_apps,9.38,2026-07-01T22:35:00+05:30,captured,setl_00000111,
pay_260701003783,order_260701110,2511.00,wallet,50.22,2026-07-01T13:03:00+05:30,captured,setl_00000111,
pay_260701003784,order_260701110,3636.00,card,72.72,2026-07-01T21:13:00+05:30,captured,setl_00000111,
pay_260701003785,order_260701110,4018.00,card,80.36,2026-07-01T14:59:00+05:30,captured,setl_00000111,
pay_260701003786,order_260701110,819.00,card,16.38,2026-07-01T22:21:00+05:30,captured,setl_00000111,
pay_260701003787,order_260701110,2814.00,card,56.28,2026-07-01T10:10:00+05:30,captured,setl_00000111,
pay_260701003788,order_260701110,862.00,netbanking,7.75,2026-07-01T16:25:00+05:30,captured,setl_00000111,
pay_260701003789,order_260701110,2616.00,wallet,52.32,2026-07-01T21:46:00+05:30,captured,setl_00000111,
pay_260701003790,order_260701110,4405.00,netbanking,39.64,2026-07-01T17:26:00+05:30,captured,setl_00000111,
pay_260701003791,order_260701110,707.00,upi_apps,14.14,2026-07-01T13:14:00+05:30,captured,setl_00000111,
pay_260701003792,order_260701110,1815.00,upi_apps,36.30,2026-07-01T10:01:00+05:30,captured,setl_00000111,
pay_260702003793,order_260702111,3482.00,upi_apps,69.64,2026-07-02T10:51:00+05:30,captured,setl_00000112,
pay_260702003794,order_260702111,1861.00,netbanking,16.74,2026-07-02T09:20:00+05:30,captured,setl_00000112,
pay_260702003795,order_260702111,1593.00,upi_apps,31.86,2026-07-02T21:58:00+05:30,captured,setl_00000112,
pay_260702003796,order_260702111,515.00,upi_apps,10.30,2026-07-02T22:30:00+05:30,captured,setl_00000112,
pay_260702003797,order_260702111,5182.00,wallet,103.64,2026-07-02T15:56:00+05:30,captured,setl_00000112,
pay_260702003798,order_260702111,917.00,card,18.34,2026-07-02T13:53:00+05:30,captured,setl_00000112,
pay_260702003799,order_260702111,2247.00,netbanking,20.22,2026-07-02T17:27:00+05:30,captured,setl_00000112,
pay_260702003800,order_260702111,838.00,netbanking,7.54,2026-07-02T14:33:00+05:30,captured,setl_00000112,
pay_260702003801,order_260702111,1498.00,card,29.96,2026-07-02T22:59:00+05:30,captured,setl_00000112,
pay_260702003802,order_260702111,3818.00,upi_apps,76.36,2026-07-02T15:22:00+05:30,captured,setl_00000112,
pay_260702003803,order_260702111,3219.00,card,64.38,2026-07-02T20:23:00+05:30,captured,setl_00000112,
pay_260702003804,order_260702111,4459.00,netbanking,40.13,2026-07-02T18:10:00+05:30,captured,setl_00000112,
pay_260702003805,order_260702111,2715.00,netbanking,24.43,2026-07-02T19:16:00+05:30,captured,setl_00000112,
pay_260702003806,order_260702111,3229.00,upi_apps,64.58,2026-07-02T19:02:00+05:30,captured,setl_00000112,
pay_260702003807,order_260702111,1399.00,upi_apps,27.98,2026-07-02T11:08:00+05:30,captured,setl_00000112,
pay_260702003808,order_260702111,4623.00,upi_apps,92.46,2026-07-02T19:08:00+05:30,captured,setl_00000112,
pay_260702003809,order_260702111,1947.00,upi_apps,38.94,2026-07-02T12:48:00+05:30,captured,setl_00000112,
pay_260702003810,order_260702111,5270.00,card,105.40,2026-07-02T12:54:00+05:30,captured,setl_00000112,
pay_260702003811,order_260702111,1215.00,upi_apps,24.30,2026-07-02T21:40:00+05:30,captured,setl_00000112,
pay_260702003812,order_260702111,4261.00,wallet,85.22,2026-07-02T10:37:00+05:30,captured,setl_00000112,
pay_260702003813,order_260702111,4197.00,upi_apps,83.94,2026-07-02T11:48:00+05:30,captured,setl_00000112,
pay_260702003814,order_260702111,2639.00,upi_apps,52.78,2026-07-02T20:05:00+05:30,captured,setl_00000112,
pay_260702003815,order_260702111,657.00,netbanking,5.91,2026-07-02T16:25:00+05:30,captured,setl_00000112,
pay_260702003816,order_260702111,2390.00,upi_apps,47.80,2026-07-02T22:12:00+05:30,captured,setl_00000112,
pay_260702003817,order_260702111,3171.00,upi_apps,63.42,2026-07-02T15:04:00+05:30,captured,setl_00000112,
pay_260702003818,order_260702111,3096.00,netbanking,27.86,2026-07-02T15:51:00+05:30,captured,setl_00000112,
pay_260702003819,order_260702111,2900.00,upi_apps,58.00,2026-07-02T21:55:00+05:30,captured,setl_00000112,
pay_260702003820,order_260702111,1256.00,wallet,25.12,2026-07-02T19:11:00+05:30,captured,setl_00000112,
pay_260702003821,order_260702111,1197.00,card,23.94,2026-07-02T17:24:00+05:30,captured,setl_00000112,
pay_260702003822,order_260702111,1955.00,netbanking,17.59,2026-07-02T16:01:00+05:30,captured,setl_00000112,
pay_260702003823,order_260702111,3203.00,upi_apps,64.06,2026-07-02T20:41:00+05:30,captured,setl_00000112,
pay_260702003824,order_260702111,5183.00,wallet,103.66,2026-07-02T10:02:00+05:30,captured,setl_00000112,
pay_260702003825,order_260702111,2030.00,upi_apps,40.60,2026-07-02T12:16:00+05:30,captured,setl_00000112,
pay_260702003826,order_260702111,3440.00,card,68.80,2026-07-02T16:59:00+05:30,captured,setl_00000112,
pay_260702003827,order_260702111,604.00,card,12.08,2026-07-02T22:35:00+05:30,captured,setl_00000112,
pay_260702003828,order_260702111,4326.00,netbanking,38.93,2026-07-02T20:48:00+05:30,captured,setl_00000112,
pay_260702003829,order_260702111,815.00,card,16.30,2026-07-02T10:17:00+05:30,captured,setl_00000112,
pay_260702003830,order_260702111,1448.00,upi_apps,28.96,2026-07-02T13:50:00+05:30,captured,setl_00000112,
pay_260702003831,order_260702111,1757.00,upi_apps,35.14,2026-07-02T08:39:00+05:30,captured,setl_00000112,
pay_260702003832,order_260702111,888.00,upi_apps,17.76,2026-07-02T16:40:00+05:30,captured,setl_00000112,
pay_260702003833,order_260702111,4596.00,card,91.92,2026-07-02T12:45:00+05:30,captured,setl_00000112,
pay_260702003834,order_260702111,4888.00,upi_apps,97.76,2026-07-02T10:43:00+05:30,captured,setl_00000112,
pay_260702003835,order_260702111,585.00,netbanking,5.26,2026-07-02T11:28:00+05:30,captured,setl_00000112,
pay_260702003836,order_260702111,1684.00,upi_apps,33.68,2026-07-02T19:10:00+05:30,captured,setl_00000112,
pay_260702003837,order_260702111,3006.00,upi_apps,60.12,2026-07-02T22:00:00+05:30,captured,setl_00000112,
pay_260702003838,order_260702111,3551.00,upi_apps,71.02,2026-07-02T17:50:00+05:30,captured,setl_00000112,
pay_260702003839,order_260702111,5118.00,upi_apps,102.36,2026-07-02T12:58:00+05:30,captured,setl_00000112,
pay_260703003840,order_260703112,4562.00,card,91.24,2026-07-03T08:33:00+05:30,captured,setl_00000113,
pay_260703003841,order_260703112,2470.00,upi_apps,49.40,2026-07-03T18:28:00+05:30,captured,setl_00000113,
pay_260703003842,order_260703112,4183.00,card,83.66,2026-07-03T15:39:00+05:30,captured,setl_00000113,
pay_260703003843,order_260703112,3843.00,card,76.86,2026-07-03T09:24:00+05:30,captured,setl_00000113,
pay_260703003844,order_260703112,2005.00,upi_apps,40.10,2026-07-03T16:53:00+05:30,captured,setl_00000113,
pay_260703003845,order_260703112,2776.00,upi_apps,55.52,2026-07-03T22:45:00+05:30,captured,setl_00000113,
pay_260703003846,order_260703112,1993.00,wallet,39.86,2026-07-03T18:44:00+05:30,captured,setl_00000113,
pay_260703003847,order_260703112,4247.00,upi_apps,84.94,2026-07-03T13:34:00+05:30,captured,setl_00000113,
pay_260703003848,order_260703112,4863.00,upi_apps,97.26,2026-07-03T12:15:00+05:30,captured,setl_00000113,
pay_260703003849,order_260703112,4420.00,upi_apps,88.40,2026-07-03T14:09:00+05:30,captured,setl_00000113,
pay_260703003850,order_260703112,540.00,card,10.80,2026-07-03T11:19:00+05:30,captured,setl_00000113,
pay_260703003851,order_260703112,5385.00,card,107.70,2026-07-03T21:53:00+05:30,captured,setl_00000113,
pay_260703003852,order_260703112,3269.00,netbanking,29.42,2026-07-03T08:10:00+05:30,captured,setl_00000113,
pay_260703003853,order_260703112,893.00,card,17.86,2026-07-03T17:24:00+05:30,captured,setl_00000113,
pay_260703003854,order_260703112,4821.00,upi_apps,96.42,2026-07-03T16:59:00+05:30,captured,setl_00000113,
pay_260703003855,order_260703112,4309.00,upi_apps,86.18,2026-07-03T22:24:00+05:30,captured,setl_00000113,
pay_260703003856,order_260703112,5145.00,upi_apps,102.90,2026-07-03T21:25:00+05:30,captured,setl_00000113,
pay_260703003857,order_260703112,1645.00,card,32.90,2026-07-03T12:29:00+05:30,captured,setl_00000113,
pay_260703003858,order_260703112,2599.00,upi_apps,51.98,2026-07-03T13:22:00+05:30,captured,setl_00000113,
pay_260703003859,order_260703112,1143.00,netbanking,10.28,2026-07-03T16:15:00+05:30,captured,setl_00000113,
pay_260703003860,order_260703112,2219.00,upi_apps,44.38,2026-07-03T22:12:00+05:30,captured,setl_00000113,
pay_260703003861,order_260703112,2504.00,upi_apps,50.08,2026-07-03T12:39:00+05:30,captured,setl_00000113,
pay_260703003862,order_260703112,3901.00,card,78.02,2026-07-03T18:27:00+05:30,captured,setl_00000113,
pay_260703003863,order_260703112,1684.00,card,33.68,2026-07-03T14:16:00+05:30,captured,setl_00000113,
pay_260703003864,order_260703112,5204.00,card,104.08,2026-07-03T11:39:00+05:30,captured,setl_00000113,
pay_260703003865,order_260703112,1231.00,upi_apps,24.62,2026-07-03T21:42:00+05:30,captured,setl_00000113,
pay_260703003866,order_260703112,1974.00,upi_apps,39.48,2026-07-03T22:57:00+05:30,captured,setl_00000113,
pay_260703003867,order_260703112,578.00,card,11.56,2026-07-03T09:01:00+05:30,captured,setl_00000113,
pay_260703003868,order_260703112,4304.00,upi_apps,86.08,2026-07-03T22:19:00+05:30,captured,setl_00000113,
pay_260703003869,order_260703112,884.00,upi_apps,17.68,2026-07-03T13:03:00+05:30,captured,setl_00000113,
pay_260703003870,order_260703112,3431.00,card,68.62,2026-07-03T08:47:00+05:30,captured,setl_00000113,
pay_260703003871,order_260703112,5379.00,card,107.58,2026-07-03T16:17:00+05:30,captured,setl_00000113,
pay_260703003872,order_260703112,3458.00,card,69.16,2026-07-03T22:41:00+05:30,captured,setl_00000113,
pay_260704003873,order_260704113,3179.00,netbanking,28.61,2026-07-04T17:20:00+05:30,captured,setl_00000114,
pay_260704003874,order_260704113,1207.00,card,24.14,2026-07-04T18:11:00+05:30,captured,setl_00000114,
pay_260704003875,order_260704113,1916.00,upi_apps,38.32,2026-07-04T13:04:00+05:30,captured,setl_00000114,
pay_260704003876,order_260704113,2548.00,card,50.96,2026-07-04T19:00:00+05:30,captured,setl_00000114,
pay_260704003877,order_260704113,844.00,upi_apps,16.88,2026-07-04T10:57:00+05:30,captured,setl_00000114,
pay_260704003878,order_260704113,5183.00,wallet,103.66,2026-07-04T11:43:00+05:30,captured,setl_00000114,
pay_260704003879,order_260704113,3103.00,upi_apps,62.06,2026-07-04T21:10:00+05:30,captured,setl_00000114,
pay_260704003880,order_260704113,1667.00,upi_apps,33.34,2026-07-04T09:30:00+05:30,captured,setl_00000114,
pay_260704003881,order_260704113,2776.00,card,55.52,2026-07-04T14:24:00+05:30,captured,setl_00000114,
pay_260704003882,order_260704113,4904.00,upi_apps,98.08,2026-07-04T19:33:00+05:30,captured,setl_00000114,
pay_260704003883,order_260704113,4512.00,card,90.24,2026-07-04T15:01:00+05:30,captured,setl_00000114,
pay_260704003884,order_260704113,2243.00,card,44.86,2026-07-04T21:18:00+05:30,captured,setl_00000114,
pay_260704003885,order_260704113,4700.00,upi_apps,94.00,2026-07-04T10:23:00+05:30,captured,setl_00000114,
pay_260704003886,order_260704113,1574.00,card,31.48,2026-07-04T22:03:00+05:30,captured,setl_00000114,
pay_260704003887,order_260704113,4600.00,upi_apps,92.00,2026-07-04T09:32:00+05:30,captured,setl_00000114,
pay_260704003888,order_260704113,4985.00,upi_apps,99.70,2026-07-04T09:30:00+05:30,captured,setl_00000114,
pay_260704003889,order_260704113,1469.00,netbanking,13.22,2026-07-04T22:30:00+05:30,captured,setl_00000114,
pay_260705003890,order_260705114,2050.00,card,41.00,2026-07-05T19:22:00+05:30,captured,setl_00000115,
pay_260705003891,order_260705114,1368.00,card,27.36,2026-07-05T13:07:00+05:30,captured,setl_00000115,
pay_260705003892,order_260705114,2218.00,card,44.36,2026-07-05T10:03:00+05:30,captured,setl_00000115,
pay_260706003893,order_260706115,4613.00,netbanking,41.51,2026-07-06T09:45:00+05:30,captured,setl_00000116,
pay_260706003894,order_260706115,5257.00,netbanking,47.31,2026-07-06T17:11:00+05:30,captured,setl_00000116,
pay_260706003895,order_260706115,4819.00,upi_apps,96.38,2026-07-06T13:31:00+05:30,captured,setl_00000116,
pay_260706003896,order_260706115,1734.00,upi_apps,34.68,2026-07-06T12:42:00+05:30,captured,setl_00000116,
pay_260706003897,order_260706115,3028.00,upi_apps,60.56,2026-07-06T17:26:00+05:30,captured,setl_00000116,
pay_260706003898,order_260706115,3560.00,card,71.20,2026-07-06T22:46:00+05:30,captured,setl_00000116,
pay_260706003899,order_260706115,1528.00,upi_apps,30.56,2026-07-06T19:28:00+05:30,captured,setl_00000116,
pay_260706003900,order_260706115,4083.00,upi_apps,81.66,2026-07-06T17:34:00+05:30,captured,setl_00000116,
pay_260706003901,order_260706115,650.00,card,13.00,2026-07-06T11:41:00+05:30,captured,setl_00000116,
pay_260706003902,order_260706115,4514.00,card,90.28,2026-07-06T22:25:00+05:30,captured,setl_00000116,
pay_260706003903,order_260706115,710.00,netbanking,6.39,2026-07-06T13:44:00+05:30,captured,setl_00000116,
pay_260706003904,order_260706115,3724.00,upi_apps,74.48,2026-07-06T18:45:00+05:30,captured,setl_00000116,
pay_260706003905,order_260706115,3549.00,wallet,70.98,2026-07-06T16:20:00+05:30,captured,setl_00000116,
pay_260706003906,order_260706115,2490.00,netbanking,22.41,2026-07-06T20:03:00+05:30,captured,setl_00000116,
pay_260706003907,order_260706115,1498.00,upi_apps,29.96,2026-07-06T17:59:00+05:30,captured,setl_00000116,
pay_260706003908,order_260706115,2422.00,upi_apps,48.44,2026-07-06T22:16:00+05:30,captured,setl_00000116,
pay_260706003909,order_260706115,3398.00,wallet,67.96,2026-07-06T10:10:00+05:30,captured,setl_00000116,
pay_260706003910,order_260706115,1637.00,card,32.74,2026-07-06T22:38:00+05:30,captured,setl_00000116,
pay_260706003911,order_260706115,4663.00,wallet,93.26,2026-07-06T16:00:00+05:30,captured,setl_00000116,
pay_260706003912,order_260706115,3908.00,card,78.16,2026-07-06T10:17:00+05:30,captured,setl_00000116,
pay_260706003913,order_260706115,4007.00,upi_apps,80.14,2026-07-06T22:15:00+05:30,captured,setl_00000116,
pay_260706003914,order_260706115,2333.00,card,46.66,2026-07-06T19:38:00+05:30,captured,setl_00000116,
pay_260706003915,order_260706115,3234.00,card,64.68,2026-07-06T22:18:00+05:30,captured,setl_00000116,
pay_260706003916,order_260706115,3480.00,upi_apps,69.60,2026-07-06T15:28:00+05:30,captured,setl_00000116,
pay_260706003917,order_260706115,3588.00,card,71.76,2026-07-06T15:58:00+05:30,captured,setl_00000116,
pay_260706003918,order_260706115,3323.00,upi_apps,66.46,2026-07-06T08:21:00+05:30,captured,setl_00000116,
pay_260706003919,order_260706115,2042.00,card,40.84,2026-07-06T13:23:00+05:30,captured,setl_00000116,
pay_260706003920,order_260706115,2503.00,upi_apps,50.06,2026-07-06T18:11:00+05:30,captured,setl_00000116,
pay_260706003921,order_260706115,2923.00,netbanking,26.30,2026-07-06T11:22:00+05:30,captured,setl_00000116,
pay_260706003922,order_260706115,619.00,card,12.38,2026-07-06T14:37:00+05:30,captured,setl_00000116,
pay_260706003923,order_260706115,4392.00,netbanking,39.52,2026-07-06T08:31:00+05:30,captured,setl_00000116,
pay_260706003924,order_260706115,2691.00,wallet,53.82,2026-07-06T10:05:00+05:30,captured,setl_00000116,
pay_260706003925,order_260706115,2236.00,card,44.72,2026-07-06T18:04:00+05:30,captured,setl_00000116,
pay_260706003926,order_260706115,2442.00,card,48.84,2026-07-06T11:32:00+05:30,captured,setl_00000116,
pay_260706003927,order_260706115,2931.00,upi_apps,58.62,2026-07-06T10:42:00+05:30,captured,setl_00000116,
pay_260706003928,order_260706115,1059.00,upi_apps,21.18,2026-07-06T21:42:00+05:30,captured,setl_00000116,
pay_260706003929,order_260706115,2786.00,upi_apps,55.72,2026-07-06T21:23:00+05:30,captured,setl_00000116,
pay_260706003930,order_260706115,4436.00,upi_apps,88.72,2026-07-06T20:48:00+05:30,captured,setl_00000116,
pay_260706003931,order_260706115,2454.00,card,49.08,2026-07-06T08:33:00+05:30,captured,setl_00000116,
pay_260706003932,order_260706115,4880.00,upi_apps,97.60,2026-07-06T10:20:00+05:30,captured,setl_00000116,
pay_260706003933,order_260706115,4495.00,card,89.90,2026-07-06T12:29:00+05:30,captured,setl_00000116,
pay_260706003934,order_260706115,4667.00,card,93.34,2026-07-06T15:18:00+05:30,captured,setl_00000116,
pay_260706003935,order_260706115,856.00,card,17.12,2026-07-06T10:18:00+05:30,captured,setl_00000116,
pay_260706003936,order_260706115,5145.00,upi_apps,102.90,2026-07-06T12:33:00+05:30,captured,setl_00000116,
pay_260706003937,order_260706115,2615.00,card,52.30,2026-07-06T13:40:00+05:30,captured,setl_00000116,
pay_260706003938,order_260706115,5000.00,card,100.00,2026-07-06T08:56:00+05:30,captured,setl_00000116,
pay_260706003939,order_260706115,5080.00,upi_apps,101.60,2026-07-06T22:53:00+05:30,captured,setl_00000116,
pay_260707003940,order_260707116,2726.00,upi_apps,54.52,2026-07-07T19:32:00+05:30,captured,setl_00000117,
pay_260707003941,order_260707116,1094.00,upi_apps,21.88,2026-07-07T17:12:00+05:30,captured,setl_00000117,
pay_260707003942,order_260707116,4795.00,netbanking,43.15,2026-07-07T20:37:00+05:30,captured,setl_00000117,
pay_260707003943,order_260707116,1222.00,netbanking,10.99,2026-07-07T08:56:00+05:30,captured,setl_00000117,
pay_260707003944,order_260707116,4523.00,netbanking,40.70,2026-07-07T14:18:00+05:30,captured,setl_00000117,
pay_260707003945,order_260707116,4210.00,card,84.20,2026-07-07T10:28:00+05:30,captured,setl_00000117,
pay_260707003946,order_260707116,807.00,upi_apps,16.14,2026-07-07T12:18:00+05:30,captured,setl_00000117,
pay_260707003947,order_260707116,3909.00,upi_apps,78.18,2026-07-07T18:26:00+05:30,captured,setl_00000117,
pay_260707003948,order_260707116,2529.00,wallet,50.58,2026-07-07T11:37:00+05:30,captured,setl_00000117,
pay_260707003949,order_260707116,4306.00,upi_apps,86.12,2026-07-07T22:27:00+05:30,captured,setl_00000117,
pay_260707003950,order_260707116,3597.00,upi_apps,71.94,2026-07-07T19:25:00+05:30,captured,setl_00000117,
pay_260707003951,order_260707116,4717.00,netbanking,42.45,2026-07-07T09:58:00+05:30,captured,setl_00000117,
pay_260707003952,order_260707116,3428.00,wallet,68.56,2026-07-07T16:14:00+05:30,captured,setl_00000117,
pay_260707003953,order_260707116,1047.00,card,20.94,2026-07-07T10:48:00+05:30,captured,setl_00000117,
pay_260707003954,order_260707116,1943.00,netbanking,17.48,2026-07-07T09:50:00+05:30,captured,setl_00000117,
pay_260707003955,order_260707116,4473.00,upi_apps,89.46,2026-07-07T09:21:00+05:30,captured,setl_00000117,
pay_260707003956,order_260707116,650.00,card,13.00,2026-07-07T19:49:00+05:30,captured,setl_00000117,
pay_260707003957,order_260707116,4245.00,card,84.90,2026-07-07T11:18:00+05:30,captured,setl_00000117,
pay_260707003958,order_260707116,4125.00,upi_apps,82.50,2026-07-07T16:44:00+05:30,captured,setl_00000117,
pay_260707003959,order_260707116,3876.00,upi_apps,77.52,2026-07-07T19:43:00+05:30,captured,setl_00000117,
pay_260707003960,order_260707116,3243.00,upi_apps,64.86,2026-07-07T15:35:00+05:30,captured,setl_00000117,
pay_260707003961,order_260707116,4351.00,wallet,87.02,2026-07-07T14:34:00+05:30,captured,setl_00000117,
pay_260707003962,order_260707116,694.00,upi_apps,13.88,2026-07-07T14:07:00+05:30,captured,setl_00000117,
pay_260707003963,order_260707116,4277.00,netbanking,38.49,2026-07-07T20:27:00+05:30,captured,setl_00000117,
pay_260707003964,order_260707116,2494.00,upi_apps,49.88,2026-07-07T11:18:00+05:30,captured,setl_00000117,
pay_260707003965,order_260707116,3603.00,upi_apps,72.06,2026-07-07T22:48:00+05:30,captured,setl_00000117,
pay_260707003966,order_260707116,3473.00,netbanking,31.25,2026-07-07T15:21:00+05:30,captured,setl_00000117,
pay_260707003967,order_260707116,3930.00,upi_apps,78.60,2026-07-07T20:23:00+05:30,captured,setl_00000117,
pay_260707003968,order_260707116,3405.00,card,68.10,2026-07-07T21:42:00+05:30,captured,setl_00000117,
pay_260707003969,order_260707116,2554.00,card,51.08,2026-07-07T11:22:00+05:30,captured,setl_00000117,
pay_260708003970,order_260708117,5207.00,card,104.14,2026-07-08T18:16:00+05:30,captured,setl_00000118,
pay_260708003971,order_260708117,3128.00,upi_apps,62.56,2026-07-08T16:37:00+05:30,captured,setl_00000118,
pay_260708003972,order_260708117,3373.00,card,67.46,2026-07-08T11:21:00+05:30,captured,setl_00000118,
pay_260708003973,order_260708117,4817.00,upi_apps,96.34,2026-07-08T19:04:00+05:30,captured,setl_00000118,
pay_260708003974,order_260708117,4713.00,card,94.26,2026-07-08T09:31:00+05:30,captured,setl_00000118,
pay_260708003975,order_260708117,3392.00,netbanking,30.52,2026-07-08T17:05:00+05:30,captured,setl_00000118,
pay_260708003976,order_260708117,4335.00,card,86.70,2026-07-08T18:40:00+05:30,captured,setl_00000118,
pay_260708003977,order_260708117,4832.00,wallet,96.64,2026-07-08T16:15:00+05:30,captured,setl_00000118,
pay_260708003978,order_260708117,2048.00,upi_apps,40.96,2026-07-08T22:38:00+05:30,captured,setl_00000118,
pay_260708003979,order_260708117,2880.00,card,57.60,2026-07-08T17:33:00+05:30,captured,setl_00000118,
pay_260708003980,order_260708117,1715.00,card,34.30,2026-07-08T10:38:00+05:30,captured,setl_00000118,
pay_260708003981,order_260708117,1425.00,card,28.50,2026-07-08T11:55:00+05:30,captured,setl_00000118,
pay_260708003982,order_260708117,700.00,card,14.00,2026-07-08T12:22:00+05:30,captured,setl_00000118,
pay_260708003983,order_260708117,3446.00,netbanking,31.01,2026-07-08T10:06:00+05:30,captured,setl_00000118,
pay_260708003984,order_260708117,2478.00,upi_apps,49.56,2026-07-08T17:18:00+05:30,captured,setl_00000118,
pay_260708003985,order_260708117,2942.00,upi_apps,58.84,2026-07-08T11:54:00+05:30,captured,setl_00000118,
pay_260708003986,order_260708117,533.00,upi_apps,10.66,2026-07-08T21:43:00+05:30,captured,setl_00000118,
pay_260709003987,order_260709118,2249.00,card,44.98,2026-07-09T16:16:00+05:30,captured,setl_00000119,
pay_260709003988,order_260709118,3557.00,card,71.14,2026-07-09T10:10:00+05:30,captured,setl_00000119,
pay_260709003989,order_260709118,3025.00,card,60.50,2026-07-09T09:04:00+05:30,captured,setl_00000119,
pay_260709003990,order_260709118,3125.00,card,62.50,2026-07-09T21:28:00+05:30,captured,setl_00000119,
pay_260709003991,order_260709118,2054.00,netbanking,18.48,2026-07-09T10:16:00+05:30,captured,setl_00000119,
pay_260709003992,order_260709118,2760.00,netbanking,24.84,2026-07-09T12:05:00+05:30,captured,setl_00000119,
pay_260709003993,order_260709118,3801.00,upi_apps,76.02,2026-07-09T15:40:00+05:30,captured,setl_00000119,
pay_260709003994,order_260709118,4109.00,upi_apps,82.18,2026-07-09T16:16:00+05:30,captured,setl_00000119,
pay_260709003995,order_260709118,3851.00,netbanking,34.65,2026-07-09T22:36:00+05:30,captured,setl_00000119,
pay_260709003996,order_260709118,938.00,card,18.76,2026-07-09T19:58:00+05:30,captured,setl_00000119,
pay_260709003997,order_260709118,1899.00,upi_apps,37.98,2026-07-09T10:45:00+05:30,captured,setl_00000119,
pay_260709003998,order_260709118,2906.00,upi_apps,58.12,2026-07-09T15:17:00+05:30,captured,setl_00000119,
pay_260709003999,order_260709118,837.00,upi_apps,16.74,2026-07-09T10:35:00+05:30,captured,setl_00000119,
pay_260709004000,order_260709118,741.00,card,14.82,2026-07-09T16:05:00+05:30,captured,setl_00000119,
pay_260709004001,order_260709118,1144.00,card,22.88,2026-07-09T10:32:00+05:30,captured,setl_00000119,
pay_260709004002,order_260709118,1099.00,card,21.98,2026-07-09T18:23:00+05:30,captured,setl_00000119,
pay_260709004003,order_260709118,890.00,card,17.80,2026-07-09T22:01:00+05:30,captured,setl_00000119,
pay_260709004004,order_260709118,1275.00,upi_apps,25.50,2026-07-09T22:28:00+05:30,captured,setl_00000119,
pay_260709004005,order_260709118,2870.00,netbanking,25.83,2026-07-09T12:55:00+05:30,captured,setl_00000119,
pay_260709004006,order_260709118,1346.00,wallet,26.92,2026-07-09T10:11:00+05:30,captured,setl_00000119,
pay_260709004007,order_260709118,1885.00,card,37.70,2026-07-09T09:58:00+05:30,captured,setl_00000119,
pay_260709004008,order_260709118,4785.00,upi_apps,95.70,2026-07-09T10:18:00+05:30,captured,setl_00000119,
pay_260709004009,order_260709118,2225.00,card,44.50,2026-07-09T20:50:00+05:30,captured,setl_00000119,
pay_260709004010,order_260709118,1164.00,netbanking,10.47,2026-07-09T13:23:00+05:30,captured,setl_00000119,
pay_260709004011,order_260709118,3489.00,netbanking,31.40,2026-07-09T11:55:00+05:30,captured,setl_00000119,
pay_260709004012,order_260709118,2687.00,netbanking,24.18,2026-07-09T14:07:00+05:30,captured,setl_00000119,
pay_260709004013,order_260709118,2819.00,upi_apps,56.38,2026-07-09T21:45:00+05:30,captured,setl_00000119,
pay_260709004014,order_260709118,2292.00,netbanking,20.62,2026-07-09T11:26:00+05:30,captured,setl_00000119,
pay_260709004015,order_260709118,470.00,upi_apps,9.40,2026-07-09T09:21:00+05:30,captured,setl_00000119,
pay_260709004016,order_260709118,630.00,upi_apps,12.60,2026-07-09T21:26:00+05:30,captured,setl_00000119,
pay_260709004017,order_260709118,2714.00,netbanking,24.42,2026-07-09T19:11:00+05:30,captured,setl_00000119,
pay_260709004018,order_260709118,2435.00,upi_apps,48.70,2026-07-09T10:47:00+05:30,captured,setl_00000119,
pay_260709004019,order_260709118,4723.00,upi_apps,94.46,2026-07-09T18:08:00+05:30,captured,setl_00000119,
pay_260709004020,order_260709118,5351.00,netbanking,48.15,2026-07-09T08:42:00+05:30,captured,setl_00000119,
pay_260709004021,order_260709118,3906.00,upi_apps,78.12,2026-07-09T13:19:00+05:30,captured,setl_00000119,
pay_260709004022,order_260709118,4082.00,upi_apps,81.64,2026-07-09T13:52:00+05:30,captured,setl_00000119,
pay_260709004023,order_260709118,1197.00,wallet,23.94,2026-07-09T08:39:00+05:30,captured,setl_00000119,
pay_260709004024,order_260709118,3203.00,card,64.06,2026-07-09T08:47:00+05:30,captured,setl_00000119,
pay_260709004025,order_260709118,3475.00,upi_apps,69.50,2026-07-09T13:07:00+05:30,captured,setl_00000119,
pay_260709004026,order_260709118,4629.00,card,92.58,2026-07-09T16:55:00+05:30,captured,setl_00000119,
pay_260709004027,order_260709118,4397.00,upi_apps,87.94,2026-07-09T18:40:00+05:30,captured,setl_00000119,
pay_260709004028,order_260709118,2780.00,card,55.60,2026-07-09T13:04:00+05:30,captured,setl_00000119,
pay_260709004029,order_260709118,1095.00,wallet,21.90,2026-07-09T18:45:00+05:30,captured,setl_00000119,
pay_260709004030,order_260709118,499.00,wallet,9.98,2026-07-09T22:37:00+05:30,captured,setl_00000119,
pay_260709004031,order_260709118,3214.00,netbanking,28.92,2026-07-09T22:26:00+05:30,captured,setl_00000119,
pay_260709004032,order_260709118,3956.00,netbanking,35.60,2026-07-09T12:44:00+05:30,captured,setl_00000119,
pay_260709004033,order_260709118,2331.00,upi_apps,46.62,2026-07-09T12:19:00+05:30,captured,setl_00000119,
pay_260709004034,order_260709118,1595.00,card,31.90,2026-07-09T08:52:00+05:30,captured,setl_00000119,
pay_260709004035,order_260709118,2045.00,netbanking,18.40,2026-07-09T15:49:00+05:30,captured,setl_00000119,
pay_260709004036,order_260709118,1169.00,netbanking,10.52,2026-07-09T08:32:00+05:30,captured,setl_00000119,
pay_260709004037,order_260709118,2158.00,card,43.16,2026-07-09T09:12:00+05:30,captured,setl_00000119,
pay_260709004038,order_260709118,3078.00,upi_apps,61.56,2026-07-09T21:33:00+05:30,captured,setl_00000119,
pay_260709004039,order_260709118,5079.00,card,101.58,2026-07-09T12:23:00+05:30,captured,setl_00000119,
pay_260709004040,order_260709118,3898.00,upi_apps,77.96,2026-07-09T17:48:00+05:30,captured,setl_00000119,
pay_260709004041,order_260709118,1111.00,card,22.22,2026-07-09T09:46:00+05:30,captured,setl_00000119,
pay_260709004042,order_260709118,3965.00,wallet,79.30,2026-07-09T08:36:00+05:30,captured,setl_00000119,
pay_260709004043,order_260709118,517.00,wallet,10.34,2026-07-09T12:07:00+05:30,captured,setl_00000119,
pay_260710004044,order_260710119,4522.00,card,90.44,2026-07-10T09:44:00+05:30,captured,setl_00000120,
pay_260710004045,order_260710119,821.00,card,16.42,2026-07-10T15:35:00+05:30,captured,setl_00000120,
pay_260710004046,order_260710119,3958.00,card,79.16,2026-07-10T21:22:00+05:30,captured,setl_00000120,
pay_260710004047,order_260710119,533.00,netbanking,4.79,2026-07-10T12:57:00+05:30,captured,setl_00000120,
pay_260710004048,order_260710119,5027.00,upi_apps,100.54,2026-07-10T10:58:00+05:30,captured,setl_00000120,
pay_260710004049,order_260710119,3791.00,upi_apps,75.82,2026-07-10T11:13:00+05:30,captured,setl_00000120,
pay_260710004050,order_260710119,2375.00,upi_apps,47.50,2026-07-10T15:12:00+05:30,captured,setl_00000120,
pay_260710004051,order_260710119,3291.00,card,65.82,2026-07-10T15:24:00+05:30,captured,setl_00000120,
pay_260710004052,order_260710119,4517.00,upi_apps,90.34,2026-07-10T18:05:00+05:30,captured,setl_00000120,
pay_260710004053,order_260710119,1674.00,card,33.48,2026-07-10T21:57:00+05:30,captured,setl_00000120,
pay_260710004054,order_260710119,4831.00,wallet,96.62,2026-07-10T09:39:00+05:30,captured,setl_00000120,
pay_260710004055,order_260710119,3266.00,card,65.32,2026-07-10T13:03:00+05:30,captured,setl_00000120,
pay_260710004056,order_260710119,4298.00,card,85.96,2026-07-10T19:02:00+05:30,captured,setl_00000120,
pay_260710004057,order_260710119,3483.00,upi_apps,69.66,2026-07-10T08:27:00+05:30,captured,setl_00000120,
pay_260710004058,order_260710119,3140.00,upi_apps,62.80,2026-07-10T17:43:00+05:30,captured,setl_00000120,
pay_260710004059,order_260710119,3289.00,upi_apps,65.78,2026-07-10T11:02:00+05:30,captured,setl_00000120,
pay_260710004060,order_260710119,5255.00,wallet,105.10,2026-07-10T18:51:00+05:30,captured,setl_00000120,
pay_260710004061,order_260710119,5131.00,wallet,102.62,2026-07-10T14:26:00+05:30,captured,setl_00000120,
pay_260710004062,order_260710119,2777.00,upi_apps,55.54,2026-07-10T18:23:00+05:30,captured,setl_00000120,
pay_260710004063,order_260710119,1360.00,upi_apps,27.20,2026-07-10T21:57:00+05:30,captured,setl_00000120,
pay_260710004064,order_260710119,3199.00,card,63.98,2026-07-10T19:10:00+05:30,captured,setl_00000120,
pay_260710004065,order_260710119,817.00,card,16.34,2026-07-10T22:56:00+05:30,captured,setl_00000120,
pay_260710004066,order_260710119,645.00,upi_apps,12.90,2026-07-10T19:24:00+05:30,captured,setl_00000120,
pay_260710004067,order_260710119,4617.00,card,92.34,2026-07-10T21:51:00+05:30,captured,setl_00000120,
pay_260710004068,order_260710119,3108.00,card,62.16,2026-07-10T19:20:00+05:30,captured,setl_00000120,
pay_260710004069,order_260710119,5328.00,card,106.56,2026-07-10T12:49:00+05:30,captured,setl_00000120,
pay_260710004070,order_260710119,4779.00,wallet,95.58,2026-07-10T21:00:00+05:30,captured,setl_00000120,
pay_260710004071,order_260710119,4977.00,upi_apps,99.54,2026-07-10T22:59:00+05:30,captured,setl_00000120,
pay_260710004072,order_260710119,4996.00,upi_apps,99.92,2026-07-10T11:23:00+05:30,captured,setl_00000120,
pay_260710004073,order_260710119,1685.00,card,33.70,2026-07-10T21:20:00+05:30,captured,setl_00000120,
pay_260710004074,order_260710119,1513.00,netbanking,13.61,2026-07-10T09:49:00+05:30,captured,setl_00000120,
pay_260710004075,order_260710119,3946.00,upi_apps,78.92,2026-07-10T18:40:00+05:30,captured,setl_00000120,
pay_260710004076,order_260710119,3302.00,wallet,66.04,2026-07-10T18:30:00+05:30,captured,setl_00000120,
pay_260710004077,order_260710119,3952.00,upi_apps,79.04,2026-07-10T09:04:00+05:30,captured,setl_00000120,
pay_260710004078,order_260710119,3855.00,upi_apps,77.10,2026-07-10T18:01:00+05:30,captured,setl_00000120,
pay_260710004079,order_260710119,4675.00,netbanking,42.07,2026-07-10T22:53:00+05:30,captured,setl_00000120,
pay_260710004080,order_260710119,5118.00,netbanking,46.06,2026-07-10T09:02:00+05:30,captured,setl_00000120,
pay_260710004081,order_260710119,3246.00,upi_apps,64.92,2026-07-10T10:46:00+05:30,captured,setl_00000120,
pay_260710004082,order_260710119,3943.00,card,78.86,2026-07-10T20:18:00+05:30,captured,setl_00000120,
pay_260710004083,order_260710119,5357.00,upi_apps,107.14,2026-07-10T17:09:00+05:30,captured,setl_00000120,
pay_260710004084,order_260710119,1448.00,upi_apps,28.96,2026-07-10T11:24:00+05:30,captured,setl_00000120,
pay_260710004085,order_260710119,2112.00,netbanking,19.00,2026-07-10T16:08:00+05:30,captured,setl_00000120,
pay_260710004086,order_260710119,1664.00,netbanking,14.97,2026-07-10T10:18:00+05:30,captured,setl_00000120,
pay_260710004087,order_260710119,4017.00,card,80.34,2026-07-10T18:26:00+05:30,captured,setl_00000120,
pay_260711004088,order_260711120,1776.00,upi_apps,35.52,2026-07-11T18:43:00+05:30,captured,setl_00000121,
pay_260711004089,order_260711120,4814.00,upi_apps,96.28,2026-07-11T14:46:00+05:30,captured,setl_00000121,
pay_260711004090,order_260711120,1623.00,upi_apps,32.46,2026-07-11T15:22:00+05:30,captured,setl_00000121,
pay_260711004091,order_260711120,2782.00,upi_apps,55.64,2026-07-11T15:15:00+05:30,captured,setl_00000121,
pay_260711004092,order_260711120,1746.00,wallet,34.92,2026-07-11T21:05:00+05:30,captured,setl_00000121,
pay_260711004093,order_260711120,692.00,card,13.84,2026-07-11T13:51:00+05:30,captured,setl_00000121,
pay_260711004094,order_260711120,814.00,netbanking,7.32,2026-07-11T16:20:00+05:30,captured,setl_00000121,
pay_260711004095,order_260711120,2422.00,upi_apps,48.44,2026-07-11T16:27:00+05:30,captured,setl_00000121,
pay_260711004096,order_260711120,665.00,wallet,13.30,2026-07-11T19:03:00+05:30,captured,setl_00000121,
pay_260711004097,order_260711120,1753.00,upi_apps,35.06,2026-07-11T18:46:00+05:30,captured,setl_00000121,
pay_260711004098,order_260711120,3719.00,card,74.38,2026-07-11T17:59:00+05:30,captured,setl_00000121,
pay_260712004099,order_260712121,2097.00,netbanking,18.87,2026-07-12T19:29:00+05:30,captured,setl_00000122,
pay_260712004100,order_260712121,4696.00,upi_apps,93.92,2026-07-12T17:31:00+05:30,captured,setl_00000122,
pay_260713004101,order_260713122,3442.00,upi_apps,68.84,2026-07-13T12:47:00+05:30,captured,setl_00000123,
pay_260713004102,order_260713122,4791.00,card,95.82,2026-07-13T21:07:00+05:30,captured,setl_00000123,
pay_260713004103,order_260713122,4524.00,netbanking,40.71,2026-07-13T14:54:00+05:30,captured,setl_00000123,
pay_260713004104,order_260713122,5290.00,upi_apps,105.80,2026-07-13T15:35:00+05:30,captured,setl_00000123,
pay_260713004105,order_260713122,1232.00,netbanking,11.08,2026-07-13T18:41:00+05:30,captured,setl_00000123,
pay_260713004106,order_260713122,4863.00,card,97.26,2026-07-13T21:07:00+05:30,captured,setl_00000123,
pay_260713004107,order_260713122,4263.00,card,85.26,2026-07-13T21:11:00+05:30,captured,setl_00000123,
pay_260713004108,order_260713122,2107.00,upi_apps,42.14,2026-07-13T11:43:00+05:30,captured,setl_00000123,
pay_260713004109,order_260713122,2183.00,upi_apps,43.66,2026-07-13T21:42:00+05:30,captured,setl_00000123,
pay_260713004110,order_260713122,3940.00,upi_apps,78.80,2026-07-13T11:34:00+05:30,captured,setl_00000123,
pay_260713004111,order_260713122,3487.00,wallet,69.74,2026-07-13T14:01:00+05:30,captured,setl_00000123,
pay_260713004112,order_260713122,5381.00,upi_apps,107.62,2026-07-13T15:02:00+05:30,captured,setl_00000123,
pay_260713004113,order_260713122,4537.00,netbanking,40.83,2026-07-13T09:31:00+05:30,captured,setl_00000123,
pay_260713004114,order_260713122,845.00,upi_apps,16.90,2026-07-13T18:35:00+05:30,captured,setl_00000123,
pay_260713004115,order_260713122,5079.00,upi_apps,101.58,2026-07-13T16:43:00+05:30,captured,setl_00000123,
pay_260713004116,order_260713122,2502.00,netbanking,22.51,2026-07-13T10:03:00+05:30,captured,setl_00000123,
pay_260713004117,order_260713122,4879.00,upi_apps,97.58,2026-07-13T10:33:00+05:30,captured,setl_00000123,
pay_260713004118,order_260713122,2107.00,upi_apps,42.14,2026-07-13T09:35:00+05:30,captured,setl_00000123,
pay_260713004119,order_260713122,900.00,upi_apps,18.00,2026-07-13T11:08:00+05:30,captured,setl_00000123,
pay_260713004120,order_260713122,4199.00,card,83.98,2026-07-13T15:44:00+05:30,captured,setl_00000123,
pay_260713004121,order_260713122,4178.00,upi_apps,83.56,2026-07-13T21:52:00+05:30,captured,setl_00000123,
pay_260713004122,order_260713122,538.00,wallet,10.76,2026-07-13T17:29:00+05:30,captured,setl_00000123,
pay_260713004123,order_260713122,5234.00,upi_apps,104.68,2026-07-13T22:17:00+05:30,captured,setl_00000123,
pay_260713004124,order_260713122,3502.00,card,70.04,2026-07-13T14:10:00+05:30,captured,setl_00000123,
pay_260713004125,order_260713122,4155.00,card,83.10,2026-07-13T10:11:00+05:30,captured,setl_00000123,
pay_260713004126,order_260713122,1544.00,card,30.88,2026-07-13T10:34:00+05:30,captured,setl_00000123,
pay_260713004127,order_260713122,765.00,upi_apps,15.30,2026-07-13T12:29:00+05:30,captured,setl_00000123,
pay_260713004128,order_260713122,1412.00,upi_apps,28.24,2026-07-13T15:04:00+05:30,captured,setl_00000123,
pay_260713004129,order_260713122,3526.00,upi_apps,70.52,2026-07-13T20:55:00+05:30,captured,setl_00000123,
pay_260713004130,order_260713122,4024.00,netbanking,36.21,2026-07-13T17:49:00+05:30,captured,setl_00000123,
pay_260713004131,order_260713122,3675.00,upi_apps,73.50,2026-07-13T21:10:00+05:30,captured,setl_00000123,
pay_260713004132,order_260713122,1370.00,upi_apps,27.40,2026-07-13T08:07:00+05:30,captured,setl_00000123,
pay_260713004133,order_260713122,4887.00,upi_apps,97.74,2026-07-13T09:23:00+05:30,captured,setl_00000123,
pay_260713004134,order_260713122,649.00,upi_apps,12.98,2026-07-13T19:13:00+05:30,captured,setl_00000123,
pay_260713004135,order_260713122,2831.00,card,56.62,2026-07-13T22:02:00+05:30,captured,setl_00000123,
pay_260713004136,order_260713122,4843.00,upi_apps,96.86,2026-07-13T14:55:00+05:30,captured,setl_00000123,
pay_260713004137,order_260713122,681.00,upi_apps,13.62,2026-07-13T09:38:00+05:30,captured,setl_00000123,
pay_260713004138,order_260713122,3924.00,card,78.48,2026-07-13T21:04:00+05:30,captured,setl_00000123,
pay_260713004139,order_260713122,2407.00,upi_apps,48.14,2026-07-13T09:51:00+05:30,captured,setl_00000123,
pay_260713004140,order_260713122,3151.00,wallet,63.02,2026-07-13T16:21:00+05:30,captured,setl_00000123,
pay_260713004141,order_260713122,2056.00,card,41.12,2026-07-13T18:49:00+05:30,captured,setl_00000123,
pay_260713004142,order_260713122,4694.00,card,93.88,2026-07-13T17:06:00+05:30,captured,setl_00000123,
pay_260713004143,order_260713122,4583.00,wallet,91.66,2026-07-13T17:33:00+05:30,captured,setl_00000123,
pay_260713004144,order_260713122,3932.00,card,78.64,2026-07-13T20:22:00+05:30,captured,setl_00000123,
pay_260713004145,order_260713122,965.00,upi_apps,19.30,2026-07-13T19:00:00+05:30,captured,setl_00000123,
pay_260713004146,order_260713122,3992.00,upi_apps,79.84,2026-07-13T20:40:00+05:30,captured,setl_00000123,
pay_260713004147,order_260713122,4595.00,netbanking,41.35,2026-07-13T12:19:00+05:30,captured,setl_00000123,
pay_260713004148,order_260713122,946.00,card,18.92,2026-07-13T08:13:00+05:30,captured,setl_00000123,
pay_260713004149,order_260713122,4224.00,upi_apps,84.48,2026-07-13T15:32:00+05:30,captured,setl_00000123,
pay_260713004150,order_260713122,5368.00,netbanking,48.31,2026-07-13T21:50:00+05:30,captured,setl_00000123,
pay_260713004151,order_260713122,3999.00,upi_apps,79.98,2026-07-13T20:53:00+05:30,captured,setl_00000123,
pay_260713004152,order_260713122,2442.00,card,48.84,2026-07-13T12:11:00+05:30,captured,setl_00000123,
pay_260713004153,order_260713122,3416.00,upi_apps,68.32,2026-07-13T22:16:00+05:30,captured,setl_00000123,
pay_260713004154,order_260713122,3213.00,card,64.26,2026-07-13T15:42:00+05:30,captured,setl_00000123,
pay_260713004155,order_260713122,1871.00,upi_apps,37.42,2026-07-13T18:11:00+05:30,captured,setl_00000123,
pay_260714004156,order_260714123,4024.00,upi_apps,80.48,2026-07-14T19:01:00+05:30,captured,setl_00000124,
pay_260714004157,order_260714123,1830.00,netbanking,16.46,2026-07-14T19:17:00+05:30,captured,setl_00000124,
pay_260714004158,order_260714123,2292.00,upi_apps,45.84,2026-07-14T08:33:00+05:30,captured,setl_00000124,
pay_260714004159,order_260714123,4108.00,wallet,82.16,2026-07-14T17:14:00+05:30,captured,setl_00000124,
pay_260714004160,order_260714123,4266.00,card,85.32,2026-07-14T09:02:00+05:30,captured,setl_00000124,
pay_260714004161,order_260714123,1112.00,card,22.24,2026-07-14T10:03:00+05:30,captured,setl_00000124,
pay_260714004162,order_260714123,5021.00,netbanking,45.18,2026-07-14T22:18:00+05:30,captured,setl_00000124,
pay_260714004163,order_260714123,3416.00,card,68.32,2026-07-14T14:32:00+05:30,captured,setl_00000124,
pay_260714004164,order_260714123,2942.00,card,58.84,2026-07-14T08:32:00+05:30,captured,setl_00000124,
pay_260714004165,order_260714123,1738.00,card,34.76,2026-07-14T21:09:00+05:30,captured,setl_00000124,
pay_260714004166,order_260714123,3316.00,upi_apps,66.32,2026-07-14T08:48:00+05:30,captured,setl_00000124,
pay_260714004167,order_260714123,3490.00,upi_apps,69.80,2026-07-14T18:37:00+05:30,captured,setl_00000124,
pay_260714004168,order_260714123,581.00,upi_apps,11.62,2026-07-14T09:07:00+05:30,captured,setl_00000124,
pay_260714004169,order_260714123,4081.00,upi_apps,81.62,2026-07-14T16:48:00+05:30,captured,setl_00000124,
pay_260714004170,order_260714123,894.00,upi_apps,17.88,2026-07-14T10:47:00+05:30,captured,setl_00000124,
pay_260714004171,order_260714123,4447.00,netbanking,40.02,2026-07-14T18:19:00+05:30,captured,setl_00000124,
pay_260714004172,order_260714123,3601.00,card,72.02,2026-07-14T11:19:00+05:30,captured,setl_00000124,
pay_260714004173,order_260714123,5257.00,upi_apps,105.14,2026-07-14T17:12:00+05:30,captured,setl_00000124,
pay_260714004174,order_260714123,2170.00,upi_apps,43.40,2026-07-14T16:37:00+05:30,captured,setl_00000124,
pay_260714004175,order_260714123,4230.00,upi_apps,84.60,2026-07-14T21:13:00+05:30,captured,setl_00000124,
pay_260714004176,order_260714123,955.00,card,19.10,2026-07-14T20:32:00+05:30,captured,setl_00000124,
pay_260714004177,order_260714123,4317.00,netbanking,38.85,2026-07-14T10:25:00+05:30,captured,setl_00000124,
pay_260714004178,order_260714123,1639.00,upi_apps,32.78,2026-07-14T12:48:00+05:30,captured,setl_00000124,
pay_260714004179,order_260714123,2318.00,netbanking,20.86,2026-07-14T11:15:00+05:30,captured,setl_00000124,
pay_260714004180,order_260714123,3138.00,wallet,62.76,2026-07-14T09:32:00+05:30,captured,setl_00000124,
pay_260714004181,order_260714123,5052.00,upi_apps,101.04,2026-07-14T21:16:00+05:30,captured,setl_00000124,
pay_260714004182,order_260714123,2068.00,upi_apps,41.36,2026-07-14T22:14:00+05:30,captured,setl_00000124,
pay_260714004183,order_260714123,1049.00,upi_apps,20.98,2026-07-14T09:55:00+05:30,captured,setl_00000124,
pay_260714004184,order_260714123,1300.00,upi_apps,26.00,2026-07-14T15:01:00+05:30,captured,setl_00000124,
pay_260714004185,order_260714123,1415.00,upi_apps,28.30,2026-07-14T16:35:00+05:30,captured,setl_00000124,
pay_260714004186,order_260714123,1151.00,upi_apps,23.02,2026-07-14T16:01:00+05:30,captured,setl_00000124,
pay_260715004187,order_260715124,4815.00,upi_apps,96.30,2026-07-15T08:59:00+05:30,captured,setl_00000125,
pay_260715004188,order_260715124,4078.00,netbanking,36.70,2026-07-15T22:10:00+05:30,captured,setl_00000125,
pay_260715004189,order_260715124,1863.00,upi_apps,37.26,2026-07-15T19:08:00+05:30,captured,setl_00000125,
pay_260715004190,order_260715124,2590.00,card,51.80,2026-07-15T22:05:00+05:30,captured,setl_00000125,
pay_260715004191,order_260715124,1412.00,upi_apps,28.24,2026-07-15T20:58:00+05:30,captured,setl_00000125,
pay_260715004192,order_260715124,2005.00,netbanking,18.04,2026-07-15T17:12:00+05:30,captured,setl_00000125,
pay_260715004193,order_260715124,4546.00,card,90.92,2026-07-15T21:20:00+05:30,captured,setl_00000125,
pay_260715004194,order_260715124,902.00,card,18.04,2026-07-15T09:59:00+05:30,captured,setl_00000125,
pay_260715004195,order_260715124,1721.00,netbanking,15.48,2026-07-15T16:18:00+05:30,captured,setl_00000125,
pay_260715004196,order_260715124,1319.00,upi_apps,26.38,2026-07-15T12:45:00+05:30,captured,setl_00000125,
pay_260715004197,order_260715124,2024.00,card,40.48,2026-07-15T12:17:00+05:30,captured,setl_00000125,
pay_260715004198,order_260715124,4595.00,upi_apps,91.90,2026-07-15T22:53:00+05:30,captured,setl_00000125,
pay_260715004199,order_260715124,5285.00,netbanking,47.56,2026-07-15T08:36:00+05:30,captured,setl_00000125,
pay_260715004200,order_260715124,1636.00,upi_apps,32.72,2026-07-15T20:52:00+05:30,captured,setl_00000125,
pay_260715004201,order_260715124,2548.00,upi_apps,50.96,2026-07-15T08:34:00+05:30,captured,setl_00000125,
pay_260715004202,order_260715124,3811.00,upi_apps,76.22,2026-07-15T11:52:00+05:30,captured,setl_00000125,
pay_260715004203,order_260715124,1784.00,card,35.68,2026-07-15T21:31:00+05:30,captured,setl_00000125,
pay_260715004204,order_260715124,3692.00,upi_apps,73.84,2026-07-15T17:08:00+05:30,captured,setl_00000125,
pay_260715004205,order_260715124,4657.00,upi_apps,93.14,2026-07-15T21:28:00+05:30,captured,setl_00000125,
pay_260715004206,order_260715124,3732.00,upi_apps,74.64,2026-07-15T22:58:00+05:30,captured,setl_00000125,
pay_260715004207,order_260715124,2483.00,card,49.66,2026-07-15T13:18:00+05:30,captured,setl_00000125,
pay_260715004208,order_260715124,1761.00,netbanking,15.84,2026-07-15T19:39:00+05:30,captured,setl_00000125,
pay_260715004209,order_260715124,3604.00,netbanking,32.43,2026-07-15T10:05:00+05:30,captured,setl_00000125,
pay_260715004210,order_260715124,849.00,upi_apps,16.98,2026-07-15T14:03:00+05:30,captured,setl_00000125,
pay_260715004211,order_260715124,5219.00,upi_apps,104.38,2026-07-15T12:19:00+05:30,captured,setl_00000125,
pay_260715004212,order_260715124,1883.00,card,37.66,2026-07-15T17:07:00+05:30,captured,setl_00000125,
pay_260715004213,order_260715124,5308.00,card,106.16,2026-07-15T13:43:00+05:30,captured,setl_00000125,
pay_260715004214,order_260715124,518.00,netbanking,4.66,2026-07-15T22:10:00+05:30,captured,setl_00000125,
pay_260715004215,order_260715124,1054.00,netbanking,9.48,2026-07-15T21:49:00+05:30,captured,setl_00000125,
pay_260715004216,order_260715124,1337.00,card,26.74,2026-07-15T10:55:00+05:30,captured,setl_00000125,
pay_260715004217,order_260715124,3124.00,upi_apps,62.48,2026-07-15T09:02:00+05:30,captured,setl_00000125,
pay_260715004218,order_260715124,1823.00,upi_apps,36.46,2026-07-15T17:45:00+05:30,captured,setl_00000125,
pay_260715004219,order_260715124,2103.00,wallet,42.06,2026-07-15T08:35:00+05:30,captured,setl_00000125,
pay_260715004220,order_260715124,4671.00,upi_apps,93.42,2026-07-15T16:51:00+05:30,captured,setl_00000125,
pay_260715004221,order_260715124,2037.00,card,40.74,2026-07-15T11:10:00+05:30,captured,setl_00000125,
pay_260715004222,order_260715124,873.00,card,17.46,2026-07-15T22:36:00+05:30,captured,setl_00000125,
pay_260715004223,order_260715124,469.00,upi_apps,9.38,2026-07-15T11:08:00+05:30,captured,setl_00000125,
pay_260715004224,order_260715124,2244.00,upi_apps,44.88,2026-07-15T17:48:00+05:30,captured,setl_00000125,
pay_260715004225,order_260715124,978.00,card,19.56,2026-07-15T14:17:00+05:30,captured,setl_00000125,
pay_260715004226,order_260715124,3944.00,upi_apps,78.88,2026-07-15T19:26:00+05:30,captured,setl_00000125,
pay_260715004227,order_260715124,5211.00,upi_apps,104.22,2026-07-15T10:12:00+05:30,captured,setl_00000125,
pay_260715004228,order_260715124,796.00,card,15.92,2026-07-15T08:45:00+05:30,captured,setl_00000125,
pay_260715004229,order_260715124,2109.00,card,42.18,2026-07-15T22:37:00+05:30,captured,setl_00000125,
pay_260716004230,order_260716125,4729.00,card,94.58,2026-07-16T17:24:00+05:30,captured,setl_00000126,
pay_260716004231,order_260716125,578.00,netbanking,5.20,2026-07-16T14:45:00+05:30,captured,setl_00000126,
pay_260716004232,order_260716125,517.00,upi_apps,10.34,2026-07-16T08:15:00+05:30,captured,setl_00000126,
pay_260716004233,order_260716125,3144.00,upi_apps,62.88,2026-07-16T13:46:00+05:30,captured,setl_00000126,
pay_260716004234,order_260716125,2825.00,netbanking,25.42,2026-07-16T16:26:00+05:30,captured,setl_00000126,
pay_260716004235,order_260716125,2596.00,netbanking,23.36,2026-07-16T09:16:00+05:30,captured,setl_00000126,
pay_260716004236,order_260716125,3352.00,card,67.04,2026-07-16T20:47:00+05:30,captured,setl_00000126,
pay_260716004237,order_260716125,1831.00,wallet,36.62,2026-07-16T12:45:00+05:30,captured,setl_00000126,
pay_260716004238,order_260716125,961.00,wallet,19.22,2026-07-16T10:08:00+05:30,captured,setl_00000126,
pay_260716004239,order_260716125,2642.00,netbanking,23.77,2026-07-16T09:27:00+05:30,captured,setl_00000126,
pay_260716004240,order_260716125,4925.00,upi_apps,98.50,2026-07-16T16:48:00+05:30,captured,setl_00000126,
pay_260716004241,order_260716125,5109.00,card,102.18,2026-07-16T09:26:00+05:30,captured,setl_00000126,
pay_260716004242,order_260716125,3809.00,card,76.18,2026-07-16T15:33:00+05:30,captured,setl_00000126,
pay_260716004243,order_260716125,836.00,upi_apps,16.72,2026-07-16T15:10:00+05:30,captured,setl_00000126,
pay_260716004244,order_260716125,5142.00,upi_apps,102.84,2026-07-16T20:53:00+05:30,captured,setl_00000126,
pay_260716004245,order_260716125,2918.00,card,58.36,2026-07-16T14:22:00+05:30,captured,setl_00000126,
pay_260716004246,order_260716125,2874.00,card,57.48,2026-07-16T08:20:00+05:30,captured,setl_00000126,
pay_260716004247,order_260716125,3536.00,wallet,70.72,2026-07-16T12:16:00+05:30,captured,setl_00000126,
pay_260716004248,order_260716125,5134.00,upi_apps,102.68,2026-07-16T18:31:00+05:30,captured,setl_00000126,
pay_260716004249,order_260716125,2076.00,upi_apps,41.52,2026-07-16T10:55:00+05:30,captured,setl_00000126,
pay_260716004250,order_260716125,3836.00,card,76.72,2026-07-16T08:19:00+05:30,captured,setl_00000126,
pay_260716004251,order_260716125,2010.00,card,40.20,2026-07-16T19:18:00+05:30,captured,setl_00000126,
pay_260716004252,order_260716125,2935.00,upi_apps,58.70,2026-07-16T12:04:00+05:30,captured,setl_00000126,
pay_260716004253,order_260716125,4350.00,card,87.00,2026-07-16T19:39:00+05:30,captured,setl_00000126,
pay_260716004254,order_260716125,3147.00,card,62.94,2026-07-16T16:31:00+05:30,captured,setl_00000126,
pay_260716004255,order_260716125,4859.00,netbanking,43.73,2026-07-16T15:24:00+05:30,captured,setl_00000126,
pay_260716004256,order_260716125,585.00,netbanking,5.26,2026-07-16T13:50:00+05:30,captured,setl_00000126,
pay_260716004257,order_260716125,972.00,upi_apps,19.44,2026-07-16T18:51:00+05:30,captured,setl_00000126,
pay_260716004258,order_260716125,3493.00,netbanking,31.43,2026-07-16T22:07:00+05:30,captured,setl_00000126,
pay_260716004259,order_260716125,2139.00,netbanking,19.25,2026-07-16T22:14:00+05:30,captured,setl_00000126,
pay_260716004260,order_260716125,4359.00,card,87.18,2026-07-16T10:00:00+05:30,captured,setl_00000126,
pay_260716004261,order_260716125,3590.00,card,71.80,2026-07-16T08:59:00+05:30,captured,setl_00000126,
pay_260716004262,order_260716125,5067.00,upi_apps,101.34,2026-07-16T21:16:00+05:30,captured,setl_00000126,
pay_260717004263,order_260717126,5042.00,netbanking,45.37,2026-07-17T20:00:00+05:30,captured,setl_00000127,
pay_260717004264,order_260717126,4507.00,card,90.14,2026-07-17T18:14:00+05:30,captured,setl_00000127,
pay_260717004265,order_260717126,2217.00,card,44.34,2026-07-17T21:27:00+05:30,captured,setl_00000127,
pay_260717004266,order_260717126,3940.00,netbanking,35.45,2026-07-17T22:42:00+05:30,captured,setl_00000127,
pay_260717004267,order_260717126,2419.00,netbanking,21.77,2026-07-17T20:53:00+05:30,captured,setl_00000127,
pay_260717004268,order_260717126,4740.00,card,94.80,2026-07-17T22:23:00+05:30,captured,setl_00000127,
pay_260717004269,order_260717126,3433.00,upi_apps,68.66,2026-07-17T10:37:00+05:30,captured,setl_00000127,
pay_260717004270,order_260717126,998.00,netbanking,8.98,2026-07-17T08:52:00+05:30,captured,setl_00000127,
pay_260717004271,order_260717126,1896.00,card,37.92,2026-07-17T10:28:00+05:30,captured,setl_00000127,
pay_260717004272,order_260717126,3192.00,upi_apps,63.84,2026-07-17T22:16:00+05:30,captured,setl_00000127,
pay_260717004273,order_260717126,4388.00,netbanking,39.49,2026-07-17T17:22:00+05:30,captured,setl_00000127,
pay_260717004274,order_260717126,5118.00,card,102.36,2026-07-17T20:49:00+05:30,captured,setl_00000127,
pay_260717004275,order_260717126,2963.00,card,59.26,2026-07-17T16:49:00+05:30,captured,setl_00000127,
pay_260717004276,order_260717126,2971.00,card,59.42,2026-07-17T09:40:00+05:30,captured,setl_00000127,
pay_260717004277,order_260717126,4604.00,upi_apps,92.08,2026-07-17T19:22:00+05:30,captured,setl_00000127,
pay_260717004278,order_260717126,3769.00,upi_apps,75.38,2026-07-17T18:29:00+05:30,captured,setl_00000127,
pay_260717004279,order_260717126,1809.00,upi_apps,36.18,2026-07-17T21:42:00+05:30,captured,setl_00000127,
pay_260717004280,order_260717126,4926.00,card,98.52,2026-07-17T12:10:00+05:30,captured,setl_00000127,
pay_260717004281,order_260717126,3733.00,upi_apps,74.66,2026-07-17T12:01:00+05:30,captured,setl_00000127,
pay_260717004282,order_260717126,968.00,card,19.36,2026-07-17T20:25:00+05:30,captured,setl_00000127,
pay_260717004283,order_260717126,3237.00,wallet,64.74,2026-07-17T19:55:00+05:30,captured,setl_00000127,
pay_260717004284,order_260717126,1531.00,card,30.62,2026-07-17T15:52:00+05:30,captured,setl_00000127,
pay_260717004285,order_260717126,475.00,upi_apps,9.50,2026-07-17T09:12:00+05:30,captured,setl_00000127,
pay_260717004286,order_260717126,4938.00,upi_apps,98.76,2026-07-17T16:39:00+05:30,captured,setl_00000127,
pay_260717004287,order_260717126,4141.00,upi_apps,82.82,2026-07-17T13:13:00+05:30,captured,setl_00000127,
pay_260717004288,order_260717126,2171.00,upi_apps,43.42,2026-07-17T13:47:00+05:30,captured,setl_00000127,
pay_260717004289,order_260717126,1241.00,wallet,24.82,2026-07-17T10:44:00+05:30,captured,setl_00000127,
pay_260717004290,order_260717126,2017.00,upi_apps,40.34,2026-07-17T10:37:00+05:30,captured,setl_00000127,
pay_260717004291,order_260717126,1171.00,card,23.42,2026-07-17T14:15:00+05:30,captured,setl_00000127,
pay_260717004292,order_260717126,2311.00,upi_apps,46.22,2026-07-17T20:15:00+05:30,captured,setl_00000127,
pay_260717004293,order_260717126,4488.00,netbanking,40.39,2026-07-17T13:05:00+05:30,captured,setl_00000127,
pay_260717004294,order_260717126,3812.00,upi_apps,76.24,2026-07-17T17:53:00+05:30,captured,setl_00000127,
pay_260717004295,order_260717126,4832.00,upi_apps,96.64,2026-07-17T19:12:00+05:30,captured,setl_00000127,
pay_260718004296,order_260718127,1218.00,upi_apps,24.36,2026-07-18T18:23:00+05:30,captured,setl_00000128,
pay_260718004297,order_260718127,5108.00,upi_apps,102.16,2026-07-18T12:07:00+05:30,captured,setl_00000128,
pay_260718004298,order_260718127,4517.00,netbanking,40.65,2026-07-18T22:18:00+05:30,captured,setl_00000128,
pay_260718004299,order_260718127,4049.00,upi_apps,80.98,2026-07-18T08:25:00+05:30,captured,setl_00000128,
pay_260720004300,order_260720128,3661.00,netbanking,32.94,2026-07-20T12:56:00+05:30,captured,setl_00000129,
pay_260720004301,order_260720128,1293.00,card,25.86,2026-07-20T10:01:00+05:30,captured,setl_00000129,
pay_260720004302,order_260720128,3046.00,upi_apps,60.92,2026-07-20T11:56:00+05:30,captured,setl_00000129,
pay_260720004303,order_260720128,2731.00,card,54.62,2026-07-20T14:25:00+05:30,captured,setl_00000129,
pay_260720004304,order_260720128,4563.00,wallet,91.26,2026-07-20T22:55:00+05:30,captured,setl_00000129,
pay_260720004305,order_260720128,472.00,wallet,9.44,2026-07-20T22:06:00+05:30,captured,setl_00000129,
pay_260720004306,order_260720128,818.00,card,16.36,2026-07-20T14:25:00+05:30,captured,setl_00000129,
pay_260720004307,order_260720128,1317.00,netbanking,11.85,2026-07-20T13:47:00+05:30,captured,setl_00000129,
pay_260720004308,order_260720128,5312.00,upi_apps,106.24,2026-07-20T15:35:00+05:30,captured,setl_00000129,
pay_260720004309,order_260720128,2496.00,upi_apps,49.92,2026-07-20T21:18:00+05:30,captured,setl_00000129,
pay_260720004310,order_260720128,2178.00,wallet,43.56,2026-07-20T11:55:00+05:30,captured,setl_00000129,
pay_260720004311,order_260720128,1067.00,upi_apps,21.34,2026-07-20T08:16:00+05:30,captured,setl_00000129,
pay_260720004312,order_260720128,3503.00,upi_apps,70.06,2026-07-20T21:55:00+05:30,captured,setl_00000129,
pay_260720004313,order_260720128,5330.00,upi_apps,106.60,2026-07-20T14:07:00+05:30,captured,setl_00000129,
pay_260720004314,order_260720128,3422.00,card,68.44,2026-07-20T17:26:00+05:30,captured,setl_00000129,
pay_260720004315,order_260720128,1850.00,upi_apps,37.00,2026-07-20T22:11:00+05:30,captured,setl_00000129,
pay_260720004316,order_260720128,1963.00,upi_apps,39.26,2026-07-20T14:21:00+05:30,captured,setl_00000129,
pay_260720004317,order_260720128,5395.00,card,107.90,2026-07-20T09:50:00+05:30,captured,setl_00000129,
pay_260720004318,order_260720128,914.00,card,18.28,2026-07-20T19:58:00+05:30,captured,setl_00000129,
pay_260720004319,order_260720128,4076.00,upi_apps,81.52,2026-07-20T17:02:00+05:30,captured,setl_00000129,
pay_260720004320,order_260720128,5030.00,upi_apps,100.60,2026-07-20T08:27:00+05:30,captured,setl_00000129,
pay_260720004321,order_260720128,5282.00,wallet,105.64,2026-07-20T17:12:00+05:30,captured,setl_00000129,
pay_260720004322,order_260720128,738.00,card,14.76,2026-07-20T16:22:00+05:30,captured,setl_00000129,
pay_260720004323,order_260720128,3137.00,netbanking,28.23,2026-07-20T12:14:00+05:30,captured,setl_00000129,
pay_260720004324,order_260720128,619.00,upi_apps,12.38,2026-07-20T16:46:00+05:30,captured,setl_00000129,
pay_260720004325,order_260720128,4027.00,upi_apps,80.54,2026-07-20T12:11:00+05:30,captured,setl_00000129,
pay_260720004326,order_260720128,1769.00,upi_apps,35.38,2026-07-20T20:08:00+05:30,captured,setl_00000129,
pay_260720004327,order_260720128,4138.00,netbanking,37.24,2026-07-20T10:26:00+05:30,captured,setl_00000129,
pay_260720004328,order_260720128,4141.00,upi_apps,82.82,2026-07-20T16:53:00+05:30,captured,setl_00000129,
pay_260720004329,order_260720128,2095.00,card,41.90,2026-07-20T17:29:00+05:30,captured,setl_00000129,
pay_260720004330,order_260720128,3686.00,card,73.72,2026-07-20T21:51:00+05:30,captured,setl_00000129,
pay_260720004331,order_260720128,940.00,netbanking,8.45,2026-07-20T08:02:00+05:30,captured,setl_00000129,
pay_260720004332,order_260720128,1935.00,wallet,38.70,2026-07-20T19:42:00+05:30,captured,setl_00000129,
pay_260720004333,order_260720128,4183.00,netbanking,37.64,2026-07-20T12:15:00+05:30,captured,setl_00000129,
pay_260720004334,order_260720128,939.00,card,18.78,2026-07-20T14:51:00+05:30,captured,setl_00000129,
pay_260720004335,order_260720128,2919.00,upi_apps,58.38,2026-07-20T17:16:00+05:30,captured,setl_00000129,
pay_260720004336,order_260720128,1328.00,netbanking,11.95,2026-07-20T13:52:00+05:30,captured,setl_00000129,
pay_260720004337,order_260720128,4168.00,wallet,83.36,2026-07-20T20:08:00+05:30,captured,setl_00000129,
pay_260720004338,order_260720128,5377.00,wallet,107.54,2026-07-20T20:42:00+05:30,captured,setl_00000129,
pay_260720004339,order_260720128,2527.00,card,50.54,2026-07-20T16:52:00+05:30,captured,setl_00000129,
pay_260720004340,order_260720128,4792.00,wallet,95.84,2026-07-20T10:05:00+05:30,captured,setl_00000129,
pay_260720004341,order_260720128,2227.00,upi_apps,44.54,2026-07-20T15:52:00+05:30,captured,setl_00000129,
pay_260720004342,order_260720128,492.00,upi_apps,9.84,2026-07-20T08:50:00+05:30,captured,setl_00000129,
pay_260720004343,order_260720128,4723.00,card,94.46,2026-07-20T17:44:00+05:30,captured,setl_00000129,
pay_260720004344,order_260720128,3668.00,card,73.36,2026-07-20T16:22:00+05:30,captured,setl_00000129,
pay_260720004345,order_260720128,5038.00,upi_apps,100.76,2026-07-20T22:42:00+05:30,captured,setl_00000129,
pay_260721004346,order_260721129,978.00,upi_apps,19.56,2026-07-21T21:45:00+05:30,captured,setl_00000130,
pay_260721004347,order_260721129,2282.00,card,45.64,2026-07-21T17:34:00+05:30,captured,setl_00000130,
pay_260721004348,order_260721129,2653.00,upi_apps,53.06,2026-07-21T12:44:00+05:30,captured,setl_00000130,
pay_260721004349,order_260721129,725.00,card,14.50,2026-07-21T21:59:00+05:30,captured,setl_00000130,
pay_260721004350,order_260721129,3440.00,netbanking,30.95,2026-07-21T18:16:00+05:30,captured,setl_00000130,
pay_260721004351,order_260721129,4488.00,card,89.76,2026-07-21T10:59:00+05:30,captured,setl_00000130,
pay_260721004352,order_260721129,759.00,card,15.18,2026-07-21T15:26:00+05:30,captured,setl_00000130,
pay_260721004353,order_260721129,3350.00,netbanking,30.14,2026-07-21T19:12:00+05:30,captured,setl_00000130,
pay_260721004354,order_260721129,5356.00,upi_apps,107.12,2026-07-21T13:35:00+05:30,captured,setl_00000130,
pay_260721004355,order_260721129,3846.00,card,76.92,2026-07-21T13:56:00+05:30,captured,setl_00000130,
pay_260721004356,order_260721129,5140.00,card,102.80,2026-07-21T15:24:00+05:30,captured,setl_00000130,
pay_260721004357,order_260721129,4774.00,upi_apps,95.48,2026-07-21T22:15:00+05:30,captured,setl_00000130,
pay_260721004358,order_260721129,2074.00,upi_apps,41.48,2026-07-21T18:00:00+05:30,captured,setl_00000130,
pay_260721004359,order_260721129,2581.00,card,51.62,2026-07-21T15:24:00+05:30,captured,setl_00000130,
pay_260721004360,order_260721129,1714.00,upi_apps,34.28,2026-07-21T16:07:00+05:30,captured,setl_00000130,
pay_260721004361,order_260721129,3736.00,upi_apps,74.72,2026-07-21T09:06:00+05:30,captured,setl_00000130,
pay_260721004362,order_260721129,1565.00,upi_apps,31.30,2026-07-21T18:06:00+05:30,captured,setl_00000130,
pay_260721004363,order_260721129,3451.00,card,69.02,2026-07-21T15:26:00+05:30,captured,setl_00000130,
pay_260721004364,order_260721129,4800.00,wallet,96.00,2026-07-21T15:52:00+05:30,captured,setl_00000130,
pay_260721004365,order_260721129,1101.00,netbanking,9.90,2026-07-21T15:28:00+05:30,captured,setl_00000130,
pay_260721004366,order_260721129,5158.00,upi_apps,103.16,2026-07-21T10:09:00+05:30,captured,setl_00000130,
pay_260721004367,order_260721129,3145.00,netbanking,28.30,2026-07-21T10:26:00+05:30,captured,setl_00000130,
pay_260721004368,order_260721129,5123.00,upi_apps,102.46,2026-07-21T17:47:00+05:30,captured,setl_00000130,
pay_260721004369,order_260721129,3092.00,card,61.84,2026-07-21T17:51:00+05:30,captured,setl_00000130,
pay_260721004370,order_260721129,2295.00,netbanking,20.65,2026-07-21T15:52:00+05:30,captured,setl_00000130,
pay_260721004371,order_260721129,4411.00,upi_apps,88.22,2026-07-21T15:35:00+05:30,captured,setl_00000130,
pay_260721004372,order_260721129,817.00,card,16.34,2026-07-21T15:02:00+05:30,captured,setl_00000130,
pay_260721004373,order_260721129,458.00,upi_apps,9.16,2026-07-21T20:43:00+05:30,captured,setl_00000130,
pay_260721004374,order_260721129,4155.00,card,83.10,2026-07-21T14:31:00+05:30,captured,setl_00000130,
pay_260721004375,order_260721129,1441.00,wallet,28.82,2026-07-21T20:10:00+05:30,captured,setl_00000130,
pay_260721004376,order_260721129,4526.00,upi_apps,90.52,2026-07-21T21:04:00+05:30,captured,setl_00000130,
pay_260721004377,order_260721129,1429.00,upi_apps,28.58,2026-07-21T09:44:00+05:30,captured,setl_00000130,
pay_260721004378,order_260721129,3532.00,upi_apps,70.64,2026-07-21T11:27:00+05:30,captured,setl_00000130,
pay_260721004379,order_260721129,5151.00,card,103.02,2026-07-21T21:03:00+05:30,captured,setl_00000130,
pay_260721004380,order_260721129,1233.00,card,24.66,2026-07-21T17:54:00+05:30,captured,setl_00000130,
pay_260721004381,order_260721129,1092.00,wallet,21.84,2026-07-21T18:33:00+05:30,captured,setl_00000130,
pay_260721004382,order_260721129,2097.00,upi_apps,41.94,2026-07-21T21:51:00+05:30,captured,setl_00000130,
pay_260721004383,order_260721129,1151.00,wallet,23.02,2026-07-21T09:37:00+05:30,captured,setl_00000130,
pay_260721004384,order_260721129,3697.00,netbanking,33.27,2026-07-21T22:04:00+05:30,captured,setl_00000130,
pay_260721004385,order_260721129,623.00,upi_apps,12.46,2026-07-21T12:52:00+05:30,captured,setl_00000130,
pay_260721004386,order_260721129,2018.00,card,40.36,2026-07-21T22:28:00+05:30,captured,setl_00000130,
pay_260722004387,order_260722130,5174.00,upi_apps,103.48,2026-07-22T13:33:00+05:30,captured,setl_00000131,
pay_260722004388,order_260722130,3585.00,card,71.70,2026-07-22T19:16:00+05:30,captured,setl_00000131,
pay_260722004389,order_260722130,2079.00,upi_apps,41.58,2026-07-22T16:56:00+05:30,captured,setl_00000131,
pay_260722004390,order_260722130,5136.00,upi_apps,102.72,2026-07-22T19:06:00+05:30,captured,setl_00000131,
pay_260722004391,order_260722130,5115.00,card,102.30,2026-07-22T21:51:00+05:30,captured,setl_00000131,
pay_260722004392,order_260722130,2152.00,upi_apps,43.04,2026-07-22T10:36:00+05:30,captured,setl_00000131,
pay_260722004393,order_260722130,4429.00,card,88.58,2026-07-22T08:33:00+05:30,captured,setl_00000131,
pay_260722004394,order_260722130,2631.00,upi_apps,52.62,2026-07-22T09:48:00+05:30,captured,setl_00000131,
pay_260722004395,order_260722130,2044.00,card,40.88,2026-07-22T10:42:00+05:30,captured,setl_00000131,
pay_260722004396,order_260722130,1765.00,card,35.30,2026-07-22T11:55:00+05:30,captured,setl_00000131,
pay_260722004397,order_260722130,2244.00,upi_apps,44.88,2026-07-22T10:21:00+05:30,captured,setl_00000131,
pay_260722004398,order_260722130,4664.00,card,93.28,2026-07-22T14:35:00+05:30,captured,setl_00000131,
pay_260722004399,order_260722130,1579.00,card,31.58,2026-07-22T16:50:00+05:30,captured,setl_00000131,
pay_260723004400,order_260723131,2482.00,upi_apps,49.64,2026-07-23T16:48:00+05:30,captured,setl_00000132,
pay_260723004401,order_260723131,1023.00,upi_apps,20.46,2026-07-23T22:48:00+05:30,captured,setl_00000132,
pay_260723004402,order_260723131,4217.00,upi_apps,84.34,2026-07-23T19:32:00+05:30,captured,setl_00000132,
pay_260723004403,order_260723131,926.00,card,18.52,2026-07-23T19:07:00+05:30,captured,setl_00000132,
pay_260723004404,order_260723131,5256.00,netbanking,47.30,2026-07-23T10:59:00+05:30,captured,setl_00000132,
pay_260723004405,order_260723131,4044.00,upi_apps,80.88,2026-07-23T19:10:00+05:30,captured,setl_00000132,
pay_260723004406,order_260723131,2061.00,upi_apps,41.22,2026-07-23T14:21:00+05:30,captured,setl_00000132,
pay_260723004407,order_260723131,4849.00,upi_apps,96.98,2026-07-23T22:47:00+05:30,captured,setl_00000132,
pay_260723004408,order_260723131,3408.00,netbanking,30.67,2026-07-23T19:14:00+05:30,captured,setl_00000132,
pay_260723004409,order_260723131,2679.00,upi_apps,53.58,2026-07-23T22:01:00+05:30,captured,setl_00000132,
pay_260723004410,order_260723131,4202.00,upi_apps,84.04,2026-07-23T11:16:00+05:30,captured,setl_00000132,
pay_260723004411,order_260723131,2332.00,upi_apps,46.64,2026-07-23T19:04:00+05:30,captured,setl_00000132,
pay_260723004412,order_260723131,2007.00,upi_apps,40.14,2026-07-23T22:02:00+05:30,captured,setl_00000132,
pay_260723004413,order_260723131,4113.00,upi_apps,82.26,2026-07-23T20:00:00+05:30,captured,setl_00000132,
pay_260723004414,order_260723131,3204.00,netbanking,28.83,2026-07-23T09:51:00+05:30,captured,setl_00000132,
pay_260723004415,order_260723131,1735.00,card,34.70,2026-07-23T15:49:00+05:30,captured,setl_00000132,
pay_260723004416,order_260723131,2833.00,card,56.66,2026-07-23T11:35:00+05:30,captured,setl_00000132,
pay_260723004417,order_260723131,821.00,upi_apps,16.42,2026-07-23T09:59:00+05:30,captured,setl_00000132,
pay_260723004418,order_260723131,4808.00,netbanking,43.27,2026-07-23T18:32:00+05:30,captured,setl_00000132,
pay_260723004419,order_260723131,4914.00,upi_apps,98.28,2026-07-23T17:18:00+05:30,captured,setl_00000132,
pay_260723004420,order_260723131,1068.00,card,21.36,2026-07-23T16:41:00+05:30,captured,setl_00000132,
pay_260723004421,order_260723131,556.00,netbanking,5.00,2026-07-23T21:51:00+05:30,captured,setl_00000132,
pay_260723004422,order_260723131,5244.00,upi_apps,104.88,2026-07-23T15:17:00+05:30,captured,setl_00000132,
pay_260723004423,order_260723131,1583.00,upi_apps,31.66,2026-07-23T10:03:00+05:30,captured,setl_00000132,
pay_260723004424,order_260723131,4904.00,upi_apps,98.08,2026-07-23T11:50:00+05:30,captured,setl_00000132,
pay_260723004425,order_260723131,1959.00,upi_apps,39.18,2026-07-23T10:25:00+05:30,captured,setl_00000132,
pay_260723004426,order_260723131,1319.00,card,26.38,2026-07-23T09:54:00+05:30,captured,setl_00000132,
pay_260723004427,order_260723131,2593.00,card,51.86,2026-07-23T21:57:00+05:30,captured,setl_00000132,
pay_260723004428,order_260723131,1329.00,netbanking,11.96,2026-07-23T17:05:00+05:30,captured,setl_00000132,
pay_260723004429,order_260723131,457.00,card,9.14,2026-07-23T11:35:00+05:30,captured,setl_00000132,
pay_260723004430,order_260723131,3353.00,upi_apps,67.06,2026-07-23T10:37:00+05:30,captured,setl_00000132,
pay_260723004431,order_260723131,1078.00,card,21.56,2026-07-23T11:00:00+05:30,captured,setl_00000132,
pay_260723004432,order_260723131,2839.00,netbanking,25.55,2026-07-23T14:47:00+05:30,captured,setl_00000132,
pay_260723004433,order_260723131,5396.00,upi_apps,107.92,2026-07-23T10:15:00+05:30,captured,setl_00000132,
pay_260723004434,order_260723131,2784.00,upi_apps,55.68,2026-07-23T11:33:00+05:30,captured,setl_00000132,
pay_260723004435,order_260723131,5076.00,wallet,101.52,2026-07-23T17:13:00+05:30,captured,setl_00000132,
pay_260723004436,order_260723131,1723.00,card,34.46,2026-07-23T12:44:00+05:30,captured,setl_00000132,
pay_260723004437,order_260723131,3060.00,upi_apps,61.20,2026-07-23T20:14:00+05:30,captured,setl_00000132,
pay_260723004438,order_260723131,470.00,netbanking,4.22,2026-07-23T10:12:00+05:30,captured,setl_00000132,
pay_260723004439,order_260723131,5011.00,wallet,100.22,2026-07-23T22:01:00+05:30,captured,setl_00000132,
pay_260723004440,order_260723131,4330.00,upi_apps,86.60,2026-07-23T17:08:00+05:30,captured,setl_00000132,
pay_260723004441,order_260723131,3860.00,wallet,77.20,2026-07-23T13:40:00+05:30,captured,setl_00000132,
pay_260724004442,order_260724132,3122.00,card,62.44,2026-07-24T15:51:00+05:30,captured,setl_00000133,
pay_260724004443,order_260724132,1905.00,upi_apps,38.10,2026-07-24T11:19:00+05:30,captured,setl_00000133,
pay_260724004444,order_260724132,3213.00,upi_apps,64.26,2026-07-24T10:36:00+05:30,captured,setl_00000133,
pay_260724004445,order_260724132,863.00,upi_apps,17.26,2026-07-24T15:35:00+05:30,captured,setl_00000133,
pay_260724004446,order_260724132,2523.00,upi_apps,50.46,2026-07-24T13:06:00+05:30,captured,setl_00000133,
pay_260724004447,order_260724132,4257.00,netbanking,38.31,2026-07-24T13:33:00+05:30,captured,setl_00000133,
pay_260724004448,order_260724132,4241.00,wallet,84.82,2026-07-24T18:56:00+05:30,captured,setl_00000133,
pay_260724004449,order_260724132,2260.00,card,45.20,2026-07-24T09:17:00+05:30,captured,setl_00000133,
pay_260724004450,order_260724132,1603.00,netbanking,14.42,2026-07-24T11:09:00+05:30,captured,setl_00000133,
pay_260724004451,order_260724132,3067.00,upi_apps,61.34,2026-07-24T12:22:00+05:30,captured,setl_00000133,
pay_260724004452,order_260724132,3260.00,upi_apps,65.20,2026-07-24T13:15:00+05:30,captured,setl_00000133,
pay_260724004453,order_260724132,696.00,upi_apps,13.92,2026-07-24T11:54:00+05:30,captured,setl_00000133,
pay_260724004454,order_260724132,2560.00,card,51.20,2026-07-24T09:51:00+05:30,captured,setl_00000133,
pay_260724004455,order_260724132,4981.00,upi_apps,99.62,2026-07-24T16:52:00+05:30,captured,setl_00000133,
pay_260724004456,order_260724132,844.00,card,16.88,2026-07-24T08:34:00+05:30,captured,setl_00000133,
pay_260724004457,order_260724132,4507.00,upi_apps,90.14,2026-07-24T17:01:00+05:30,captured,setl_00000133,
pay_260724004458,order_260724132,3244.00,card,64.88,2026-07-24T11:29:00+05:30,captured,setl_00000133,
pay_260724004459,order_260724132,2376.00,card,47.52,2026-07-24T13:21:00+05:30,captured,setl_00000133,
pay_260724004460,order_260724132,5186.00,upi_apps,103.72,2026-07-24T22:34:00+05:30,captured,setl_00000133,
pay_260724004461,order_260724132,3401.00,card,68.02,2026-07-24T08:36:00+05:30,captured,setl_00000133,
pay_260724004462,order_260724132,3188.00,upi_apps,63.76,2026-07-24T10:08:00+05:30,captured,setl_00000133,
pay_260724004463,order_260724132,4898.00,card,97.96,2026-07-24T12:06:00+05:30,captured,setl_00000133,
pay_260724004464,order_260724132,4341.00,card,86.82,2026-07-24T10:04:00+05:30,captured,setl_00000133,
pay_260724004465,order_260724132,3012.00,card,60.24,2026-07-24T15:04:00+05:30,captured,setl_00000133,
pay_260724004466,order_260724132,3455.00,wallet,69.10,2026-07-24T16:40:00+05:30,captured,setl_00000133,
pay_260724004467,order_260724132,3946.00,upi_apps,78.92,2026-07-24T13:56:00+05:30,captured,setl_00000133,
pay_260724004468,order_260724132,2080.00,wallet,41.60,2026-07-24T14:59:00+05:30,captured,setl_00000133,
pay_260724004469,order_260724132,2189.00,card,43.78,2026-07-24T13:44:00+05:30,captured,setl_00000133,
pay_260724004470,order_260724132,2695.00,upi_apps,53.90,2026-07-24T12:31:00+05:30,captured,setl_00000133,
pay_260724004471,order_260724132,2630.00,upi_apps,52.60,2026-07-24T09:38:00+05:30,captured,setl_00000133,
pay_260724004472,order_260724132,567.00,upi_apps,11.34,2026-07-24T18:05:00+05:30,captured,setl_00000133,
pay_260724004473,order_260724132,1212.00,netbanking,10.90,2026-07-24T18:54:00+05:30,captured,setl_00000133,
pay_260724004474,order_260724132,756.00,card,15.12,2026-07-24T22:31:00+05:30,captured,setl_00000133,
pay_260724004475,order_260724132,3651.00,upi_apps,73.02,2026-07-24T15:13:00+05:30,captured,setl_00000133,
pay_260724004476,order_260724132,4196.00,card,83.92,2026-07-24T14:03:00+05:30,captured,setl_00000133,
pay_260724004477,order_260724132,4071.00,upi_apps,81.42,2026-07-24T18:50:00+05:30,captured,setl_00000133,
pay_260724004478,order_260724132,1782.00,upi_apps,35.64,2026-07-24T14:33:00+05:30,captured,setl_00000133,
pay_260724004479,order_260724132,1322.00,netbanking,11.89,2026-07-24T08:55:00+05:30,captured,setl_00000133,
pay_260724004480,order_260724132,3590.00,card,71.80,2026-07-24T11:40:00+05:30,captured,setl_00000133,
pay_260724004481,order_260724132,5242.00,upi_apps,104.84,2026-07-24T14:51:00+05:30,captured,setl_00000133,
pay_260724004482,order_260724132,4537.00,upi_apps,90.74,2026-07-24T16:56:00+05:30,captured,setl_00000133,
pay_260724004483,order_260724132,4414.00,netbanking,39.72,2026-07-24T18:19:00+05:30,captured,setl_00000133,
pay_260724004484,order_260724132,1324.00,card,26.48,2026-07-24T20:27:00+05:30,captured,setl_00000133,
pay_260724004485,order_260724132,2071.00,netbanking,18.63,2026-07-24T16:39:00+05:30,captured,setl_00000133,
pay_260724004486,order_260724132,4722.00,card,94.44,2026-07-24T09:21:00+05:30,captured,setl_00000133,
pay_260724004487,order_260724132,1299.00,netbanking,11.69,2026-07-24T20:22:00+05:30,captured,setl_00000133,
pay_260724004488,order_260724132,4979.00,wallet,99.58,2026-07-24T14:28:00+05:30,captured,setl_00000133,
pay_260724004489,order_260724132,3229.00,card,64.58,2026-07-24T09:41:00+05:30,captured,setl_00000133,
pay_260724004490,order_260724132,3876.00,wallet,77.52,2026-07-24T14:27:00+05:30,captured,setl_00000133,
pay_260724004491,order_260724132,3982.00,card,79.64,2026-07-24T14:17:00+05:30,captured,setl_00000133,
pay_260724004492,order_260724132,814.00,card,16.28,2026-07-24T09:56:00+05:30,captured,setl_00000133,
pay_260724004493,order_260724132,2854.00,upi_apps,57.08,2026-07-24T14:41:00+05:30,captured,setl_00000133,
pay_260725004494,order_260725133,4574.00,card,91.48,2026-07-25T10:55:00+05:30,captured,setl_00000134,
pay_260725004495,order_260725133,4899.00,netbanking,44.09,2026-07-25T08:42:00+05:30,captured,setl_00000134,
pay_260725004496,order_260725133,1556.00,card,31.12,2026-07-25T09:20:00+05:30,captured,setl_00000134,
pay_260725004497,order_260725133,1100.00,upi_apps,22.00,2026-07-25T17:15:00+05:30,captured,setl_00000134,
pay_260725004498,order_260725133,5315.00,wallet,106.30,2026-07-25T21:16:00+05:30,captured,setl_00000134,
pay_260725004499,order_260725133,4796.00,card,95.92,2026-07-25T21:20:00+05:30,captured,setl_00000134,
pay_260725004500,order_260725133,3419.00,upi_apps,68.38,2026-07-25T19:41:00+05:30,captured,setl_00000134,
pay_260725004501,order_260725133,734.00,upi_apps,14.68,2026-07-25T09:57:00+05:30,captured,setl_00000134,
pay_260725004502,order_260725133,3755.00,card,75.10,2026-07-25T10:44:00+05:30,captured,setl_00000134,
pay_260725004503,order_260725133,5054.00,wallet,101.08,2026-07-25T21:10:00+05:30,captured,setl_00000134,
pay_260725004504,order_260725133,5055.00,upi_apps,101.10,2026-07-25T18:15:00+05:30,captured,setl_00000134,
pay_260725004505,order_260725133,3560.00,wallet,71.20,2026-07-25T13:20:00+05:30,captured,setl_00000134,
pay_260725004506,order_260725133,1529.00,card,30.58,2026-07-25T11:28:00+05:30,captured,setl_00000134,
pay_260725004507,order_260725133,4886.00,card,97.72,2026-07-25T14:17:00+05:30,captured,setl_00000134,
pay_260725004508,order_260725133,1411.00,netbanking,12.69,2026-07-25T19:20:00+05:30,captured,setl_00000134,
pay_260725004509,order_260725133,3732.00,upi_apps,74.64,2026-07-25T10:44:00+05:30,captured,setl_00000134,
pay_260725004510,order_260725133,1355.00,card,27.10,2026-07-25T19:32:00+05:30,captured,setl_00000134,
pay_260725004511,order_260725133,5229.00,netbanking,47.06,2026-07-25T16:31:00+05:30,captured,setl_00000134,
pay_260725004512,order_260725133,3605.00,upi_apps,72.10,2026-07-25T14:26:00+05:30,captured,setl_00000134,
pay_260725004513,order_260725133,2971.00,netbanking,26.73,2026-07-25T14:37:00+05:30,captured,setl_00000134,
pay_260726004514,order_260726134,4974.00,netbanking,44.76,2026-07-26T19:18:00+05:30,captured,setl_00000135,
pay_260726004515,order_260726134,1758.00,upi_apps,35.16,2026-07-26T13:21:00+05:30,captured,setl_00000135,
pay_260726004516,order_260726134,3226.00,wallet,64.52,2026-07-26T15:46:00+05:30,captured,setl_00000135,
pay_260726004517,order_260726134,4015.00,card,80.30,2026-07-26T19:29:00+05:30,captured,setl_00000135,
pay_260727004518,order_260727135,5117.00,wallet,102.34,2026-07-27T16:20:00+05:30,captured,setl_00000136,
pay_260727004519,order_260727135,3069.00,wallet,61.38,2026-07-27T15:37:00+05:30,captured,setl_00000136,
pay_260727004520,order_260727135,1122.00,card,22.44,2026-07-27T21:55:00+05:30,captured,setl_00000136,
pay_260727004521,order_260727135,2103.00,upi_apps,42.06,2026-07-27T21:01:00+05:30,captured,setl_00000136,
pay_260727004522,order_260727135,2661.00,wallet,53.22,2026-07-27T16:42:00+05:30,captured,setl_00000136,
pay_260727004523,order_260727135,4553.00,wallet,91.06,2026-07-27T19:44:00+05:30,captured,setl_00000136,
pay_260727004524,order_260727135,5291.00,upi_apps,105.82,2026-07-27T13:07:00+05:30,captured,setl_00000136,
pay_260727004525,order_260727135,2580.00,upi_apps,51.60,2026-07-27T20:14:00+05:30,captured,setl_00000136,
pay_260727004526,order_260727135,1455.00,card,29.10,2026-07-27T12:39:00+05:30,captured,setl_00000136,
pay_260727004527,order_260727135,1148.00,card,22.96,2026-07-27T18:57:00+05:30,captured,setl_00000136,
pay_260727004528,order_260727135,3983.00,card,79.66,2026-07-27T11:49:00+05:30,captured,setl_00000136,
pay_260727004529,order_260727135,2689.00,card,53.78,2026-07-27T16:33:00+05:30,captured,setl_00000136,
pay_260727004530,order_260727135,4945.00,upi_apps,98.90,2026-07-27T21:45:00+05:30,captured,setl_00000136,
pay_260727004531,order_260727135,1859.00,upi_apps,37.18,2026-07-27T10:30:00+05:30,captured,setl_00000136,
pay_260727004532,order_260727135,2591.00,card,51.82,2026-07-27T10:49:00+05:30,captured,setl_00000136,
pay_260727004533,order_260727135,864.00,upi_apps,17.28,2026-07-27T11:52:00+05:30,captured,setl_00000136,
pay_260727004534,order_260727135,3126.00,netbanking,28.13,2026-07-27T13:52:00+05:30,captured,setl_00000136,
pay_260727004535,order_260727135,1306.00,card,26.12,2026-07-27T13:21:00+05:30,captured,setl_00000136,
pay_260727004536,order_260727135,1062.00,wallet,21.24,2026-07-27T11:53:00+05:30,captured,setl_00000136,
pay_260727004537,order_260727135,800.00,upi_apps,16.00,2026-07-27T14:18:00+05:30,captured,setl_00000136,
pay_260727004538,order_260727135,3920.00,netbanking,35.27,2026-07-27T11:23:00+05:30,captured,setl_00000136,
pay_260727004539,order_260727135,5073.00,upi_apps,101.46,2026-07-27T22:27:00+05:30,captured,setl_00000136,
pay_260727004540,order_260727135,1677.00,upi_apps,33.54,2026-07-27T22:54:00+05:30,captured,setl_00000136,
pay_260727004541,order_260727135,4025.00,upi_apps,80.50,2026-07-27T18:26:00+05:30,captured,setl_00000136,
pay_260727004542,order_260727135,3872.00,card,77.44,2026-07-27T14:33:00+05:30,captured,setl_00000136,
pay_260727004543,order_260727135,4267.00,upi_apps,85.34,2026-07-27T13:02:00+05:30,captured,setl_00000136,
pay_260727004544,order_260727135,646.00,upi_apps,12.92,2026-07-27T14:07:00+05:30,captured,setl_00000136,
pay_260727004545,order_260727135,5371.00,wallet,107.42,2026-07-27T15:06:00+05:30,captured,setl_00000136,
pay_260727004546,order_260727135,1348.00,upi_apps,26.96,2026-07-27T08:45:00+05:30,captured,setl_00000136,
pay_260727004547,order_260727135,2002.00,netbanking,18.01,2026-07-27T15:39:00+05:30,captured,setl_00000136,
pay_260727004548,order_260727135,889.00,upi_apps,17.78,2026-07-27T12:42:00+05:30,captured,setl_00000136,
pay_260727004549,order_260727135,552.00,upi_apps,11.04,2026-07-27T16:54:00+05:30,captured,setl_00000136,
pay_260727004550,order_260727135,1239.00,upi_apps,24.78,2026-07-27T20:49:00+05:30,captured,setl_00000136,
pay_260727004551,order_260727135,1326.00,netbanking,11.93,2026-07-27T12:14:00+05:30,captured,setl_00000136,
pay_260727004552,order_260727135,1567.00,upi_apps,31.34,2026-07-27T09:34:00+05:30,captured,setl_00000136,
pay_260727004553,order_260727135,2450.00,card,49.00,2026-07-27T10:01:00+05:30,captured,setl_00000136,
pay_260727004554,order_260727135,3086.00,netbanking,27.77,2026-07-27T22:42:00+05:30,captured,setl_00000136,
pay_260727004555,order_260727135,4857.00,card,97.14,2026-07-27T17:49:00+05:30,captured,setl_00000136,
pay_260727004556,order_260727135,1888.00,upi_apps,37.76,2026-07-27T08:02:00+05:30,captured,setl_00000136,
pay_260727004557,order_260727135,3904.00,upi_apps,78.08,2026-07-27T08:00:00+05:30,captured,setl_00000136,
pay_260727004558,order_260727135,1491.00,card,29.82,2026-07-27T08:32:00+05:30,captured,setl_00000136,
pay_260727004559,order_260727135,4279.00,netbanking,38.51,2026-07-27T19:59:00+05:30,captured,setl_00000136,
pay_260727004560,order_260727135,4185.00,netbanking,37.66,2026-07-27T19:41:00+05:30,captured,setl_00000136,
pay_260727004561,order_260727135,2370.00,card,47.40,2026-07-27T15:17:00+05:30,captured,setl_00000136,
pay_260727004562,order_260727135,822.00,netbanking,7.39,2026-07-27T09:28:00+05:30,captured,setl_00000136,
pay_260727004563,order_260727135,1892.00,upi_apps,37.84,2026-07-27T08:38:00+05:30,captured,setl_00000136,
pay_260727004564,order_260727135,2057.00,wallet,41.14,2026-07-27T17:22:00+05:30,captured,setl_00000136,
pay_260727004565,order_260727135,4258.00,card,85.16,2026-07-27T19:25:00+05:30,captured,setl_00000136,
pay_260727004566,order_260727135,2380.00,upi_apps,47.60,2026-07-27T14:47:00+05:30,captured,setl_00000136,
pay_260727004567,order_260727135,3979.00,upi_apps,79.58,2026-07-27T13:49:00+05:30,captured,setl_00000136,
pay_260727004568,order_260727135,4905.00,upi_apps,98.10,2026-07-27T08:06:00+05:30,captured,setl_00000136,
pay_260728004569,order_260728136,2948.00,upi_apps,58.96,2026-07-28T08:20:00+05:30,captured,setl_00000137,
pay_260728004570,order_260728136,937.00,card,18.74,2026-07-28T22:18:00+05:30,captured,setl_00000137,
pay_260728004571,order_260728136,3027.00,netbanking,27.24,2026-07-28T15:35:00+05:30,captured,setl_00000137,
pay_260728004572,order_260728136,1291.00,netbanking,11.61,2026-07-28T11:45:00+05:30,captured,setl_00000137,
pay_260728004573,order_260728136,5235.00,upi_apps,104.70,2026-07-28T13:03:00+05:30,captured,setl_00000137,
pay_260728004574,order_260728136,4115.00,upi_apps,82.30,2026-07-28T16:49:00+05:30,captured,setl_00000137,
pay_260728004575,order_260728136,1674.00,card,33.48,2026-07-28T13:43:00+05:30,captured,setl_00000137,
pay_260728004576,order_260728136,3361.00,upi_apps,67.22,2026-07-28T10:06:00+05:30,captured,setl_00000137,
pay_260728004577,order_260728136,3430.00,upi_apps,68.60,2026-07-28T09:46:00+05:30,captured,setl_00000137,
pay_260728004578,order_260728136,646.00,upi_apps,12.92,2026-07-28T15:26:00+05:30,captured,setl_00000137,
pay_260728004579,order_260728136,5357.00,card,107.14,2026-07-28T09:35:00+05:30,captured,setl_00000137,
pay_260728004580,order_260728136,2285.00,card,45.70,2026-07-28T14:57:00+05:30,captured,setl_00000137,
pay_260728004581,order_260728136,4063.00,wallet,81.26,2026-07-28T16:22:00+05:30,captured,setl_00000137,
pay_260728004582,order_260728136,3509.00,upi_apps,70.18,2026-07-28T08:32:00+05:30,captured,setl_00000137,
pay_260728004583,order_260728136,2315.00,upi_apps,46.30,2026-07-28T09:28:00+05:30,captured,setl_00000137,
pay_260728004584,order_260728136,2737.00,upi_apps,54.74,2026-07-28T08:20:00+05:30,captured,setl_00000137,
pay_260728004585,order_260728136,2260.00,wallet,45.20,2026-07-28T12:43:00+05:30,captured,setl_00000137,
pay_260728004586,order_260728136,5252.00,card,105.04,2026-07-28T18:43:00+05:30,captured,setl_00000137,
pay_260728004587,order_260728136,677.00,card,13.54,2026-07-28T14:10:00+05:30,captured,setl_00000137,
pay_260728004588,order_260728136,2572.00,upi_apps,51.44,2026-07-28T16:04:00+05:30,captured,setl_00000137,
pay_260728004589,order_260728136,4503.00,upi_apps,90.06,2026-07-28T08:20:00+05:30,captured,setl_00000137,
pay_260728004590,order_260728136,3679.00,wallet,73.58,2026-07-28T19:24:00+05:30,captured,setl_00000137,
pay_260728004591,order_260728136,2112.00,card,42.24,2026-07-28T19:24:00+05:30,captured,setl_00000137,
pay_260728004592,order_260728136,2212.00,upi_apps,44.24,2026-07-28T08:40:00+05:30,captured,setl_00000137,
pay_260728004593,order_260728136,1629.00,wallet,32.58,2026-07-28T17:09:00+05:30,captured,setl_00000137,
pay_260728004594,order_260728136,1706.00,upi_apps,34.12,2026-07-28T14:31:00+05:30,captured,setl_00000137,
pay_260728004595,order_260728136,1884.00,wallet,37.68,2026-07-28T16:17:00+05:30,captured,setl_00000137,
pay_260728004596,order_260728136,1746.00,upi_apps,34.92,2026-07-28T18:05:00+05:30,captured,setl_00000137,
pay_260728004597,order_260728136,5175.00,netbanking,46.57,2026-07-28T19:17:00+05:30,captured,setl_00000137,
pay_260728004598,order_260728136,834.00,card,16.68,2026-07-28T17:01:00+05:30,captured,setl_00000137,
pay_260728004599,order_260728136,1202.00,upi_apps,24.04,2026-07-28T18:38:00+05:30,captured,setl_00000137,
pay_260728004600,order_260728136,1054.00,upi_apps,21.08,2026-07-28T17:19:00+05:30,captured,setl_00000137,
pay_260728004601,order_260728136,2302.00,upi_apps,46.04,2026-07-28T14:57:00+05:30,captured,setl_00000137,
pay_260728004602,order_260728136,723.00,netbanking,6.50,2026-07-28T08:53:00+05:30,captured,setl_00000137,
pay_260728004603,order_260728136,4585.00,card,91.70,2026-07-28T18:43:00+05:30,captured,setl_00000137,
pay_260728004604,order_260728136,3218.00,card,64.36,2026-07-28T08:09:00+05:30,captured,setl_00000137,
pay_260729004605,order_260729137,1098.00,card,21.96,2026-07-29T19:31:00+05:30,captured,setl_00000138,
pay_260729004606,order_260729137,4882.00,upi_apps,97.64,2026-07-29T19:35:00+05:30,captured,setl_00000138,
pay_260729004607,order_260729137,4677.00,upi_apps,93.54,2026-07-29T22:12:00+05:30,captured,setl_00000138,
pay_260729004608,order_260729137,2796.00,upi_apps,55.92,2026-07-29T13:12:00+05:30,captured,setl_00000138,
pay_260729004609,order_260729137,1655.00,card,33.10,2026-07-29T22:44:00+05:30,captured,setl_00000138,
pay_260729004610,order_260729137,1772.00,upi_apps,35.44,2026-07-29T18:22:00+05:30,captured,setl_00000138,
pay_260729004611,order_260729137,5174.00,netbanking,46.56,2026-07-29T22:00:00+05:30,captured,setl_00000138,
pay_260729004612,order_260729137,1167.00,upi_apps,23.34,2026-07-29T08:45:00+05:30,captured,setl_00000138,
pay_260729004613,order_260729137,3680.00,card,73.60,2026-07-29T13:36:00+05:30,captured,setl_00000138,
pay_260729004614,order_260729137,1580.00,card,31.60,2026-07-29T18:24:00+05:30,captured,setl_00000138,
pay_260729004615,order_260729137,3987.00,wallet,79.74,2026-07-29T22:41:00+05:30,captured,setl_00000138,
pay_260729004616,order_260729137,4910.00,card,98.20,2026-07-29T11:43:00+05:30,captured,setl_00000138,
pay_260729004617,order_260729137,2207.00,upi_apps,44.14,2026-07-29T18:25:00+05:30,captured,setl_00000138,
pay_260729004618,order_260729137,3444.00,card,68.88,2026-07-29T18:53:00+05:30,captured,setl_00000138,
pay_260729004619,order_260729137,3695.00,card,73.90,2026-07-29T22:05:00+05:30,captured,setl_00000138,
pay_260729004620,order_260729137,4006.00,upi_apps,80.12,2026-07-29T19:55:00+05:30,captured,setl_00000138,
pay_260729004621,order_260729137,977.00,upi_apps,19.54,2026-07-29T21:35:00+05:30,captured,setl_00000138,
pay_260729004622,order_260729137,3354.00,upi_apps,67.08,2026-07-29T13:05:00+05:30,captured,setl_00000138,
pay_260729004623,order_260729137,4457.00,netbanking,40.11,2026-07-29T10:16:00+05:30,captured,setl_00000138,
pay_260729004624,order_260729137,4912.00,upi_apps,98.24,2026-07-29T21:07:00+05:30,captured,setl_00000138,
pay_260729004625,order_260729137,4961.00,upi_apps,99.22,2026-07-29T22:06:00+05:30,captured,setl_00000138,
pay_260729004626,order_260729137,1393.00,card,27.86,2026-07-29T09:51:00+05:30,captured,setl_00000138,
pay_260729004627,order_260729137,782.00,netbanking,7.03,2026-07-29T11:58:00+05:30,captured,setl_00000138,
pay_260729004628,order_260729137,3919.00,upi_apps,78.38,2026-07-29T16:41:00+05:30,captured,setl_00000138,
pay_260729004629,order_260729137,2973.00,card,59.46,2026-07-29T18:25:00+05:30,captured,setl_00000138,
pay_260729004630,order_260729137,2682.00,netbanking,24.13,2026-07-29T18:14:00+05:30,captured,setl_00000138,
pay_260729004631,order_260729137,3299.00,upi_apps,65.98,2026-07-29T11:47:00+05:30,captured,setl_00000138,
pay_260729004632,order_260729137,1853.00,upi_apps,37.06,2026-07-29T09:18:00+05:30,captured,setl_00000138,
pay_260729004633,order_260729137,3105.00,upi_apps,62.10,2026-07-29T18:44:00+05:30,captured,setl_00000138,
pay_260729004634,order_260729137,2773.00,card,55.46,2026-07-29T08:25:00+05:30,captured,setl_00000138,
pay_260729004635,order_260729137,3687.00,upi_apps,73.74,2026-07-29T22:44:00+05:30,captured,setl_00000138,
pay_260729004636,order_260729137,1673.00,upi_apps,33.46,2026-07-29T10:47:00+05:30,captured,setl_00000138,
pay_260729004637,order_260729137,3445.00,card,68.90,2026-07-29T10:59:00+05:30,captured,setl_00000138,
pay_260729004638,order_260729137,3970.00,wallet,79.40,2026-07-29T10:31:00+05:30,captured,setl_00000138,
pay_260729004639,order_260729137,2276.00,upi_apps,45.52,2026-07-29T13:26:00+05:30,captured,setl_00000138,
pay_260729004640,order_260729137,895.00,upi_apps,17.90,2026-07-29T08:53:00+05:30,captured,setl_00000138,
pay_260729004641,order_260729137,1706.00,card,34.12,2026-07-29T17:59:00+05:30,captured,setl_00000138,
pay_260729004642,order_260729137,4324.00,upi_apps,86.48,2026-07-29T10:54:00+05:30,captured,setl_00000138,
pay_260729004643,order_260729137,475.00,upi_apps,9.50,2026-07-29T12:08:00+05:30,captured,setl_00000138,
pay_260729004644,order_260729137,2003.00,card,40.06,2026-07-29T20:48:00+05:30,captured,setl_00000138,
pay_260729004645,order_260729137,3683.00,card,73.66,2026-07-29T20:31:00+05:30,captured,setl_00000138,
pay_260729004646,order_260729137,2213.00,card,44.26,2026-07-29T21:44:00+05:30,captured,setl_00000138,
pay_260729004647,order_260729137,2362.00,upi_apps,47.24,2026-07-29T12:12:00+05:30,captured,setl_00000138,
pay_260729004648,order_260729137,2775.00,card,55.50,2026-07-29T18:13:00+05:30,captured,setl_00000138,
pay_260729004649,order_260729137,3594.00,upi_apps,71.88,2026-07-29T10:29:00+05:30,captured,setl_00000138,
pay_260730004650,order_260730138,4678.00,upi_apps,93.56,2026-07-30T11:29:00+05:30,captured,setl_00000139,
pay_260730004651,order_260730138,3653.00,card,73.06,2026-07-30T11:21:00+05:30,captured,setl_00000139,
pay_260730004652,order_260730138,4710.00,netbanking,42.39,2026-07-30T12:36:00+05:30,captured,setl_00000139,
pay_260730004653,order_260730138,5331.00,card,106.62,2026-07-30T21:25:00+05:30,captured,setl_00000139,
pay_260730004654,order_260730138,2063.00,card,41.26,2026-07-30T09:56:00+05:30,captured,setl_00000139,
pay_260730004655,order_260730138,5216.00,card,104.32,2026-07-30T08:15:00+05:30,captured,setl_00000139,
pay_260730004656,order_260730138,846.00,upi_apps,16.92,2026-07-30T13:08:00+05:30,captured,setl_00000139,
pay_260730004657,order_260730138,2184.00,card,43.68,2026-07-30T18:17:00+05:30,captured,setl_00000139,
pay_260730004658,order_260730138,2226.00,upi_apps,44.52,2026-07-30T10:38:00+05:30,captured,setl_00000139,
pay_260730004659,order_260730138,2258.00,card,45.16,2026-07-30T12:55:00+05:30,captured,setl_00000139,
pay_260730004660,order_260730138,5007.00,upi_apps,100.14,2026-07-30T13:48:00+05:30,captured,setl_00000139,
pay_260730004661,order_260730138,1022.00,netbanking,9.19,2026-07-30T19:52:00+05:30,captured,setl_00000139,
pay_260730004662,order_260730138,5085.00,wallet,101.70,2026-07-30T08:45:00+05:30,captured,setl_00000139,
pay_260730004663,order_260730138,1594.00,upi_apps,31.88,2026-07-30T11:37:00+05:30,captured,setl_00000139,
pay_260730004664,order_260730138,4878.00,upi_apps,97.56,2026-07-30T09:34:00+05:30,captured,setl_00000139,
pay_260730004665,order_260730138,1565.00,upi_apps,31.30,2026-07-30T12:54:00+05:30,captured,setl_00000139,
pay_260730004666,order_260730138,3909.00,upi_apps,78.18,2026-07-30T08:22:00+05:30,captured,setl_00000139,
pay_260730004667,order_260730138,3956.00,upi_apps,79.12,2026-07-30T09:35:00+05:30,captured,setl_00000139,
pay_260730004668,order_260730138,2280.00,wallet,45.60,2026-07-30T11:31:00+05:30,captured,setl_00000139,
pay_260730004669,order_260730138,677.00,upi_apps,13.54,2026-07-30T13:56:00+05:30,captured,setl_00000139,
pay_260730004670,order_260730138,4843.00,upi_apps,96.86,2026-07-30T18:53:00+05:30,captured,setl_00000139,
pay_260730004671,order_260730138,1213.00,upi_apps,24.26,2026-07-30T19:28:00+05:30,captured,setl_00000139,
pay_260730004672,order_260730138,2678.00,netbanking,24.10,2026-07-30T09:54:00+05:30,captured,setl_00000139,
pay_260730004673,order_260730138,5153.00,upi_apps,103.06,2026-07-30T12:17:00+05:30,captured,setl_00000139,
pay_260730004674,order_260730138,4626.00,card,92.52,2026-07-30T13:03:00+05:30,captured,setl_00000139,
pay_260730004675,order_260730138,3482.00,upi_apps,69.64,2026-07-30T09:06:00+05:30,captured,setl_00000139,
pay_260730004676,order_260730138,3949.00,card,78.98,2026-07-30T14:17:00+05:30,captured,setl_00000139,
pay_260730004677,order_260730138,748.00,upi_apps,14.96,2026-07-30T10:22:00+05:30,captured,setl_00000139,
pay_260730004678,order_260730138,2801.00,card,56.02,2026-07-30T19:54:00+05:30,captured,setl_00000139,
pay_260730004679,order_260730138,5106.00,upi_apps,102.12,2026-07-30T22:07:00+05:30,captured,setl_00000139,
pay_260730004680,order_260730138,3313.00,upi_apps,66.26,2026-07-30T08:34:00+05:30,captured,setl_00000139,
pay_260730004681,order_260730138,4485.00,card,89.70,2026-07-30T20:35:00+05:30,captured,setl_00000139,
pay_260730004682,order_260730138,616.00,upi_apps,12.32,2026-07-30T16:51:00+05:30,captured,setl_00000139,
pay_260730004683,order_260730138,512.00,upi_apps,10.24,2026-07-30T11:42:00+05:30,captured,setl_00000139,
pay_260731004684,order_260731139,745.00,upi_apps,14.90,2026-07-31T18:00:00+05:30,captured,setl_00000140,
pay_260731004685,order_260731139,1244.00,card,24.88,2026-07-31T19:34:00+05:30,captured,setl_00000140,
pay_260731004686,order_260731139,3213.00,upi_apps,64.26,2026-07-31T08:19:00+05:30,captured,setl_00000140,
pay_260731004687,order_260731139,2962.00,card,59.24,2026-07-31T18:11:00+05:30,captured,setl_00000140,
pay_260731004688,order_260731139,4983.00,upi_apps,99.66,2026-07-31T09:38:00+05:30,captured,setl_00000140,
pay_260731004689,order_260731139,525.00,card,10.50,2026-07-31T21:20:00+05:30,captured,setl_00000140,
pay_260731004690,order_260731139,3867.00,upi_apps,77.34,2026-07-31T10:47:00+05:30,captured,setl_00000140,
pay_260731004691,order_260731139,4771.00,card,95.42,2026-07-31T15:33:00+05:30,captured,setl_00000140,
pay_260731004692,order_260731139,1777.00,card,35.54,2026-07-31T15:30:00+05:30,captured,setl_00000140,
pay_260731004693,order_260731139,4623.00,upi_apps,92.46,2026-07-31T19:05:00+05:30,captured,setl_00000140,
pay_260731004694,order_260731139,2220.00,upi_apps,44.40,2026-07-31T17:39:00+05:30,captured,setl_00000140,
pay_260731004695,order_260731139,2679.00,netbanking,24.11,2026-07-31T19:06:00+05:30,captured,setl_00000140,
pay_260731004696,order_260731139,2258.00,upi_apps,45.16,2026-07-31T19:33:00+05:30,captured,setl_00000140,
pay_260731004697,order_260731139,3299.00,upi_apps,65.98,2026-07-31T19:33:00+05:30,captured,setl_00000140,
pay_260731004698,order_260731139,1528.00,card,30.56,2026-07-31T10:32:00+05:30,captured,setl_00000140,
pay_260731004699,order_260731139,1559.00,upi_apps,31.18,2026-07-31T13:02:00+05:30,captured,setl_00000140,
pay_260731004700,order_260731139,2733.00,upi_apps,54.66,2026-07-31T16:24:00+05:30,captured,setl_00000140,
pay_260731004701,order_260731139,785.00,netbanking,7.06,2026-07-31T13:38:00+05:30,captured,setl_00000140,
pay_260731004702,order_260731139,916.00,upi_apps,18.32,2026-07-31T09:55:00+05:30,captured,setl_00000140,
pay_260731004703,order_260731139,1988.00,upi_apps,39.76,2026-07-31T08:51:00+05:30,captured,setl_00000140,
pay_260731004704,order_260731139,1324.00,upi_apps,26.48,2026-07-31T18:59:00+05:30,captured,setl_00000140,
pay_260731004705,order_260731139,3942.00,upi_apps,78.84,2026-07-31T09:26:00+05:30,captured,setl_00000140,
pay_260731004706,order_260731139,3490.00,upi_apps,69.80,2026-07-31T09:21:00+05:30,captured,setl_00000140,
pay_260731004707,order_260731139,4020.00,netbanking,36.17,2026-07-31T15:46:00+05:30,captured,setl_00000140,
pay_260731004708,order_260731139,1020.00,upi_apps,20.40,2026-07-31T19:48:00+05:30,captured,setl_00000140,
pay_260731004709,order_260731139,1844.00,upi_apps,36.88,2026-07-31T11:57:00+05:30,captured,setl_00000140,
pay_260731004710,order_260731139,1053.00,card,21.06,2026-07-31T16:15:00+05:30,captured,setl_00000140,
pay_260731004711,order_260731139,2279.00,netbanking,20.51,2026-07-31T13:30:00+05:30,captured,setl_00000140,
pay_260731004712,order_260731139,2046.00,card,40.92,2026-07-31T17:17:00+05:30,captured,setl_00000140,
pay_260731004713,order_260731139,1817.00,card,36.34,2026-07-31T22:36:00+05:30,captured,setl_00000140,
pay_260731004714,order_260731139,3707.00,card,74.14,2026-07-31T08:41:00+05:30,captured,setl_00000140,
pay_260731004715,order_260731139,4808.00,card,96.16,2026-07-31T09:43:00+05:30,captured,setl_00000140,
pay_260731004716,order_260731139,509.00,upi_apps,10.18,2026-07-31T11:48:00+05:30,captured,setl_00000140,
pay_260731004717,order_260731139,4232.00,card,84.64,2026-07-31T11:16:00+05:30,captured,setl_00000140,
pay_260731004718,order_260731139,4618.00,upi_apps,92.36,2026-07-31T16:05:00+05:30,captured,setl_00000140,
pay_260731004719,order_260731139,675.00,upi_apps,13.50,2026-07-31T18:33:00+05:30,captured,setl_00000140,
pay_260731004720,order_260731139,1933.00,netbanking,17.39,2026-07-31T11:14:00+05:30,captured,setl_00000140,
pay_260731004721,order_260731139,5172.00,upi_apps,103.44,2026-07-31T08:46:00+05:30,captured,setl_00000140,
pay_260731004722,order_260731139,1623.00,upi_apps,32.46,2026-07-31T15:51:00+05:30,captured,setl_00000140,
pay_260731004723,order_260731139,720.00,upi_apps,14.40,2026-07-31T20:32:00+05:30,captured,setl_00000140,
pay_260731004724,order_260731139,712.00,upi_apps,14.24,2026-07-31T21:31:00+05:30,captured,setl_00000140,
pay_260731004725,order_260731139,3284.00,upi_apps,65.68,2026-07-31T10:56:00+05:30,captured,setl_00000140,
pay_260731004726,order_260731139,2106.00,netbanking,18.95,2026-07-31T12:35:00+05:30,captured,setl_00000140,
pay_260731004727,order_260731139,4858.00,netbanking,43.72,2026-07-31T16:27:00+05:30,captured,setl_00000140,
pay_260731004728,order_260731139,996.00,upi_apps,19.92,2026-07-31T16:12:00+05:30,captured,setl_00000140,
pay_260731004729,order_260731139,4739.00,upi_apps,94.78,2026-07-31T12:26:00+05:30,captured,setl_00000140,
pay_260731004730,order_260731139,2071.00,upi_apps,41.42,2026-07-31T14:19:00+05:30,captured,setl_00000140,
pay_260731004731,order_260731139,731.00,upi_apps,14.62,2026-07-31T11:25:00+05:30,captured,setl_00000140,
pay_260731004732,order_260731139,1415.00,netbanking,12.73,2026-07-31T16:07:00+05:30,captured,setl_00000140,
pay_260731004733,order_260731139,1199.00,netbanking,10.79,2026-07-31T21:36:00+05:30,captured,setl_00000140,
pay_260731004734,order_260731139,996.00,card,19.92,2026-07-31T16:41:00+05:30,captured,setl_00000140,
pay_260731004735,order_260731139,3829.00,card,76.58,2026-07-31T15:08:00+05:30,captured,setl_00000140,
pay_260731004736,order_260731139,878.00,card,17.56,2026-07-31T09:19:00+05:30,captured,setl_00000140,
pay_260731004737,order_260731139,1717.00,upi_apps,34.34,2026-07-31T16:26:00+05:30,captured,setl_00000140,
pay_260731004738,order_260731139,1767.00,wallet,35.34,2026-07-31T22:40:00+05:30,captured,setl_00000140,
pay_260731004739,order_260731139,3988.00,wallet,79.76,2026-07-31T21:45:00+05:30,captured,setl_00000140,
pay_260731004740,order_260731139,3018.00,card,60.36,2026-07-31T09:56:00+05:30,captured,setl_00000140,
pay_260731004741,order_260731139,1970.00,wallet,39.40,2026-07-31T08:15:00+05:30,captured,setl_00000140,
pay_260731004742,order_260731139,4569.00,wallet,91.38,2026-07-31T20:50:00+05:30,captured,setl_00000140,
pay_260731004743,order_260731139,4212.00,upi_apps,84.24,2026-07-31T09:35:00+05:30,captured,setl_00000140,
pay_260731004744,order_260731139,2528.00,upi_apps,50.56,2026-07-31T21:09:00+05:30,captured,setl_00000140,
pay_260731004745,order_260731139,737.00,netbanking,6.63,2026-07-31T17:32:00+05:30,captured,setl_00000140,
pay_260731004746,order_260731139,2711.00,card,54.22,2026-07-31T22:59:00+05:30,captured,setl_00000140,
pay_260801004747,order_260801140,2666.00,upi_apps,53.32,2026-08-01T15:37:00+05:30,captured,setl_00000141,
pay_260801004748,order_260801140,3730.00,upi_apps,74.60,2026-08-01T13:55:00+05:30,captured,setl_00000141,
pay_260801004749,order_260801140,3302.00,upi_apps,66.04,2026-08-01T14:15:00+05:30,captured,setl_00000141,
pay_260801004750,order_260801140,2099.00,card,41.98,2026-08-01T15:15:00+05:30,captured,setl_00000141,
pay_260801004751,order_260801140,5246.00,upi_apps,104.92,2026-08-01T09:34:00+05:30,captured,setl_00000141,
pay_260801004752,order_260801140,3953.00,upi_apps,79.06,2026-08-01T17:47:00+05:30,captured,setl_00000141,
pay_260801004753,order_260801140,524.00,wallet,10.48,2026-08-01T19:56:00+05:30,captured,setl_00000141,
pay_260801004754,order_260801140,3563.00,card,71.26,2026-08-01T08:02:00+05:30,captured,setl_00000141,
pay_260801004755,order_260801140,4440.00,upi_apps,88.80,2026-08-01T21:44:00+05:30,captured,setl_00000141,
pay_260801004756,order_260801140,4916.00,upi_apps,98.32,2026-08-01T13:40:00+05:30,captured,setl_00000141,
pay_260801004757,order_260801140,1972.00,upi_apps,39.44,2026-08-01T13:45:00+05:30,captured,setl_00000141,
pay_260801004758,order_260801140,1744.00,card,34.88,2026-08-01T20:39:00+05:30,captured,setl_00000141,
pay_260801004759,order_260801140,2941.00,wallet,58.82,2026-08-01T12:49:00+05:30,captured,setl_00000141,
pay_260801004760,order_260801140,788.00,upi_apps,15.76,2026-08-01T08:55:00+05:30,captured,setl_00000141,
pay_260801004761,order_260801140,3426.00,wallet,68.52,2026-08-01T12:06:00+05:30,captured,setl_00000141,
pay_260801004762,order_260801140,2781.00,netbanking,25.02,2026-08-01T10:23:00+05:30,captured,setl_00000141,
pay_260801004763,order_260801140,4002.00,upi_apps,80.04,2026-08-01T10:14:00+05:30,captured,setl_00000141,
pay_260801004764,order_260801140,4233.00,card,84.66,2026-08-01T08:08:00+05:30,captured,setl_00000141,
pay_260801004765,order_260801140,2498.00,card,49.96,2026-08-01T17:55:00+05:30,captured,setl_00000141,
pay_260801004766,order_260801140,1678.00,card,33.56,2026-08-01T16:16:00+05:30,captured,setl_00000141,
pay_260803004767,order_260803141,822.00,upi_apps,16.44,2026-08-03T11:54:00+05:30,captured,setl_00000142,
pay_260803004768,order_260803141,711.00,upi_apps,14.22,2026-08-03T08:30:00+05:30,captured,setl_00000142,
pay_260803004769,order_260803141,3806.00,wallet,76.12,2026-08-03T19:33:00+05:30,captured,setl_00000142,
pay_260803004770,order_260803141,5016.00,card,100.32,2026-08-03T12:37:00+05:30,captured,setl_00000142,
pay_260803004771,order_260803141,5236.00,upi_apps,104.72,2026-08-03T11:04:00+05:30,captured,setl_00000142,
pay_260803004772,order_260803141,2829.00,upi_apps,56.58,2026-08-03T10:16:00+05:30,captured,setl_00000142,
pay_260803004773,order_260803141,4004.00,card,80.08,2026-08-03T18:12:00+05:30,captured,setl_00000142,
pay_260803004774,order_260803141,900.00,card,18.00,2026-08-03T13:52:00+05:30,captured,setl_00000142,
pay_260803004775,order_260803141,4929.00,upi_apps,98.58,2026-08-03T18:22:00+05:30,captured,setl_00000142,
pay_260803004776,order_260803141,3004.00,upi_apps,60.08,2026-08-03T12:54:00+05:30,captured,setl_00000142,
pay_260803004777,order_260803141,3363.00,card,67.26,2026-08-03T13:47:00+05:30,captured,setl_00000142,
pay_260803004778,order_260803141,2676.00,card,53.52,2026-08-03T08:23:00+05:30,captured,setl_00000142,
pay_260803004779,order_260803141,1922.00,upi_apps,38.44,2026-08-03T14:09:00+05:30,captured,setl_00000142,
pay_260803004780,order_260803141,981.00,upi_apps,19.62,2026-08-03T11:14:00+05:30,captured,setl_00000142,
pay_260803004781,order_260803141,3758.00,card,75.16,2026-08-03T14:21:00+05:30,captured,setl_00000142,
pay_260803004782,order_260803141,2623.00,upi_apps,52.46,2026-08-03T12:10:00+05:30,captured,setl_00000142,
pay_260803004783,order_260803141,482.00,card,9.64,2026-08-03T09:39:00+05:30,captured,setl_00000142,
pay_260803004784,order_260803141,1558.00,upi_apps,31.16,2026-08-03T16:51:00+05:30,captured,setl_00000142,
pay_260803004785,order_260803141,529.00,upi_apps,10.58,2026-08-03T10:10:00+05:30,captured,setl_00000142,
pay_260803004786,order_260803141,2053.00,upi_apps,41.06,2026-08-03T20:36:00+05:30,captured,setl_00000142,
pay_260803004787,order_260803141,3712.00,upi_apps,74.24,2026-08-03T14:02:00+05:30,captured,setl_00000142,
pay_260803004788,order_260803141,4614.00,netbanking,41.52,2026-08-03T17:05:00+05:30,captured,setl_00000142,
pay_260803004789,order_260803141,5398.00,upi_apps,107.96,2026-08-03T20:25:00+05:30,captured,setl_00000142,
pay_260803004790,order_260803141,2103.00,upi_apps,42.06,2026-08-03T18:07:00+05:30,captured,setl_00000142,
pay_260803004791,order_260803141,2481.00,card,49.62,2026-08-03T17:06:00+05:30,captured,setl_00000142,
pay_260803004792,order_260803141,3493.00,upi_apps,69.86,2026-08-03T08:10:00+05:30,captured,setl_00000142,
pay_260803004793,order_260803141,2924.00,upi_apps,58.48,2026-08-03T15:54:00+05:30,captured,setl_00000142,
pay_260803004794,order_260803141,2969.00,card,59.38,2026-08-03T13:33:00+05:30,captured,setl_00000142,
pay_260803004795,order_260803141,4356.00,wallet,87.12,2026-08-03T14:10:00+05:30,captured,setl_00000142,
pay_260803004796,order_260803141,3606.00,upi_apps,72.12,2026-08-03T12:30:00+05:30,captured,setl_00000142,
pay_260803004797,order_260803141,1418.00,card,28.36,2026-08-03T11:51:00+05:30,captured,setl_00000142,
pay_260803004798,order_260803141,2872.00,card,57.44,2026-08-03T08:07:00+05:30,captured,setl_00000142,
pay_260803004799,order_260803141,827.00,upi_apps,16.54,2026-08-03T13:15:00+05:30,captured,setl_00000142,
pay_260803004800,order_260803141,2496.00,wallet,49.92,2026-08-03T17:15:00+05:30,captured,setl_00000142,
pay_260803004801,order_260803141,2995.00,card,59.90,2026-08-03T12:50:00+05:30,captured,setl_00000142,
pay_260803004802,order_260803141,3251.00,upi_apps,65.02,2026-08-03T20:18:00+05:30,captured,setl_00000142,
pay_260803004803,order_260803141,1289.00,card,25.78,2026-08-03T21:08:00+05:30,captured,setl_00000142,
pay_260803004804,order_260803141,4643.00,card,92.86,2026-08-03T10:31:00+05:30,captured,setl_00000142,
pay_260803004805,order_260803141,2084.00,upi_apps,41.68,2026-08-03T12:50:00+05:30,captured,setl_00000142,
pay_260803004806,order_260803141,4651.00,upi_apps,93.02,2026-08-03T08:56:00+05:30,captured,setl_00000142,
pay_260803004807,order_260803141,2543.00,wallet,50.86,2026-08-03T16:25:00+05:30,captured,setl_00000142,
pay_260803004808,order_260803141,2905.00,upi_apps,58.10,2026-08-03T21:33:00+05:30,captured,setl_00000142,
pay_260803004809,order_260803141,690.00,card,13.80,2026-08-03T15:55:00+05:30,captured,setl_00000142,
pay_260803004810,order_260803141,1028.00,upi_apps,20.56,2026-08-03T15:21:00+05:30,captured,setl_00000142,
pay_260803004811,order_260803141,1512.00,upi_apps,30.24,2026-08-03T18:46:00+05:30,captured,setl_00000142,
pay_260803004812,order_260803141,5367.00,card,107.34,2026-08-03T08:00:00+05:30,captured,setl_00000142,
pay_260803004813,order_260803141,1679.00,upi_apps,33.58,2026-08-03T09:05:00+05:30,captured,setl_00000142,
pay_260803004814,order_260803141,2023.00,upi_apps,40.46,2026-08-03T14:50:00+05:30,captured,setl_00000142,
pay_260803004815,order_260803141,898.00,upi_apps,17.96,2026-08-03T15:31:00+05:30,captured,setl_00000142,
pay_260804004816,order_260804142,1316.00,upi_apps,26.32,2026-08-04T12:33:00+05:30,captured,setl_00000143,
pay_260804004817,order_260804142,4035.00,wallet,80.70,2026-08-04T13:39:00+05:30,captured,setl_00000143,
pay_260804004818,order_260804142,2448.00,upi_apps,48.96,2026-08-04T12:46:00+05:30,captured,setl_00000143,
pay_260804004819,order_260804142,2923.00,upi_apps,58.46,2026-08-04T08:09:00+05:30,captured,setl_00000143,
pay_260804004820,order_260804142,734.00,card,14.68,2026-08-04T09:49:00+05:30,captured,setl_00000143,
pay_260804004821,order_260804142,4092.00,card,81.84,2026-08-04T20:24:00+05:30,captured,setl_00000143,
pay_260804004822,order_260804142,1279.00,upi_apps,25.58,2026-08-04T17:15:00+05:30,captured,setl_00000143,
pay_260804004823,order_260804142,1712.00,upi_apps,34.24,2026-08-04T09:41:00+05:30,captured,setl_00000143,
pay_260804004824,order_260804142,4954.00,wallet,99.08,2026-08-04T14:39:00+05:30,captured,setl_00000143,
pay_260804004825,order_260804142,1181.00,netbanking,10.62,2026-08-04T16:19:00+05:30,captured,setl_00000143,
pay_260804004826,order_260804142,3282.00,upi_apps,65.64,2026-08-04T17:05:00+05:30,captured,setl_00000143,
pay_260804004827,order_260804142,3022.00,netbanking,27.19,2026-08-04T21:10:00+05:30,captured,setl_00000143,
pay_260804004828,order_260804142,3496.00,upi_apps,69.92,2026-08-04T17:21:00+05:30,captured,setl_00000143,
pay_260804004829,order_260804142,1763.00,netbanking,15.86,2026-08-04T14:00:00+05:30,captured,setl_00000143,
pay_260804004830,order_260804142,2736.00,card,54.72,2026-08-04T13:02:00+05:30,captured,setl_00000143,
pay_260804004831,order_260804142,2053.00,upi_apps,41.06,2026-08-04T13:54:00+05:30,captured,setl_00000143,
pay_260804004832,order_260804142,2289.00,card,45.78,2026-08-04T20:23:00+05:30,captured,setl_00000143,
pay_260804004833,order_260804142,4939.00,card,98.78,2026-08-04T15:04:00+05:30,captured,setl_00000143,
pay_260804004834,order_260804142,1266.00,wallet,25.32,2026-08-04T12:15:00+05:30,captured,setl_00000143,
pay_260804004835,order_260804142,955.00,upi_apps,19.10,2026-08-04T13:35:00+05:30,captured,setl_00000143,
pay_260804004836,order_260804142,912.00,upi_apps,18.24,2026-08-04T16:33:00+05:30,captured,setl_00000143,
pay_260804004837,order_260804142,2154.00,card,43.08,2026-08-04T21:26:00+05:30,captured,setl_00000143,
pay_260804004838,order_260804142,2442.00,card,48.84,2026-08-04T09:37:00+05:30,captured,setl_00000143,
pay_260804004839,order_260804142,1701.00,upi_apps,34.02,2026-08-04T17:10:00+05:30,captured,setl_00000143,
pay_260804004840,order_260804142,2566.00,card,51.32,2026-08-04T17:29:00+05:30,captured,setl_00000143,
pay_260805004841,order_260805143,3043.00,upi_apps,60.86,2026-08-05T16:56:00+05:30,captured,setl_00000144,
pay_260805004842,order_260805143,1035.00,card,20.70,2026-08-05T18:21:00+05:30,captured,setl_00000144,
pay_260805004843,order_260805143,5362.00,upi_apps,107.24,2026-08-05T17:23:00+05:30,captured,setl_00000144,
pay_260805004844,order_260805143,3775.00,wallet,75.50,2026-08-05T09:53:00+05:30,captured,setl_00000144,
pay_260805004845,order_260805143,5244.00,card,104.88,2026-08-05T20:23:00+05:30,captured,setl_00000144,
pay_260805004846,order_260805143,1377.00,upi_apps,27.54,2026-08-05T11:08:00+05:30,captured,setl_00000144,
pay_260805004847,order_260805143,4369.00,netbanking,39.32,2026-08-05T15:54:00+05:30,captured,setl_00000144,
pay_260805004848,order_260805143,5291.00,card,105.82,2026-08-05T14:45:00+05:30,captured,setl_00000144,
pay_260805004849,order_260805143,1299.00,wallet,25.98,2026-08-05T12:52:00+05:30,captured,setl_00000144,
pay_260805004850,order_260805143,4979.00,card,99.58,2026-08-05T20:33:00+05:30,captured,setl_00000144,
pay_260805004851,order_260805143,2206.00,card,44.12,2026-08-05T08:10:00+05:30,captured,setl_00000144,
pay_260805004852,order_260805143,2271.00,card,45.42,2026-08-05T13:55:00+05:30,captured,setl_00000144,
pay_260805004853,order_260805143,1122.00,upi_apps,22.44,2026-08-05T12:53:00+05:30,captured,setl_00000144,
pay_260805004854,order_260805143,2916.00,upi_apps,58.32,2026-08-05T15:32:00+05:30,captured,setl_00000144,
pay_260805004855,order_260805143,1356.00,wallet,27.12,2026-08-05T20:59:00+05:30,captured,setl_00000144,
pay_260805004856,order_260805143,4639.00,upi_apps,92.78,2026-08-05T19:09:00+05:30,captured,setl_00000144,
pay_260805004857,order_260805143,1510.00,upi_apps,30.20,2026-08-05T17:36:00+05:30,captured,setl_00000144,
pay_260805004858,order_260805143,4412.00,upi_apps,88.24,2026-08-05T18:40:00+05:30,captured,setl_00000144,
pay_260805004859,order_260805143,4816.00,card,96.32,2026-08-05T13:20:00+05:30,captured,setl_00000144,
pay_260805004860,order_260805143,3423.00,wallet,68.46,2026-08-05T18:37:00+05:30,captured,setl_00000144,
pay_260805004861,order_260805143,3070.00,upi_apps,61.40,2026-08-05T16:23:00+05:30,captured,setl_00000144,
pay_260805004862,order_260805143,2062.00,upi_apps,41.24,2026-08-05T12:01:00+05:30,captured,setl_00000144,
pay_260805004863,order_260805143,4416.00,upi_apps,88.32,2026-08-05T18:50:00+05:30,captured,setl_00000144,
pay_260806004864,order_260806144,2101.00,upi_apps,42.02,2026-08-06T13:05:00+05:30,captured,setl_00000145,
pay_260806004865,order_260806144,3395.00,card,67.90,2026-08-06T17:29:00+05:30,captured,setl_00000145,
pay_260806004866,order_260806144,3250.00,card,65.00,2026-08-06T09:35:00+05:30,captured,setl_00000145,
pay_260806004867,order_260806144,1379.00,card,27.58,2026-08-06T19:02:00+05:30,captured,setl_00000145,
pay_260806004868,order_260806144,1624.00,wallet,32.48,2026-08-06T13:29:00+05:30,captured,setl_00000145,
pay_260806004869,order_260806144,1378.00,card,27.56,2026-08-06T10:45:00+05:30,captured,setl_00000145,
pay_260806004870,order_260806144,1726.00,upi_apps,34.52,2026-08-06T21:48:00+05:30,captured,setl_00000145,
pay_260806004871,order_260806144,1235.00,netbanking,11.11,2026-08-06T08:05:00+05:30,captured,setl_00000145,
pay_260806004872,order_260806144,2409.00,upi_apps,48.18,2026-08-06T11:37:00+05:30,captured,setl_00000145,
pay_260806004873,order_260806144,3892.00,upi_apps,77.84,2026-08-06T21:42:00+05:30,captured,setl_00000145,
pay_260806004874,order_260806144,3152.00,wallet,63.04,2026-08-06T14:03:00+05:30,captured,setl_00000145,
pay_260806004875,order_260806144,2211.00,upi_apps,44.22,2026-08-06T09:22:00+05:30,captured,setl_00000145,
pay_260806004876,order_260806144,574.00,card,11.48,2026-08-06T19:44:00+05:30,captured,setl_00000145,
pay_260806004877,order_260806144,2881.00,upi_apps,57.62,2026-08-06T11:34:00+05:30,captured,setl_00000145,
pay_260806004878,order_260806144,1272.00,card,25.44,2026-08-06T10:45:00+05:30,captured,setl_00000145,
pay_260806004879,order_260806144,2900.00,card,58.00,2026-08-06T18:50:00+05:30,captured,setl_00000145,
pay_260806004880,order_260806144,992.00,wallet,19.84,2026-08-06T13:22:00+05:30,captured,setl_00000145,
pay_260806004881,order_260806144,2718.00,upi_apps,54.36,2026-08-06T13:53:00+05:30,captured,setl_00000145,
pay_260806004882,order_260806144,4150.00,netbanking,37.34,2026-08-06T13:52:00+05:30,captured,setl_00000145,
pay_260806004883,order_260806144,5302.00,card,106.04,2026-08-06T22:04:00+05:30,captured,setl_00000145,
pay_260806004884,order_260806144,4705.00,card,94.10,2026-08-06T10:01:00+05:30,captured,setl_00000145,
pay_260806004885,order_260806144,4174.00,netbanking,37.56,2026-08-06T11:38:00+05:30,captured,setl_00000145,
pay_260806004886,order_260806144,1813.00,upi_apps,36.26,2026-08-06T18:01:00+05:30,captured,setl_00000145,
pay_260806004887,order_260806144,2688.00,card,53.76,2026-08-06T20:19:00+05:30,captured,setl_00000145,
pay_260806004888,order_260806144,2739.00,card,54.78,2026-08-06T09:06:00+05:30,captured,setl_00000145,
pay_260806004889,order_260806144,1106.00,netbanking,9.95,2026-08-06T15:10:00+05:30,captured,setl_00000145,
pay_260806004890,order_260806144,1134.00,card,22.68,2026-08-06T22:05:00+05:30,captured,setl_00000145,
pay_260806004891,order_260806144,2613.00,card,52.26,2026-08-06T10:31:00+05:30,captured,setl_00000145,
pay_260806004892,order_260806144,509.00,netbanking,4.58,2026-08-06T12:32:00+05:30,captured,setl_00000145,
pay_260806004893,order_260806144,1618.00,upi_apps,32.36,2026-08-06T13:54:00+05:30,captured,setl_00000145,
pay_260806004894,order_260806144,2892.00,netbanking,26.02,2026-08-06T10:18:00+05:30,captured,setl_00000145,
pay_260806004895,order_260806144,1312.00,netbanking,11.80,2026-08-06T13:42:00+05:30,captured,setl_00000145,
pay_260806004896,order_260806144,1384.00,netbanking,12.45,2026-08-06T16:26:00+05:30,captured,setl_00000145,
pay_260806004897,order_260806144,952.00,upi_apps,19.04,2026-08-06T17:01:00+05:30,captured,setl_00000145,
pay_260806004898,order_260806144,2618.00,netbanking,23.56,2026-08-06T21:26:00+05:30,captured,setl_00000145,
pay_260806004899,order_260806144,1517.00,upi_apps,30.34,2026-08-06T13:09:00+05:30,captured,setl_00000145,
pay_260806004900,order_260806144,1636.00,upi_apps,32.72,2026-08-06T12:10:00+05:30,captured,setl_00000145,
pay_260806004901,order_260806144,4330.00,upi_apps,86.60,2026-08-06T22:43:00+05:30,captured,setl_00000145,
pay_260806004902,order_260806144,4298.00,netbanking,38.68,2026-08-06T10:53:00+05:30,captured,setl_00000145,
pay_260806004903,order_260806144,4259.00,upi_apps,85.18,2026-08-06T14:32:00+05:30,captured,setl_00000145,
pay_260806004904,order_260806144,3242.00,upi_apps,64.84,2026-08-06T09:24:00+05:30,captured,setl_00000145,
pay_260806004905,order_260806144,4379.00,upi_apps,87.58,2026-08-06T21:07:00+05:30,captured,setl_00000145,
pay_260806004906,order_260806144,5217.00,upi_apps,104.34,2026-08-06T19:47:00+05:30,captured,setl_00000145,
pay_260806004907,order_260806144,2210.00,netbanking,19.88,2026-08-06T18:45:00+05:30,captured,setl_00000145,
pay_260806004908,order_260806144,958.00,netbanking,8.62,2026-08-06T10:15:00+05:30,captured,setl_00000145,
pay_260807004909,order_260807145,2480.00,upi_apps,49.60,2026-08-07T21:50:00+05:30,captured,setl_00000146,
pay_260807004910,order_260807145,872.00,upi_apps,17.44,2026-08-07T16:40:00+05:30,captured,setl_00000146,
pay_260807004911,order_260807145,3845.00,card,76.90,2026-08-07T15:19:00+05:30,captured,setl_00000146,
pay_260807004912,order_260807145,3162.00,card,63.24,2026-08-07T14:42:00+05:30,captured,setl_00000146,
pay_260807004913,order_260807145,1674.00,wallet,33.48,2026-08-07T22:48:00+05:30,captured,setl_00000146,
pay_260807004914,order_260807145,4519.00,upi_apps,90.38,2026-08-07T21:06:00+05:30,captured,setl_00000146,
pay_260807004915,order_260807145,4206.00,upi_apps,84.12,2026-08-07T20:45:00+05:30,captured,setl_00000146,
pay_260807004916,order_260807145,4139.00,card,82.78,2026-08-07T12:12:00+05:30,captured,setl_00000146,
pay_260807004917,order_260807145,1762.00,card,35.24,2026-08-07T21:03:00+05:30,captured,setl_00000146,
pay_260807004918,order_260807145,4686.00,upi_apps,93.72,2026-08-07T19:09:00+05:30,captured,setl_00000146,
pay_260807004919,order_260807145,2966.00,upi_apps,59.32,2026-08-07T09:26:00+05:30,captured,setl_00000146,
pay_260807004920,order_260807145,4853.00,card,97.06,2026-08-07T08:04:00+05:30,captured,setl_00000146,
pay_260807004921,order_260807145,1299.00,netbanking,11.69,2026-08-07T18:46:00+05:30,captured,setl_00000146,
pay_260807004922,order_260807145,1733.00,upi_apps,34.66,2026-08-07T11:36:00+05:30,captured,setl_00000146,
pay_260807004923,order_260807145,3880.00,upi_apps,77.60,2026-08-07T14:46:00+05:30,captured,setl_00000146,
pay_260807004924,order_260807145,3456.00,upi_apps,69.12,2026-08-07T11:24:00+05:30,captured,setl_00000146,
pay_260807004925,order_260807145,2722.00,netbanking,24.49,2026-08-07T21:25:00+05:30,captured,setl_00000146,
pay_260807004926,order_260807145,5216.00,netbanking,46.94,2026-08-07T08:46:00+05:30,captured,setl_00000146,
pay_260807004927,order_260807145,3875.00,upi_apps,77.50,2026-08-07T13:55:00+05:30,captured,setl_00000146,
pay_260807004928,order_260807145,3414.00,netbanking,30.72,2026-08-07T19:29:00+05:30,captured,setl_00000146,
pay_260807004929,order_260807145,3458.00,upi_apps,69.16,2026-08-07T10:36:00+05:30,captured,setl_00000146,
pay_260807004930,order_260807145,607.00,upi_apps,12.14,2026-08-07T18:47:00+05:30,captured,setl_00000146,
pay_260807004931,order_260807145,3036.00,upi_apps,60.72,2026-08-07T15:59:00+05:30,captured,setl_00000146,
pay_260807004932,order_260807145,4129.00,card,82.58,2026-08-07T12:32:00+05:30,captured,setl_00000146,
pay_260807004933,order_260807145,1101.00,card,22.02,2026-08-07T19:01:00+05:30,captured,setl_00000146,
pay_260807004934,order_260807145,4177.00,upi_apps,83.54,2026-08-07T13:42:00+05:30,captured,setl_00000146,
pay_260807004935,order_260807145,2596.00,upi_apps,51.92,2026-08-07T12:16:00+05:30,captured,setl_00000146,
pay_260807004936,order_260807145,2972.00,upi_apps,59.44,2026-08-07T12:51:00+05:30,captured,setl_00000146,
pay_260807004937,order_260807145,2951.00,card,59.02,2026-08-07T14:04:00+05:30,captured,setl_00000146,
pay_260807004938,order_260807145,4611.00,card,92.22,2026-08-07T14:42:00+05:30,captured,setl_00000146,
pay_260807004939,order_260807145,4984.00,card,99.68,2026-08-07T22:55:00+05:30,captured,setl_00000146,
pay_260807004940,order_260807145,2045.00,netbanking,18.40,2026-08-07T08:22:00+05:30,captured,setl_00000146,
pay_260807004941,order_260807145,1033.00,wallet,20.66,2026-08-07T10:38:00+05:30,captured,setl_00000146,
pay_260807004942,order_260807145,973.00,card,19.46,2026-08-07T18:35:00+05:30,captured,setl_00000146,
pay_260807004943,order_260807145,1162.00,upi_apps,23.24,2026-08-07T21:19:00+05:30,captured,setl_00000146,
pay_260807004944,order_260807145,1403.00,upi_apps,28.06,2026-08-07T22:47:00+05:30,captured,setl_00000146,
pay_260809004945,order_260809146,2465.00,upi_apps,49.30,2026-08-09T19:02:00+05:30,captured,setl_00000147,
pay_260809004946,order_260809146,3657.00,card,73.14,2026-08-09T11:14:00+05:30,captured,setl_00000147,
pay_260809004947,order_260809146,4035.00,upi_apps,80.70,2026-08-09T12:00:00+05:30,captured,setl_00000147,
pay_260809004948,order_260809146,3366.00,wallet,67.32,2026-08-09T17:17:00+05:30,captured,setl_00000147,
pay_260809004949,order_260809146,2869.00,card,57.38,2026-08-09T17:19:00+05:30,captured,setl_00000147,
pay_260809004950,order_260809146,3104.00,upi_apps,62.08,2026-08-09T16:00:00+05:30,captured,setl_00000147,
pay_260809004951,order_260809146,3474.00,card,69.48,2026-08-09T12:15:00+05:30,captured,setl_00000147,
pay_260809004952,order_260809146,1708.00,upi_apps,34.16,2026-08-09T21:21:00+05:30,captured,setl_00000147,
pay_260809004953,order_260809146,625.00,upi_apps,12.50,2026-08-09T14:43:00+05:30,captured,setl_00000147,
pay_260809004954,order_260809146,1139.00,card,22.78,2026-08-09T22:24:00+05:30,captured,setl_00000147,
pay_260810004955,order_260810147,1139.00,upi_apps,22.78,2026-08-10T14:39:00+05:30,captured,setl_00000148,
pay_260810004956,order_260810147,3377.00,card,67.54,2026-08-10T16:56:00+05:30,captured,setl_00000148,
pay_260810004957,order_260810147,3412.00,card,68.24,2026-08-10T21:37:00+05:30,captured,setl_00000148,
pay_260810004958,order_260810147,4450.00,upi_apps,89.00,2026-08-10T14:55:00+05:30,captured,setl_00000148,
pay_260810004959,order_260810147,964.00,card,19.28,2026-08-10T17:14:00+05:30,captured,setl_00000148,
pay_260810004960,order_260810147,3389.00,card,67.78,2026-08-10T20:00:00+05:30,captured,setl_00000148,
pay_260810004961,order_260810147,1187.00,upi_apps,23.74,2026-08-10T16:40:00+05:30,captured,setl_00000148,
pay_260810004962,order_260810147,4328.00,upi_apps,86.56,2026-08-10T12:06:00+05:30,captured,setl_00000148,
pay_260810004963,order_260810147,2628.00,wallet,52.56,2026-08-10T14:04:00+05:30,captured,setl_00000148,
pay_260810004964,order_260810147,4698.00,card,93.96,2026-08-10T18:52:00+05:30,captured,setl_00000148,
pay_260810004965,order_260810147,3441.00,upi_apps,68.82,2026-08-10T19:34:00+05:30,captured,setl_00000148,
pay_260810004966,order_260810147,894.00,netbanking,8.04,2026-08-10T22:35:00+05:30,captured,setl_00000148,
pay_260810004967,order_260810147,3216.00,card,64.32,2026-08-10T15:45:00+05:30,captured,setl_00000148,
pay_260810004968,order_260810147,3483.00,card,69.66,2026-08-10T16:33:00+05:30,captured,setl_00000148,
pay_260810004969,order_260810147,4096.00,card,81.92,2026-08-10T10:31:00+05:30,captured,setl_00000148,
pay_260810004970,order_260810147,535.00,card,10.70,2026-08-10T10:31:00+05:30,captured,setl_00000148,
pay_260810004971,order_260810147,4682.00,wallet,93.64,2026-08-10T21:24:00+05:30,captured,setl_00000148,
pay_260810004972,order_260810147,1337.00,card,26.74,2026-08-10T19:44:00+05:30,captured,setl_00000148,
pay_260810004973,order_260810147,1601.00,upi_apps,32.02,2026-08-10T18:43:00+05:30,captured,setl_00000148,
pay_260810004974,order_260810147,5215.00,upi_apps,104.30,2026-08-10T09:54:00+05:30,captured,setl_00000148,
pay_260810004975,order_260810147,495.00,netbanking,4.45,2026-08-10T22:40:00+05:30,captured,setl_00000148,
pay_260810004976,order_260810147,650.00,card,13.00,2026-08-10T21:47:00+05:30,captured,setl_00000148,
pay_260810004977,order_260810147,3252.00,netbanking,29.26,2026-08-10T09:22:00+05:30,captured,setl_00000148,
pay_260810004978,order_260810147,1401.00,card,28.02,2026-08-10T08:51:00+05:30,captured,setl_00000148,
pay_260810004979,order_260810147,1512.00,wallet,30.24,2026-08-10T19:04:00+05:30,captured,setl_00000148,
pay_260810004980,order_260810147,4219.00,upi_apps,84.38,2026-08-10T08:44:00+05:30,captured,setl_00000148,
pay_260810004981,order_260810147,5328.00,upi_apps,106.56,2026-08-10T09:03:00+05:30,captured,setl_00000148,
pay_260810004982,order_260810147,4190.00,netbanking,37.70,2026-08-10T22:48:00+05:30,captured,setl_00000148,
pay_260810004983,order_260810147,3167.00,upi_apps,63.34,2026-08-10T09:37:00+05:30,captured,setl_00000148,
pay_260810004984,order_260810147,2741.00,card,54.82,2026-08-10T22:58:00+05:30,captured,setl_00000148,
pay_260810004985,order_260810147,2457.00,card,49.14,2026-08-10T19:26:00+05:30,captured,setl_00000148,
pay_260810004986,order_260810147,5201.00,upi_apps,104.02,2026-08-10T18:29:00+05:30,captured,setl_00000148,
pay_260810004987,order_260810147,632.00,netbanking,5.68,2026-08-10T14:14:00+05:30,captured,setl_00000148,
pay_260810004988,order_260810147,4984.00,wallet,99.68,2026-08-10T15:59:00+05:30,captured,setl_00000148,
pay_260810004989,order_260810147,1656.00,netbanking,14.90,2026-08-10T11:17:00+05:30,captured,setl_00000148,
pay_260810004990,order_260810147,3588.00,upi_apps,71.76,2026-08-10T08:23:00+05:30,captured,setl_00000148,
pay_260810004991,order_260810147,4380.00,upi_apps,87.60,2026-08-10T15:38:00+05:30,captured,setl_00000148,
pay_260810004992,order_260810147,2632.00,upi_apps,52.64,2026-08-10T08:28:00+05:30,captured,setl_00000148,
pay_260810004993,order_260810147,4508.00,upi_apps,90.16,2026-08-10T13:19:00+05:30,captured,setl_00000148,
pay_260810004994,order_260810147,3622.00,wallet,72.44,2026-08-10T15:02:00+05:30,captured,setl_00000148,
pay_260810004995,order_260810147,4616.00,card,92.32,2026-08-10T09:49:00+05:30,captured,setl_00000148,
pay_260810004996,order_260810147,1603.00,upi_apps,32.06,2026-08-10T18:03:00+05:30,captured,setl_00000148,
pay_260810004997,order_260810147,1568.00,netbanking,14.11,2026-08-10T11:35:00+05:30,captured,setl_00000148,
pay_260810004998,order_260810147,5227.00,upi_apps,104.54,2026-08-10T11:43:00+05:30,captured,setl_00000148,
pay_260810004999,order_260810147,737.00,upi_apps,14.74,2026-08-10T11:17:00+05:30,captured,setl_00000148,
pay_260810005000,order_260810147,5073.00,upi_apps,101.46,2026-08-10T17:12:00+05:30,captured,setl_00000148,
pay_260810005001,order_260810147,4999.00,card,99.98,2026-08-10T19:09:00+05:30,captured,setl_00000148,
pay_260810005002,order_260810147,2722.00,netbanking,24.49,2026-08-10T22:53:00+05:30,captured,setl_00000148,
pay_260810005003,order_260810147,4495.00,upi_apps,89.90,2026-08-10T21:43:00+05:30,captured,setl_00000148,
pay_260811005004,order_260811148,3576.00,netbanking,32.18,2026-08-11T17:13:00+05:30,captured,setl_00000149,
pay_260811005005,order_260811148,5041.00,netbanking,45.36,2026-08-11T10:58:00+05:30,captured,setl_00000149,
pay_260811005006,order_260811148,3942.00,upi_apps,78.84,2026-08-11T21:25:00+05:30,captured,setl_00000149,
pay_260811005007,order_260811148,1402.00,upi_apps,28.04,2026-08-11T18:37:00+05:30,captured,setl_00000149,
pay_260811005008,order_260811148,1990.00,card,39.80,2026-08-11T10:28:00+05:30,captured,setl_00000149,
pay_260811005009,order_260811148,4225.00,netbanking,38.02,2026-08-11T11:32:00+05:30,captured,setl_00000149,
pay_260811005010,order_260811148,1640.00,card,32.80,2026-08-11T15:02:00+05:30,captured,setl_00000149,
pay_260811005011,order_260811148,4363.00,card,87.26,2026-08-11T19:13:00+05:30,captured,setl_00000149,
pay_260811005012,order_260811148,2239.00,upi_apps,44.78,2026-08-11T21:46:00+05:30,captured,setl_00000149,
pay_260811005013,order_260811148,1011.00,upi_apps,20.22,2026-08-11T20:47:00+05:30,captured,setl_00000149,
pay_260811005014,order_260811148,4076.00,netbanking,36.68,2026-08-11T16:46:00+05:30,captured,setl_00000149,
pay_260811005015,order_260811148,4339.00,upi_apps,86.78,2026-08-11T10:16:00+05:30,captured,setl_00000149,
pay_260811005016,order_260811148,2490.00,card,49.80,2026-08-11T10:05:00+05:30,captured,setl_00000149,
pay_260811005017,order_260811148,3049.00,card,60.98,2026-08-11T10:00:00+05:30,captured,setl_00000149,
pay_260811005018,order_260811148,1132.00,upi_apps,22.64,2026-08-11T08:35:00+05:30,captured,setl_00000149,
pay_260811005019,order_260811148,3961.00,netbanking,35.64,2026-08-11T21:28:00+05:30,captured,setl_00000149,
pay_260811005020,order_260811148,1844.00,upi_apps,36.88,2026-08-11T13:56:00+05:30,captured,setl_00000149,
pay_260811005021,order_260811148,4360.00,wallet,87.20,2026-08-11T09:16:00+05:30,captured,setl_00000149,
pay_260811005022,order_260811148,2677.00,upi_apps,53.54,2026-08-11T18:40:00+05:30,captured,setl_00000149,
pay_260811005023,order_260811148,1189.00,upi_apps,23.78,2026-08-11T14:24:00+05:30,captured,setl_00000149,
pay_260811005024,order_260811148,4160.00,wallet,83.20,2026-08-11T12:34:00+05:30,captured,setl_00000149,
pay_260811005025,order_260811148,452.00,card,9.04,2026-08-11T15:37:00+05:30,captured,setl_00000149,
pay_260811005026,order_260811148,1150.00,upi_apps,23.00,2026-08-11T14:53:00+05:30,captured,setl_00000149,
pay_260811005027,order_260811148,1464.00,upi_apps,29.28,2026-08-11T10:39:00+05:30,captured,setl_00000149,
pay_260811005028,order_260811148,4220.00,upi_apps,84.40,2026-08-11T20:42:00+05:30,captured,setl_00000149,
pay_260811005029,order_260811148,699.00,card,13.98,2026-08-11T13:32:00+05:30,captured,setl_00000149,
pay_260811005030,order_260811148,4011.00,upi_apps,80.22,2026-08-11T20:14:00+05:30,captured,setl_00000149,
pay_260811005031,order_260811148,3988.00,wallet,79.76,2026-08-11T20:39:00+05:30,captured,setl_00000149,
pay_260811005032,order_260811148,1631.00,upi_apps,32.62,2026-08-11T18:00:00+05:30,captured,setl_00000149,
pay_260811005033,order_260811148,3415.00,netbanking,30.73,2026-08-11T17:27:00+05:30,captured,setl_00000149,
pay_260811005034,order_260811148,3831.00,upi_apps,76.62,2026-08-11T11:01:00+05:30,captured,setl_00000149,
pay_260811005035,order_260811148,1440.00,upi_apps,28.80,2026-08-11T15:27:00+05:30,captured,setl_00000149,
pay_260811005036,order_260811148,3094.00,card,61.88,2026-08-11T12:47:00+05:30,captured,setl_00000149,
pay_260811005037,order_260811148,1818.00,card,36.36,2026-08-11T12:19:00+05:30,captured,setl_00000149,
pay_260811005038,order_260811148,496.00,upi_apps,9.92,2026-08-11T18:21:00+05:30,captured,setl_00000149,
pay_260811005039,order_260811148,4990.00,card,99.80,2026-08-11T20:16:00+05:30,captured,setl_00000149,
pay_260811005040,order_260811148,5139.00,upi_apps,102.78,2026-08-11T10:15:00+05:30,captured,setl_00000149,
pay_260811005041,order_260811148,5209.00,upi_apps,104.18,2026-08-11T21:33:00+05:30,captured,setl_00000149,
pay_260811005042,order_260811148,5209.00,card,104.18,2026-08-11T08:51:00+05:30,captured,setl_00000149,
pay_260812005043,order_260812149,4120.00,upi_apps,82.40,2026-08-12T19:22:00+05:30,captured,setl_00000150,
pay_260812005044,order_260812149,3134.00,upi_apps,62.68,2026-08-12T12:55:00+05:30,captured,setl_00000150,
pay_260812005045,order_260812149,1008.00,card,20.16,2026-08-12T09:35:00+05:30,captured,setl_00000150,
pay_260812005046,order_260812149,734.00,upi_apps,14.68,2026-08-12T15:03:00+05:30,captured,setl_00000150,
pay_260812005047,order_260812149,2453.00,upi_apps,49.06,2026-08-12T08:15:00+05:30,captured,setl_00000150,
pay_260812005048,order_260812149,1274.00,upi_apps,25.48,2026-08-12T14:10:00+05:30,captured,setl_00000150,
pay_260812005049,order_260812149,1975.00,card,39.50,2026-08-12T22:18:00+05:30,captured,setl_00000150,
pay_260812005050,order_260812149,1338.00,upi_apps,26.76,2026-08-12T19:50:00+05:30,captured,setl_00000150,
pay_260812005051,order_260812149,2138.00,upi_apps,42.76,2026-08-12T12:13:00+05:30,captured,setl_00000150,
pay_260812005052,order_260812149,1246.00,upi_apps,24.92,2026-08-12T17:35:00+05:30,captured,setl_00000150,
pay_260812005053,order_260812149,753.00,card,15.06,2026-08-12T17:04:00+05:30,captured,setl_00000150,
pay_260812005054,order_260812149,2264.00,card,45.28,2026-08-12T08:55:00+05:30,captured,setl_00000150,
pay_260812005055,order_260812149,2382.00,card,47.64,2026-08-12T08:34:00+05:30,captured,setl_00000150,
pay_260812005056,order_260812149,900.00,upi_apps,18.00,2026-08-12T12:51:00+05:30,captured,setl_00000150,
pay_260812005057,order_260812149,4763.00,upi_apps,95.26,2026-08-12T09:09:00+05:30,captured,setl_00000150,
pay_260812005058,order_260812149,4253.00,card,85.06,2026-08-12T22:49:00+05:30,captured,setl_00000150,
pay_260812005059,order_260812149,4125.00,upi_apps,82.50,2026-08-12T20:53:00+05:30,captured,setl_00000150,
pay_260812005060,order_260812149,2621.00,card,52.42,2026-08-12T13:00:00+05:30,captured,setl_00000150,
pay_260812005061,order_260812149,3727.00,card,74.54,2026-08-12T19:47:00+05:30,captured,setl_00000150,
pay_260812005062,order_260812149,890.00,card,17.80,2026-08-12T13:40:00+05:30,captured,setl_00000150,
pay_260812005063,order_260812149,4291.00,netbanking,38.61,2026-08-12T22:57:00+05:30,captured,setl_00000150,
pay_260812005064,order_260812149,1200.00,card,24.00,2026-08-12T22:41:00+05:30,captured,setl_00000150,
pay_260812005065,order_260812149,4479.00,upi_apps,89.58,2026-08-12T14:29:00+05:30,captured,setl_00000150,
pay_260812005066,order_260812149,4392.00,upi_apps,87.84,2026-08-12T12:40:00+05:30,captured,setl_00000150,
pay_260812005067,order_260812149,3461.00,card,69.22,2026-08-12T17:04:00+05:30,captured,setl_00000150,
pay_260812005068,order_260812149,2688.00,netbanking,24.19,2026-08-12T14:28:00+05:30,captured,setl_00000150,
pay_260812005069,order_260812149,4872.00,upi_apps,97.44,2026-08-12T13:59:00+05:30,captured,setl_00000150,
pay_260813005070,order_260813150,3321.00,card,66.42,2026-08-13T14:14:00+05:30,captured,setl_00000151,
pay_260813005071,order_260813150,2827.00,card,56.54,2026-08-13T09:46:00+05:30,captured,setl_00000151,
pay_260813005072,order_260813150,612.00,upi_apps,12.24,2026-08-13T15:19:00+05:30,captured,setl_00000151,
pay_260813005073,order_260813150,2824.00,wallet,56.48,2026-08-13T14:06:00+05:30,captured,setl_00000151,
pay_260813005074,order_260813150,3614.00,upi_apps,72.28,2026-08-13T13:21:00+05:30,captured,setl_00000151,
pay_260813005075,order_260813150,4127.00,upi_apps,82.54,2026-08-13T16:05:00+05:30,captured,setl_00000151,
pay_260813005076,order_260813150,3777.00,wallet,75.54,2026-08-13T14:30:00+05:30,captured,setl_00000151,
pay_260813005077,order_260813150,1246.00,card,24.92,2026-08-13T10:28:00+05:30,captured,setl_00000151,
pay_260813005078,order_260813150,2381.00,card,47.62,2026-08-13T08:11:00+05:30,captured,setl_00000151,
pay_260813005079,order_260813150,2540.00,wallet,50.80,2026-08-13T14:59:00+05:30,captured,setl_00000151,
pay_260813005080,order_260813150,1550.00,wallet,31.00,2026-08-13T13:12:00+05:30,captured,setl_00000151,
pay_260813005081,order_260813150,3334.00,card,66.68,2026-08-13T13:56:00+05:30,captured,setl_00000151,
pay_260813005082,order_260813150,3453.00,upi_apps,69.06,2026-08-13T16:17:00+05:30,captured,setl_00000151,
pay_260813005083,order_260813150,1981.00,upi_apps,39.62,2026-08-13T17:27:00+05:30,captured,setl_00000151,
pay_260813005084,order_260813150,2922.00,upi_apps,58.44,2026-08-13T13:21:00+05:30,captured,setl_00000151,
pay_260813005085,order_260813150,4001.00,card,80.02,2026-08-13T11:32:00+05:30,captured,setl_00000151,
pay_260813005086,order_260813150,2634.00,card,52.68,2026-08-13T11:24:00+05:30,captured,setl_00000151,
pay_260813005087,order_260813150,5079.00,wallet,101.58,2026-08-13T20:02:00+05:30,captured,setl_00000151,
pay_260813005088,order_260813150,2174.00,upi_apps,43.48,2026-08-13T17:14:00+05:30,captured,setl_00000151,
pay_260813005089,order_260813150,2586.00,card,51.72,2026-08-13T21:14:00+05:30,captured,setl_00000151,
pay_260813005090,order_260813150,1244.00,upi_apps,24.88,2026-08-13T08:25:00+05:30,captured,setl_00000151,
pay_260813005091,order_260813150,2255.00,upi_apps,45.10,2026-08-13T17:27:00+05:30,captured,setl_00000151,
pay_260813005092,order_260813150,5038.00,upi_apps,100.76,2026-08-13T15:41:00+05:30,captured,setl_00000151,
pay_260813005093,order_260813150,1849.00,netbanking,16.64,2026-08-13T09:45:00+05:30,captured,setl_00000151,
pay_260813005094,order_260813150,5126.00,upi_apps,102.52,2026-08-13T14:01:00+05:30,captured,setl_00000151,
pay_260813005095,order_260813150,4123.00,netbanking,37.10,2026-08-13T13:56:00+05:30,captured,setl_00000151,
pay_260813005096,order_260813150,2935.00,wallet,58.70,2026-08-13T09:03:00+05:30,captured,setl_00000151,
pay_260813005097,order_260813150,1973.00,card,39.46,2026-08-13T13:13:00+05:30,captured,setl_00000151,
pay_260813005098,order_260813150,4444.00,card,88.88,2026-08-13T15:25:00+05:30,captured,setl_00000151,
pay_260813005099,order_260813150,832.00,upi_apps,16.64,2026-08-13T17:51:00+05:30,captured,setl_00000151,
pay_260813005100,order_260813150,3460.00,upi_apps,69.20,2026-08-13T10:24:00+05:30,captured,setl_00000151,
pay_260813005101,order_260813150,3160.00,upi_apps,63.20,2026-08-13T20:12:00+05:30,captured,setl_00000151,
pay_260813005102,order_260813150,4468.00,card,89.36,2026-08-13T10:23:00+05:30,captured,setl_00000151,
pay_260813005103,order_260813150,5022.00,upi_apps,100.44,2026-08-13T12:47:00+05:30,captured,setl_00000151,
pay_260813005104,order_260813150,4755.00,upi_apps,95.10,2026-08-13T09:12:00+05:30,captured,setl_00000151,
pay_260813005105,order_260813150,1247.00,upi_apps,24.94,2026-08-13T09:59:00+05:30,captured,setl_00000151,
pay_260813005106,order_260813150,3002.00,upi_apps,60.04,2026-08-13T17:41:00+05:30,captured,setl_00000151,
pay_260813005107,order_260813150,4247.00,upi_apps,84.94,2026-08-13T08:27:00+05:30,captured,setl_00000151,
pay_260813005108,order_260813150,4008.00,upi_apps,80.16,2026-08-13T22:54:00+05:30,captured,setl_00000151,
pay_260813005109,order_260813150,1292.00,wallet,25.84,2026-08-13T19:56:00+05:30,captured,setl_00000151,
pay_260813005110,order_260813150,1748.00,upi_apps,34.96,2026-08-13T15:47:00+05:30,captured,setl_00000151,
pay_260813005111,order_260813150,1798.00,netbanking,16.18,2026-08-13T12:16:00+05:30,captured,setl_00000151,
pay_260813005112,order_260813150,4124.00,card,82.48,2026-08-13T11:34:00+05:30,captured,setl_00000151,
pay_260813005113,order_260813150,4559.00,netbanking,41.03,2026-08-13T17:11:00+05:30,captured,setl_00000151,
pay_260813005114,order_260813150,3262.00,upi_apps,65.24,2026-08-13T12:19:00+05:30,captured,setl_00000151,
pay_260813005115,order_260813150,1122.00,card,22.44,2026-08-13T21:29:00+05:30,captured,setl_00000151,
pay_260813005116,order_260813150,2068.00,upi_apps,41.36,2026-08-13T22:34:00+05:30,captured,setl_00000151,
pay_260813005117,order_260813150,4656.00,card,93.12,2026-08-13T17:42:00+05:30,captured,setl_00000151,
pay_260813005118,order_260813150,2621.00,card,52.42,2026-08-13T19:28:00+05:30,captured,setl_00000151,
pay_260813005119,order_260813150,4388.00,upi_apps,87.76,2026-08-13T15:18:00+05:30,captured,setl_00000151,
pay_260813005120,order_260813150,5277.00,upi_apps,105.54,2026-08-13T19:55:00+05:30,captured,setl_00000151,
pay_260813005121,order_260813150,3193.00,card,63.86,2026-08-13T08:18:00+05:30,captured,setl_00000151,
pay_260814005122,order_260814151,3234.00,card,64.68,2026-08-14T08:03:00+05:30,captured,setl_00000152,
pay_260814005123,order_260814151,3957.00,upi_apps,79.14,2026-08-14T12:28:00+05:30,captured,setl_00000152,
pay_260814005124,order_260814151,2585.00,card,51.70,2026-08-14T12:39:00+05:30,captured,setl_00000152,
pay_260814005125,order_260814151,2160.00,wallet,43.20,2026-08-14T13:52:00+05:30,captured,setl_00000152,
pay_260814005126,order_260814151,1000.00,card,20.00,2026-08-14T10:08:00+05:30,captured,setl_00000152,
pay_260814005127,order_260814151,3076.00,wallet,61.52,2026-08-14T11:37:00+05:30,captured,setl_00000152,
pay_260814005128,order_260814151,1071.00,upi_apps,21.42,2026-08-14T17:03:00+05:30,captured,setl_00000152,
pay_260814005129,order_260814151,2974.00,upi_apps,59.48,2026-08-14T13:03:00+05:30,captured,setl_00000152,
pay_260814005130,order_260814151,1067.00,card,21.34,2026-08-14T22:16:00+05:30,captured,setl_00000152,
pay_260814005131,order_260814151,1578.00,netbanking,14.20,2026-08-14T13:51:00+05:30,captured,setl_00000152,
pay_260814005132,order_260814151,3949.00,card,78.98,2026-08-14T19:50:00+05:30,captured,setl_00000152,
pay_260814005133,order_260814151,2121.00,upi_apps,42.42,2026-08-14T12:36:00+05:30,captured,setl_00000152,
pay_260814005134,order_260814151,5049.00,upi_apps,100.98,2026-08-14T17:43:00+05:30,captured,setl_00000152,
pay_260814005135,order_260814151,2292.00,upi_apps,45.84,2026-08-14T12:21:00+05:30,captured,setl_00000152,
pay_260814005136,order_260814151,3827.00,upi_apps,76.54,2026-08-14T19:30:00+05:30,captured,setl_00000152,
pay_260814005137,order_260814151,5264.00,card,105.28,2026-08-14T19:44:00+05:30,captured,setl_00000152,
pay_260814005138,order_260814151,5283.00,card,105.66,2026-08-14T11:53:00+05:30,captured,setl_00000152,
pay_260814005139,order_260814151,4465.00,wallet,89.30,2026-08-14T11:39:00+05:30,captured,setl_00000152,
pay_260814005140,order_260814151,1687.00,card,33.74,2026-08-14T18:24:00+05:30,captured,setl_00000152,
pay_260814005141,order_260814151,2710.00,netbanking,24.39,2026-08-14T08:19:00+05:30,captured,setl_00000152,
pay_260814005142,order_260814151,607.00,netbanking,5.46,2026-08-14T19:14:00+05:30,captured,setl_00000152,
pay_260814005143,order_260814151,4597.00,upi_apps,91.94,2026-08-14T22:22:00+05:30,captured,setl_00000152,
pay_260814005144,order_260814151,5269.00,upi_apps,105.38,2026-08-14T15:52:00+05:30,captured,setl_00000152,
pay_260814005145,order_260814151,4529.00,netbanking,40.76,2026-08-14T22:05:00+05:30,captured,setl_00000152,
pay_260814005146,order_260814151,2048.00,upi_apps,40.96,2026-08-14T11:06:00+05:30,captured,setl_00000152,
pay_260814005147,order_260814151,1565.00,card,31.30,2026-08-14T09:16:00+05:30,captured,setl_00000152,
pay_260814005148,order_260814151,3329.00,card,66.58,2026-08-14T20:13:00+05:30,captured,setl_00000152,
pay_260814005149,order_260814151,5040.00,card,100.80,2026-08-14T15:16:00+05:30,captured,setl_00000152,
pay_260814005150,order_260814151,1169.00,netbanking,10.52,2026-08-14T15:37:00+05:30,captured,setl_00000152,
pay_260814005151,order_260814151,602.00,upi_apps,12.04,2026-08-14T09:03:00+05:30,captured,setl_00000152,
pay_260814005152,order_260814151,3522.00,card,70.44,2026-08-14T22:45:00+05:30,captured,setl_00000152,
pay_260814005153,order_260814151,870.00,upi_apps,17.40,2026-08-14T14:08:00+05:30,captured,setl_00000152,
pay_260814005154,order_260814151,3754.00,netbanking,33.78,2026-08-14T14:08:00+05:30,captured,setl_00000152,
pay_260814005155,order_260814151,3877.00,upi_apps,77.54,2026-08-14T10:01:00+05:30,captured,setl_00000152,
pay_260814005156,order_260814151,2205.00,card,44.10,2026-08-14T16:30:00+05:30,captured,setl_00000152,
pay_260814005157,order_260814151,1651.00,card,33.02,2026-08-14T18:47:00+05:30,captured,setl_00000152,
pay_260814005158,order_260814151,2993.00,card,59.86,2026-08-14T22:49:00+05:30,captured,setl_00000152,
pay_260814005159,order_260814151,2224.00,upi_apps,44.48,2026-08-14T20:59:00+05:30,captured,setl_00000152,
pay_260814005160,order_260814151,1828.00,wallet,36.56,2026-08-14T19:28:00+05:30,captured,setl_00000152,
pay_260814005161,order_260814151,1159.00,upi_apps,23.18,2026-08-14T22:20:00+05:30,captured,setl_00000152,
pay_260814005162,order_260814151,4486.00,upi_apps,89.72,2026-08-14T18:04:00+05:30,captured,setl_00000152,
pay_260814005163,order_260814151,2253.00,card,45.06,2026-08-14T16:36:00+05:30,captured,setl_00000152,
pay_260814005164,order_260814151,5189.00,card,103.78,2026-08-14T12:36:00+05:30,captured,setl_00000152,
pay_260814005165,order_260814151,1123.00,netbanking,10.10,2026-08-14T11:55:00+05:30,captured,setl_00000152,
pay_260814005166,order_260814151,5178.00,upi_apps,103.56,2026-08-14T17:55:00+05:30,captured,setl_00000152,
pay_260814005167,order_260814151,1238.00,netbanking,11.14,2026-08-14T19:49:00+05:30,captured,setl_00000152,
pay_260814005168,order_260814151,2430.00,card,48.60,2026-08-14T09:42:00+05:30,captured,setl_00000152,
pay_260814005169,order_260814151,2490.00,upi_apps,49.80,2026-08-14T11:54:00+05:30,captured,setl_00000152,
pay_260814005170,order_260814151,693.00,upi_apps,13.86,2026-08-14T20:30:00+05:30,captured,setl_00000152,
pay_260814005171,order_260814151,723.00,card,14.46,2026-08-14T09:47:00+05:30,captured,setl_00000152,
pay_260814005172,order_260814151,3162.00,card,63.24,2026-08-14T13:52:00+05:30,captured,setl_00000152,
pay_260814005173,order_260814151,5372.00,card,107.44,2026-08-14T15:27:00+05:30,captured,setl_00000152,
pay_260814005174,order_260814151,707.00,upi_apps,14.14,2026-08-14T11:07:00+05:30,captured,setl_00000152,
pay_260814005175,order_260814151,3930.00,upi_apps,78.60,2026-08-14T11:16:00+05:30,captured,setl_00000152,
pay_260814005176,order_260814151,4104.00,card,82.08,2026-08-14T08:38:00+05:30,captured,setl_00000152,
pay_260814005177,order_260814151,3433.00,upi_apps,68.66,2026-08-14T14:43:00+05:30,captured,setl_00000152,
pay_260814005178,order_260814151,3002.00,upi_apps,60.04,2026-08-14T18:35:00+05:30,captured,setl_00000152,
pay_260814005179,order_260814151,3677.00,upi_apps,73.54,2026-08-14T22:50:00+05:30,captured,setl_00000152,
pay_260815005180,order_260815152,4417.00,netbanking,39.75,2026-08-15T14:29:00+05:30,captured,setl_00000153,
pay_260815005181,order_260815152,4180.00,upi_apps,83.60,2026-08-15T22:54:00+05:30,captured,setl_00000153,
pay_260815005182,order_260815152,2911.00,upi_apps,58.22,2026-08-15T22:03:00+05:30,captured,setl_00000153,
pay_260815005183,order_260815152,3249.00,upi_apps,64.98,2026-08-15T08:52:00+05:30,captured,setl_00000153,
pay_260815005184,order_260815152,4067.00,upi_apps,81.34,2026-08-15T22:14:00+05:30,captured,setl_00000153,
pay_260815005185,order_260815152,684.00,upi_apps,13.68,2026-08-15T22:26:00+05:30,captured,setl_00000153,
pay_260815005186,order_260815152,3612.00,card,72.24,2026-08-15T14:49:00+05:30,captured,setl_00000153,
pay_260815005187,order_260815152,3415.00,card,68.30,2026-08-15T10:38:00+05:30,captured,setl_00000153,
pay_260815005188,order_260815152,5227.00,upi_apps,104.54,2026-08-15T09:25:00+05:30,captured,setl_00000153,
pay_260815005189,order_260815152,4669.00,upi_apps,93.38,2026-08-15T16:17:00+05:30,captured,setl_00000153,
pay_260815005190,order_260815152,4863.00,upi_apps,97.26,2026-08-15T17:56:00+05:30,captured,setl_00000153,
pay_260815005191,order_260815152,4771.00,wallet,95.42,2026-08-15T19:46:00+05:30,captured,setl_00000153,
pay_260815005192,order_260815152,1810.00,card,36.20,2026-08-15T13:15:00+05:30,captured,setl_00000153,
pay_260815005193,order_260815152,4661.00,upi_apps,93.22,2026-08-15T09:23:00+05:30,captured,setl_00000153,
pay_260815005194,order_260815152,1759.00,upi_apps,35.18,2026-08-15T14:43:00+05:30,captured,setl_00000153,
pay_260815005195,order_260815152,3604.00,card,72.08,2026-08-15T08:46:00+05:30,captured,setl_00000153,
pay_260815005196,order_260815152,2151.00,upi_apps,43.02,2026-08-15T17:34:00+05:30,captured,setl_00000153,
pay_260815005197,order_260815152,1839.00,upi_apps,36.78,2026-08-15T22:22:00+05:30,captured,setl_00000153,
pay_260815005198,order_260815152,1579.00,card,31.58,2026-08-15T15:54:00+05:30,captured,setl_00000153,
pay_260815005199,order_260815152,4929.00,card,98.58,2026-08-15T20:03:00+05:30,captured,setl_00000153,
pay_260815005200,order_260815152,4781.00,card,95.62,2026-08-15T17:04:00+05:30,captured,setl_00000153,
pay_260815005201,order_260815152,3737.00,netbanking,33.63,2026-08-15T08:20:00+05:30,captured,setl_00000153,
pay_260816005202,order_260816153,3263.00,upi_apps,65.26,2026-08-16T20:53:00+05:30,captured,setl_00000154,
pay_260816005203,order_260816153,3402.00,upi_apps,68.04,2026-08-16T12:32:00+05:30,captured,setl_00000154,
pay_260816005204,order_260816153,2908.00,upi_apps,58.16,2026-08-16T14:27:00+05:30,captured,setl_00000154,
pay_260816005205,order_260816153,3299.00,card,65.98,2026-08-16T13:31:00+05:30,captured,setl_00000154,
pay_260816005206,order_260816153,807.00,card,16.14,2026-08-16T14:58:00+05:30,captured,setl_00000154,
pay_260816005207,order_260816153,4391.00,upi_apps,87.82,2026-08-16T21:40:00+05:30,captured,setl_00000154,
pay_260816005208,order_260816153,2984.00,netbanking,26.85,2026-08-16T20:31:00+05:30,captured,setl_00000154,
pay_260816005209,order_260816153,4614.00,upi_apps,92.28,2026-08-16T20:15:00+05:30,captured,setl_00000154,
pay_260816005210,order_260816153,4588.00,upi_apps,91.76,2026-08-16T21:12:00+05:30,captured,setl_00000154,
pay_260817005211,order_260817154,570.00,upi_apps,11.40,2026-08-17T09:06:00+05:30,captured,setl_00000155,
pay_260817005212,order_260817154,1877.00,netbanking,16.89,2026-08-17T19:08:00+05:30,captured,setl_00000155,
pay_260817005213,order_260817154,4384.00,upi_apps,87.68,2026-08-17T22:43:00+05:30,captured,setl_00000155,
pay_260817005214,order_260817154,3161.00,upi_apps,63.22,2026-08-17T22:16:00+05:30,captured,setl_00000155,
pay_260817005215,order_260817154,1390.00,netbanking,12.51,2026-08-17T16:12:00+05:30,captured,setl_00000155,
pay_260817005216,order_260817154,781.00,card,15.62,2026-08-17T13:12:00+05:30,captured,setl_00000155,
pay_260817005217,order_260817154,4387.00,upi_apps,87.74,2026-08-17T13:09:00+05:30,captured,setl_00000155,
pay_260817005218,order_260817154,4278.00,upi_apps,85.56,2026-08-17T20:25:00+05:30,captured,setl_00000155,
pay_260817005219,order_260817154,1207.00,netbanking,10.86,2026-08-17T20:58:00+05:30,captured,setl_00000155,
pay_260817005220,order_260817154,550.00,wallet,11.00,2026-08-17T15:46:00+05:30,captured,setl_00000155,
pay_260817005221,order_260817154,3059.00,upi_apps,61.18,2026-08-17T09:08:00+05:30,captured,setl_00000155,
pay_260817005222,order_260817154,2774.00,upi_apps,55.48,2026-08-17T15:23:00+05:30,captured,setl_00000155,
pay_260817005223,order_260817154,5377.00,upi_apps,107.54,2026-08-17T14:30:00+05:30,captured,setl_00000155,
pay_260817005224,order_260817154,2496.00,wallet,49.92,2026-08-17T16:01:00+05:30,captured,setl_00000155,
pay_260817005225,order_260817154,750.00,upi_apps,15.00,2026-08-17T19:30:00+05:30,captured,setl_00000155,
pay_260817005226,order_260817154,3663.00,upi_apps,73.26,2026-08-17T13:38:00+05:30,captured,setl_00000155,
pay_260817005227,order_260817154,2099.00,card,41.98,2026-08-17T15:16:00+05:30,captured,setl_00000155,
pay_260817005228,order_260817154,3737.00,card,74.74,2026-08-17T14:18:00+05:30,captured,setl_00000155,
pay_260817005229,order_260817154,4062.00,upi_apps,81.24,2026-08-17T22:27:00+05:30,captured,setl_00000155,
pay_260817005230,order_260817154,2836.00,wallet,56.72,2026-08-17T14:41:00+05:30,captured,setl_00000155,
pay_260817005231,order_260817154,2970.00,upi_apps,59.40,2026-08-17T11:20:00+05:30,captured,setl_00000155,
pay_260817005232,order_260817154,5003.00,upi_apps,100.06,2026-08-17T12:01:00+05:30,captured,setl_00000155,
pay_260817005233,order_260817154,5113.00,card,102.26,2026-08-17T11:29:00+05:30,captured,setl_00000155,
pay_260817005234,order_260817154,1119.00,wallet,22.38,2026-08-17T13:05:00+05:30,captured,setl_00000155,
pay_260817005235,order_260817154,4127.00,upi_apps,82.54,2026-08-17T17:31:00+05:30,captured,setl_00000155,
pay_260817005236,order_260817154,2344.00,upi_apps,46.88,2026-08-17T14:31:00+05:30,captured,setl_00000155,
pay_260817005237,order_260817154,4677.00,netbanking,42.09,2026-08-17T15:48:00+05:30,captured,setl_00000155,
pay_260817005238,order_260817154,539.00,upi_apps,10.78,2026-08-17T19:20:00+05:30,captured,setl_00000155,
pay_260817005239,order_260817154,2892.00,card,57.84,2026-08-17T22:27:00+05:30,captured,setl_00000155,
pay_260817005240,order_260817154,5357.00,card,107.14,2026-08-17T15:19:00+05:30,captured,setl_00000155,
pay_260817005241,order_260817154,4820.00,wallet,96.40,2026-08-17T12:03:00+05:30,captured,setl_00000155,
pay_260817005242,order_260817154,4559.00,upi_apps,91.18,2026-08-17T21:15:00+05:30,captured,setl_00000155,
pay_260817005243,order_260817154,5035.00,wallet,100.70,2026-08-17T13:56:00+05:30,captured,setl_00000155,
pay_260817005244,order_260817154,1829.00,wallet,36.58,2026-08-17T19:38:00+05:30,captured,setl_00000155,
pay_260817005245,order_260817154,2557.00,netbanking,23.01,2026-08-17T14:57:00+05:30,captured,setl_00000155,
pay_260817005246,order_260817154,2722.00,upi_apps,54.44,2026-08-17T21:16:00+05:30,captured,setl_00000155,
pay_260817005247,order_260817154,1178.00,card,23.56,2026-08-17T08:48:00+05:30,captured,setl_00000155,
pay_260817005248,order_260817154,4965.00,upi_apps,99.30,2026-08-17T09:22:00+05:30,captured,setl_00000155,
pay_260817005249,order_260817154,854.00,card,17.08,2026-08-17T13:30:00+05:30,captured,setl_00000155,
pay_260817005250,order_260817154,1619.00,netbanking,14.57,2026-08-17T19:00:00+05:30,captured,setl_00000155,
pay_260817005251,order_260817154,4450.00,upi_apps,89.00,2026-08-17T15:41:00+05:30,captured,setl_00000155,
pay_260817005252,order_260817154,2607.00,card,52.14,2026-08-17T17:09:00+05:30,captured,setl_00000155,
pay_260817005253,order_260817154,1814.00,card,36.28,2026-08-17T14:06:00+05:30,captured,setl_00000155,
pay_260817005254,order_260817154,4278.00,upi_apps,85.56,2026-08-17T08:48:00+05:30,captured,setl_00000155,
pay_260817005255,order_260817154,2493.00,upi_apps,49.86,2026-08-17T09:18:00+05:30,captured,setl_00000155,
pay_260817005256,order_260817154,2600.00,wallet,52.00,2026-08-17T21:49:00+05:30,captured,setl_00000155,
pay_260818005257,order_260818155,3550.00,upi_apps,71.00,2026-08-18T22:45:00+05:30,captured,setl_00000156,
pay_260818005258,order_260818155,3881.00,card,77.62,2026-08-18T08:56:00+05:30,captured,setl_00000156,
pay_260818005259,order_260818155,2462.00,upi_apps,49.24,2026-08-18T16:24:00+05:30,captured,setl_00000156,
pay_260818005260,order_260818155,4658.00,upi_apps,93.16,2026-08-18T19:06:00+05:30,captured,setl_00000156,
pay_260818005261,order_260818155,4460.00,card,89.20,2026-08-18T18:29:00+05:30,captured,setl_00000156,
pay_260818005262,order_260818155,5152.00,upi_apps,103.04,2026-08-18T12:26:00+05:30,captured,setl_00000156,
pay_260818005263,order_260818155,4716.00,netbanking,42.44,2026-08-18T22:57:00+05:30,captured,setl_00000156,
pay_260818005264,order_260818155,2183.00,netbanking,19.64,2026-08-18T16:11:00+05:30,captured,setl_00000156,
pay_260818005265,order_260818155,3752.00,wallet,75.04,2026-08-18T12:49:00+05:30,captured,setl_00000156,
pay_260818005266,order_260818155,632.00,card,12.64,2026-08-18T21:51:00+05:30,captured,setl_00000156,
pay_260818005267,order_260818155,3199.00,wallet,63.98,2026-08-18T22:58:00+05:30,captured,setl_00000156,
pay_260818005268,order_260818155,1990.00,card,39.80,2026-08-18T16:35:00+05:30,captured,setl_00000156,
pay_260818005269,order_260818155,1413.00,netbanking,12.71,2026-08-18T10:49:00+05:30,captured,setl_00000156,
pay_260818005270,order_260818155,4731.00,upi_apps,94.62,2026-08-18T11:19:00+05:30,captured,setl_00000156,
pay_260818005271,order_260818155,2697.00,netbanking,24.27,2026-08-18T14:01:00+05:30,captured,setl_00000156,
pay_260818005272,order_260818155,1026.00,netbanking,9.23,2026-08-18T11:51:00+05:30,captured,setl_00000156,
pay_260818005273,order_260818155,3772.00,netbanking,33.94,2026-08-18T20:18:00+05:30,captured,setl_00000156,
pay_260818005274,order_260818155,1352.00,wallet,27.04,2026-08-18T21:43:00+05:30,captured,setl_00000156,
pay_260818005275,order_260818155,892.00,card,17.84,2026-08-18T20:15:00+05:30,captured,setl_00000156,
pay_260818005276,order_260818155,1495.00,upi_apps,29.90,2026-08-18T20:10:00+05:30,captured,setl_00000156,
pay_260818005277,order_260818155,2599.00,upi_apps,51.98,2026-08-18T21:56:00+05:30,captured,setl_00000156,
pay_260818005278,order_260818155,2398.00,upi_apps,47.96,2026-08-18T19:15:00+05:30,captured,setl_00000156,
pay_260818005279,order_260818155,2560.00,upi_apps,51.20,2026-08-18T13:03:00+05:30,captured,setl_00000156,
pay_260818005280,order_260818155,1677.00,upi_apps,33.54,2026-08-18T17:44:00+05:30,captured,setl_00000156,
pay_260818005281,order_260818155,797.00,netbanking,7.17,2026-08-18T17:12:00+05:30,captured,setl_00000156,
pay_260818005282,order_260818155,4214.00,upi_apps,84.28,2026-08-18T12:16:00+05:30,captured,setl_00000156,
pay_260818005283,order_260818155,2450.00,wallet,49.00,2026-08-18T20:16:00+05:30,captured,setl_00000156,
pay_260818005284,order_260818155,1994.00,card,39.88,2026-08-18T15:08:00+05:30,captured,setl_00000156,
pay_260818005285,order_260818155,1641.00,upi_apps,32.82,2026-08-18T13:17:00+05:30,captured,setl_00000156,
pay_260818005286,order_260818155,3939.00,upi_apps,78.78,2026-08-18T10:34:00+05:30,captured,setl_00000156,
pay_260818005287,order_260818155,4602.00,card,92.04,2026-08-18T16:02:00+05:30,captured,setl_00000156,
pay_260818005288,order_260818155,4052.00,netbanking,36.46,2026-08-18T14:09:00+05:30,captured,setl_00000156,
pay_260819005289,order_260819156,2211.00,card,44.22,2026-08-19T16:43:00+05:30,captured,setl_00000157,
pay_260819005290,order_260819156,1561.00,card,31.22,2026-08-19T17:11:00+05:30,captured,setl_00000157,
pay_260819005291,order_260819156,1512.00,upi_apps,30.24,2026-08-19T19:30:00+05:30,captured,setl_00000157,
pay_260819005292,order_260819156,4477.00,upi_apps,89.54,2026-08-19T08:33:00+05:30,captured,setl_00000157,
pay_260819005293,order_260819156,4657.00,netbanking,41.91,2026-08-19T21:07:00+05:30,captured,setl_00000157,
pay_260819005294,order_260819156,3198.00,card,63.96,2026-08-19T16:22:00+05:30,captured,setl_00000157,
pay_260819005295,order_260819156,4519.00,upi_apps,90.38,2026-08-19T13:39:00+05:30,captured,setl_00000157,
pay_260819005296,order_260819156,796.00,card,15.92,2026-08-19T14:02:00+05:30,captured,setl_00000157,
pay_260819005297,order_260819156,4840.00,upi_apps,96.80,2026-08-19T20:47:00+05:30,captured,setl_00000157,
pay_260819005298,order_260819156,3878.00,netbanking,34.90,2026-08-19T20:00:00+05:30,captured,setl_00000157,
pay_260819005299,order_260819156,1972.00,upi_apps,39.44,2026-08-19T08:32:00+05:30,captured,setl_00000157,
pay_260819005300,order_260819156,552.00,netbanking,4.96,2026-08-19T09:23:00+05:30,captured,setl_00000157,
pay_260819005301,order_260819156,1227.00,netbanking,11.04,2026-08-19T11:45:00+05:30,captured,setl_00000157,
pay_260819005302,order_260819156,4971.00,upi_apps,99.42,2026-08-19T22:30:00+05:30,captured,setl_00000157,
pay_260819005303,order_260819156,4799.00,upi_apps,95.98,2026-08-19T19:29:00+05:30,captured,setl_00000157,
pay_260819005304,order_260819156,1928.00,card,38.56,2026-08-19T15:15:00+05:30,captured,setl_00000157,
pay_260819005305,order_260819156,3364.00,upi_apps,67.28,2026-08-19T11:12:00+05:30,captured,setl_00000157,
pay_260819005306,order_260819156,2272.00,upi_apps,45.44,2026-08-19T20:49:00+05:30,captured,setl_00000157,
pay_260819005307,order_260819156,1978.00,card,39.56,2026-08-19T16:18:00+05:30,captured,setl_00000157,
pay_260819005308,order_260819156,3850.00,upi_apps,77.00,2026-08-19T08:20:00+05:30,captured,setl_00000157,
pay_260819005309,order_260819156,1751.00,upi_apps,35.02,2026-08-19T16:33:00+05:30,captured,setl_00000157,
pay_260819005310,order_260819156,3703.00,upi_apps,74.06,2026-08-19T18:11:00+05:30,captured,setl_00000157,
pay_260819005311,order_260819156,4658.00,netbanking,41.92,2026-08-19T22:55:00+05:30,captured,setl_00000157,
pay_260819005312,order_260819156,735.00,card,14.70,2026-08-19T14:06:00+05:30,captured,setl_00000157,
pay_260819005313,order_260819156,1269.00,upi_apps,25.38,2026-08-19T16:52:00+05:30,captured,setl_00000157,
pay_260819005314,order_260819156,4544.00,upi_apps,90.88,2026-08-19T16:34:00+05:30,captured,setl_00000157,
pay_260819005315,order_260819156,4636.00,upi_apps,92.72,2026-08-19T19:39:00+05:30,captured,setl_00000157,
pay_260820005316,order_260820157,4806.00,netbanking,43.25,2026-08-20T20:49:00+05:30,captured,setl_00000158,
pay_260820005317,order_260820157,2386.00,card,47.72,2026-08-20T12:53:00+05:30,captured,setl_00000158,
pay_260820005318,order_260820157,3726.00,upi_apps,74.52,2026-08-20T15:20:00+05:30,captured,setl_00000158,
pay_260820005319,order_260820157,1129.00,upi_apps,22.58,2026-08-20T16:49:00+05:30,captured,setl_00000158,
pay_260820005320,order_260820157,1040.00,upi_apps,20.80,2026-08-20T22:38:00+05:30,captured,setl_00000158,
pay_260820005321,order_260820157,2802.00,upi_apps,56.04,2026-08-20T10:16:00+05:30,captured,setl_00000158,
pay_260820005322,order_260820157,1893.00,upi_apps,37.86,2026-08-20T18:01:00+05:30,captured,setl_00000158,
pay_260820005323,order_260820157,1973.00,card,39.46,2026-08-20T16:50:00+05:30,captured,setl_00000158,
pay_260820005324,order_260820157,5109.00,wallet,102.18,2026-08-20T17:15:00+05:30,captured,setl_00000158,
pay_260820005325,order_260820157,456.00,wallet,9.12,2026-08-20T14:08:00+05:30,captured,setl_00000158,
pay_260820005326,order_260820157,4601.00,netbanking,41.40,2026-08-20T22:24:00+05:30,captured,setl_00000158,
pay_260820005327,order_260820157,2769.00,upi_apps,55.38,2026-08-20T09:43:00+05:30,captured,setl_00000158,
pay_260820005328,order_260820157,2496.00,netbanking,22.46,2026-08-20T18:51:00+05:30,captured,setl_00000158,
pay_260820005329,order_260820157,4760.00,upi_apps,95.20,2026-08-20T17:08:00+05:30,captured,setl_00000158,
pay_260820005330,order_260820157,905.00,wallet,18.10,2026-08-20T12:34:00+05:30,captured,setl_00000158,
pay_260820005331,order_260820157,2863.00,upi_apps,57.26,2026-08-20T15:23:00+05:30,captured,setl_00000158,
pay_260820005332,order_260820157,3116.00,card,62.32,2026-08-20T11:11:00+05:30,captured,setl_00000158,
pay_260820005333,order_260820157,4536.00,card,90.72,2026-08-20T20:42:00+05:30,captured,setl_00000158,
pay_260820005334,order_260820157,4066.00,card,81.32,2026-08-20T22:12:00+05:30,captured,setl_00000158,
pay_260820005335,order_260820157,2111.00,upi_apps,42.22,2026-08-20T10:12:00+05:30,captured,setl_00000158,
pay_260820005336,order_260820157,3720.00,upi_apps,74.40,2026-08-20T22:06:00+05:30,captured,setl_00000158,
pay_260820005337,order_260820157,1393.00,wallet,27.86,2026-08-20T19:57:00+05:30,captured,setl_00000158,
pay_260820005338,order_260820157,4880.00,upi_apps,97.60,2026-08-20T14:53:00+05:30,captured,setl_00000158,
pay_260820005339,order_260820157,3709.00,upi_apps,74.18,2026-08-20T22:19:00+05:30,captured,setl_00000158,
pay_260820005340,order_260820157,3882.00,wallet,77.64,2026-08-20T22:30:00+05:30,captured,setl_00000158,
pay_260820005341,order_260820157,2127.00,upi_apps,42.54,2026-08-20T18:48:00+05:30,captured,setl_00000158,
pay_260820005342,order_260820157,509.00,card,10.18,2026-08-20T11:03:00+05:30,captured,setl_00000158,
pay_260820005343,order_260820157,2951.00,upi_apps,59.02,2026-08-20T12:52:00+05:30,captured,setl_00000158,
pay_260820005344,order_260820157,3763.00,card,75.26,2026-08-20T19:52:00+05:30,captured,setl_00000158,
pay_260820005345,order_260820157,4806.00,upi_apps,96.12,2026-08-20T14:10:00+05:30,captured,setl_00000158,
pay_260820005346,order_260820157,3122.00,netbanking,28.09,2026-08-20T13:01:00+05:30,captured,setl_00000158,
pay_260820005347,order_260820157,3163.00,card,63.26,2026-08-20T17:09:00+05:30,captured,setl_00000158,
pay_260820005348,order_260820157,2693.00,upi_apps,53.86,2026-08-20T11:40:00+05:30,captured,setl_00000158,
pay_260820005349,order_260820157,4011.00,upi_apps,80.22,2026-08-20T15:44:00+05:30,captured,setl_00000158,
pay_260820005350,order_260820157,3583.00,upi_apps,71.66,2026-08-20T11:21:00+05:30,captured,setl_00000158,
pay_260820005351,order_260820157,3167.00,upi_apps,63.34,2026-08-20T12:49:00+05:30,captured,setl_00000158,
pay_260820005352,order_260820157,2799.00,upi_apps,55.98,2026-08-20T10:33:00+05:30,captured,setl_00000158,
pay_260820005353,order_260820157,2804.00,upi_apps,56.08,2026-08-20T20:58:00+05:30,captured,setl_00000158,
pay_260820005354,order_260820157,2823.00,upi_apps,56.46,2026-08-20T19:24:00+05:30,captured,setl_00000158,
pay_260820005355,order_260820157,3841.00,upi_apps,76.82,2026-08-20T08:27:00+05:30,captured,setl_00000158,
pay_260820005356,order_260820157,3704.00,wallet,74.08,2026-08-20T20:36:00+05:30,captured,setl_00000158,
pay_260820005357,order_260820157,1303.00,upi_apps,26.06,2026-08-20T14:05:00+05:30,captured,setl_00000158,
pay_260820005358,order_260820157,3282.00,netbanking,29.53,2026-08-20T08:59:00+05:30,captured,setl_00000158,
pay_260820005359,order_260820157,4943.00,wallet,98.86,2026-08-20T13:01:00+05:30,captured,setl_00000158,
pay_260820005360,order_260820157,793.00,card,15.86,2026-08-20T15:23:00+05:30,captured,setl_00000158,
pay_260820005361,order_260820157,2526.00,upi_apps,50.52,2026-08-20T21:33:00+05:30,captured,setl_00000158,
pay_260820005362,order_260820157,4154.00,upi_apps,83.08,2026-08-20T13:36:00+05:30,captured,setl_00000158,
pay_260821005363,order_260821158,4697.00,upi_apps,93.94,2026-08-21T22:56:00+05:30,captured,setl_00000159,
pay_260821005364,order_260821158,842.00,netbanking,7.57,2026-08-21T08:41:00+05:30,captured,setl_00000159,
pay_260821005365,order_260821158,3676.00,card,73.52,2026-08-21T14:05:00+05:30,captured,setl_00000159,
pay_260821005366,order_260821158,2142.00,wallet,42.84,2026-08-21T14:18:00+05:30,captured,setl_00000159,
pay_260821005367,order_260821158,1198.00,card,23.96,2026-08-21T10:33:00+05:30,captured,setl_00000159,
pay_260821005368,order_260821158,2981.00,card,59.62,2026-08-21T10:30:00+05:30,captured,setl_00000159,
pay_260821005369,order_260821158,2390.00,card,47.80,2026-08-21T10:00:00+05:30,captured,setl_00000159,
pay_260821005370,order_260821158,2268.00,upi_apps,45.36,2026-08-21T09:15:00+05:30,captured,setl_00000159,
pay_260821005371,order_260821158,2564.00,card,51.28,2026-08-21T13:49:00+05:30,captured,setl_00000159,
pay_260821005372,order_260821158,1265.00,card,25.30,2026-08-21T19:51:00+05:30,captured,setl_00000159,
pay_260821005373,order_260821158,2061.00,upi_apps,41.22,2026-08-21T19:12:00+05:30,captured,setl_00000159,
pay_260821005374,order_260821158,1779.00,upi_apps,35.58,2026-08-21T12:03:00+05:30,captured,setl_00000159,
pay_260821005375,order_260821158,4171.00,wallet,83.42,2026-08-21T08:49:00+05:30,captured,setl_00000159,
pay_260821005376,order_260821158,5208.00,upi_apps,104.16,2026-08-21T14:28:00+05:30,captured,setl_00000159,
pay_260821005377,order_260821158,4268.00,upi_apps,85.36,2026-08-21T17:39:00+05:30,captured,setl_00000159,
pay_260821005378,order_260821158,1539.00,upi_apps,30.78,2026-08-21T10:15:00+05:30,captured,setl_00000159,
pay_260821005379,order_260821158,3593.00,upi_apps,71.86,2026-08-21T20:53:00+05:30,captured,setl_00000159,
pay_260821005380,order_260821158,1690.00,upi_apps,33.80,2026-08-21T13:25:00+05:30,captured,setl_00000159,
pay_260821005381,order_260821158,4070.00,upi_apps,81.40,2026-08-21T08:31:00+05:30,captured,setl_00000159,
pay_260821005382,order_260821158,4297.00,card,85.94,2026-08-21T09:08:00+05:30,captured,setl_00000159,
pay_260821005383,order_260821158,4693.00,upi_apps,93.86,2026-08-21T17:27:00+05:30,captured,setl_00000159,
pay_260821005384,order_260821158,1711.00,card,34.22,2026-08-21T18:22:00+05:30,captured,setl_00000159,
pay_260821005385,order_260821158,2382.00,netbanking,21.43,2026-08-21T09:04:00+05:30,captured,setl_00000159,
pay_260821005386,order_260821158,3631.00,upi_apps,72.62,2026-08-21T18:57:00+05:30,captured,setl_00000159,
pay_260821005387,order_260821158,5031.00,netbanking,45.27,2026-08-21T11:32:00+05:30,captured,setl_00000159,
pay_260821005388,order_260821158,1499.00,upi_apps,29.98,2026-08-21T16:10:00+05:30,captured,setl_00000159,
pay_260821005389,order_260821158,2692.00,card,53.84,2026-08-21T14:32:00+05:30,captured,setl_00000159,
pay_260821005390,order_260821158,5102.00,netbanking,45.91,2026-08-21T20:06:00+05:30,captured,setl_00000159,
pay_260821005391,order_260821158,4338.00,upi_apps,86.76,2026-08-21T21:06:00+05:30,captured,setl_00000159,
pay_260821005392,order_260821158,4242.00,card,84.84,2026-08-21T17:48:00+05:30,captured,setl_00000159,
pay_260821005393,order_260821158,2357.00,upi_apps,47.14,2026-08-21T08:41:00+05:30,captured,setl_00000159,
pay_260821005394,order_260821158,3815.00,wallet,76.30,2026-08-21T12:01:00+05:30,captured,setl_00000159,
pay_260821005395,order_260821158,4363.00,upi_apps,87.26,2026-08-21T13:15:00+05:30,captured,setl_00000159,
pay_260821005396,order_260821158,4484.00,netbanking,40.35,2026-08-21T15:12:00+05:30,captured,setl_00000159,
pay_260821005397,order_260821158,3286.00,upi_apps,65.72,2026-08-21T10:19:00+05:30,captured,setl_00000159,
pay_260821005398,order_260821158,2708.00,card,54.16,2026-08-21T12:21:00+05:30,captured,setl_00000159,
pay_260821005399,order_260821158,3852.00,upi_apps,77.04,2026-08-21T11:05:00+05:30,captured,setl_00000159,
pay_260821005400,order_260821158,1747.00,card,34.94,2026-08-21T16:12:00+05:30,captured,setl_00000159,
pay_260821005401,order_260821158,1392.00,wallet,27.84,2026-08-21T18:04:00+05:30,captured,setl_00000159,
pay_260822005402,order_260822159,3556.00,upi_apps,71.12,2026-08-22T20:59:00+05:30,captured,setl_00000160,
pay_260822005403,order_260822159,5268.00,upi_apps,105.36,2026-08-22T19:34:00+05:30,captured,setl_00000160,
pay_260822005404,order_260822159,2848.00,upi_apps,56.96,2026-08-22T13:09:00+05:30,captured,setl_00000160,
pay_260822005405,order_260822159,936.00,netbanking,8.42,2026-08-22T14:09:00+05:30,captured,setl_00000160,
pay_260822005406,order_260822159,1269.00,upi_apps,25.38,2026-08-22T09:50:00+05:30,captured,setl_00000160,
pay_260822005407,order_260822159,2102.00,card,42.04,2026-08-22T19:39:00+05:30,captured,setl_00000160,
pay_260822005408,order_260822159,1552.00,card,31.04,2026-08-22T19:00:00+05:30,captured,setl_00000160,
pay_260822005409,order_260822159,842.00,upi_apps,16.84,2026-08-22T14:33:00+05:30,captured,setl_00000160,
pay_260822005410,order_260822159,1698.00,wallet,33.96,2026-08-22T18:26:00+05:30,captured,setl_00000160,
pay_260822005411,order_260822159,2322.00,upi_apps,46.44,2026-08-22T10:14:00+05:30,captured,setl_00000160,
pay_260822005412,order_260822159,2754.00,netbanking,24.78,2026-08-22T13:09:00+05:30,captured,setl_00000160,
pay_260822005413,order_260822159,3489.00,card,69.78,2026-08-22T11:19:00+05:30,captured,setl_00000160,
pay_260822005414,order_260822159,1250.00,upi_apps,25.00,2026-08-22T18:40:00+05:30,captured,setl_00000160,
pay_260822005415,order_260822159,1830.00,card,36.60,2026-08-22T13:15:00+05:30,captured,setl_00000160,
pay_260822005416,order_260822159,798.00,upi_apps,15.96,2026-08-22T20:43:00+05:30,captured,setl_00000160,
pay_260822005417,order_260822159,2501.00,upi_apps,50.02,2026-08-22T17:03:00+05:30,captured,setl_00000160,
pay_260822005418,order_260822159,5130.00,card,102.60,2026-08-22T20:38:00+05:30,captured,setl_00000160,
pay_260823005419,order_260823160,4987.00,card,99.74,2026-08-23T14:18:00+05:30,captured,setl_00000161,
pay_260824005420,order_260824161,1030.00,upi_apps,20.60,2026-08-24T11:03:00+05:30,captured,setl_00000162,
pay_260824005421,order_260824161,1725.00,upi_apps,34.50,2026-08-24T20:13:00+05:30,captured,setl_00000162,
pay_260824005422,order_260824161,2764.00,upi_apps,55.28,2026-08-24T15:30:00+05:30,captured,setl_00000162,
pay_260824005423,order_260824161,2904.00,card,58.08,2026-08-24T18:43:00+05:30,captured,setl_00000162,
pay_260824005424,order_260824161,2753.00,upi_apps,55.06,2026-08-24T11:04:00+05:30,captured,setl_00000162,
pay_260824005425,order_260824161,3504.00,card,70.08,2026-08-24T16:55:00+05:30,captured,setl_00000162,
pay_260824005426,order_260824161,2774.00,upi_apps,55.48,2026-08-24T14:24:00+05:30,captured,setl_00000162,
pay_260824005427,order_260824161,1464.00,upi_apps,29.28,2026-08-24T16:46:00+05:30,captured,setl_00000162,
pay_260824005428,order_260824161,2181.00,netbanking,19.62,2026-08-24T11:40:00+05:30,captured,setl_00000162,
pay_260824005429,order_260824161,4976.00,netbanking,44.78,2026-08-24T17:46:00+05:30,captured,setl_00000162,
pay_260824005430,order_260824161,4556.00,card,91.12,2026-08-24T13:34:00+05:30,captured,setl_00000162,
pay_260824005431,order_260824161,4289.00,upi_apps,85.78,2026-08-24T22:30:00+05:30,captured,setl_00000162,
pay_260824005432,order_260824161,2631.00,card,52.62,2026-08-24T21:33:00+05:30,captured,setl_00000162,
pay_260824005433,order_260824161,5136.00,upi_apps,102.72,2026-08-24T13:03:00+05:30,captured,setl_00000162,
pay_260824005434,order_260824161,597.00,netbanking,5.37,2026-08-24T20:47:00+05:30,captured,setl_00000162,
pay_260824005435,order_260824161,744.00,wallet,14.88,2026-08-24T10:31:00+05:30,captured,setl_00000162,
pay_260824005436,order_260824161,990.00,upi_apps,19.80,2026-08-24T11:07:00+05:30,captured,setl_00000162,
pay_260824005437,order_260824161,2804.00,upi_apps,56.08,2026-08-24T15:12:00+05:30,captured,setl_00000162,
pay_260824005438,order_260824161,3430.00,card,68.60,2026-08-24T19:05:00+05:30,captured,setl_00000162,
pay_260824005439,order_260824161,3394.00,card,67.88,2026-08-24T11:13:00+05:30,captured,setl_00000162,
pay_260824005440,order_260824161,3010.00,card,60.20,2026-08-24T17:16:00+05:30,captured,setl_00000162,
pay_260824005441,order_260824161,1560.00,upi_apps,31.20,2026-08-24T21:59:00+05:30,captured,setl_00000162,
pay_260824005442,order_260824161,1865.00,card,37.30,2026-08-24T12:33:00+05:30,captured,setl_00000162,
pay_260824005443,order_260824161,2425.00,card,48.50,2026-08-24T16:31:00+05:30,captured,setl_00000162,
pay_260824005444,order_260824161,2693.00,netbanking,24.23,2026-08-24T16:19:00+05:30,captured,setl_00000162,
pay_260824005445,order_260824161,2728.00,card,54.56,2026-08-24T09:57:00+05:30,captured,setl_00000162,
pay_260824005446,order_260824161,2862.00,netbanking,25.75,2026-08-24T22:05:00+05:30,captured,setl_00000162,
pay_260824005447,order_260824161,1840.00,card,36.80,2026-08-24T19:26:00+05:30,captured,setl_00000162,
pay_260824005448,order_260824161,5181.00,netbanking,46.62,2026-08-24T18:08:00+05:30,captured,setl_00000162,
pay_260824005449,order_260824161,1908.00,netbanking,17.17,2026-08-24T19:27:00+05:30,captured,setl_00000162,
pay_260824005450,order_260824161,4817.00,upi_apps,96.34,2026-08-24T22:44:00+05:30,captured,setl_00000162,
pay_260824005451,order_260824161,5243.00,upi_apps,104.86,2026-08-24T14:57:00+05:30,captured,setl_00000162,
pay_260824005452,order_260824161,3869.00,wallet,77.38,2026-08-24T11:11:00+05:30,captured,setl_00000162,
pay_260824005453,order_260824161,2088.00,upi_apps,41.76,2026-08-24T19:54:00+05:30,captured,setl_00000162,
pay_260824005454,order_260824161,3919.00,upi_apps,78.38,2026-08-24T19:48:00+05:30,captured,setl_00000162,
pay_260824005455,order_260824161,5053.00,wallet,101.06,2026-08-24T22:53:00+05:30,captured,setl_00000162,
pay_260824005456,order_260824161,1652.00,upi_apps,33.04,2026-08-24T18:03:00+05:30,captured,setl_00000162,
pay_260824005457,order_260824161,4739.00,card,94.78,2026-08-24T16:03:00+05:30,captured,setl_00000162,
pay_260824005458,order_260824161,3436.00,card,68.72,2026-08-24T20:37:00+05:30,captured,setl_00000162,
pay_260824005459,order_260824161,1627.00,upi_apps,32.54,2026-08-24T14:06:00+05:30,captured,setl_00000162,
pay_260824005460,order_260824161,5033.00,upi_apps,100.66,2026-08-24T08:31:00+05:30,captured,setl_00000162,
pay_260824005461,order_260824161,798.00,netbanking,7.18,2026-08-24T21:48:00+05:30,captured,setl_00000162,
pay_260824005462,order_260824161,842.00,netbanking,7.57,2026-08-24T16:06:00+05:30,captured,setl_00000162,
pay_260824005463,order_260824161,3864.00,upi_apps,77.28,2026-08-24T22:32:00+05:30,captured,setl_00000162,
pay_260824005464,order_260824161,1565.00,upi_apps,31.30,2026-08-24T22:59:00+05:30,captured,setl_00000162,
pay_260824005465,order_260824161,2169.00,netbanking,19.52,2026-08-24T11:39:00+05:30,captured,setl_00000162,
pay_260824005466,order_260824161,4944.00,netbanking,44.49,2026-08-24T08:08:00+05:30,captured,setl_00000162,
pay_260824005467,order_260824161,4873.00,upi_apps,97.46,2026-08-24T18:00:00+05:30,captured,setl_00000162,
pay_260824005468,order_260824161,5125.00,upi_apps,102.50,2026-08-24T20:36:00+05:30,captured,setl_00000162,
pay_260824005469,order_260824161,1407.00,netbanking,12.66,2026-08-24T21:16:00+05:30,captured,setl_00000162,
pay_260824005470,order_260824161,2820.00,upi_apps,56.40,2026-08-24T15:18:00+05:30,captured,setl_00000162,
pay_260824005471,order_260824161,4538.00,netbanking,40.84,2026-08-24T12:37:00+05:30,captured,setl_00000162,
pay_260825005472,order_260825162,3147.00,upi_apps,62.94,2026-08-25T17:21:00+05:30,captured,setl_00000163,
pay_260825005473,order_260825162,5307.00,upi_apps,106.14,2026-08-25T12:53:00+05:30,captured,setl_00000163,
pay_260825005474,order_260825162,2724.00,upi_apps,54.48,2026-08-25T16:48:00+05:30,captured,setl_00000163,
pay_260825005475,order_260825162,5307.00,wallet,106.14,2026-08-25T09:41:00+05:30,captured,setl_00000163,
pay_260825005476,order_260825162,2050.00,netbanking,18.44,2026-08-25T21:28:00+05:30,captured,setl_00000163,
pay_260825005477,order_260825162,911.00,card,18.22,2026-08-25T14:37:00+05:30,captured,setl_00000163,
pay_260825005478,order_260825162,3785.00,upi_apps,75.70,2026-08-25T22:55:00+05:30,captured,setl_00000163,
pay_260825005479,order_260825162,4528.00,wallet,90.56,2026-08-25T20:24:00+05:30,captured,setl_00000163,
pay_260825005480,order_260825162,1886.00,card,37.72,2026-08-25T08:16:00+05:30,captured,setl_00000163,
pay_260825005481,order_260825162,3276.00,card,65.52,2026-08-25T20:08:00+05:30,captured,setl_00000163,
pay_260825005482,order_260825162,2573.00,netbanking,23.15,2026-08-25T10:46:00+05:30,captured,setl_00000163,
pay_260825005483,order_260825162,1261.00,upi_apps,25.22,2026-08-25T21:48:00+05:30,captured,setl_00000163,
pay_260825005484,order_260825162,2517.00,card,50.34,2026-08-25T16:15:00+05:30,captured,setl_00000163,
pay_260825005485,order_260825162,3859.00,upi_apps,77.18,2026-08-25T18:14:00+05:30,captured,setl_00000163,
pay_260825005486,order_260825162,4210.00,upi_apps,84.20,2026-08-25T18:23:00+05:30,captured,setl_00000163,
pay_260825005487,order_260825162,925.00,wallet,18.50,2026-08-25T22:11:00+05:30,captured,setl_00000163,
pay_260825005488,order_260825162,2685.00,upi_apps,53.70,2026-08-25T21:53:00+05:30,captured,setl_00000163,
pay_260825005489,order_260825162,4170.00,card,83.40,2026-08-25T20:26:00+05:30,captured,setl_00000163,
pay_260825005490,order_260825162,4688.00,upi_apps,93.76,2026-08-25T12:07:00+05:30,captured,setl_00000163,
pay_260825005491,order_260825162,4390.00,netbanking,39.50,2026-08-25T08:51:00+05:30,captured,setl_00000163,
pay_260825005492,order_260825162,1020.00,upi_apps,20.40,2026-08-25T17:31:00+05:30,captured,setl_00000163,
pay_260825005493,order_260825162,2127.00,wallet,42.54,2026-08-25T08:01:00+05:30,captured,setl_00000163,
pay_260825005494,order_260825162,1338.00,card,26.76,2026-08-25T14:05:00+05:30,captured,setl_00000163,
pay_260825005495,order_260825162,2085.00,upi_apps,41.70,2026-08-25T22:07:00+05:30,captured,setl_00000163,
pay_260825005496,order_260825162,634.00,card,12.68,2026-08-25T09:52:00+05:30,captured,setl_00000163,
pay_260825005497,order_260825162,2288.00,upi_apps,45.76,2026-08-25T13:08:00+05:30,captured,setl_00000163,
pay_260825005498,order_260825162,1808.00,card,36.16,2026-08-25T20:01:00+05:30,captured,setl_00000163,
pay_260825005499,order_260825162,3132.00,upi_apps,62.64,2026-08-25T14:47:00+05:30,captured,setl_00000163,
pay_260825005500,order_260825162,2643.00,wallet,52.86,2026-08-25T15:04:00+05:30,captured,setl_00000163,
pay_260825005501,order_260825162,2116.00,card,42.32,2026-08-25T13:23:00+05:30,captured,setl_00000163,
pay_260825005502,order_260825162,4612.00,wallet,92.24,2026-08-25T21:05:00+05:30,captured,setl_00000163,
pay_260825005503,order_260825162,2795.00,netbanking,25.15,2026-08-25T09:11:00+05:30,captured,setl_00000163,
pay_260825005504,order_260825162,2299.00,card,45.98,2026-08-25T11:39:00+05:30,captured,setl_00000163,
pay_260825005505,order_260825162,1686.00,upi_apps,33.72,2026-08-25T10:22:00+05:30,captured,setl_00000163,
pay_260825005506,order_260825162,3927.00,upi_apps,78.54,2026-08-25T21:56:00+05:30,captured,setl_00000163,
pay_260825005507,order_260825162,1282.00,card,25.64,2026-08-25T16:47:00+05:30,captured,setl_00000163,
pay_260825005508,order_260825162,3402.00,card,68.04,2026-08-25T12:27:00+05:30,captured,setl_00000163,
pay_260825005509,order_260825162,3468.00,netbanking,31.21,2026-08-25T15:48:00+05:30,captured,setl_00000163,
pay_260825005510,order_260825162,4380.00,card,87.60,2026-08-25T18:17:00+05:30,captured,setl_00000163,
pay_260825005511,order_260825162,3257.00,card,65.14,2026-08-25T10:51:00+05:30,captured,setl_00000163,
pay_260825005512,order_260825162,4083.00,netbanking,36.74,2026-08-25T08:17:00+05:30,captured,setl_00000163,
pay_260825005513,order_260825162,993.00,upi_apps,19.86,2026-08-25T08:15:00+05:30,captured,setl_00000163,
pay_260826005514,order_260826163,683.00,card,13.66,2026-08-26T16:55:00+05:30,captured,setl_00000164,
pay_260826005515,order_260826163,3456.00,card,69.12,2026-08-26T21:05:00+05:30,captured,setl_00000164,
pay_260826005516,order_260826163,5368.00,card,107.36,2026-08-26T08:44:00+05:30,captured,setl_00000164,
pay_260826005517,order_260826163,5076.00,wallet,101.52,2026-08-26T08:19:00+05:30,captured,setl_00000164,
pay_260826005518,order_260826163,2560.00,netbanking,23.04,2026-08-26T21:10:00+05:30,captured,setl_00000164,
pay_260826005519,order_260826163,1238.00,card,24.76,2026-08-26T18:35:00+05:30,captured,setl_00000164,
pay_260826005520,order_260826163,1454.00,upi_apps,29.08,2026-08-26T16:24:00+05:30,captured,setl_00000164,
pay_260826005521,order_260826163,1970.00,upi_apps,39.40,2026-08-26T16:31:00+05:30,captured,setl_00000164,
pay_260826005522,order_260826163,1388.00,upi_apps,27.76,2026-08-26T12:35:00+05:30,captured,setl_00000164,
pay_260826005523,order_260826163,2847.00,upi_apps,56.94,2026-08-26T22:02:00+05:30,captured,setl_00000164,
pay_260826005524,order_260826163,3531.00,netbanking,31.77,2026-08-26T11:39:00+05:30,captured,setl_00000164,
pay_260826005525,order_260826163,2336.00,upi_apps,46.72,2026-08-26T17:08:00+05:30,captured,setl_00000164,
pay_260826005526,order_260826163,3987.00,wallet,79.74,2026-08-26T20:41:00+05:30,captured,setl_00000164,
pay_260827005527,order_260827164,3900.00,upi_apps,78.00,2026-08-27T11:25:00+05:30,captured,setl_00000165,
pay_260827005528,order_260827164,5128.00,upi_apps,102.56,2026-08-27T22:14:00+05:30,captured,setl_00000165,
pay_260827005529,order_260827164,5027.00,card,100.54,2026-08-27T10:14:00+05:30,captured,setl_00000165,
pay_260827005530,order_260827164,5006.00,card,100.12,2026-08-27T09:54:00+05:30,captured,setl_00000165,
pay_260827005531,order_260827164,1212.00,upi_apps,24.24,2026-08-27T17:05:00+05:30,captured,setl_00000165,
pay_260827005532,order_260827164,4029.00,upi_apps,80.58,2026-08-27T21:15:00+05:30,captured,setl_00000165,
pay_260827005533,order_260827164,2565.00,upi_apps,51.30,2026-08-27T13:41:00+05:30,captured,setl_00000165,
pay_260827005534,order_260827164,4683.00,upi_apps,93.66,2026-08-27T09:21:00+05:30,captured,setl_00000165,
pay_260827005535,order_260827164,2797.00,netbanking,25.17,2026-08-27T19:21:00+05:30,captured,setl_00000165,
pay_260827005536,order_260827164,5044.00,netbanking,45.39,2026-08-27T11:19:00+05:30,captured,setl_00000165,
pay_260827005537,order_260827164,975.00,wallet,19.50,2026-08-27T15:16:00+05:30,captured,setl_00000165,
pay_260827005538,order_260827164,771.00,card,15.42,2026-08-27T11:43:00+05:30,captured,setl_00000165,
pay_260827005539,order_260827164,3318.00,netbanking,29.86,2026-08-27T16:42:00+05:30,captured,setl_00000165,
pay_260827005540,order_260827164,2848.00,netbanking,25.63,2026-08-27T12:48:00+05:30,captured,setl_00000165,
pay_260827005541,order_260827164,2157.00,upi_apps,43.14,2026-08-27T09:28:00+05:30,captured,setl_00000165,
pay_260827005542,order_260827164,5069.00,upi_apps,101.38,2026-08-27T10:23:00+05:30,captured,setl_00000165,
pay_260827005543,order_260827164,2858.00,netbanking,25.72,2026-08-27T19:23:00+05:30,captured,setl_00000165,
pay_260827005544,order_260827164,4281.00,upi_apps,85.62,2026-08-27T19:48:00+05:30,captured,setl_00000165,
pay_260827005545,order_260827164,493.00,wallet,9.86,2026-08-27T11:30:00+05:30,captured,setl_00000165,
pay_260827005546,order_260827164,3666.00,upi_apps,73.32,2026-08-27T20:33:00+05:30,captured,setl_00000165,
pay_260827005547,order_260827164,4623.00,upi_apps,92.46,2026-08-27T21:21:00+05:30,captured,setl_00000165,
pay_260827005548,order_260827164,2054.00,upi_apps,41.08,2026-08-27T15:06:00+05:30,captured,setl_00000165,
pay_260827005549,order_260827164,1704.00,upi_apps,34.08,2026-08-27T13:37:00+05:30,captured,setl_00000165,
pay_260827005550,order_260827164,3888.00,upi_apps,77.76,2026-08-27T10:16:00+05:30,captured,setl_00000165,
pay_260827005551,order_260827164,932.00,wallet,18.64,2026-08-27T22:54:00+05:30,captured,setl_00000165,
pay_260827005552,order_260827164,2849.00,wallet,56.98,2026-08-27T12:09:00+05:30,captured,setl_00000165,
pay_260827005553,order_260827164,5353.00,card,107.06,2026-08-27T09:49:00+05:30,captured,setl_00000165,
pay_260827005554,order_260827164,4125.00,wallet,82.50,2026-08-27T14:20:00+05:30,captured,setl_00000165,
pay_260827005555,order_260827164,745.00,upi_apps,14.90,2026-08-27T15:36:00+05:30,captured,setl_00000165,
pay_260827005556,order_260827164,4936.00,netbanking,44.42,2026-08-27T22:48:00+05:30,captured,setl_00000165,
pay_260827005557,order_260827164,3879.00,wallet,77.58,2026-08-27T09:22:00+05:30,captured,setl_00000165,
pay_260827005558,order_260827164,3886.00,upi_apps,77.72,2026-08-27T21:20:00+05:30,captured,setl_00000165,
pay_260827005559,order_260827164,1765.00,wallet,35.30,2026-08-27T15:05:00+05:30,captured,setl_00000165,
pay_260827005560,order_260827164,4602.00,upi_apps,92.04,2026-08-27T14:47:00+05:30,captured,setl_00000165,
pay_260827005561,order_260827164,4931.00,upi_apps,98.62,2026-08-27T08:48:00+05:30,captured,setl_00000165,
pay_260827005562,order_260827164,905.00,upi_apps,18.10,2026-08-27T15:21:00+05:30,captured,setl_00000165,
pay_260827005563,order_260827164,917.00,upi_apps,18.34,2026-08-27T12:16:00+05:30,captured,setl_00000165,
pay_260827005564,order_260827164,4704.00,card,94.08,2026-08-27T13:42:00+05:30,captured,setl_00000165,
pay_260827005565,order_260827164,3082.00,upi_apps,61.64,2026-08-27T10:53:00+05:30,captured,setl_00000165,
pay_260827005566,order_260827164,1030.00,card,20.60,2026-08-27T19:49:00+05:30,captured,setl_00000165,
pay_260827005567,order_260827164,2795.00,upi_apps,55.90,2026-08-27T20:26:00+05:30,captured,setl_00000165,
pay_260827005568,order_260827164,4625.00,card,92.50,2026-08-27T16:29:00+05:30,captured,setl_00000165,
pay_260827005569,order_260827164,1777.00,upi_apps,35.54,2026-08-27T14:42:00+05:30,captured,setl_00000165,
pay_260827005570,order_260827164,3962.00,netbanking,35.65,2026-08-27T17:52:00+05:30,captured,setl_00000165,
pay_260827005571,order_260827164,5083.00,wallet,101.66,2026-08-27T08:04:00+05:30,captured,setl_00000165,
pay_260827005572,order_260827164,4839.00,netbanking,43.55,2026-08-27T13:10:00+05:30,captured,setl_00000165,
pay_260828005573,order_260828165,459.00,card,9.18,2026-08-28T20:58:00+05:30,captured,setl_00000166,
pay_260828005574,order_260828165,3619.00,card,72.38,2026-08-28T16:27:00+05:30,captured,setl_00000166,
pay_260828005575,order_260828165,3953.00,upi_apps,79.06,2026-08-28T12:42:00+05:30,captured,setl_00000166,
pay_260828005576,order_260828165,4022.00,wallet,80.44,2026-08-28T10:00:00+05:30,captured,setl_00000166,
pay_260828005577,order_260828165,1573.00,wallet,31.46,2026-08-28T17:31:00+05:30,captured,setl_00000166,
pay_260828005578,order_260828165,2387.00,upi_apps,47.74,2026-08-28T13:49:00+05:30,captured,setl_00000166,
pay_260828005579,order_260828165,4973.00,upi_apps,99.46,2026-08-28T18:28:00+05:30,captured,setl_00000166,
pay_260828005580,order_260828165,526.00,upi_apps,10.52,2026-08-28T09:53:00+05:30,captured,setl_00000166,
pay_260828005581,order_260828165,1395.00,card,27.90,2026-08-28T21:44:00+05:30,captured,setl_00000166,
pay_260828005582,order_260828165,2787.00,wallet,55.74,2026-08-28T17:26:00+05:30,captured,setl_00000166,
pay_260828005583,order_260828165,1562.00,card,31.24,2026-08-28T18:16:00+05:30,captured,setl_00000166,
pay_260828005584,order_260828165,4218.00,upi_apps,84.36,2026-08-28T18:56:00+05:30,captured,setl_00000166,
pay_260828005585,order_260828165,2687.00,upi_apps,53.74,2026-08-28T13:26:00+05:30,captured,setl_00000166,
pay_260828005586,order_260828165,4881.00,upi_apps,97.62,2026-08-28T14:11:00+05:30,captured,setl_00000166,
pay_260828005587,order_260828165,2202.00,upi_apps,44.04,2026-08-28T18:02:00+05:30,captured,setl_00000166,
pay_260828005588,order_260828165,5381.00,netbanking,48.42,2026-08-28T22:27:00+05:30,captured,setl_00000166,
pay_260828005589,order_260828165,569.00,netbanking,5.12,2026-08-28T19:48:00+05:30,captured,setl_00000166,
pay_260828005590,order_260828165,5397.00,netbanking,48.57,2026-08-28T12:14:00+05:30,captured,setl_00000166,
pay_260828005591,order_260828165,4325.00,card,86.50,2026-08-28T20:29:00+05:30,captured,setl_00000166,
pay_260828005592,order_260828165,866.00,upi_apps,17.32,2026-08-28T19:14:00+05:30,captured,setl_00000166,
pay_260828005593,order_260828165,1647.00,card,32.94,2026-08-28T19:56:00+05:30,captured,setl_00000166,
pay_260828005594,order_260828165,5085.00,upi_apps,101.70,2026-08-28T08:29:00+05:30,captured,setl_00000166,
pay_260828005595,order_260828165,3722.00,netbanking,33.49,2026-08-28T09:54:00+05:30,captured,setl_00000166,
pay_260828005596,order_260828165,2482.00,wallet,49.64,2026-08-28T11:53:00+05:30,captured,setl_00000166,
pay_260828005597,order_260828165,3694.00,upi_apps,73.88,2026-08-28T14:05:00+05:30,captured,setl_00000166,
pay_260828005598,order_260828165,3498.00,upi_apps,69.96,2026-08-28T12:27:00+05:30,captured,setl_00000166,
pay_260828005599,order_260828165,555.00,upi_apps,11.10,2026-08-28T18:09:00+05:30,captured,setl_00000166,
pay_260828005600,order_260828165,4377.00,upi_apps,87.54,2026-08-28T21:16:00+05:30,captured,setl_00000166,
pay_260828005601,order_260828165,2992.00,upi_apps,59.84,2026-08-28T13:50:00+05:30,captured,setl_00000166,
pay_260828005602,order_260828165,4948.00,card,98.96,2026-08-28T12:37:00+05:30,captured,setl_00000166,
pay_260828005603,order_260828165,3229.00,netbanking,29.06,2026-08-28T19:40:00+05:30,captured,setl_00000166,
pay_260828005604,order_260828165,1709.00,upi_apps,34.18,2026-08-28T08:08:00+05:30,captured,setl_00000166,
pay_260828005605,order_260828165,1509.00,card,30.18,2026-08-28T08:21:00+05:30,captured,setl_00000166,
pay_260828005606,order_260828165,817.00,netbanking,7.35,2026-08-28T17:19:00+05:30,captured,setl_00000166,
pay_260828005607,order_260828165,3626.00,card,72.52,2026-08-28T14:23:00+05:30,captured,setl_00000166,
pay_260828005608,order_260828165,2628.00,wallet,52.56,2026-08-28T14:16:00+05:30,captured,setl_00000166,
pay_260828005609,order_260828165,4336.00,card,86.72,2026-08-28T10:34:00+05:30,captured,setl_00000166,
pay_260828005610,order_260828165,5222.00,wallet,104.44,2026-08-28T21:57:00+05:30,captured,setl_00000166,
pay_260828005611,order_260828165,503.00,upi_apps,10.06,2026-08-28T16:06:00+05:30,captured,setl_00000166,
pay_260828005612,order_260828165,1350.00,card,27.00,2026-08-28T10:15:00+05:30,captured,setl_00000166,
pay_260828005613,order_260828165,4113.00,card,82.26,2026-08-28T12:26:00+05:30,captured,setl_00000166,
pay_260828005614,order_260828165,594.00,card,11.88,2026-08-28T19:36:00+05:30,captured,setl_00000166,
pay_260828005615,order_260828165,2353.00,upi_apps,47.06,2026-08-28T13:29:00+05:30,captured,setl_00000166,
pay_260828005616,order_260828165,708.00,upi_apps,14.16,2026-08-28T21:35:00+05:30,captured,setl_00000166,
pay_260828005617,order_260828165,2781.00,card,55.62,2026-08-28T15:52:00+05:30,captured,setl_00000166,
pay_260828005618,order_260828165,3585.00,upi_apps,71.70,2026-08-28T10:43:00+05:30,captured,setl_00000166,
pay_260828005619,order_260828165,2204.00,upi_apps,44.08,2026-08-28T17:50:00+05:30,captured,setl_00000166,
pay_260828005620,order_260828165,4333.00,upi_apps,86.66,2026-08-28T18:43:00+05:30,captured,setl_00000166,
pay_260828005621,order_260828165,3720.00,upi_apps,74.40,2026-08-28T12:40:00+05:30,captured,setl_00000166,
pay_260828005622,order_260828165,2135.00,card,42.70,2026-08-28T09:06:00+05:30,captured,setl_00000166,
pay_260828005623,order_260828165,4666.00,upi_apps,93.32,2026-08-28T19:46:00+05:30,captured,setl_00000166,
pay_260828005624,order_260828165,3902.00,netbanking,35.11,2026-08-28T18:04:00+05:30,captured,setl_00000166,
pay_260828005625,order_260828165,5005.00,wallet,100.10,2026-08-28T14:27:00+05:30,captured,setl_00000166,
pay_260828005626,order_260828165,4413.00,upi_apps,88.26,2026-08-28T12:56:00+05:30,captured,setl_00000166,
pay_260829005627,order_260829166,2507.00,upi_apps,50.14,2026-08-29T19:06:00+05:30,captured,setl_00000167,
pay_260829005628,order_260829166,846.00,card,16.92,2026-08-29T10:35:00+05:30,captured,setl_00000167,
pay_260829005629,order_260829166,3924.00,wallet,78.48,2026-08-29T18:14:00+05:30,captured,setl_00000167,
pay_260829005630,order_260829166,1505.00,upi_apps,30.10,2026-08-29T14:05:00+05:30,captured,setl_00000167,
pay_260830005631,order_260830167,2259.00,card,45.18,2026-08-30T17:08:00+05:30,captured,setl_00000168,
pay_260830005632,order_260830167,2303.00,upi_apps,46.06,2026-08-30T15:54:00+05:30,captured,setl_00000168,
pay_260830005633,order_260830167,5171.00,card,103.42,2026-08-30T13:20:00+05:30,captured,setl_00000168,
pay_260830005634,order_260830167,5296.00,upi_apps,105.92,2026-08-30T19:18:00+05:30,captured,setl_00000168,
pay_260830005635,order_260830167,2743.00,card,54.86,2026-08-30T19:34:00+05:30,captured,setl_00000168,
pay_260830005636,order_260830167,1499.00,wallet,29.98,2026-08-30T20:11:00+05:30,captured,setl_00000168,
pay_260830005637,order_260830167,2337.00,wallet,46.74,2026-08-30T17:46:00+05:30,captured,setl_00000168,
pay_260830005638,order_260830167,4266.00,card,85.32,2026-08-30T15:32:00+05:30,captured,setl_00000168,
pay_260830005639,order_260830167,3673.00,upi_apps,73.46,2026-08-30T11:56:00+05:30,captured,setl_00000168,
pay_260830005640,order_260830167,1049.00,netbanking,9.44,2026-08-30T15:24:00+05:30,captured,setl_00000168,
pay_260830005641,order_260830167,2878.00,wallet,57.56,2026-08-30T09:36:00+05:30,captured,setl_00000168,
pay_260830005642,order_260830167,4582.00,upi_apps,91.64,2026-08-30T20:07:00+05:30,captured,setl_00000168,
pay_260830005643,order_260830167,823.00,netbanking,7.40,2026-08-30T08:52:00+05:30,captured,setl_00000168,
pay_260830005644,order_260830167,4494.00,card,89.88,2026-08-30T12:07:00+05:30,captured,setl_00000168,
pay_260830005645,order_260830167,3380.00,netbanking,30.41,2026-08-30T15:08:00+05:30,captured,setl_00000168,
pay_260830005646,order_260830167,763.00,upi_apps,15.26,2026-08-30T12:52:00+05:30,captured,setl_00000168,
pay_260830005647,order_260830167,665.00,upi_apps,13.30,2026-08-30T17:51:00+05:30,captured,setl_00000168,
pay_260831005648,order_260831168,4509.00,netbanking,40.58,2026-08-31T18:55:00+05:30,captured,setl_00000169,
pay_260831005649,order_260831168,2406.00,card,48.12,2026-08-31T19:56:00+05:30,captured,setl_00000169,
pay_260831005650,order_260831168,2775.00,card,55.50,2026-08-31T12:07:00+05:30,captured,setl_00000169,
pay_260831005651,order_260831168,689.00,card,13.78,2026-08-31T17:20:00+05:30,captured,setl_00000169,
pay_260831005652,order_260831168,5398.00,upi_apps,107.96,2026-08-31T11:43:00+05:30,captured,setl_00000169,
pay_260831005653,order_260831168,2404.00,wallet,48.08,2026-08-31T19:27:00+05:30,captured,setl_00000169,
pay_260831005654,order_260831168,3951.00,upi_apps,79.02,2026-08-31T21:09:00+05:30,captured,setl_00000169,
pay_260831005655,order_260831168,2800.00,card,56.00,2026-08-31T21:44:00+05:30,captured,setl_00000169,
pay_260831005656,order_260831168,2474.00,wallet,49.48,2026-08-31T17:25:00+05:30,captured,setl_00000169,
pay_260831005657,order_260831168,2857.00,card,57.14,2026-08-31T10:30:00+05:30,captured,setl_00000169,
pay_260831005658,order_260831168,901.00,upi_apps,18.02,2026-08-31T10:32:00+05:30,captured,setl_00000169,
pay_260831005659,order_260831168,2000.00,upi_apps,40.00,2026-08-31T15:08:00+05:30,captured,setl_00000169,
pay_260831005660,order_260831168,1254.00,upi_apps,25.08,2026-08-31T19:54:00+05:30,captured,setl_00000169,
pay_260831005661,order_260831168,2918.00,upi_apps,58.36,2026-08-31T21:07:00+05:30,captured,setl_00000169,
pay_260831005662,order_260831168,5140.00,netbanking,46.26,2026-08-31T14:15:00+05:30,captured,setl_00000169,
pay_260831005663,order_260831168,2652.00,upi_apps,53.04,2026-08-31T08:29:00+05:30,captured,setl_00000169,
pay_260831005664,order_260831168,5184.00,netbanking,46.65,2026-08-31T13:48:00+05:30,captured,setl_00000169,
pay_260831005665,order_260831168,2992.00,upi_apps,59.84,2026-08-31T16:48:00+05:30,captured,setl_00000169,
pay_260831005666,order_260831168,1900.00,upi_apps,38.00,2026-08-31T12:14:00+05:30,captured,setl_00000169,
pay_260831005667,order_260831168,3281.00,upi_apps,65.62,2026-08-31T16:52:00+05:30,captured,setl_00000169,
pay_260831005668,order_260831168,4652.00,upi_apps,93.04,2026-08-31T14:23:00+05:30,captured,setl_00000169,
pay_260831005669,order_260831168,1993.00,upi_apps,39.86,2026-08-31T17:28:00+05:30,captured,setl_00000169,
pay_260831005670,order_260831168,538.00,upi_apps,10.76,2026-08-31T19:37:00+05:30,captured,setl_00000169,
pay_260831005671,order_260831168,4031.00,wallet,80.62,2026-08-31T19:22:00+05:30,captured,setl_00000169,
pay_260831005672,order_260831168,3350.00,card,67.00,2026-08-31T19:05:00+05:30,captured,setl_00000169,
pay_260831005673,order_260831168,1278.00,card,25.56,2026-08-31T16:11:00+05:30,captured,setl_00000169,
pay_260831005674,order_260831168,949.00,card,18.98,2026-08-31T15:55:00+05:30,captured,setl_00000169,
pay_260831005675,order_260831168,857.00,card,17.14,2026-08-31T14:36:00+05:30,captured,setl_00000169,
pay_260831005676,order_260831168,1186.00,card,23.72,2026-08-31T14:24:00+05:30,captured,setl_00000169,
pay_260831005677,order_260831168,4459.00,upi_apps,89.18,2026-08-31T14:10:00+05:30,captured,setl_00000169,
pay_260831005678,order_260831168,4021.00,netbanking,36.18,2026-08-31T20:30:00+05:30,captured,setl_00000169,
pay_260831005679,order_260831168,1829.00,card,36.58,2026-08-31T12:26:00+05:30,captured,setl_00000169,
pay_260831005680,order_260831168,2124.00,card,42.48,2026-08-31T14:51:00+05:30,captured,setl_00000169,
pay_260831005681,order_260831168,1859.00,card,37.18,2026-08-31T18:36:00+05:30,captured,setl_00000169,
pay_260831005682,order_260831168,4588.00,upi_apps,91.76,2026-08-31T20:48:00+05:30,captured,setl_00000169,
pay_260831005683,order_260831168,5222.00,netbanking,46.99,2026-08-31T10:43:00+05:30,captured,setl_00000169,
pay_260831005684,order_260831168,3542.00,card,70.84,2026-08-31T08:29:00+05:30,captured,setl_00000169,
pay_260831005685,order_260831168,4133.00,wallet,82.66,2026-08-31T20:10:00+05:30,captured,setl_00000169,
pay_260831005686,order_260831168,821.00,netbanking,7.38,2026-08-31T13:37:00+05:30,captured,setl_00000169,
pay_260831005687,order_260831168,761.00,upi_apps,15.22,2026-08-31T15:58:00+05:30,captured,setl_00000169,
pay_260901005688,order_260901169,4295.00,card,85.90,2026-09-01T19:08:00+05:30,captured,setl_00000170,
pay_260901005689,order_260901169,3797.00,wallet,75.94,2026-09-01T20:05:00+05:30,captured,setl_00000170,
pay_260901005690,order_260901169,3976.00,upi_apps,79.52,2026-09-01T08:38:00+05:30,captured,setl_00000170,
pay_260901005691,order_260901169,1223.00,netbanking,11.00,2026-09-01T12:36:00+05:30,captured,setl_00000170,
pay_260901005692,order_260901169,5252.00,card,105.04,2026-09-01T10:50:00+05:30,captured,setl_00000170,
pay_260901005693,order_260901169,1577.00,upi_apps,31.54,2026-09-01T21:53:00+05:30,captured,setl_00000170,
pay_260901005694,order_260901169,1313.00,upi_apps,26.26,2026-09-01T22:28:00+05:30,captured,setl_00000170,
pay_260901005695,order_260901169,4199.00,card,83.98,2026-09-01T09:35:00+05:30,captured,setl_00000170,
pay_260901005696,order_260901169,1064.00,upi_apps,21.28,2026-09-01T22:03:00+05:30,captured,setl_00000170,
pay_260901005697,order_260901169,784.00,upi_apps,15.68,2026-09-01T14:33:00+05:30,captured,setl_00000170,
pay_260901005698,order_260901169,1546.00,card,30.92,2026-09-01T14:44:00+05:30,captured,setl_00000170,
pay_260901005699,order_260901169,4341.00,upi_apps,86.82,2026-09-01T20:30:00+05:30,captured,setl_00000170,
pay_260901005700,order_260901169,2689.00,card,53.78,2026-09-01T12:45:00+05:30,captured,setl_00000170,
pay_260901005701,order_260901169,1092.00,card,21.84,2026-09-01T22:31:00+05:30,captured,setl_00000170,
pay_260901005702,order_260901169,4333.00,upi_apps,86.66,2026-09-01T21:26:00+05:30,captured,setl_00000170,
pay_260901005703,order_260901169,3885.00,card,77.70,2026-09-01T14:44:00+05:30,captured,setl_00000170,
pay_260901005704,order_260901169,3247.00,card,64.94,2026-09-01T13:00:00+05:30,captured,setl_00000170,
pay_260901005705,order_260901169,532.00,upi_apps,10.64,2026-09-01T10:33:00+05:30,captured,setl_00000170,
pay_260901005706,order_260901169,1654.00,card,33.08,2026-09-01T11:17:00+05:30,captured,setl_00000170,
pay_260901005707,order_260901169,4563.00,upi_apps,91.26,2026-09-01T12:51:00+05:30,captured,setl_00000170,
pay_260901005708,order_260901169,2169.00,upi_apps,43.38,2026-09-01T09:17:00+05:30,captured,setl_00000170,
pay_260901005709,order_260901169,2272.00,upi_apps,45.44,2026-09-01T22:23:00+05:30,captured,setl_00000170,
pay_260901005710,order_260901169,1493.00,upi_apps,29.86,2026-09-01T15:17:00+05:30,captured,setl_00000170,
pay_260901005711,order_260901169,2924.00,upi_apps,58.48,2026-09-01T19:37:00+05:30,captured,setl_00000170,
pay_260901005712,order_260901169,2877.00,upi_apps,57.54,2026-09-01T13:50:00+05:30,captured,setl_00000170,
pay_260901005713,order_260901169,3035.00,card,60.70,2026-09-01T14:54:00+05:30,captured,setl_00000170,
pay_260901005714,order_260901169,4268.00,upi_apps,85.36,2026-09-01T22:43:00+05:30,captured,setl_00000170,
pay_260901005715,order_260901169,1717.00,wallet,34.34,2026-09-01T19:34:00+05:30,captured,setl_00000170,
pay_260901005716,order_260901169,3684.00,upi_apps,73.68,2026-09-01T14:45:00+05:30,captured,setl_00000170,
pay_260901005717,order_260901169,3014.00,card,60.28,2026-09-01T14:57:00+05:30,captured,setl_00000170,
pay_260901005718,order_260901169,4049.00,wallet,80.98,2026-09-01T10:48:00+05:30,captured,setl_00000170,
pay_260901005719,order_260901169,3284.00,upi_apps,65.68,2026-09-01T15:55:00+05:30,captured,setl_00000170,
pay_260901005720,order_260901169,1323.00,wallet,26.46,2026-09-01T10:45:00+05:30,captured,setl_00000170,
pay_260901005721,order_260901169,2069.00,upi_apps,41.38,2026-09-01T14:14:00+05:30,captured,setl_00000170,
pay_260901005722,order_260901169,1787.00,card,35.74,2026-09-01T12:33:00+05:30,captured,setl_00000170,
pay_260901005723,order_260901169,5212.00,upi_apps,104.24,2026-09-01T21:06:00+05:30,captured,setl_00000170,
pay_260901005724,order_260901169,5098.00,card,101.96,2026-09-01T18:43:00+05:30,captured,setl_00000170,
pay_260901005725,order_260901169,3786.00,card,75.72,2026-09-01T14:36:00+05:30,captured,setl_00000170,
pay_260901005726,order_260901169,3005.00,card,60.10,2026-09-01T21:15:00+05:30,captured,setl_00000170,
pay_260901005727,order_260901169,5040.00,upi_apps,100.80,2026-09-01T21:06:00+05:30,captured,setl_00000170,
pay_260901005728,order_260901169,900.00,upi_apps,18.00,2026-09-01T14:20:00+05:30,captured,setl_00000170,
pay_260901005729,order_260901169,990.00,upi_apps,19.80,2026-09-01T12:58:00+05:30,captured,setl_00000170,
pay_260902005730,order_260902170,3135.00,upi_apps,62.70,2026-09-02T22:02:00+05:30,captured,setl_00000171,
pay_260902005731,order_260902170,4033.00,card,80.66,2026-09-02T15:10:00+05:30,captured,setl_00000171,
pay_260902005732,order_260902170,4405.00,upi_apps,88.10,2026-09-02T19:05:00+05:30,captured,setl_00000171,
pay_260902005733,order_260902170,5320.00,upi_apps,106.40,2026-09-02T21:48:00+05:30,captured,setl_00000171,
pay_260902005734,order_260902170,2034.00,card,40.68,2026-09-02T17:07:00+05:30,captured,setl_00000171,
pay_260902005735,order_260902170,763.00,upi_apps,15.26,2026-09-02T08:43:00+05:30,captured,setl_00000171,
pay_260902005736,order_260902170,4356.00,upi_apps,87.12,2026-09-02T22:40:00+05:30,captured,setl_00000171,
pay_260902005737,order_260902170,1119.00,card,22.38,2026-09-02T08:55:00+05:30,captured,setl_00000171,
pay_260902005738,order_260902170,3392.00,wallet,67.84,2026-09-02T14:49:00+05:30,captured,setl_00000171,
pay_260902005739,order_260902170,4778.00,upi_apps,95.56,2026-09-02T20:33:00+05:30,captured,setl_00000171,
pay_260902005740,order_260902170,2757.00,netbanking,24.81,2026-09-02T18:46:00+05:30,captured,setl_00000171,
pay_260902005741,order_260902170,4739.00,netbanking,42.65,2026-09-02T14:54:00+05:30,captured,setl_00000171,
pay_260902005742,order_260902170,1340.00,upi_apps,26.80,2026-09-02T12:59:00+05:30,captured,setl_00000171,
pay_260902005743,order_260902170,551.00,upi_apps,11.02,2026-09-02T12:43:00+05:30,captured,setl_00000171,
pay_260902005744,order_260902170,5044.00,upi_apps,100.88,2026-09-02T09:47:00+05:30,captured,setl_00000171,
pay_260902005745,order_260902170,2854.00,upi_apps,57.08,2026-09-02T16:28:00+05:30,captured,setl_00000171,
pay_260902005746,order_260902170,1986.00,netbanking,17.87,2026-09-02T16:03:00+05:30,captured,setl_00000171,
pay_260902005747,order_260902170,1865.00,card,37.30,2026-09-02T18:35:00+05:30,captured,setl_00000171,
pay_260902005748,order_260902170,4346.00,upi_apps,86.92,2026-09-02T18:57:00+05:30,captured,setl_00000171,
pay_260902005749,order_260902170,2202.00,card,44.04,2026-09-02T21:12:00+05:30,captured,setl_00000171,
pay_260902005750,order_260902170,2478.00,upi_apps,49.56,2026-09-02T16:17:00+05:30,captured,setl_00000171,
pay_260902005751,order_260902170,2271.00,upi_apps,45.42,2026-09-02T10:22:00+05:30,captured,setl_00000171,
pay_260902005752,order_260902170,3351.00,upi_apps,67.02,2026-09-02T20:59:00+05:30,captured,setl_00000171,
pay_260902005753,order_260902170,5173.00,upi_apps,103.46,2026-09-02T22:14:00+05:30,captured,setl_00000171,
pay_260902005754,order_260902170,638.00,upi_apps,12.76,2026-09-02T19:19:00+05:30,captured,setl_00000171,
pay_260902005755,order_260902170,3009.00,netbanking,27.08,2026-09-02T19:04:00+05:30,captured,setl_00000171,
pay_260902005756,order_260902170,1766.00,upi_apps,35.32,2026-09-02T08:28:00+05:30,captured,setl_00000171,
pay_260902005757,order_260902170,2342.00,upi_apps,46.84,2026-09-02T21:53:00+05:30,captured,setl_00000171,
pay_260902005758,order_260902170,2810.00,upi_apps,56.20,2026-09-02T17:53:00+05:30,captured,setl_00000171,
pay_260902005759,order_260902170,2091.00,upi_apps,41.82,2026-09-02T16:07:00+05:30,captured,setl_00000171,
pay_260902005760,order_260902170,2112.00,upi_apps,42.24,2026-09-02T17:49:00+05:30,captured,setl_00000171,
pay_260902005761,order_260902170,4221.00,upi_apps,84.42,2026-09-02T10:42:00+05:30,captured,setl_00000171,
pay_260902005762,order_260902170,1824.00,upi_apps,36.48,2026-09-02T12:41:00+05:30,captured,setl_00000171,
pay_260903005763,order_260903171,2105.00,upi_apps,42.10,2026-09-03T18:04:00+05:30,captured,setl_00000172,
pay_260903005764,order_260903171,1719.00,card,34.38,2026-09-03T17:42:00+05:30,captured,setl_00000172,
pay_260903005765,order_260903171,2676.00,netbanking,24.08,2026-09-03T17:44:00+05:30,captured,setl_00000172,
pay_260903005766,order_260903171,1675.00,upi_apps,33.50,2026-09-03T21:03:00+05:30,captured,setl_00000172,
pay_260903005767,order_260903171,1510.00,card,30.20,2026-09-03T22:12:00+05:30,captured,setl_00000172,
pay_260903005768,order_260903171,4997.00,upi_apps,99.94,2026-09-03T11:28:00+05:30,captured,setl_00000172,
pay_260903005769,order_260903171,5002.00,card,100.04,2026-09-03T21:48:00+05:30,captured,setl_00000172,
pay_260903005770,order_260903171,1627.00,netbanking,14.64,2026-09-03T10:47:00+05:30,captured,setl_00000172,
pay_260903005771,order_260903171,3008.00,card,60.16,2026-09-03T22:19:00+05:30,captured,setl_00000172,
pay_260903005772,order_260903171,1894.00,card,37.88,2026-09-03T11:10:00+05:30,captured,setl_00000172,
pay_260903005773,order_260903171,4966.00,upi_apps,99.32,2026-09-03T11:11:00+05:30,captured,setl_00000172,
pay_260903005774,order_260903171,680.00,wallet,13.60,2026-09-03T18:02:00+05:30,captured,setl_00000172,
pay_260903005775,order_260903171,4449.00,wallet,88.98,2026-09-03T20:02:00+05:30,captured,setl_00000172,
pay_260903005776,order_260903171,2626.00,netbanking,23.63,2026-09-03T11:55:00+05:30,captured,setl_00000172,
pay_260903005777,order_260903171,4450.00,wallet,89.00,2026-09-03T18:20:00+05:30,captured,setl_00000172,
pay_260903005778,order_260903171,2061.00,card,41.22,2026-09-03T18:38:00+05:30,captured,setl_00000172,
pay_260903005779,order_260903171,3715.00,netbanking,33.43,2026-09-03T16:22:00+05:30,captured,setl_00000172,
pay_260903005780,order_260903171,5342.00,upi_apps,106.84,2026-09-03T21:42:00+05:30,captured,setl_00000172,
pay_260903005781,order_260903171,4184.00,card,83.68,2026-09-03T17:52:00+05:30,captured,setl_00000172,
pay_260903005782,order_260903171,3763.00,upi_apps,75.26,2026-09-03T19:32:00+05:30,captured,setl_00000172,
pay_260903005783,order_260903171,4289.00,upi_apps,85.78,2026-09-03T19:14:00+05:30,captured,setl_00000172,
pay_260903005784,order_260903171,2985.00,upi_apps,59.70,2026-09-03T11:30:00+05:30,captured,setl_00000172,
pay_260903005785,order_260903171,3377.00,upi_apps,67.54,2026-09-03T10:08:00+05:30,captured,setl_00000172,
pay_260903005786,order_260903171,2211.00,upi_apps,44.22,2026-09-03T18:19:00+05:30,captured,setl_00000172,
pay_260903005787,order_260903171,2471.00,wallet,49.42,2026-09-03T10:52:00+05:30,captured,setl_00000172,
pay_260903005788,order_260903171,2542.00,wallet,50.84,2026-09-03T11:25:00+05:30,captured,setl_00000172,
pay_260903005789,order_260903171,1822.00,netbanking,16.39,2026-09-03T20:53:00+05:30,captured,setl_00000172,
pay_260903005790,order_260903171,5058.00,card,101.16,2026-09-03T22:43:00+05:30,captured,setl_00000172,
pay_260903005791,order_260903171,2751.00,upi_apps,55.02,2026-09-03T21:59:00+05:30,captured,setl_00000172,
pay_260903005792,order_260903171,3940.00,upi_apps,78.80,2026-09-03T17:21:00+05:30,captured,setl_00000172,
pay_260903005793,order_260903171,1875.00,card,37.50,2026-09-03T08:45:00+05:30,captured,setl_00000172,
pay_260903005794,order_260903171,4246.00,card,84.92,2026-09-03T11:09:00+05:30,captured,setl_00000172,
pay_260903005795,order_260903171,3222.00,card,64.44,2026-09-03T16:03:00+05:30,captured,setl_00000172,
pay_260903005796,order_260903171,1619.00,card,32.38,2026-09-03T20:45:00+05:30,captured,setl_00000172,
pay_260903005797,order_260903171,3189.00,card,63.78,2026-09-03T14:00:00+05:30,captured,setl_00000172,
pay_260903005798,order_260903171,2962.00,upi_apps,59.24,2026-09-03T12:43:00+05:30,captured,setl_00000172,
pay_260903005799,order_260903171,4762.00,netbanking,42.85,2026-09-03T20:42:00+05:30,captured,setl_00000172,
pay_260903005800,order_260903171,1304.00,upi_apps,26.08,2026-09-03T12:15:00+05:30,captured,setl_00000172,
pay_260904005801,order_260904172,3190.00,upi_apps,63.80,2026-09-04T09:42:00+05:30,captured,setl_00000173,
pay_260904005802,order_260904172,5382.00,card,107.64,2026-09-04T10:31:00+05:30,captured,setl_00000173,
pay_260904005803,order_260904172,779.00,upi_apps,15.58,2026-09-04T20:00:00+05:30,captured,setl_00000173,
pay_260904005804,order_260904172,1585.00,upi_apps,31.70,2026-09-04T12:29:00+05:30,captured,setl_00000173,
pay_260904005805,order_260904172,612.00,netbanking,5.50,2026-09-04T09:37:00+05:30,captured,setl_00000173,
pay_260904005806,order_260904172,4475.00,netbanking,40.27,2026-09-04T21:20:00+05:30,captured,setl_00000173,
pay_260904005807,order_260904172,2922.00,netbanking,26.29,2026-09-04T12:14:00+05:30,captured,setl_00000173,
pay_260904005808,order_260904172,3584.00,wallet,71.68,2026-09-04T15:17:00+05:30,captured,setl_00000173,
pay_260904005809,order_260904172,3134.00,card,62.68,2026-09-04T11:14:00+05:30,captured,setl_00000173,
pay_260904005810,order_260904172,1122.00,netbanking,10.09,2026-09-04T14:25:00+05:30,captured,setl_00000173,
pay_260904005811,order_260904172,4810.00,upi_apps,96.20,2026-09-04T18:19:00+05:30,captured,setl_00000173,
pay_260904005812,order_260904172,1513.00,card,30.26,2026-09-04T22:58:00+05:30,captured,setl_00000173,
pay_260904005813,order_260904172,3924.00,card,78.48,2026-09-04T16:05:00+05:30,captured,setl_00000173,
pay_260904005814,order_260904172,4583.00,card,91.66,2026-09-04T16:24:00+05:30,captured,setl_00000173,
pay_260904005815,order_260904172,2083.00,upi_apps,41.66,2026-09-04T08:34:00+05:30,captured,setl_00000173,
pay_260904005816,order_260904172,3126.00,upi_apps,62.52,2026-09-04T13:52:00+05:30,captured,setl_00000173,
pay_260904005817,order_260904172,4601.00,upi_apps,92.02,2026-09-04T16:29:00+05:30,captured,setl_00000173,
pay_260904005818,order_260904172,4752.00,upi_apps,95.04,2026-09-04T21:29:00+05:30,captured,setl_00000173,
pay_260904005819,order_260904172,5143.00,card,102.86,2026-09-04T16:24:00+05:30,captured,setl_00000173,
pay_260904005820,order_260904172,2403.00,upi_apps,48.06,2026-09-04T20:54:00+05:30,captured,setl_00000173,
pay_260904005821,order_260904172,1770.00,wallet,35.40,2026-09-04T11:44:00+05:30,captured,setl_00000173,
pay_260904005822,order_260904172,1651.00,netbanking,14.85,2026-09-04T11:44:00+05:30,captured,setl_00000173,
pay_260904005823,order_260904172,4427.00,netbanking,39.84,2026-09-04T17:20:00+05:30,captured,setl_00000173,
pay_260904005824,order_260904172,3323.00,upi_apps,66.46,2026-09-04T15:16:00+05:30,captured,setl_00000173,
pay_260904005825,order_260904172,2853.00,wallet,57.06,2026-09-04T17:42:00+05:30,captured,setl_00000173,
pay_260904005826,order_260904172,5129.00,upi_apps,102.58,2026-09-04T08:40:00+05:30,captured,setl_00000173,
pay_260904005827,order_260904172,3891.00,upi_apps,77.82,2026-09-04T09:44:00+05:30,captured,setl_00000173,
pay_260904005828,order_260904172,4953.00,netbanking,44.57,2026-09-04T15:53:00+05:30,captured,setl_00000173,
pay_260904005829,order_260904172,1267.00,upi_apps,25.34,2026-09-04T18:31:00+05:30,captured,setl_00000173,
pay_260904005830,order_260904172,2418.00,card,48.36,2026-09-04T20:40:00+05:30,captured,setl_00000173,
pay_260904005831,order_260904172,2119.00,card,42.38,2026-09-04T11:22:00+05:30,captured,setl_00000173,
pay_260904005832,order_260904172,3715.00,card,74.30,2026-09-04T16:00:00+05:30,captured,setl_00000173,
pay_260904005833,order_260904172,3698.00,netbanking,33.28,2026-09-04T13:04:00+05:30,captured,setl_00000173,
pay_260904005834,order_260904172,4821.00,card,96.42,2026-09-04T10:23:00+05:30,captured,setl_00000173,
pay_260904005835,order_260904172,3123.00,upi_apps,62.46,2026-09-04T22:25:00+05:30,captured,setl_00000173,
pay_260904005836,order_260904172,854.00,card,17.08,2026-09-04T10:12:00+05:30,captured,setl_00000173,
pay_260904005837,order_260904172,2061.00,upi_apps,41.22,2026-09-04T15:14:00+05:30,captured,setl_00000173,
pay_260904005838,order_260904172,2108.00,upi_apps,42.16,2026-09-04T17:22:00+05:30,captured,setl_00000173,
pay_260904005839,order_260904172,1017.00,netbanking,9.15,2026-09-04T18:28:00+05:30,captured,setl_00000173,
pay_260904005840,order_260904172,5126.00,upi_apps,102.52,2026-09-04T09:30:00+05:30,captured,setl_00000173,
pay_260904005841,order_260904172,1146.00,upi_apps,22.92,2026-09-04T18:21:00+05:30,captured,setl_00000173,
pay_260904005842,order_260904172,4804.00,wallet,96.08,2026-09-04T15:52:00+05:30,captured,setl_00000173,
pay_260904005843,order_260904172,4561.00,upi_apps,91.22,2026-09-04T16:50:00+05:30,captured,setl_00000173,
pay_260904005844,order_260904172,3534.00,card,70.68,2026-09-04T15:09:00+05:30,captured,setl_00000173,
pay_260904005845,order_260904172,4992.00,netbanking,44.92,2026-09-04T17:09:00+05:30,captured,setl_00000173,
pay_260904005846,order_260904172,4014.00,upi_apps,80.28,2026-09-04T09:18:00+05:30,captured,setl_00000173,
pay_260904005847,order_260904172,5160.00,upi_apps,103.20,2026-09-04T16:17:00+05:30,captured,setl_00000173,
pay_260905005848,order_260905173,4952.00,wallet,99.04,2026-09-05T09:19:00+05:30,captured,setl_00000174,
pay_260905005849,order_260905173,2800.00,card,56.00,2026-09-05T11:34:00+05:30,captured,setl_00000174,
pay_260905005850,order_260905173,1315.00,upi_apps,26.30,2026-09-05T11:12:00+05:30,captured,setl_00000174,
pay_260905005851,order_260905173,4463.00,card,89.26,2026-09-05T22:08:00+05:30,captured,setl_00000174,
pay_260905005852,order_260905173,962.00,upi_apps,19.24,2026-09-05T15:28:00+05:30,captured,setl_00000174,
