doc_id,document_no,kind,counterparty_code,due,scheduled_pay,amount_paise,paid
AR-INV-2026-000001,INV-2026-000001,AR,CUST-017,2026-05-08,2026-05-05,16508800,1
AR-INV-2026-000002,INV-2026-000002,AR,CUST-009,2026-05-08,2026-05-11,19033700,1
AR-INV-2026-000003,INV-2026-000003,AR,CUST-025,2026-03-16,2026-03-17,24034900,1
AR-INV-2026-000004,INV-2026-000004,AR,CUST-023,2026-04-08,2026-03-30,81622700,1
AR-INV-2026-000005,INV-2026-000005,AR,CUST-024,2026-05-08,2026-05-11,128856000,1
AR-INV-2026-000006,INV-2026-000006,AR,CUST-014,2026-04-08,2026-04-08,8997800,1
AR-INV-2026-000007,INV-2026-000007,AR,CUST-029,2026-03-16,2026-03-16,55910600,1
AR-INV-2026-000008,INV-2026-000008,AR,CUST-022,2026-04-08,2026-04-17,67482400,1
AR-INV-2026-000009,INV-2026-000009,AR,CUST-004,2026-04-23,1970-01-01,46189500,0
AP-VB-2026-000010,VB-2026-000010,AP,VEND-016,2026-05-08,2026-05-18,45941500,1
AP-VB-2026-000011,VB-2026-000011,AP,VEND-014,2026-05-08,2026-05-11,12486500,1
AP-VB-2026-000012,VB-2026-000012,AP,VEND-008,2026-05-08,2026-05-13,28196400,1
AP-VB-2026-000013,VB-2026-000013,AP,VEND-012,2026-05-08,2026-05-01,63555200,1
AP-RT-2026-000014,RT-2026-000014,AP,VEND-020,2026-04-23,2026-04-20,51245700,1
AP-VB-2026-000015,VB-2026-000015,AP,VEND-018,2026-04-08,2026-04-09,24051500,1
AP-VB-2026-000016,VB-2026-000016,AP,VEND-007,2026-03-24,2026-04-01,44658300,1
AP-VB-2026-000017,VB-2026-000017,AP,VEND-022,2026-04-23,2026-04-21,21817600,1
AP-VB-2026-000018,VB-2026-000018,AP,VEND-003,2026-05-08,2026-05-14,32991700,1
AP-VB-2026-000019,VB-2026-000019,AP,VEND-001,2026-04-08,2026-04-18,78874600,1
AP-VB-2026-000020,VB-2026-000020,AP,VEND-015,2026-05-08,2026-05-12,31593200,1
AR-INV-2026-000021,INV-2026-000021,AR,CUST-028,2026-04-24,2026-04-22,68024600,1
AR-INV-2026-000022,INV-2026-000022,AR,CUST-014,2026-04-09,2026-04-15,20332700,1
AR-INV-2026-000023,INV-2026-000023,AR,CUST-012,2026-03-25,2026-03-31,18180300,1
AR-INV-2026-000024,INV-2026-000024,AR,CUST-016,2026-03-25,2026-03-30,338417100,1
AR-INV-2026-000025,INV-2026-000025,AR,CUST-006,2026-04-09,2026-04-08,22225800,1
AR-INV-2026-000026,INV-2026-000026,AR,CUST-007,2026-03-25,2026-03-26,26538800,1
AR-INV-2026-000027,INV-2026-000027,AR,CUST-006,2026-04-09,1970-01-01,7795900,0
AP-RT-2026-000028,RT-2026-000028,AP,VEND-016,2026-05-09,2026-05-15,57809600,1
AP-RT-2026-000029,RT-2026-000029,AP,VEND-019,2026-03-25,2026-03-20,21124400,1
AP-RT-2026-000030,RT-2026-000030,AP,VEND-011,2026-04-09,2026-04-08,21501100,1
AP-VB-2026-000031,VB-2026-000031,AP,VEND-013,2026-04-24,2026-05-06,41928400,1
AR-INV-2026-000032,INV-2026-000032,AR,CUST-016,2026-03-26,2026-03-31,74192400,1
AR-INV-2026-000033,INV-2026-000033,AR,CUST-012,2026-03-26,2026-04-07,24046400,1
AR-INV-2026-000034,INV-2026-000034,AR,CUST-012,2026-03-26,1970-01-01,51623900,0
AR-INV-2026-000035,INV-2026-000035,AR,CUST-003,2026-05-11,1970-01-01,50685600,0
AP-VB-2026-000036,VB-2026-000036,AP,VEND-007,2026-03-26,2026-04-06,14712500,1
AP-RT-2026-000037,RT-2026-000037,AP,VEND-018,2026-04-10,2026-04-04,46996500,1
AP-RT-2026-000038,RT-2026-000038,AP,VEND-015,2026-05-11,2026-05-15,25489500,1
AP-RT-2026-000039,RT-2026-000039,AP,VEND-007,2026-03-26,2026-04-04,127359200,1
AP-VB-2026-000040,VB-2026-000040,AP,VEND-014,2026-05-11,2026-05-18,15924800,1
AP-VB-2026-000041,VB-2026-000041,AP,VEND-007,2026-03-26,2026-04-04,56808000,1
AR-INV-2026-000042,INV-2026-000042,AR,CUST-014,2026-04-11,1970-01-01,14740000,0
AR-INV-2026-000043,INV-2026-000043,AR,CUST-010,2026-03-19,2026-03-28,12962900,1
AR-INV-2026-000044,INV-2026-000044,AR,CUST-019,2026-04-11,2026-04-04,31833900,1
AR-INV-2026-000045,INV-2026-000045,AR,CUST-004,2026-04-27,2026-04-24,38662200,1
AR-INV-2026-000046,INV-2026-000046,AR,CUST-028,2026-04-27,2026-04-20,40072500,1
AR-INV-2026-000047,INV-2026-000047,AR,CUST-004,2026-04-27,2026-04-21,21905000,1
AR-INV-2026-000048,INV-2026-000048,AR,CUST-007,2026-03-27,2026-04-02,18965100,1
AR-INV-2026-000049,INV-2026-000049,AR,CUST-021,2026-05-11,1970-01-01,13570000,0
AR-INV-2026-000050,INV-2026-000050,AR,CUST-006,2026-04-11,2026-04-25,16746500,1
AR-INV-2026-000051,INV-2026-000051,AR,CUST-006,2026-04-11,2026-04-21,21153600,1
AP-VB-2026-000052,VB-2026-000052,AP,VEND-011,2026-04-11,2026-04-16,35192000,1
AP-VB-2026-000053,VB-2026-000053,AP,VEND-003,2026-05-11,2026-05-01,26736700,1
AP-RT-2026-000054,RT-2026-000054,AP,VEND-008,2026-05-11,2026-05-19,24065400,1
AP-VB-2026-000055,VB-2026-000055,AP,VEND-018,2026-04-11,2026-04-09,35583500,1
AP-VB-2026-000056,VB-2026-000056,AP,VEND-018,2026-04-11,2026-04-16,28675500,1
AP-VB-2026-000057,VB-2026-000057,AP,VEND-011,2026-04-11,2026-04-15,71422300,1
AP-VB-2026-000058,VB-2026-000058,AP,VEND-006,2026-03-27,2026-03-23,35657600,1
AR-INV-2026-000059,INV-2026-000059,AR,CUST-019,2026-04-13,2026-04-07,27321100,1
AR-INV-2026-000060,INV-2026-000060,AR,CUST-006,2026-04-13,2026-04-24,149829500,1
AR-INV-2026-000061,INV-2026-000061,AR,CUST-014,2026-04-13,2026-04-09,40364800,1
AR-INV-2026-000062,INV-2026-000062,AR,CUST-001,2026-04-27,2026-04-28,27070500,1
AR-INV-2026-000063,INV-2026-000063,AR,CUST-014,2026-04-13,2026-04-24,54806100,1
AP-VB-2026-000064,VB-2026-000064,AP,VEND-017,2026-04-27,2026-04-28,130676400,1
AP-RT-2026-000065,RT-2026-000065,AP,VEND-022,2026-04-27,2026-04-30,29565100,1
AP-VB-2026-000066,VB-2026-000066,AP,VEND-020,2026-04-27,2026-04-29,70660000,1
AP-RT-2026-000067,RT-2026-000067,AP,VEND-020,2026-04-27,2026-04-30,40109400,1
AP-RT-2026-000068,RT-2026-000068,AP,VEND-005,2026-04-13,2026-04-17,41841300,1
AP-RT-2026-000069,RT-2026-000069,AP,VEND-006,2026-03-28,2026-03-26,32394500,1
AP-RT-2026-000070,RT-2026-000070,AP,VEND-007,2026-03-28,2026-04-08,29971300,1
AP-VB-2026-000071,VB-2026-000071,AP,VEND-020,2026-04-27,2026-05-05,45065300,1
AR-INV-2026-000072,INV-2026-000072,AR,CUST-028,2026-04-28,2026-04-23,89771800,1
AR-INV-2026-000073,INV-2026-000073,AR,CUST-020,2026-04-28,2026-05-01,188428400,1
AP-VB-2026-000074,VB-2026-000074,AP,VEND-004,2026-03-30,2026-04-06,86455500,1
AP-VB-2026-000075,VB-2026-000075,AP,VEND-019,2026-03-30,2026-04-20,41495700,1
AP-RT-2026-000076,RT-2026-000076,AP,VEND-019,2026-03-30,2026-04-06,34151800,1
AP-VB-2026-000077,VB-2026-000077,AP,VEND-002,2026-04-13,2026-04-17,6318800,1
AR-INV-2026-000078,INV-2026-000078,AR,CUST-009,2026-05-14,2026-05-20,14186000,1
AP-VB-2026-000079,VB-2026-000079,AP,VEND-019,2026-03-30,2026-04-06,34038700,1
AP-VB-2026-000080,VB-2026-000080,AP,VEND-001,2026-04-14,2026-04-17,18276500,1
AP-VB-2026-000081,VB-2026-000081,AP,VEND-006,2026-03-30,2026-03-30,44683200,1
AP-VB-2026-000082,VB-2026-000082,AP,VEND-005,2026-04-14,2026-04-27,11861300,1
AR-INV-2026-000083,INV-2026-000083,AR,CUST-025,2026-03-23,2026-03-25,231150500,1
AR-INV-2026-000084,INV-2026-000084,AR,CUST-015,2026-03-23,1970-01-01,32685900,0
AR-INV-2026-000085,INV-2026-000085,AR,CUST-002,2026-04-30,1970-01-01,547230800,0
AR-INV-2026-000086,INV-2026-000086,AR,CUST-014,2026-04-15,2026-05-01,72064300,1
AR-INV-2026-000087,INV-2026-000087,AR,CUST-004,2026-04-30,2026-04-25,37232200,1
AR-INV-2026-000088,INV-2026-000088,AR,CUST-010,2026-03-23,2026-03-17,14836600,1
AR-INV-2026-000089,INV-2026-000089,AR,CUST-001,2026-04-30,2026-04-16,54543000,1
AR-INV-2026-000090,INV-2026-000090,AR,CUST-007,2026-03-31,2026-04-03,69298000,1
AR-INV-2026-000091,INV-2026-000091,AR,CUST-023,2026-04-15,2026-04-21,47112800,1
AR-INV-2026-000092,INV-2026-000092,AR,CUST-028,2026-04-30,2026-05-07,49910000,1
AR-INV-2026-000093,INV-2026-000093,AR,CUST-003,2026-05-15,2026-05-21,9261700,1
AR-INV-2026-000094,INV-2026-000094,AR,CUST-011,2026-04-15,1970-01-01,102556400,0
AP-VB-2026-000095,VB-2026-000095,AP,VEND-018,2026-04-15,2026-04-20,72723900,1
AP-RT-2026-000096,RT-2026-000096,AP,VEND-011,2026-04-15,2026-04-24,69835100,1
AP-RT-2026-000097,RT-2026-000097,AP,VEND-004,2026-03-31,2026-04-07,59195700,1
AP-RT-2026-000098,RT-2026-000098,AP,VEND-013,2026-04-30,2026-05-18,75044800,1
AP-VB-2026-000099,VB-2026-000099,AP,VEND-008,2026-05-15,2026-05-21,21054000,1
AR-INV-2026-000100,INV-2026-000100,AR,CUST-027,2026-05-01,2026-05-08,36482500,1
AR-INV-2026-000101,INV-2026-000101,AR,CUST-009,2026-05-16,2026-05-20,29035000,1
AR-INV-2026-000102,INV-2026-000102,AR,CUST-018,2026-03-24,2026-04-06,101870700,1
AR-INV-2026-000103,INV-2026-000103,AR,CUST-023,2026-04-16,2026-04-27,41087200,1
AR-INV-2026-000104,INV-2026-000104,AR,CUST-024,2026-05-16,2026-05-15,187431500,1
AR-INV-2026-000105,INV-2026-000105,AR,CUST-024,2026-05-16,2026-05-13,42488900,1
AR-INV-2026-000106,INV-2026-000106,AR,CUST-007,2026-04-01,2026-04-08,32859800,1
AR-INV-2026-000107,INV-2026-000107,AR,CUST-028,2026-05-01,2026-04-20,30323400,1
AR-INV-2026-000108,INV-2026-000108,AR,CUST-027,2026-05-01,2026-05-13,45832100,1
AR-INV-2026-000109,INV-2026-000109,AR,CUST-008,2026-05-01,2026-05-18,25137200,1
AR-INV-2026-000110,INV-2026-000110,AR,CUST-002,2026-05-01,2026-05-07,50580700,1
AP-VB-2026-000111,VB-2026-000111,AP,VEND-017,2026-05-01,2026-05-20,29715900,1
AP-RT-2026-000112,RT-2026-000112,AP,VEND-020,2026-05-01,2026-05-06,50758000,1
AP-RT-2026-000113,RT-2026-000113,AP,VEND-014,2026-05-16,2026-05-14,12253100,1
AP-VB-2026-000114,VB-2026-000114,AP,VEND-019,2026-04-01,2026-04-07,30575300,1
AP-RT-2026-000115,RT-2026-000115,AP,VEND-005,2026-04-16,2026-04-27,42578300,1
AP-RT-2026-000116,RT-2026-000116,AP,VEND-020,2026-05-01,2026-05-13,35107300,1
AP-VB-2026-000117,VB-2026-000117,AP,VEND-009,2026-04-01,2026-04-04,17485800,1
AP-RT-2026-000118,RT-2026-000118,AP,VEND-006,2026-04-01,1970-01-01,65054500,0
AP-RT-2026-000119,RT-2026-000119,AP,VEND-003,2026-05-16,2026-05-28,39043900,1
AP-RT-2026-000120,RT-2026-000120,AP,VEND-001,2026-04-16,2026-04-21,12205800,1
AP-VB-2026-000121,VB-2026-000121,AP,VEND-008,2026-05-16,2026-05-25,72323500,1
AR-INV-2026-000122,INV-2026-000122,AR,CUST-013,2026-04-17,2026-04-20,5396600,1
AR-INV-2026-000123,INV-2026-000123,AR,CUST-027,2026-05-02,2026-05-05,69975800,1
AR-INV-2026-000124,INV-2026-000124,AR,CUST-017,2026-05-18,2026-05-18,9481300,1
AR-INV-2026-000125,INV-2026-000125,AR,CUST-013,2026-04-17,2026-04-22,33294500,1
AR-INV-2026-000126,INV-2026-000126,AR,CUST-025,2026-03-25,2026-03-24,154932500,1
AR-INV-2026-000127,INV-2026-000127,AR,CUST-004,2026-05-02,2026-04-24,55875600,1
AR-INV-2026-000128,INV-2026-000128,AR,CUST-027,2026-05-02,2026-05-06,67777100,1
AR-INV-2026-000129,INV-2026-000129,AR,CUST-030,2026-04-17,2026-04-28,42889400,1
AR-INV-2026-000130,INV-2026-000130,AR,CUST-021,2026-05-18,2026-05-19,13056500,1
AP-RT-2026-000131,RT-2026-000131,AP,VEND-007,2026-04-02,2026-04-10,27850400,1
AP-VB-2026-000132,VB-2026-000132,AP,VEND-020,2026-05-02,2026-05-13,28165400,1
AP-RT-2026-000133,RT-2026-000133,AP,VEND-001,2026-04-17,2026-04-20,26196900,1
AP-VB-2026-000134,VB-2026-000134,AP,VEND-014,2026-05-18,2026-05-22,11813600,1
AP-VB-2026-000135,VB-2026-000135,AP,VEND-012,2026-05-18,2026-05-18,40390800,1
AP-VB-2026-000136,VB-2026-000136,AP,VEND-020,2026-05-02,2026-04-23,21177800,1
AP-RT-2026-000137,RT-2026-000137,AP,VEND-013,2026-05-02,2026-05-04,56576100,1
AP-VB-2026-000138,VB-2026-000138,AP,VEND-014,2026-05-18,2026-05-15,11369700,1
AP-VB-2026-000139,VB-2026-000139,AP,VEND-002,2026-04-17,2026-04-24,27933700,1
AP-VB-2026-000140,VB-2026-000140,AP,VEND-007,2026-04-02,2026-04-08,5784300,1
AP-VB-2026-000141,VB-2026-000141,AP,VEND-002,2026-04-17,2026-04-23,6408000,1
AR-INV-2026-000142,INV-2026-000142,AR,CUST-025,2026-03-26,2026-04-06,37472000,1
AR-INV-2026-000143,INV-2026-000143,AR,CUST-027,2026-05-04,2026-05-13,232546900,1
AR-INV-2026-000144,INV-2026-000144,AR,CUST-029,2026-03-26,2026-04-03,36293100,1
AR-INV-2026-000145,INV-2026-000145,AR,CUST-027,2026-05-04,2026-05-20,34630600,1
AR-INV-2026-000146,INV-2026-000146,AR,CUST-011,2026-04-18,2026-04-27,56750300,1
AR-INV-2026-000147,INV-2026-000147,AR,CUST-005,2026-04-18,2026-04-29,5679300,1
AR-INV-2026-000148,INV-2026-000148,AR,CUST-001,2026-05-04,2026-04-20,96633200,1
AR-INV-2026-000149,INV-2026-000149,AR,CUST-007,2026-04-03,2026-04-17,46938000,1
AR-INV-2026-000150,INV-2026-000150,AR,CUST-015,2026-03-26,2026-03-28,78411300,1
AR-INV-2026-000151,INV-2026-000151,AR,CUST-014,2026-04-18,1970-01-01,7414000,0
AP-VB-2026-000152,VB-2026-000152,AP,VEND-022,2026-05-04,2026-05-02,24356600,1
AP-RT-2026-000153,RT-2026-000153,AP,VEND-001,2026-04-18,2026-04-20,12621900,1
AP-VB-2026-000154,VB-2026-000154,AP,VEND-008,2026-05-18,2026-05-25,44064500,1
AP-VB-2026-000155,VB-2026-000155,AP,VEND-001,2026-04-18,2026-04-24,138168900,1
AP-RT-2026-000156,RT-2026-000156,AP,VEND-019,2026-04-03,2026-04-25,32131500,1
AR-INV-2026-000157,INV-2026-000157,AR,CUST-004,2026-05-04,2026-04-29,57974600,1
AP-RT-2026-000158,RT-2026-000158,AP,VEND-018,2026-04-20,2026-04-18,41172800,1
AP-RT-2026-000159,RT-2026-000159,AP,VEND-008,2026-05-19,2026-05-05,41121400,1
AP-RT-2026-000160,RT-2026-000160,AP,VEND-002,2026-04-20,2026-04-24,15429300,1
AP-RT-2026-000161,RT-2026-000161,AP,VEND-015,2026-05-19,2026-05-27,20268600,1
AP-VB-2026-000162,VB-2026-000162,AP,VEND-004,2026-04-04,2026-04-11,45680000,1
AP-RT-2026-000163,RT-2026-000163,AP,VEND-016,2026-05-19,2026-05-27,35547500,1
AP-RT-2026-000164,RT-2026-000164,AP,VEND-019,2026-04-04,2026-04-08,48609100,1
AR-INV-2026-000165,INV-2026-000165,AR,CUST-002,2026-05-05,2026-04-29,170840600,1
AR-INV-2026-000166,INV-2026-000166,AR,CUST-029,2026-03-28,2026-04-13,100259800,1
AR-INV-2026-000167,INV-2026-000167,AR,CUST-009,2026-05-20,2026-05-19,20136200,1
AP-RT-2026-000168,RT-2026-000168,AP,VEND-002,2026-04-20,2026-04-24,39205500,1
AP-VB-2026-000169,VB-2026-000169,AP,VEND-021,2026-04-20,2026-04-18,56055200,1
AP-RT-2026-000170,RT-2026-000170,AP,VEND-020,2026-05-05,2026-05-18,29603500,1
AP-RT-2026-000171,RT-2026-000171,AP,VEND-008,2026-05-20,2026-05-16,44745200,1
AP-RT-2026-000172,RT-2026-000172,AP,VEND-022,2026-05-05,2026-04-27,25283400,1
AP-VB-2026-000173,VB-2026-000173,AP,VEND-004,2026-04-06,2026-04-09,13569900,1
AR-INV-2026-000174,INV-2026-000174,AR,CUST-025,2026-03-30,2026-04-06,121873700,1
AR-INV-2026-000175,INV-2026-000175,AR,CUST-004,2026-05-07,2026-05-04,168554400,1
AR-INV-2026-000176,INV-2026-000176,AR,CUST-018,2026-03-30,2026-04-09,35468000,1
AR-INV-2026-000177,INV-2026-000177,AR,CUST-004,2026-05-07,2026-04-27,35373200,1
AR-INV-2026-000178,INV-2026-000178,AR,CUST-024,2026-05-22,2026-05-19,388836400,1
AR-INV-2026-000179,INV-2026-000179,AR,CUST-009,2026-05-22,2026-05-28,30081300,1
AR-INV-2026-000180,INV-2026-000180,AR,CUST-008,2026-05-07,2026-05-16,47755000,1
AR-INV-2026-000181,INV-2026-000181,AR,CUST-022,2026-04-22,2026-04-27,53325300,1
AR-INV-2026-000182,INV-2026-000182,AR,CUST-001,2026-05-07,2026-04-22,114559200,1
AR-INV-2026-000183,INV-2026-000183,AR,CUST-012,2026-04-07,2026-04-18,13128100,1
AR-INV-2026-000184,INV-2026-000184,AR,CUST-004,2026-05-07,2026-05-09,138432800,1
AR-INV-2026-000185,INV-2026-000185,AR,CUST-010,2026-03-30,2026-03-30,96144800,1
AR-INV-2026-000186,INV-2026-000186,AR,CUST-026,2026-03-30,2026-04-06,66975800,1
AR-INV-2026-000187,INV-2026-000187,AR,CUST-013,2026-04-22,2026-04-28,21850400,1
AR-INV-2026-000188,INV-2026-000188,AR,CUST-016,2026-04-07,2026-04-13,63566200,1
AP-VB-2026-000189,VB-2026-000189,AP,VEND-005,2026-04-22,2026-04-25,21701000,1
AP-VB-2026-000190,VB-2026-000190,AP,VEND-018,2026-04-22,2026-04-24,26514600,1
AP-RT-2026-000191,RT-2026-000191,AP,VEND-009,2026-04-07,2026-04-09,29870900,1
AP-RT-2026-000192,RT-2026-000192,AP,VEND-002,2026-04-22,2026-04-27,15933200,1
AP-VB-2026-000193,VB-2026-000193,AP,VEND-020,2026-05-07,2026-05-14,14943100,1
AP-VB-2026-000194,VB-2026-000194,AP,VEND-007,2026-04-07,2026-04-18,38488500,1
AP-VB-2026-000195,VB-2026-000195,AP,VEND-021,2026-04-22,2026-04-21,40947900,1
AP-RT-2026-000196,RT-2026-000196,AP,VEND-021,2026-04-22,2026-04-17,42204400,1
AP-RT-2026-000197,RT-2026-000197,AP,VEND-005,2026-04-22,2026-04-30,43273400,1
AP-RT-2026-000198,RT-2026-000198,AP,VEND-005,2026-04-22,2026-04-27,10417800,1
AP-VB-2026-000199,VB-2026-000199,AP,VEND-012,2026-05-22,2026-05-11,32056100,1
AP-VB-2026-000200,VB-2026-000200,AP,VEND-013,2026-05-07,2026-04-28,9064000,1
AR-INV-2026-000201,INV-2026-000201,AR,CUST-001,2026-05-08,2026-05-12,98363300,1
AR-INV-2026-000202,INV-2026-000202,AR,CUST-015,2026-03-31,2026-04-01,67457700,1
AR-INV-2026-000203,INV-2026-000203,AR,CUST-023,2026-04-23,2026-04-23,26314300,1
AR-INV-2026-000204,INV-2026-000204,AR,CUST-029,2026-03-31,2026-04-18,56994300,1
AR-INV-2026-000205,INV-2026-000205,AR,CUST-021,2026-05-23,2026-05-15,63305600,1
AR-INV-2026-000206,INV-2026-000206,AR,CUST-012,2026-04-08,2026-04-20,23423600,1
AP-RT-2026-000207,RT-2026-000207,AP,VEND-001,2026-04-23,2026-04-23,13209900,1
AP-VB-2026-000208,VB-2026-000208,AP,VEND-017,2026-05-08,2026-05-09,42555600,1
AP-VB-2026-000209,VB-2026-000209,AP,VEND-019,2026-04-08,2026-04-07,21443700,1
AP-RT-2026-000210,RT-2026-000210,AP,VEND-012,2026-05-23,2026-05-18,53697600,1
AR-INV-2026-000211,INV-2026-000211,AR,CUST-027,2026-05-09,2026-05-13,39478300,1
AR-INV-2026-000212,INV-2026-000212,AR,CUST-027,2026-05-09,2026-05-16,208383400,1
AR-INV-2026-000213,INV-2026-000213,AR,CUST-010,2026-04-01,2026-03-27,10490600,1
AR-INV-2026-000214,INV-2026-000214,AR,CUST-024,2026-05-25,2026-06-01,41146100,1
AR-INV-2026-000215,INV-2026-000215,AR,CUST-028,2026-05-09,2026-04-28,46744300,1
AR-INV-2026-000216,INV-2026-000216,AR,CUST-012,2026-04-09,2026-04-18,52388900,1
AR-INV-2026-000217,INV-2026-000217,AR,CUST-027,2026-05-09,2026-05-15,109130400,1
AR-INV-2026-000218,INV-2026-000218,AR,CUST-005,2026-04-24,2026-04-18,10329800,1
AR-INV-2026-000219,INV-2026-000219,AR,CUST-019,2026-04-24,2026-04-13,35733800,1
AR-INV-2026-000220,INV-2026-000220,AR,CUST-006,2026-04-24,2026-05-11,26157900,1
AP-VB-2026-000221,VB-2026-000221,AP,VEND-007,2026-04-09,2026-04-20,15795400,1
AP-RT-2026-000222,RT-2026-000222,AP,VEND-016,2026-05-25,2026-05-29,61869300,1
AP-RT-2026-000223,RT-2026-000223,AP,VEND-013,2026-05-09,2026-05-22,23197500,1
AP-RT-2026-000224,RT-2026-000224,AP,VEND-016,2026-05-25,2026-06-05,57725100,1
AP-VB-2026-000225,VB-2026-000225,AP,VEND-003,2026-05-25,2026-05-14,25087300,1
AR-INV-2026-000226,INV-2026-000226,AR,CUST-001,2026-05-11,2026-04-27,103403800,1
AR-INV-2026-000227,INV-2026-000227,AR,CUST-017,2026-05-25,2026-05-18,23543000,1
AR-INV-2026-000228,INV-2026-000228,AR,CUST-017,2026-05-25,2026-05-30,130805100,1
AR-INV-2026-000229,INV-2026-000229,AR,CUST-024,2026-05-25,1970-01-01,32108100,0
AR-INV-2026-000230,INV-2026-000230,AR,CUST-016,2026-04-10,2026-04-14,29327600,1
AR-INV-2026-000231,INV-2026-000231,AR,CUST-023,2026-04-25,2026-05-08,22965600,1
AR-INV-2026-000232,INV-2026-000232,AR,CUST-002,2026-05-11,2026-05-13,54705600,1
AR-INV-2026-000233,INV-2026-000233,AR,CUST-010,2026-04-02,2026-03-27,9520100,1
AP-RT-2026-000234,RT-2026-000234,AP,VEND-020,2026-05-11,2026-05-13,26962200,1
AP-VB-2026-000235,VB-2026-000235,AP,VEND-008,2026-05-25,2026-05-18,20319900,1
AP-VB-2026-000236,VB-2026-000236,AP,VEND-015,2026-05-25,2026-05-26,11928400,1
AP-RT-2026-000237,RT-2026-000237,AP,VEND-018,2026-04-25,2026-04-24,54666200,1
AP-VB-2026-000238,VB-2026-000238,AP,VEND-003,2026-05-25,2026-05-26,41014800,1
AP-VB-2026-000239,VB-2026-000239,AP,VEND-022,2026-05-11,2026-05-14,34049100,1
AP-VB-2026-000240,VB-2026-000240,AP,VEND-021,2026-04-25,2026-04-27,32803400,1
AP-VB-2026-000241,VB-2026-000241,AP,VEND-008,2026-05-25,2026-06-03,54749900,1
AR-INV-2026-000242,INV-2026-000242,AR,CUST-019,2026-04-27,2026-05-04,46691600,1
AR-INV-2026-000243,INV-2026-000243,AR,CUST-006,2026-04-27,1970-01-01,258977200,0
AR-INV-2026-000244,INV-2026-000244,AR,CUST-006,2026-04-27,2026-05-04,7347900,1
AR-INV-2026-000245,INV-2026-000245,AR,CUST-014,2026-04-27,2026-05-06,7796000,1
AR-INV-2026-000246,INV-2026-000246,AR,CUST-012,2026-04-11,2026-04-15,12381600,1
AR-INV-2026-000247,INV-2026-000247,AR,CUST-003,2026-05-26,2026-06-08,54612700,1
AR-INV-2026-000248,INV-2026-000248,AR,CUST-015,2026-04-03,2026-04-10,43936900,1
AR-INV-2026-000249,INV-2026-000249,AR,CUST-027,2026-05-11,2026-05-22,39251400,1
AR-INV-2026-000250,INV-2026-000250,AR,CUST-023,2026-04-27,2026-05-08,12487700,1
AR-INV-2026-000251,INV-2026-000251,AR,CUST-025,2026-04-03,2026-04-07,77928600,1
AR-INV-2026-000252,INV-2026-000252,AR,CUST-006,2026-04-27,2026-05-04,61347600,1
AR-INV-2026-000253,INV-2026-000253,AR,CUST-026,2026-04-03,2026-04-10,73039900,1
AR-INV-2026-000254,INV-2026-000254,AR,CUST-029,2026-04-03,2026-04-06,70043300,1
AR-INV-2026-000255,INV-2026-000255,AR,CUST-010,2026-04-03,2026-03-27,22448600,1
AR-INV-2026-000256,INV-2026-000256,AR,CUST-029,2026-04-03,2026-04-10,45248200,1
AR-INV-2026-000257,INV-2026-000257,AR,CUST-009,2026-05-26,2026-06-03,9419300,1
AR-INV-2026-000258,INV-2026-000258,AR,CUST-013,2026-04-27,2026-05-01,9518300,1
AR-INV-2026-000259,INV-2026-000259,AR,CUST-022,2026-04-27,2026-05-04,219497700,1
AR-INV-2026-000260,INV-2026-000260,AR,CUST-003,2026-05-26,1970-01-01,18464300,0
AP-VB-2026-000261,VB-2026-000261,AP,VEND-004,2026-04-11,2026-04-03,21968100,1
AP-VB-2026-000262,VB-2026-000262,AP,VEND-011,2026-04-27,2026-05-18,84605700,1
AP-VB-2026-000263,VB-2026-000263,AP,VEND-017,2026-05-11,2026-05-08,46614000,1
AP-RT-2026-000264,RT-2026-000264,AP,VEND-013,2026-05-11,2026-05-08,25736100,1
AP-RT-2026-000265,RT-2026-000265,AP,VEND-021,2026-04-27,2026-04-27,56121900,1
AP-VB-2026-000266,VB-2026-000266,AP,VEND-001,2026-04-27,2026-05-02,87368800,1
AP-VB-2026-000267,VB-2026-000267,AP,VEND-019,2026-04-11,2026-04-21,5725400,1
AP-RT-2026-000268,RT-2026-000268,AP,VEND-005,2026-04-27,2026-05-05,63920500,1
AP-RT-2026-000269,RT-2026-000269,AP,VEND-016,2026-05-26,2026-06-01,179060000,1
AP-VB-2026-000270,VB-2026-000270,AP,VEND-003,2026-05-26,2026-05-22,13850900,1
AP-RT-2026-000271,RT-2026-000271,AP,VEND-011,2026-04-27,2026-05-04,21291800,1
AR-INV-2026-000272,INV-2026-000272,AR,CUST-028,2026-05-12,2026-05-07,63048100,1
AR-INV-2026-000273,INV-2026-000273,AR,CUST-027,2026-05-12,2026-05-19,11370300,1
AR-INV-2026-000274,INV-2026-000274,AR,CUST-018,2026-04-04,2026-04-11,32050600,1
AR-INV-2026-000275,INV-2026-000275,AR,CUST-017,2026-05-27,2026-05-18,6078400,1
AP-RT-2026-000276,RT-2026-000276,AP,VEND-006,2026-04-13,2026-04-10,77982000,1
AP-VB-2026-000277,VB-2026-000277,AP,VEND-018,2026-04-27,2026-05-04,42189100,1
AR-INV-2026-000278,INV-2026-000278,AR,CUST-008,2026-05-14,2026-05-25,51238000,1
AR-INV-2026-000279,INV-2026-000279,AR,CUST-021,2026-05-29,2026-05-22,8403400,1
AR-INV-2026-000280,INV-2026-000280,AR,CUST-011,2026-04-29,2026-05-05,42876100,1
AR-INV-2026-000281,INV-2026-000281,AR,CUST-017,2026-05-29,2026-06-01,58717000,1
AR-INV-2026-000282,INV-2026-000282,AR,CUST-017,2026-05-29,2026-05-21,21283700,1
AR-INV-2026-000283,INV-2026-000283,AR,CUST-017,2026-05-29,2026-06-02,60321800,1
AR-INV-2026-000284,INV-2026-000284,AR,CUST-017,2026-05-29,2026-05-23,10238700,1
AR-INV-2026-000285,INV-2026-000285,AR,CUST-013,2026-04-29,2026-04-30,33640200,1
AR-INV-2026-000286,INV-2026-000286,AR,CUST-026,2026-04-06,2026-04-13,78831300,1
AR-INV-2026-000287,INV-2026-000287,AR,CUST-015,2026-04-06,2026-04-03,116894400,1
AR-INV-2026-000288,INV-2026-000288,AR,CUST-007,2026-04-14,2026-04-17,93205800,1
AR-INV-2026-000289,INV-2026-000289,AR,CUST-014,2026-04-29,2026-05-26,52890500,1
AR-INV-2026-000290,INV-2026-000290,AR,CUST-029,2026-04-06,2026-04-10,81594800,1
AR-INV-2026-000291,INV-2026-000291,AR,CUST-025,2026-04-06,1970-01-01,103442600,0
AR-INV-2026-000292,INV-2026-000292,AR,CUST-027,2026-05-14,2026-05-20,146303700,1
AP-RT-2026-000293,RT-2026-000293,AP,VEND-003,2026-05-29,2026-05-28,33085600,1
AP-RT-2026-000294,RT-2026-000294,AP,VEND-017,2026-05-14,2026-05-21,64816300,1
AP-RT-2026-000295,RT-2026-000295,AP,VEND-017,2026-05-14,2026-05-28,68403100,1
AP-VB-2026-000296,VB-2026-000296,AP,VEND-014,2026-05-29,2026-05-28,13470300,1
AP-RT-2026-000297,RT-2026-000297,AP,VEND-008,2026-05-29,2026-06-12,34576700,1
AP-VB-2026-000298,VB-2026-000298,AP,VEND-001,2026-04-29,2026-05-08,43225900,1
AP-RT-2026-000299,RT-2026-000299,AP,VEND-006,2026-04-14,2026-04-17,52639900,1
AP-RT-2026-000300,RT-2026-000300,AP,VEND-013,2026-05-14,2026-05-04,13298300,1
AP-RT-2026-000301,RT-2026-000301,AP,VEND-004,2026-04-14,2026-04-15,98001500,1
AR-INV-2026-000302,INV-2026-000302,AR,CUST-022,2026-04-30,1970-01-01,78718400,0
AR-INV-2026-000303,INV-2026-000303,AR,CUST-007,2026-04-15,2026-04-17,144170500,1
AR-INV-2026-000304,INV-2026-000304,AR,CUST-026,2026-04-07,2026-04-15,38828600,1
AR-INV-2026-000305,INV-2026-000305,AR,CUST-015,2026-04-07,2026-04-06,31973700,1
AR-INV-2026-000306,INV-2026-000306,AR,CUST-030,2026-04-30,2026-05-09,5349300,1
AR-INV-2026-000307,INV-2026-000307,AR,CUST-002,2026-05-15,2026-05-05,20367700,1
AR-INV-2026-000308,INV-2026-000308,AR,CUST-008,2026-05-15,2026-05-25,54754000,1
AR-INV-2026-000309,INV-2026-000309,AR,CUST-028,2026-05-15,2026-05-22,114637100,1
AR-INV-2026-000310,INV-2026-000310,AR,CUST-016,2026-04-15,2026-04-17,90078900,1
AR-INV-2026-000311,INV-2026-000311,AR,CUST-007,2026-04-15,1970-01-01,119840300,0
AR-INV-2026-000312,INV-2026-000312,AR,CUST-024,2026-05-30,2026-06-02,88133900,1
AR-INV-2026-000313,INV-2026-000313,AR,CUST-010,2026-04-07,2026-04-18,42399000,1
AR-INV-2026-000314,INV-2026-000314,AR,CUST-008,2026-05-15,2026-06-08,30640400,1
AP-VB-2026-000315,VB-2026-000315,AP,VEND-007,2026-04-15,2026-04-24,9247100,1
AP-RT-2026-000316,RT-2026-000316,AP,VEND-015,2026-05-30,2026-06-08,13670300,1
AP-VB-2026-000317,VB-2026-000317,AP,VEND-009,2026-04-15,2026-04-16,42681900,1
AP-RT-2026-000318,RT-2026-000318,AP,VEND-009,2026-04-15,2026-04-17,36848100,1
AP-RT-2026-000319,RT-2026-000319,AP,VEND-019,2026-04-15,2026-04-09,6334500,1
AP-RT-2026-000320,RT-2026-000320,AP,VEND-019,2026-04-15,2026-04-20,52552500,1
AR-INV-2026-000321,INV-2026-000321,AR,CUST-005,2026-05-01,2026-05-04,7104100,1
AR-INV-2026-000322,INV-2026-000322,AR,CUST-015,2026-04-08,1970-01-01,94660700,0
AR-INV-2026-000323,INV-2026-000323,AR,CUST-007,2026-04-16,2026-04-21,45110100,1
AR-INV-2026-000324,INV-2026-000324,AR,CUST-025,2026-04-08,2026-04-11,85864500,1
AR-INV-2026-000325,INV-2026-000325,AR,CUST-020,2026-05-16,2026-05-23,304552300,1
AR-INV-2026-000326,INV-2026-000326,AR,CUST-005,2026-05-01,2026-05-11,4568000,1
AR-INV-2026-000327,INV-2026-000327,AR,CUST-030,2026-05-01,2026-05-06,23206300,1
AR-INV-2026-000328,INV-2026-000328,AR,CUST-021,2026-06-01,2026-05-30,35682900,1
AR-INV-2026-000329,INV-2026-000329,AR,CUST-011,2026-05-01,2026-05-02,111907600,1
AP-RT-2026-000330,RT-2026-000330,AP,VEND-008,2026-06-01,2026-06-02,38292900,1
AP-RT-2026-000331,RT-2026-000331,AP,VEND-013,2026-05-16,2026-05-08,19470100,1
AP-VB-2026-000332,VB-2026-000332,AP,VEND-002,2026-05-01,2026-05-04,14158100,1
AP-RT-2026-000333,RT-2026-000333,AP,VEND-009,2026-04-16,2026-04-20,10383200,1
AP-RT-2026-000334,RT-2026-000334,AP,VEND-018,2026-05-01,2026-05-01,81531500,1
AR-INV-2026-000335,INV-2026-000335,AR,CUST-026,2026-04-09,2026-04-16,59176600,1
AR-INV-2026-000336,INV-2026-000336,AR,CUST-024,2026-06-01,2026-06-02,83985600,1
AR-INV-2026-000337,INV-2026-000337,AR,CUST-018,2026-04-09,2026-04-17,63594900,1
AR-INV-2026-000338,INV-2026-000338,AR,CUST-019,2026-05-02,2026-04-27,148446400,1
AR-INV-2026-000339,INV-2026-000339,AR,CUST-013,2026-05-02,2026-05-11,33586400,1
AP-VB-2026-000340,VB-2026-000340,AP,VEND-014,2026-06-01,2026-06-04,6870800,1
AP-VB-2026-000341,VB-2026-000341,AP,VEND-015,2026-06-01,2026-06-08,10834100,1
AR-INV-2026-000342,INV-2026-000342,AR,CUST-021,2026-06-02,2026-05-25,15095800,1
AR-INV-2026-000343,INV-2026-000343,AR,CUST-004,2026-05-18,2026-05-09,48680200,1
AR-INV-2026-000344,INV-2026-000344,AR,CUST-008,2026-05-18,2026-05-28,38094400,1
AR-INV-2026-000345,INV-2026-000345,AR,CUST-011,2026-05-04,2026-05-06,69876900,1
AR-INV-2026-000346,INV-2026-000346,AR,CUST-002,2026-05-18,2026-05-11,69322300,1
AR-INV-2026-000347,INV-2026-000347,AR,CUST-006,2026-05-04,2026-05-12,71595300,1
AR-INV-2026-000348,INV-2026-000348,AR,CUST-023,2026-05-04,2026-05-08,22464400,1
AR-INV-2026-000349,INV-2026-000349,AR,CUST-027,2026-05-18,2026-05-20,42369200,1
AR-INV-2026-000350,INV-2026-000350,AR,CUST-008,2026-05-18,2026-06-09,33055700,1
AP-RT-2026-000351,RT-2026-000351,AP,VEND-020,2026-05-18,2026-05-21,21555300,1
AP-RT-2026-000352,RT-2026-000352,AP,VEND-001,2026-05-04,2026-05-01,7879100,1
AP-RT-2026-000353,RT-2026-000353,AP,VEND-004,2026-04-18,2026-04-14,17633800,1
AP-VB-2026-000354,VB-2026-000354,AP,VEND-020,2026-05-18,2026-05-26,22415900,1
AP-RT-2026-000355,RT-2026-000355,AP,VEND-016,2026-06-02,2026-06-12,28110900,1
AP-VB-2026-000356,VB-2026-000356,AP,VEND-009,2026-04-18,2026-04-22,14983700,1
AP-VB-2026-000357,VB-2026-000357,AP,VEND-003,2026-06-02,2026-05-28,27211500,1
AP-VB-2026-000358,VB-2026-000358,AP,VEND-022,2026-05-19,2026-05-18,61577500,1
AP-VB-2026-000359,VB-2026-000359,AP,VEND-017,2026-05-19,2026-05-07,66496100,1
AP-VB-2026-000360,VB-2026-000360,AP,VEND-018,2026-05-04,2026-05-23,31172300,1
AP-VB-2026-000361,VB-2026-000361,AP,VEND-006,2026-04-20,2026-04-27,25365700,1
AR-INV-2026-000362,INV-2026-000362,AR,CUST-001,2026-05-21,2026-06-01,50903700,1
AR-INV-2026-000363,INV-2026-000363,AR,CUST-005,2026-05-06,2026-05-18,5781500,1
AR-INV-2026-000364,INV-2026-000364,AR,CUST-028,2026-05-21,2026-05-16,70129300,1
AR-INV-2026-000365,INV-2026-000365,AR,CUST-023,2026-05-06,2026-05-07,14454100,1
AR-INV-2026-000366,INV-2026-000366,AR,CUST-021,2026-06-05,2026-05-16,37580300,1
AR-INV-2026-000367,INV-2026-000367,AR,CUST-019,2026-05-06,2026-05-05,48820400,1
AR-INV-2026-000368,INV-2026-000368,AR,CUST-025,2026-04-13,2026-04-13,44579100,1
AR-INV-2026-000369,INV-2026-000369,AR,CUST-004,2026-05-21,2026-05-16,93462400,1
AR-INV-2026-000370,INV-2026-000370,AR,CUST-012,2026-04-21,1970-01-01,55895500,0
AP-RT-2026-000371,RT-2026-000371,AP,VEND-022,2026-05-21,2026-05-27,24237200,1
AP-RT-2026-000372,RT-2026-000372,AP,VEND-012,2026-06-05,2026-05-21,28392000,1
AP-RT-2026-000373,RT-2026-000373,AP,VEND-018,2026-05-06,2026-05-02,35599300,1
AP-RT-2026-000374,RT-2026-000374,AP,VEND-016,2026-06-05,2026-06-22,25337600,1
AP-RT-2026-000375,RT-2026-000375,AP,VEND-004,2026-04-21,2026-04-23,23958800,1
AP-VB-2026-000376,VB-2026-000376,AP,VEND-006,2026-04-21,2026-04-22,56129600,1
AR-INV-2026-000377,INV-2026-000377,AR,CUST-024,2026-06-06,2026-06-05,103545500,1
AR-INV-2026-000378,INV-2026-000378,AR,CUST-007,2026-04-22,2026-04-21,137908700,1
AR-INV-2026-000379,INV-2026-000379,AR,CUST-006,2026-05-07,2026-05-22,362034700,1
AR-INV-2026-000380,INV-2026-000380,AR,CUST-030,2026-05-07,2026-05-14,132129100,1
AR-INV-2026-000381,INV-2026-000381,AR,CUST-019,2026-05-07,1970-01-01,13787500,0
AR-INV-2026-000382,INV-2026-000382,AR,CUST-020,2026-05-22,2026-05-27,40791000,1
AR-INV-2026-000383,INV-2026-000383,AR,CUST-017,2026-06-06,2026-05-29,27841700,1
AR-INV-2026-000384,INV-2026-000384,AR,CUST-010,2026-04-14,1970-01-01,17082700,0
AR-INV-2026-000385,INV-2026-000385,AR,CUST-017,2026-06-06,2026-06-06,14530700,1
AP-RT-2026-000386,RT-2026-000386,AP,VEND-020,2026-05-22,2026-06-01,29425300,1
AP-VB-2026-000387,VB-2026-000387,AP,VEND-001,2026-05-07,2026-05-11,13337800,1
AP-VB-2026-000388,VB-2026-000388,AP,VEND-022,2026-05-22,2026-05-18,10995000,1
AP-RT-2026-000389,RT-2026-000389,AP,VEND-008,2026-06-06,2026-06-08,34606000,1
AR-INV-2026-000390,INV-2026-000390,AR,CUST-023,2026-05-08,2026-05-08,37180100,1
AR-INV-2026-000391,INV-2026-000391,AR,CUST-014,2026-05-08,2026-05-26,39619200,1
AR-INV-2026-000392,INV-2026-000392,AR,CUST-007,2026-04-23,2026-04-21,32981200,1
AR-INV-2026-000393,INV-2026-000393,AR,CUST-009,2026-06-08,2026-06-17,25175000,1
AR-INV-2026-000394,INV-2026-000394,AR,CUST-011,2026-05-08,2026-05-12,29549100,1
AR-INV-2026-000395,INV-2026-000395,AR,CUST-015,2026-04-15,2026-04-20,40349200,1
AR-INV-2026-000396,INV-2026-000396,AR,CUST-029,2026-04-15,2026-04-16,30937900,1
AR-INV-2026-000397,INV-2026-000397,AR,CUST-006,2026-05-08,2026-05-19,9189900,1
AP-RT-2026-000398,RT-2026-000398,AP,VEND-013,2026-05-23,2026-05-29,6634800,1
AP-VB-2026-000399,VB-2026-000399,AP,VEND-021,2026-05-08,2026-05-12,64268300,1
AP-VB-2026-000400,VB-2026-000400,AP,VEND-010,2026-05-08,2026-05-11,44130700,1
AP-RT-2026-000401,RT-2026-000401,AP,VEND-019,2026-04-23,2026-05-04,37715700,1
AP-RT-2026-000402,RT-2026-000402,AP,VEND-020,2026-05-23,2026-05-30,40930000,1
AP-VB-2026-000403,VB-2026-000403,AP,VEND-013,2026-05-23,2026-05-09,37914800,1
AP-VB-2026-000404,VB-2026-000404,AP,VEND-013,2026-05-23,2026-06-06,83486700,1
AR-INV-2026-000405,INV-2026-000405,AR,CUST-011,2026-05-09,2026-05-11,25730800,1
AR-INV-2026-000406,INV-2026-000406,AR,CUST-020,2026-05-25,2026-06-01,14483000,1
AR-INV-2026-000407,INV-2026-000407,AR,CUST-029,2026-04-16,2026-04-27,228641500,1
AR-INV-2026-000408,INV-2026-000408,AR,CUST-017,2026-06-08,2026-06-13,18632700,1
AR-INV-2026-000409,INV-2026-000409,AR,CUST-008,2026-05-25,2026-05-30,158467200,1
AR-INV-2026-000410,INV-2026-000410,AR,CUST-003,2026-06-08,2026-06-22,24353600,1
AR-INV-2026-000411,INV-2026-000411,AR,CUST-008,2026-05-25,2026-06-06,79195500,1
AR-INV-2026-000412,INV-2026-000412,AR,CUST-022,2026-05-09,2026-05-15,25766200,1
AP-RT-2026-000413,RT-2026-000413,AP,VEND-012,2026-06-08,2026-06-01,47954400,1
AP-RT-2026-000414,RT-2026-000414,AP,VEND-007,2026-04-24,2026-05-01,32701900,1
AP-VB-2026-000415,VB-2026-000415,AP,VEND-003,2026-06-08,2026-06-03,30502200,1
AP-VB-2026-000416,VB-2026-000416,AP,VEND-004,2026-04-24,2026-04-11,45497600,1
AP-RT-2026-000417,RT-2026-000417,AP,VEND-001,2026-05-09,2026-05-09,10908500,1
AP-RT-2026-000418,RT-2026-000418,AP,VEND-005,2026-05-09,2026-05-16,41890000,1
AP-VB-2026-000419,VB-2026-000419,AP,VEND-009,2026-04-24,2026-04-24,23254000,1
AP-RT-2026-000420,RT-2026-000420,AP,VEND-014,2026-06-08,2026-06-17,10026600,1
AR-INV-2026-000421,INV-2026-000421,AR,CUST-017,2026-06-09,2026-06-06,21496000,1
AR-INV-2026-000422,INV-2026-000422,AR,CUST-005,2026-05-11,2026-05-05,23448100,1
AR-INV-2026-000423,INV-2026-000423,AR,CUST-018,2026-04-17,2026-04-24,85009900,1
AR-INV-2026-000424,INV-2026-000424,AR,CUST-007,2026-04-25,2026-05-04,55960100,1
AR-INV-2026-000425,INV-2026-000425,AR,CUST-028,2026-05-25,2026-05-21,45256400,1
AR-INV-2026-000426,INV-2026-000426,AR,CUST-009,2026-06-09,2026-06-15,25256100,1
AR-INV-2026-000427,INV-2026-000427,AR,CUST-018,2026-04-17,2026-04-27,88051300,1
AR-INV-2026-000428,INV-2026-000428,AR,CUST-005,2026-05-11,2026-05-13,25637700,1
AP-VB-2026-000429,VB-2026-000429,AP,VEND-019,2026-04-25,2026-04-28,162161900,1
AP-RT-2026-000430,RT-2026-000430,AP,VEND-011,2026-05-11,2026-05-18,35267500,1
AP-RT-2026-000431,RT-2026-000431,AP,VEND-001,2026-05-11,2026-05-15,29909900,1
AP-VB-2026-000432,VB-2026-000432,AP,VEND-019,2026-04-25,2026-04-28,46563400,1
AP-VB-2026-000433,VB-2026-000433,AP,VEND-019,2026-04-25,2026-04-15,103756300,1
AP-RT-2026-000434,RT-2026-000434,AP,VEND-015,2026-06-09,2026-06-05,11870600,1
AP-RT-2026-000435,RT-2026-000435,AP,VEND-017,2026-05-25,2026-06-01,18841300,1
AR-INV-2026-000436,INV-2026-000436,AR,CUST-017,2026-06-10,2026-06-09,12173600,1
AP-VB-2026-000437,VB-2026-000437,AP,VEND-019,2026-04-27,1970-01-01,34216100,0
AP-RT-2026-000438,RT-2026-000438,AP,VEND-019,2026-04-27,2026-05-02,14550700,1
AP-RT-2026-000439,RT-2026-000439,AP,VEND-019,2026-04-27,2026-05-06,31082600,1
AP-VB-2026-000440,VB-2026-000440,AP,VEND-007,2026-04-27,2026-05-04,71580500,1
AR-INV-2026-000441,INV-2026-000441,AR,CUST-010,2026-04-20,1970-01-01,28078400,0
AR-INV-2026-000442,INV-2026-000442,AR,CUST-017,2026-06-12,2026-06-09,23048200,1
AR-INV-2026-000443,INV-2026-000443,AR,CUST-001,2026-05-28,2026-06-01,69759200,1
AR-INV-2026-000444,INV-2026-000444,AR,CUST-019,2026-05-13,2026-05-12,29852800,1
AR-INV-2026-000445,INV-2026-000445,AR,CUST-013,2026-05-13,2026-05-16,73199100,1
AR-INV-2026-000446,INV-2026-000446,AR,CUST-026,2026-04-20,2026-05-02,60958400,1
AP-VB-2026-000447,VB-2026-000447,AP,VEND-005,2026-05-13,2026-05-20,24636900,1
AP-RT-2026-000448,RT-2026-000448,AP,VEND-017,2026-05-28,2026-06-06,56559400,1
AR-INV-2026-000449,INV-2026-000449,AR,CUST-027,2026-05-29,2026-06-08,59163000,1
AR-INV-2026-000450,INV-2026-000450,AR,CUST-028,2026-05-29,2026-05-29,124453600,1
AR-INV-2026-000451,INV-2026-000451,AR,CUST-013,2026-05-14,1970-01-01,95476200,0
AR-INV-2026-000452,INV-2026-000452,AR,CUST-012,2026-04-29,2026-05-11,45875300,1
AR-INV-2026-000453,INV-2026-000453,AR,CUST-011,2026-05-14,2026-05-16,45678000,1
AR-INV-2026-000454,INV-2026-000454,AR,CUST-020,2026-05-29,2026-06-09,80504700,1
AR-INV-2026-000455,INV-2026-000455,AR,CUST-013,2026-05-14,2026-05-16,8973100,1
AP-RT-2026-000456,RT-2026-000456,AP,VEND-001,2026-05-14,2026-05-21,26414500,1
AP-RT-2026-000457,RT-2026-000457,AP,VEND-006,2026-04-29,2026-04-29,39748000,1
AP-VB-2026-000458,VB-2026-000458,AP,VEND-018,2026-05-14,2026-05-16,46511000,1
AR-INV-2026-000459,INV-2026-000459,AR,CUST-027,2026-05-30,2026-06-01,204547100,1
AR-INV-2026-000460,INV-2026-000460,AR,CUST-030,2026-05-15,2026-05-26,177531200,1
AR-INV-2026-000461,INV-2026-000461,AR,CUST-010,2026-04-22,2026-04-18,25732100,1
AR-INV-2026-000462,INV-2026-000462,AR,CUST-024,2026-06-15,2026-06-17,28000900,1
AR-INV-2026-000463,INV-2026-000463,AR,CUST-020,2026-05-30,2026-06-22,174476600,1
AR-INV-2026-000464,INV-2026-000464,AR,CUST-005,2026-05-15,2026-05-14,15055500,1
AR-INV-2026-000465,INV-2026-000465,AR,CUST-012,2026-04-30,2026-05-04,40530400,1
AR-INV-2026-000466,INV-2026-000466,AR,CUST-030,2026-05-15,2026-05-25,123495700,1
AR-INV-2026-000467,INV-2026-000467,AR,CUST-019,2026-05-15,2026-05-23,35557500,1
AR-INV-2026-000468,INV-2026-000468,AR,CUST-005,2026-05-15,2026-05-20,21208200,1
AP-VB-2026-000469,VB-2026-000469,AP,VEND-006,2026-04-30,2026-04-25,29724600,1
AP-VB-2026-000470,VB-2026-000470,AP,VEND-014,2026-06-15,2026-06-23,13104600,1
AP-RT-2026-000471,RT-2026-000471,AP,VEND-009,2026-04-30,2026-05-04,11248900,1
AP-RT-2026-000472,RT-2026-000472,AP,VEND-010,2026-05-15,2026-05-25,46898300,1
AP-VB-2026-000473,VB-2026-000473,AP,VEND-012,2026-06-15,2026-06-19,95296500,1
AP-VB-2026-000474,VB-2026-000474,AP,VEND-014,2026-06-15,2026-06-15,10323200,1
AP-VB-2026-000475,VB-2026-000475,AP,VEND-010,2026-05-15,2026-05-21,55556200,1
AP-RT-2026-000476,RT-2026-000476,AP,VEND-001,2026-05-15,2026-05-15,26796100,1
AP-RT-2026-000477,RT-2026-000477,AP,VEND-016,2026-06-15,2026-06-24,122903400,1
AR-INV-2026-000478,INV-2026-000478,AR,CUST-010,2026-04-23,2026-04-20,5632500,1
AR-INV-2026-000479,INV-2026-000479,AR,CUST-020,2026-06-01,2026-06-06,61755900,1
AR-INV-2026-000480,INV-2026-000480,AR,CUST-027,2026-06-01,2026-06-03,201645200,1
AR-INV-2026-000481,INV-2026-000481,AR,CUST-022,2026-05-16,1970-01-01,223488800,0
AR-INV-2026-000482,INV-2026-000482,AR,CUST-026,2026-04-23,2026-05-05,34202800,1
AR-INV-2026-000483,INV-2026-000483,AR,CUST-012,2026-05-01,2026-05-06,19371700,1
AR-INV-2026-000484,INV-2026-000484,AR,CUST-012,2026-05-01,2026-05-09,25477800,1
AP-VB-2026-000485,VB-2026-000485,AP,VEND-010,2026-05-16,2026-05-27,15184100,1
AP-RT-2026-000486,RT-2026-000486,AP,VEND-005,2026-05-16,2026-05-09,38011400,1
AP-VB-2026-000487,VB-2026-000487,AP,VEND-011,2026-05-16,2026-05-20,43151700,1
AP-VB-2026-000488,VB-2026-000488,AP,VEND-016,2026-06-15,2026-06-17,11806900,1
AP-RT-2026-000489,RT-2026-000489,AP,VEND-015,2026-06-15,2026-06-18,99143000,1
AR-INV-2026-000490,INV-2026-000490,AR,CUST-020,2026-06-01,2026-06-10,50521900,1
AR-INV-2026-000491,INV-2026-000491,AR,CUST-009,2026-06-16,2026-06-19,45495100,1
AR-INV-2026-000492,INV-2026-000492,AR,CUST-007,2026-05-02,2026-05-04,75609200,1
AR-INV-2026-000493,INV-2026-000493,AR,CUST-029,2026-04-24,2026-04-28,29074200,1
AR-INV-2026-000494,INV-2026-000494,AR,CUST-017,2026-06-16,2026-06-02,28640000,1
AR-INV-2026-000495,INV-2026-000495,AR,CUST-030,2026-05-18,2026-05-29,600000000,1
AR-INV-2026-000496,INV-2026-000496,AR,CUST-029,2026-04-24,2026-04-29,102160800,1
AR-INV-2026-000497,INV-2026-000497,AR,CUST-016,2026-05-02,2026-04-30,36519800,1
AP-VB-2026-000498,VB-2026-000498,AP,VEND-001,2026-05-18,2026-05-21,66461600,1
AP-RT-2026-000499,RT-2026-000499,AP,VEND-007,2026-05-02,2026-05-11,45422100,1
AP-VB-2026-000500,VB-2026-000500,AP,VEND-014,2026-06-16,2026-06-12,8044800,1
AP-RT-2026-000501,RT-2026-000501,AP,VEND-002,2026-05-18,2026-05-25,167240900,1
AP-VB-2026-000502,VB-2026-000502,AP,VEND-013,2026-06-01,2026-06-05,52892300,1
AP-RT-2026-000503,RT-2026-000503,AP,VEND-003,2026-06-16,2026-06-08,14904400,1
AR-INV-2026-000504,INV-2026-000504,AR,CUST-025,2026-04-25,2026-04-27,95167400,1
AR-INV-2026-000505,INV-2026-000505,AR,CUST-015,2026-04-25,2026-04-27,16806200,1
AR-INV-2026-000506,INV-2026-000506,AR,CUST-029,2026-04-25,2026-05-09,82022300,1
AP-VB-2026-000507,VB-2026-000507,AP,VEND-015,2026-06-17,2026-06-17,14320900,1
AR-INV-2026-000508,INV-2026-000508,AR,CUST-020,2026-06-03,2026-06-09,11710000,1
AP-VB-2026-000509,VB-2026-000509,AP,VEND-003,2026-06-18,2026-06-22,68531800,1
AP-RT-2026-000510,RT-2026-000510,AP,VEND-007,2026-05-04,2026-05-12,100688600,1
AP-RT-2026-000511,RT-2026-000511,AP,VEND-001,2026-05-19,2026-05-25,63125200,1
AP-RT-2026-000512,RT-2026-000512,AP,VEND-016,2026-06-18,2026-07-01,16022400,1
AP-RT-2026-000513,RT-2026-000513,AP,VEND-016,2026-06-18,2026-06-22,78261800,1
AR-INV-2026-000514,INV-2026-000514,AR,CUST-010,2026-04-27,2026-05-25,4000300,1
AR-INV-2026-000515,INV-2026-000515,AR,CUST-021,2026-06-19,2026-05-27,9286800,1
AR-INV-2026-000516,INV-2026-000516,AR,CUST-009,2026-06-19,2026-06-20,18018100,1
AR-INV-2026-000517,INV-2026-000517,AR,CUST-016,2026-05-05,2026-05-08,65581600,1
AR-INV-2026-000518,INV-2026-000518,AR,CUST-019,2026-05-20,2026-05-22,30998900,1
AP-VB-2026-000519,VB-2026-000519,AP,VEND-003,2026-06-19,2026-07-03,6974300,1
AP-RT-2026-000520,RT-2026-000520,AP,VEND-012,2026-06-19,2026-07-08,38021500,1
AP-VB-2026-000521,VB-2026-000521,AP,VEND-013,2026-06-04,2026-06-15,19990100,1
AP-RT-2026-000522,RT-2026-000522,AP,VEND-017,2026-06-04,2026-06-17,47145400,1
AR-INV-2026-000523,INV-2026-000523,AR,CUST-023,2026-05-21,2026-05-11,6560500,1
AR-INV-2026-000524,INV-2026-000524,AR,CUST-012,2026-05-06,2026-05-11,18609400,1
AR-INV-2026-000525,INV-2026-000525,AR,CUST-011,2026-05-21,2026-05-25,78505800,1
AR-INV-2026-000526,INV-2026-000526,AR,CUST-024,2026-06-20,1970-01-01,23899400,0
AR-INV-2026-000527,INV-2026-000527,AR,CUST-005,2026-05-21,2026-05-25,43736000,1
AR-INV-2026-000528,INV-2026-000528,AR,CUST-007,2026-05-06,2026-05-15,148532900,1
AR-INV-2026-000529,INV-2026-000529,AR,CUST-029,2026-04-28,2026-05-07,39312900,1
AP-VB-2026-000530,VB-2026-000530,AP,VEND-010,2026-05-21,2026-05-23,26432400,1
AP-RT-2026-000531,RT-2026-000531,AP,VEND-019,2026-05-06,2026-05-14,41917800,1
AP-RT-2026-000532,RT-2026-000532,AP,VEND-007,2026-05-06,2026-05-13,15480700,1
AP-VB-2026-000533,VB-2026-000533,AP,VEND-016,2026-06-20,2026-07-03,25023700,1
AR-INV-2026-000534,INV-2026-000534,AR,CUST-011,2026-05-22,2026-05-21,48162000,1
AR-INV-2026-000535,INV-2026-000535,AR,CUST-017,2026-06-22,2026-06-23,12139800,1
AR-INV-2026-000536,INV-2026-000536,AR,CUST-005,2026-05-22,2026-06-02,33955100,1
AR-INV-2026-000537,INV-2026-000537,AR,CUST-016,2026-05-07,2026-05-13,49383700,1
AR-INV-2026-000538,INV-2026-000538,AR,CUST-018,2026-04-29,2026-05-11,77415500,1
AR-INV-2026-000539,INV-2026-000539,AR,CUST-022,2026-05-22,2026-06-01,90832000,1
AR-INV-2026-000540,INV-2026-000540,AR,CUST-022,2026-05-22,2026-05-30,99190900,1
AP-RT-2026-000541,RT-2026-000541,AP,VEND-018,2026-05-22,2026-05-19,69286100,1
AP-VB-2026-000542,VB-2026-000542,AP,VEND-007,2026-05-07,2026-05-20,9427500,1
AP-VB-2026-000543,VB-2026-000543,AP,VEND-002,2026-05-22,2026-05-23,63687800,1
AP-RT-2026-000544,RT-2026-000544,AP,VEND-008,2026-06-22,2026-06-29,28718500,1
AR-INV-2026-000545,INV-2026-000545,AR,CUST-024,2026-06-22,2026-06-27,37474100,1
AR-INV-2026-000546,INV-2026-000546,AR,CUST-022,2026-05-23,2026-05-30,83713800,1
AR-INV-2026-000547,INV-2026-000547,AR,CUST-012,2026-05-08,2026-05-12,81819200,1
AR-INV-2026-000548,INV-2026-000548,AR,CUST-008,2026-06-08,2026-06-27,43338800,1
AR-INV-2026-000549,INV-2026-000549,AR,CUST-014,2026-05-23,2026-05-26,17272100,1
AR-INV-2026-000550,INV-2026-000550,AR,CUST-007,2026-05-08,2026-05-08,11794900,1
AP-RT-2026-000551,RT-2026-000551,AP,VEND-013,2026-06-08,2026-06-10,44203600,1
AP-RT-2026-000552,RT-2026-000552,AP,VEND-020,2026-06-08,2026-06-12,27308600,1
AP-VB-2026-000553,VB-2026-000553,AP,VEND-021,2026-05-23,2026-05-27,60253300,1
AP-VB-2026-000554,VB-2026-000554,AP,VEND-002,2026-05-23,2026-05-25,9607700,1
AP-RT-2026-000555,RT-2026-000555,AP,VEND-011,2026-05-23,2026-05-25,43465100,1
AR-INV-2026-000556,INV-2026-000556,AR,CUST-002,2026-06-08,2026-06-15,102922800,1
AR-INV-2026-000557,INV-2026-000557,AR,CUST-013,2026-05-25,2026-05-26,13483000,1
AR-INV-2026-000558,INV-2026-000558,AR,CUST-014,2026-05-25,2026-05-25,19425700,1
AR-INV-2026-000559,INV-2026-000559,AR,CUST-015,2026-05-01,2026-05-01,62592000,1
AR-INV-2026-000560,INV-2026-000560,AR,CUST-012,2026-05-09,2026-05-18,44520900,1
AR-INV-2026-000561,INV-2026-000561,AR,CUST-002,2026-06-08,2026-06-02,25415000,1
AR-INV-2026-000562,INV-2026-000562,AR,CUST-018,2026-05-01,2026-05-22,81450700,1
AR-INV-2026-000563,INV-2026-000563,AR,CUST-013,2026-05-25,2026-06-01,13050600,1
AP-RT-2026-000564,RT-2026-000564,AP,VEND-006,2026-05-09,2026-05-05,25958300,1
AP-RT-2026-000565,RT-2026-000565,AP,VEND-003,2026-06-23,2026-06-22,96355500,1
AP-RT-2026-000566,RT-2026-000566,AP,VEND-008,2026-06-23,2026-06-20,44314800,1
AP-VB-2026-000567,VB-2026-000567,AP,VEND-009,2026-05-09,2026-05-13,23985900,1
AP-VB-2026-000568,VB-2026-000568,AP,VEND-007,2026-05-09,2026-05-18,36382500,1
AP-RT-2026-000569,RT-2026-000569,AP,VEND-016,2026-06-23,2026-06-25,31043900,1
AP-RT-2026-000570,RT-2026-000570,AP,VEND-008,2026-06-23,2026-06-27,96907000,1
AR-INV-2026-000571,INV-2026-000571,AR,CUST-001,2026-06-09,2026-06-09,409186600,1
AR-INV-2026-000572,INV-2026-000572,AR,CUST-029,2026-05-02,2026-05-18,31030000,1
AR-INV-2026-000573,INV-2026-000573,AR,CUST-019,2026-05-25,2026-05-16,24352200,1
AP-VB-2026-000574,VB-2026-000574,AP,VEND-002,2026-05-25,2026-05-27,19764800,1
AP-VB-2026-000575,VB-2026-000575,AP,VEND-016,2026-06-24,2026-07-07,8943900,1
AP-VB-2026-000576,VB-2026-000576,AP,VEND-013,2026-06-09,2026-06-15,15715400,1
AR-INV-2026-000577,INV-2026-000577,AR,CUST-022,2026-05-27,2026-06-01,159341900,1
AR-INV-2026-000578,INV-2026-000578,AR,CUST-004,2026-06-11,2026-06-15,37283500,1
AR-INV-2026-000579,INV-2026-000579,AR,CUST-016,2026-05-12,2026-05-16,172277800,1
AR-INV-2026-000580,INV-2026-000580,AR,CUST-011,2026-05-27,2026-05-23,88536800,1
AR-INV-2026-000581,INV-2026-000581,AR,CUST-002,2026-06-11,2026-06-05,23262700,1
AR-INV-2026-000582,INV-2026-000582,AR,CUST-015,2026-05-04,2026-05-06,60449000,1
AR-INV-2026-000583,INV-2026-000583,AR,CUST-011,2026-05-27,2026-05-28,48967300,1
AR-INV-2026-000584,INV-2026-000584,AR,CUST-021,2026-06-26,2026-06-30,21543600,1
AP-RT-2026-000585,RT-2026-000585,AP,VEND-010,2026-05-27,2026-06-13,35632300,1
AP-RT-2026-000586,RT-2026-000586,AP,VEND-011,2026-05-27,1970-01-01,70665800,0
AP-RT-2026-000587,RT-2026-000587,AP,VEND-016,2026-06-26,2026-07-02,12767400,1
AP-VB-2026-000588,VB-2026-000588,AP,VEND-008,2026-06-26,2026-07-01,90234000,1
AP-VB-2026-000589,VB-2026-000589,AP,VEND-012,2026-06-26,2026-06-29,45237700,1
AP-RT-2026-000590,RT-2026-000590,AP,VEND-011,2026-05-27,2026-05-25,36871500,1
AP-RT-2026-000591,RT-2026-000591,AP,VEND-015,2026-06-26,2026-07-01,17811100,1
AP-VB-2026-000592,VB-2026-000592,AP,VEND-011,2026-05-27,2026-06-05,79864200,1
AR-INV-2026-000593,INV-2026-000593,AR,CUST-013,2026-05-28,2026-05-29,5370400,1
AR-INV-2026-000594,INV-2026-000594,AR,CUST-016,2026-05-13,2026-05-18,41456400,1
AR-INV-2026-000595,INV-2026-000595,AR,CUST-028,2026-06-12,2026-06-22,60317700,1
AR-INV-2026-000596,INV-2026-000596,AR,CUST-015,2026-05-05,2026-05-08,14241300,1
AR-INV-2026-000597,INV-2026-000597,AR,CUST-002,2026-06-12,2026-05-27,114513100,1
AR-INV-2026-000598,INV-2026-000598,AR,CUST-019,2026-05-28,2026-05-18,27203500,1
AR-INV-2026-000599,INV-2026-000599,AR,CUST-023,2026-05-28,2026-05-23,16316700,1
AP-VB-2026-000600,VB-2026-000600,AP,VEND-001,2026-05-28,2026-05-30,38717900,1
AP-VB-2026-000601,VB-2026-000601,AP,VEND-019,2026-05-13,2026-05-13,94453000,1
AP-VB-2026-000602,VB-2026-000602,AP,VEND-021,2026-05-28,2026-06-01,37012300,1
AP-VB-2026-000603,VB-2026-000603,AP,VEND-007,2026-05-13,2026-05-19,43347700,1
AR-INV-2026-000604,INV-2026-000604,AR,CUST-004,2026-06-13,2026-06-18,40553800,1
AR-INV-2026-000605,INV-2026-000605,AR,CUST-013,2026-05-29,2026-05-26,80381200,1
AR-INV-2026-000606,INV-2026-000606,AR,CUST-011,2026-05-29,2026-05-27,18378100,1
AR-INV-2026-000607,INV-2026-000607,AR,CUST-027,2026-06-13,1970-01-01,38156400,0
AR-INV-2026-000608,INV-2026-000608,AR,CUST-029,2026-05-06,2026-05-22,89294300,1
AR-INV-2026-000609,INV-2026-000609,AR,CUST-019,2026-05-29,2026-05-27,75236600,1
AR-INV-2026-000610,INV-2026-000610,AR,CUST-012,2026-05-14,2026-05-15,44561300,1
AR-INV-2026-000611,INV-2026-000611,AR,CUST-029,2026-05-06,2026-05-18,90773400,1
AR-INV-2026-000612,INV-2026-000612,AR,CUST-027,2026-06-13,2026-06-19,51927600,1
AR-INV-2026-000613,INV-2026-000613,AR,CUST-021,2026-06-29,2026-06-29,16067900,1
AR-INV-2026-000614,INV-2026-000614,AR,CUST-025,2026-05-06,1970-01-01,80980000,0
AR-INV-2026-000615,INV-2026-000615,AR,CUST-012,2026-05-14,2026-05-18,63990400,1
AP-RT-2026-000616,RT-2026-000616,AP,VEND-016,2026-06-29,2026-07-04,11411900,1
AP-RT-2026-000617,RT-2026-000617,AP,VEND-017,2026-06-13,2026-06-15,20015800,1
AP-RT-2026-000618,RT-2026-000618,AP,VEND-016,2026-06-29,2026-07-09,24065200,1
AP-VB-2026-000619,VB-2026-000619,AP,VEND-020,2026-06-13,2026-06-22,40268500,1
AP-VB-2026-000620,VB-2026-000620,AP,VEND-020,2026-06-13,2026-06-06,31044900,1
AP-VB-2026-000621,VB-2026-000621,AP,VEND-013,2026-06-13,2026-06-05,30087900,1
AP-RT-2026-000622,RT-2026-000622,AP,VEND-008,2026-06-29,2026-06-29,24608900,1
AP-VB-2026-000623,VB-2026-000623,AP,VEND-016,2026-06-29,2026-07-08,14005700,1
AR-INV-2026-000624,INV-2026-000624,AR,CUST-007,2026-05-15,2026-05-18,26507000,1
AR-INV-2026-000625,INV-2026-000625,AR,CUST-022,2026-05-30,1970-01-01,143016200,0
AR-INV-2026-000626,INV-2026-000626,AR,CUST-023,2026-05-30,2026-06-08,31363300,1
AR-INV-2026-000627,INV-2026-000627,AR,CUST-010,2026-05-07,2026-05-25,13242600,1
AR-INV-2026-000628,INV-2026-000628,AR,CUST-023,2026-05-30,2026-06-11,55123800,1
AR-INV-2026-000629,INV-2026-000629,AR,CUST-026,2026-05-07,2026-04-30,85436400,1
AR-INV-2026-000630,INV-2026-000630,AR,CUST-002,2026-06-15,2026-06-23,56214100,1
AR-INV-2026-000631,INV-2026-000631,AR,CUST-015,2026-05-07,2026-05-11,41856700,1
AR-INV-2026-000632,INV-2026-000632,AR,CUST-016,2026-05-15,2026-05-23,75791100,1
AP-RT-2026-000633,RT-2026-000633,AP,VEND-002,2026-05-30,2026-06-02,21992400,1
AP-VB-2026-000634,VB-2026-000634,AP,VEND-022,2026-06-15,2026-06-13,23524400,1
AP-VB-2026-000635,VB-2026-000635,AP,VEND-017,2026-06-15,2026-06-29,23401500,1
AP-VB-2026-000636,VB-2026-000636,AP,VEND-005,2026-05-30,2026-06-05,34609600,1
AP-RT-2026-000637,RT-2026-000637,AP,VEND-004,2026-05-15,2026-05-16,32934600,1
AR-INV-2026-000638,INV-2026-000638,AR,CUST-015,2026-05-08,2026-05-04,26714300,1
AR-INV-2026-000639,INV-2026-000639,AR,CUST-021,2026-06-30,2026-06-27,10596800,1
AR-INV-2026-000640,INV-2026-000640,AR,CUST-007,2026-05-16,2026-05-18,20871900,1
AR-INV-2026-000641,INV-2026-000641,AR,CUST-007,2026-05-16,2026-05-18,21350300,1
AR-INV-2026-000642,INV-2026-000642,AR,CUST-028,2026-06-15,2026-06-04,69439400,1
AR-INV-2026-000643,INV-2026-000643,AR,CUST-020,2026-06-15,2026-06-15,174955400,1
AR-INV-2026-000644,INV-2026-000644,AR,CUST-018,2026-05-08,2026-05-22,79071900,1
AR-INV-2026-000645,INV-2026-000645,AR,CUST-030,2026-06-01,2026-06-05,14835800,1
AR-INV-2026-000646,INV-2026-000646,AR,CUST-023,2026-06-01,2026-06-11,13242700,1
AR-INV-2026-000647,INV-2026-000647,AR,CUST-024,2026-06-30,2026-06-29,14479300,1
AR-INV-2026-000648,INV-2026-000648,AR,CUST-028,2026-06-15,2026-06-18,112932100,1
AR-INV-2026-000649,INV-2026-000649,AR,CUST-009,2026-06-30,2026-07-29,28917700,1
AR-INV-2026-000650,INV-2026-000650,AR,CUST-013,2026-06-01,2026-06-04,12504900,1
AP-VB-2026-000651,VB-2026-000651,AP,VEND-003,2026-06-30,2026-06-22,33265800,1
AP-RT-2026-000652,RT-2026-000652,AP,VEND-022,2026-06-15,2026-06-12,30006400,1
AP-RT-2026-000653,RT-2026-000653,AP,VEND-008,2026-06-30,2026-07-27,56309400,1
AP-VB-2026-000654,VB-2026-000654,AP,VEND-007,2026-05-16,2026-05-23,44682000,1
AP-VB-2026-000655,VB-2026-000655,AP,VEND-019,2026-05-16,2026-05-23,13948700,1
AP-VB-2026-000656,VB-2026-000656,AP,VEND-004,2026-05-16,2026-05-18,44294200,1
AP-VB-2026-000657,VB-2026-000657,AP,VEND-005,2026-06-01,2026-06-11,29241900,1
AR-INV-2026-000658,INV-2026-000658,AR,CUST-030,2026-06-01,2026-06-11,198501300,1
AR-INV-2026-000659,INV-2026-000659,AR,CUST-020,2026-06-16,2026-06-16,6037600,1
AP-VB-2026-000660,VB-2026-000660,AP,VEND-018,2026-06-01,2026-06-02,84337300,1
AP-RT-2026-000661,RT-2026-000661,AP,VEND-008,2026-07-01,2026-07-07,31142300,1
AR-INV-2026-000662,INV-2026-000662,AR,CUST-005,2026-06-03,2026-05-25,23743800,1
AR-INV-2026-000663,INV-2026-000663,AR,CUST-016,2026-05-19,2026-05-22,18201400,1
AR-INV-2026-000664,INV-2026-000664,AR,CUST-016,2026-05-19,2026-05-21,52803900,1
AR-INV-2026-000665,INV-2026-000665,AR,CUST-021,2026-07-03,2026-06-29,29248400,1
AR-INV-2026-000666,INV-2026-000666,AR,CUST-004,2026-06-18,2026-06-08,59185200,1
AP-RT-2026-000667,RT-2026-000667,AP,VEND-018,2026-06-03,2026-06-08,27571400,1
AP-RT-2026-000668,RT-2026-000668,AP,VEND-015,2026-07-03,2026-07-11,41755900,1
AP-RT-2026-000669,RT-2026-000669,AP,VEND-004,2026-05-19,2026-05-18,23679500,1
AP-RT-2026-000670,RT-2026-000670,AP,VEND-016,2026-07-03,2026-06-29,44916700,1
AR-INV-2026-000671,INV-2026-000671,AR,CUST-019,2026-06-04,2026-05-30,39544500,1
AR-INV-2026-000672,INV-2026-000672,AR,CUST-026,2026-05-12,1970-01-01,154866900,0
AR-INV-2026-000673,INV-2026-000673,AR,CUST-030,2026-06-04,1970-01-01,15553900,0
AR-INV-2026-000674,INV-2026-000674,AR,CUST-011,2026-06-04,2026-05-28,156418000,1
AR-INV-2026-000675,INV-2026-000675,AR,CUST-006,2026-06-04,1970-01-01,39382100,0
AR-INV-2026-000676,INV-2026-000676,AR,CUST-026,2026-05-12,2026-05-25,62215100,1
AR-INV-2026-000677,INV-2026-000677,AR,CUST-008,2026-06-19,2026-07-03,67209300,1
AR-INV-2026-000678,INV-2026-000678,AR,CUST-009,2026-07-04,2026-07-29,22451200,1
AR-INV-2026-000679,INV-2026-000679,AR,CUST-012,2026-05-20,2026-05-27,23718400,1
AP-VB-2026-000680,VB-2026-000680,AP,VEND-010,2026-06-04,2026-06-09,29758200,1
AP-RT-2026-000681,RT-2026-000681,AP,VEND-014,2026-07-04,2026-07-06,14631300,1
AP-RT-2026-000682,RT-2026-000682,AP,VEND-019,2026-05-20,2026-06-06,7268200,1
AP-RT-2026-000683,RT-2026-000683,AP,VEND-015,2026-07-04,2026-06-25,17622900,1
AP-VB-2026-000684,VB-2026-000684,AP,VEND-018,2026-06-04,2026-06-12,31130600,1
AP-RT-2026-000685,RT-2026-000685,AP,VEND-001,2026-06-04,2026-06-08,8473500,1
AP-RT-2026-000686,RT-2026-000686,AP,VEND-007,2026-05-20,2026-05-29,72401400,1
AR-INV-2026-000687,INV-2026-000687,AR,CUST-025,2026-05-13,2026-05-14,79655000,1
AR-INV-2026-000688,INV-2026-000688,AR,CUST-001,2026-06-20,2026-06-18,148180100,1
AR-INV-2026-000689,INV-2026-000689,AR,CUST-017,2026-07-06,2026-07-10,86425300,1
AR-INV-2026-000690,INV-2026-000690,AR,CUST-024,2026-07-06,2026-07-06,99237400,1
AR-INV-2026-000691,INV-2026-000691,AR,CUST-029,2026-05-13,2026-05-29,154750600,1
AR-INV-2026-000692,INV-2026-000692,AR,CUST-020,2026-06-20,1970-01-01,57516600,0
AR-INV-2026-000693,INV-2026-000693,AR,CUST-024,2026-07-06,2026-07-03,39450900,1
AP-VB-2026-000694,VB-2026-000694,AP,VEND-006,2026-05-21,2026-05-19,49623400,1
AP-RT-2026-000695,RT-2026-000695,AP,VEND-008,2026-07-06,2026-07-27,14979300,1
AP-VB-2026-000696,VB-2026-000696,AP,VEND-021,2026-06-05,2026-06-01,38012200,1
AP-RT-2026-000697,RT-2026-000697,AP,VEND-006,2026-05-21,2026-05-18,159040900,1
AP-RT-2026-000698,RT-2026-000698,AP,VEND-006,2026-05-21,2026-05-19,35776600,1
AP-RT-2026-000699,RT-2026-000699,AP,VEND-010,2026-06-05,2026-06-05,18940400,1
AP-VB-2026-000700,VB-2026-000700,AP,VEND-003,2026-07-06,2026-07-06,61027400,1
AR-INV-2026-000701,INV-2026-000701,AR,CUST-010,2026-05-14,2026-05-25,9933200,1
AR-INV-2026-000702,INV-2026-000702,AR,CUST-019,2026-06-06,2026-05-29,55103300,1
AR-INV-2026-000703,INV-2026-000703,AR,CUST-021,2026-07-06,2026-06-25,30593800,1
AR-INV-2026-000704,INV-2026-000704,AR,CUST-005,2026-06-06,2026-06-03,22632700,1
AR-INV-2026-000705,INV-2026-000705,AR,CUST-026,2026-05-14,2026-05-25,44758800,1
AR-INV-2026-000706,INV-2026-000706,AR,CUST-030,2026-06-06,2026-06-10,50460600,1
AP-VB-2026-000707,VB-2026-000707,AP,VEND-016,2026-07-06,2026-07-17,47774700,1
AP-RT-2026-000708,RT-2026-000708,AP,VEND-016,2026-07-06,2026-07-09,24043000,1
AP-RT-2026-000709,RT-2026-000709,AP,VEND-003,2026-07-06,2026-07-01,121587900,1
AP-VB-2026-000710,VB-2026-000710,AP,VEND-020,2026-06-22,2026-06-10,57479800,1
AP-RT-2026-000711,RT-2026-000711,AP,VEND-004,2026-05-22,2026-05-19,87215000,1
AP-VB-2026-000712,VB-2026-000712,AP,VEND-008,2026-07-06,2026-07-11,31786800,1
AR-INV-2026-000713,INV-2026-000713,AR,CUST-016,2026-05-23,2026-06-12,64860100,1
AR-INV-2026-000714,INV-2026-000714,AR,CUST-029,2026-05-15,2026-05-26,51382500,1
AR-INV-2026-000715,INV-2026-000715,AR,CUST-015,2026-05-15,2026-05-21,31962200,1
AR-INV-2026-000716,INV-2026-000716,AR,CUST-011,2026-06-08,2026-06-15,61219200,1
AR-INV-2026-000717,INV-2026-000717,AR,CUST-002,2026-06-22,2026-06-22,32464200,1
AR-INV-2026-000718,INV-2026-000718,AR,CUST-027,2026-06-22,2026-06-30,92350400,1
AR-INV-2026-000719,INV-2026-000719,AR,CUST-018,2026-05-15,2026-05-22,51714000,1
AR-INV-2026-000720,INV-2026-000720,AR,CUST-016,2026-05-23,2026-06-12,38281200,1
AR-INV-2026-000721,INV-2026-000721,AR,CUST-018,2026-05-15,2026-05-26,13645400,1
AR-INV-2026-000722,INV-2026-000722,AR,CUST-010,2026-05-15,2026-05-16,48034500,1
AP-VB-2026-000723,VB-2026-000723,AP,VEND-015,2026-07-07,2026-07-15,23243200,1
AP-RT-2026-000724,RT-2026-000724,AP,VEND-014,2026-07-07,2026-07-04,11506700,1
AP-VB-2026-000725,VB-2026-000725,AP,VEND-002,2026-06-08,2026-06-12,49327400,1
AP-RT-2026-000726,RT-2026-000726,AP,VEND-001,2026-06-08,2026-06-15,23100200,1
AP-VB-2026-000727,VB-2026-000727,AP,VEND-001,2026-06-08,2026-06-12,8310000,1
AP-VB-2026-000728,VB-2026-000728,AP,VEND-017,2026-06-22,2026-06-25,18670200,1
AP-RT-2026-000729,RT-2026-000729,AP,VEND-011,2026-06-08,2026-06-01,20974900,1
AP-VB-2026-000730,VB-2026-000730,AP,VEND-020,2026-06-22,2026-07-13,19097500,1
AP-RT-2026-000731,RT-2026-000731,AP,VEND-016,2026-07-07,2026-07-14,35794000,1
AR-INV-2026-000732,INV-2026-000732,AR,CUST-017,2026-07-08,1970-01-01,24549300,0
AR-INV-2026-000733,INV-2026-000733,AR,CUST-011,2026-06-08,2026-06-10,77513000,1
AR-INV-2026-000734,INV-2026-000734,AR,CUST-005,2026-06-08,2026-06-18,17139800,1
AR-INV-2026-000735,INV-2026-000735,AR,CUST-022,2026-06-08,2026-06-15,124249600,1
AP-VB-2026-000736,VB-2026-000736,AP,VEND-013,2026-06-23,2026-06-24,14215300,1
AP-RT-2026-000737,RT-2026-000737,AP,VEND-015,2026-07-08,2026-07-13,32027200,1
AP-VB-2026-000738,VB-2026-000738,AP,VEND-012,2026-07-08,2026-07-01,25137600,1
AP-RT-2026-000739,RT-2026-000739,AP,VEND-003,2026-07-08,2026-06-19,11597700,1
AP-RT-2026-000740,RT-2026-000740,AP,VEND-020,2026-06-23,2026-06-29,49371700,1
AP-RT-2026-000741,RT-2026-000741,AP,VEND-001,2026-06-08,2026-06-11,11996200,1
AP-VB-2026-000742,VB-2026-000742,AP,VEND-010,2026-06-08,2026-06-10,16695500,1
AP-RT-2026-000743,RT-2026-000743,AP,VEND-008,2026-07-08,2026-07-15,56795100,1
AR-INV-2026-000744,INV-2026-000744,AR,CUST-004,2026-06-25,2026-06-22,44208700,1
AR-INV-2026-000745,INV-2026-000745,AR,CUST-013,2026-06-10,2026-06-10,29770400,1
AR-INV-2026-000746,INV-2026-000746,AR,CUST-006,2026-06-10,2026-06-18,16204100,1
AR-INV-2026-000747,INV-2026-000747,AR,CUST-020,2026-06-25,1970-01-01,59667400,0
AR-INV-2026-000748,INV-2026-000748,AR,CUST-007,2026-05-26,2026-06-03,67032000,1
AP-VB-2026-000749,VB-2026-000749,AP,VEND-014,2026-07-10,2026-07-11,15985300,1
AP-VB-2026-000750,VB-2026-000750,AP,VEND-008,2026-07-10,2026-07-06,26159600,1
AP-RT-2026-000751,RT-2026-000751,AP,VEND-016,2026-07-10,2026-07-17,32562400,1
AP-VB-2026-000752,VB-2026-000752,AP,VEND-006,2026-05-26,2026-06-01,42229400,1
AR-INV-2026-000753,INV-2026-000753,AR,CUST-003,2026-07-11,2026-07-29,34830400,1
AR-INV-2026-000754,INV-2026-000754,AR,CUST-024,2026-07-11,2026-07-13,149215700,1
AR-INV-2026-000755,INV-2026-000755,AR,CUST-001,2026-06-26,2026-06-26,35605900,1
AR-INV-2026-000756,INV-2026-000756,AR,CUST-023,2026-06-11,2026-06-11,11756300,1
AR-INV-2026-000757,INV-2026-000757,AR,CUST-001,2026-06-26,2026-06-13,20634700,1
AP-RT-2026-000758,RT-2026-000758,AP,VEND-012,2026-07-11,2026-07-03,42024500,1
AP-RT-2026-000759,RT-2026-000759,AP,VEND-017,2026-06-26,2026-06-18,38564100,1
AP-VB-2026-000760,VB-2026-000760,AP,VEND-022,2026-06-26,2026-06-30,13698900,1
AR-INV-2026-000761,INV-2026-000761,AR,CUST-002,2026-06-27,2026-06-30,329103500,1
AR-INV-2026-000762,INV-2026-000762,AR,CUST-013,2026-06-12,2026-06-13,41804900,1
AR-INV-2026-000763,INV-2026-000763,AR,CUST-027,2026-06-27,2026-06-29,75302500,1
AR-INV-2026-000764,INV-2026-000764,AR,CUST-023,2026-06-12,2026-06-19,54061900,1
AR-INV-2026-000765,INV-2026-000765,AR,CUST-023,2026-06-12,2026-06-13,28251800,1
AR-INV-2026-000766,INV-2026-000766,AR,CUST-021,2026-07-13,2026-06-24,9608900,1
AP-VB-2026-000767,VB-2026-000767,AP,VEND-012,2026-07-13,2026-07-18,24150000,1
AP-VB-2026-000768,VB-2026-000768,AP,VEND-003,2026-07-13,2026-07-06,14960000,1
AP-RT-2026-000769,RT-2026-000769,AP,VEND-010,2026-06-12,2026-06-18,28360300,1
AP-RT-2026-000770,RT-2026-000770,AP,VEND-003,2026-07-13,2026-07-11,20058000,1
AP-VB-2026-000771,VB-2026-000771,AP,VEND-007,2026-05-28,2026-06-01,31747700,1
AP-VB-2026-000772,VB-2026-000772,AP,VEND-017,2026-06-27,2026-06-17,37484600,1
AR-INV-2026-000773,INV-2026-000773,AR,CUST-028,2026-06-29,2026-06-20,32433800,1
AR-INV-2026-000774,INV-2026-000774,AR,CUST-027,2026-06-29,2026-07-11,164157500,1
AR-INV-2026-000775,INV-2026-000775,AR,CUST-003,2026-07-13,2026-07-28,27130700,1
AP-VB-2026-000776,VB-2026-000776,AP,VEND-004,2026-05-29,2026-06-04,36847600,1
AP-RT-2026-000777,RT-2026-000777,AP,VEND-017,2026-06-29,2026-07-04,123796200,1
AP-RT-2026-000778,RT-2026-000778,AP,VEND-015,2026-07-13,2026-07-18,35128100,1
AP-RT-2026-000779,RT-2026-000779,AP,VEND-006,2026-05-29,2026-06-01,38604700,1
AR-INV-2026-000780,INV-2026-000780,AR,CUST-028,2026-06-29,1970-01-01,80234100,0
AR-INV-2026-000781,INV-2026-000781,AR,CUST-021,2026-07-14,2026-07-03,12470500,1
AR-INV-2026-000782,INV-2026-000782,AR,CUST-008,2026-06-29,2026-07-25,212630300,1
AR-INV-2026-000783,INV-2026-000783,AR,CUST-010,2026-05-22,2026-05-16,15801700,1
AR-INV-2026-000784,INV-2026-000784,AR,CUST-004,2026-06-29,2026-06-30,44566800,1
AR-INV-2026-000785,INV-2026-000785,AR,CUST-018,2026-05-22,2026-05-30,127862100,1
AR-INV-2026-000786,INV-2026-000786,AR,CUST-004,2026-06-29,2026-06-24,43016000,1
AP-VB-2026-000787,VB-2026-000787,AP,VEND-012,2026-07-14,2026-07-29,20782100,1
AP-RT-2026-000788,RT-2026-000788,AP,VEND-008,2026-07-14,2026-07-25,20210800,1
AP-VB-2026-000789,VB-2026-000789,AP,VEND-006,2026-05-30,2026-05-25,53547100,1
AP-RT-2026-000790,RT-2026-000790,AP,VEND-017,2026-06-29,2026-07-15,144511400,1
AP-VB-2026-000791,VB-2026-000791,AP,VEND-018,2026-06-15,2026-06-19,53225800,1
AP-VB-2026-000792,VB-2026-000792,AP,VEND-006,2026-05-30,2026-06-01,76889100,1
AR-INV-2026-000793,INV-2026-000793,AR,CUST-019,2026-06-15,2026-06-03,112919700,1
AR-INV-2026-000794,INV-2026-000794,AR,CUST-007,2026-06-01,2026-06-03,21209400,1
AP-VB-2026-000795,VB-2026-000795,AP,VEND-018,2026-06-15,2026-06-25,35205200,1
AP-RT-2026-000796,RT-2026-000796,AP,VEND-020,2026-06-30,2026-06-29,31492000,1
AP-RT-2026-000797,RT-2026-000797,AP,VEND-004,2026-06-01,2026-05-25,60090100,1
AP-RT-2026-000798,RT-2026-000798,AP,VEND-019,2026-06-01,2026-06-06,50646600,1
AP-VB-2026-000799,VB-2026-000799,AP,VEND-012,2026-07-15,2026-07-11,22312600,1
AP-RT-2026-000800,RT-2026-000800,AP,VEND-017,2026-06-30,2026-06-29,123823200,1
AP-VB-2026-000801,VB-2026-000801,AP,VEND-017,2026-06-30,2026-06-19,25806500,1
AP-VB-2026-000802,VB-2026-000802,AP,VEND-003,2026-07-16,2026-07-23,167205000,1
AP-VB-2026-000803,VB-2026-000803,AP,VEND-005,2026-06-16,2026-06-25,88118500,1
AR-INV-2026-000804,INV-2026-000804,AR,CUST-030,2026-06-17,2026-06-24,154795500,1
AR-INV-2026-000805,INV-2026-000805,AR,CUST-017,2026-07-17,2026-07-13,23407000,1
AR-INV-2026-000806,INV-2026-000806,AR,CUST-027,2026-07-02,2026-06-23,49121500,1
AR-INV-2026-000807,INV-2026-000807,AR,CUST-030,2026-06-17,2026-06-26,38790600,1
AR-INV-2026-000808,INV-2026-000808,AR,CUST-021,2026-07-17,2026-07-04,64733000,1
AP-VB-2026-000809,VB-2026-000809,AP,VEND-004,2026-06-02,2026-06-10,17164100,1
AP-RT-2026-000810,RT-2026-000810,AP,VEND-006,2026-06-02,2026-06-01,54089300,1
AP-VB-2026-000811,VB-2026-000811,AP,VEND-017,2026-07-02,2026-06-30,126384600,1
AP-RT-2026-000812,RT-2026-000812,AP,VEND-011,2026-06-17,2026-06-23,13774500,1
AP-RT-2026-000813,RT-2026-000813,AP,VEND-004,2026-06-02,2026-06-02,49652700,1
AR-INV-2026-000814,INV-2026-000814,AR,CUST-024,2026-07-18,2026-07-13,58267300,1
AR-INV-2026-000815,INV-2026-000815,AR,CUST-028,2026-07-03,2026-06-29,106467600,1
AR-INV-2026-000816,INV-2026-000816,AR,CUST-022,2026-06-18,2026-06-19,121999600,1
AR-INV-2026-000817,INV-2026-000817,AR,CUST-017,2026-07-18,2026-07-18,46289400,1
AR-INV-2026-000818,INV-2026-000818,AR,CUST-013,2026-06-18,2026-06-22,51584100,1
AR-INV-2026-000819,INV-2026-000819,AR,CUST-022,2026-06-18,2026-06-22,57322200,1
AP-VB-2026-000820,VB-2026-000820,AP,VEND-014,2026-07-18,2026-07-17,11270900,1
AP-RT-2026-000821,RT-2026-000821,AP,VEND-021,2026-06-18,2026-06-26,85184700,1
AR-INV-2026-000822,INV-2026-000822,AR,CUST-005,2026-06-19,2026-06-10,17690000,1
AR-INV-2026-000823,INV-2026-000823,AR,CUST-022,2026-06-19,2026-06-27,68340000,1
AR-INV-2026-000824,INV-2026-000824,AR,CUST-011,2026-06-19,2026-06-20,14575400,1
AR-INV-2026-000825,INV-2026-000825,AR,CUST-027,2026-07-04,2026-07-08,238285800,1
AR-INV-2026-000826,INV-2026-000826,AR,CUST-020,2026-07-04,1970-01-01,15105500,0
AR-INV-2026-000827,INV-2026-000827,AR,CUST-030,2026-06-19,1970-01-01,37780000,0
AP-VB-2026-000828,VB-2026-000828,AP,VEND-015,2026-07-20,2026-07-07,37365400,1
AP-VB-2026-000829,VB-2026-000829,AP,VEND-015,2026-07-20,2026-07-17,35802500,1
AP-VB-2026-000830,VB-2026-000830,AP,VEND-006,2026-06-04,2026-06-04,40652000,1
AP-VB-2026-000831,VB-2026-000831,AP,VEND-012,2026-07-20,2026-08-05,47411000,1
AP-RT-2026-000832,RT-2026-000832,AP,VEND-017,2026-07-04,2026-06-30,38514300,1
AP-VB-2026-000833,VB-2026-000833,AP,VEND-003,2026-07-20,2026-07-18,97227600,1
AR-INV-2026-000834,INV-2026-000834,AR,CUST-023,2026-06-20,2026-06-22,31724000,1
AR-INV-2026-000835,INV-2026-000835,AR,CUST-030,2026-06-20,2026-06-26,157175400,1
AR-INV-2026-000836,INV-2026-000836,AR,CUST-019,2026-06-20,1970-01-01,112549100,0
AR-INV-2026-000837,INV-2026-000837,AR,CUST-003,2026-07-20,2026-07-29,69093900,1
AR-INV-2026-000838,INV-2026-000838,AR,CUST-016,2026-06-05,2026-06-12,11137900,1
AP-VB-2026-000839,VB-2026-000839,AP,VEND-018,2026-06-20,2026-06-16,58332600,1
AP-VB-2026-000840,VB-2026-000840,AP,VEND-022,2026-07-06,2026-06-29,11381300,1
AR-INV-2026-000841,INV-2026-000841,AR,CUST-021,2026-07-21,2026-07-09,18180400,1
AR-INV-2026-000842,INV-2026-000842,AR,CUST-003,2026-07-21,2026-07-30,13107700,1
AR-INV-2026-000843,INV-2026-000843,AR,CUST-026,2026-05-29,2026-06-01,81928300,1
AR-INV-2026-000844,INV-2026-000844,AR,CUST-009,2026-07-21,2026-07-29,16390800,1
AR-INV-2026-000845,INV-2026-000845,AR,CUST-025,2026-05-29,2026-06-04,69108300,1
AR-INV-2026-000846,INV-2026-000846,AR,CUST-014,2026-06-22,1970-01-01,34237400,0
AR-INV-2026-000847,INV-2026-000847,AR,CUST-014,2026-06-22,2026-07-04,9688200,1
AR-INV-2026-000848,INV-2026-000848,AR,CUST-019,2026-06-22,2026-06-15,50129200,1
AR-INV-2026-000849,INV-2026-000849,AR,CUST-018,2026-05-29,2026-06-05,52720800,1
AR-INV-2026-000850,INV-2026-000850,AR,CUST-017,2026-07-21,2026-07-18,111824400,1
AP-VB-2026-000851,VB-2026-000851,AP,VEND-003,2026-07-21,2026-07-21,25050800,1
AP-RT-2026-000852,RT-2026-000852,AP,VEND-004,2026-06-06,2026-05-28,26901000,1
AP-RT-2026-000853,RT-2026-000853,AP,VEND-001,2026-06-22,2026-06-25,5660600,1
AP-RT-2026-000854,RT-2026-000854,AP,VEND-014,2026-07-21,2026-07-17,14655300,1
AR-INV-2026-000855,INV-2026-000855,AR,CUST-009,2026-07-22,2026-07-28,42887700,1
AR-INV-2026-000856,INV-2026-000856,AR,CUST-002,2026-07-07,2026-07-06,163301900,1
AR-INV-2026-000857,INV-2026-000857,AR,CUST-002,2026-07-07,2026-07-04,84540800,1
AR-INV-2026-000858,INV-2026-000858,AR,CUST-025,2026-05-30,2026-05-30,41467600,1
AP-VB-2026-000859,VB-2026-000859,AP,VEND-014,2026-07-22,2026-07-20,12545100,1
AP-VB-2026-000860,VB-2026-000860,AP,VEND-019,2026-06-08,2026-06-15,28891200,1
AP-VB-2026-000861,VB-2026-000861,AP,VEND-021,2026-06-22,2026-06-29,20165200,1
AP-RT-2026-000862,RT-2026-000862,AP,VEND-005,2026-06-22,2026-06-19,39077900,1
AP-VB-2026-000863,VB-2026-000863,AP,VEND-019,2026-06-08,2026-06-25,54544300,1
AP-VB-2026-000864,VB-2026-000864,AP,VEND-021,2026-06-23,2026-06-23,50832700,1
AR-INV-2026-000865,INV-2026-000865,AR,CUST-027,2026-07-09,2026-07-15,24681700,1
AR-INV-2026-000866,INV-2026-000866,AR,CUST-027,2026-07-09,2026-07-08,51845700,1
AR-INV-2026-000867,INV-2026-000867,AR,CUST-017,2026-07-24,2026-07-14,16169200,1
AR-INV-2026-000868,INV-2026-000868,AR,CUST-009,2026-07-24,2026-08-01,80601200,1
AR-INV-2026-000869,INV-2026-000869,AR,CUST-027,2026-07-09,2026-07-22,108534100,1
AR-INV-2026-000870,INV-2026-000870,AR,CUST-012,2026-06-09,2026-06-13,54097500,1
AR-INV-2026-000871,INV-2026-000871,AR,CUST-017,2026-07-24,2026-07-22,7382100,1
AR-INV-2026-000872,INV-2026-000872,AR,CUST-013,2026-06-24,2026-06-25,14531600,1
AP-VB-2026-000873,VB-2026-000873,AP,VEND-009,2026-06-09,2026-06-10,9906100,1
AP-VB-2026-000874,VB-2026-000874,AP,VEND-010,2026-06-24,2026-06-25,23782000,1
AP-VB-2026-000875,VB-2026-000875,AP,VEND-010,2026-06-24,2026-07-02,39451800,1
AP-VB-2026-000876,VB-2026-000876,AP,VEND-013,2026-07-09,2026-07-13,36289300,1
AR-INV-2026-000877,INV-2026-000877,AR,CUST-008,2026-07-10,2026-07-27,16344100,1
AR-INV-2026-000878,INV-2026-000878,AR,CUST-010,2026-06-02,2026-06-01,2923700,1
AR-INV-2026-000879,INV-2026-000879,AR,CUST-022,2026-06-25,2026-06-30,131845900,1
AR-INV-2026-000880,INV-2026-000880,AR,CUST-013,2026-06-25,1970-01-01,64413900,0
AR-INV-2026-000881,INV-2026-000881,AR,CUST-008,2026-07-10,2026-07-18,106340500,1
AR-INV-2026-000882,INV-2026-000882,AR,CUST-005,2026-06-25,2026-07-09,19584700,1
AR-INV-2026-000883,INV-2026-000883,AR,CUST-001,2026-07-10,2026-07-15,151867900,1
AR-INV-2026-000884,INV-2026-000884,AR,CUST-024,2026-07-25,1970-01-01,48498900,0
AR-INV-2026-000885,INV-2026-000885,AR,CUST-012,2026-06-10,2026-06-22,31305100,1
AP-RT-2026-000886,RT-2026-000886,AP,VEND-011,2026-06-25,2026-07-06,13307900,1
AP-RT-2026-000887,RT-2026-000887,AP,VEND-013,2026-07-10,2026-07-28,29949100,1
AP-VB-2026-000888,VB-2026-000888,AP,VEND-020,2026-07-10,2026-07-18,14786200,1
AP-VB-2026-000889,VB-2026-000889,AP,VEND-012,2026-07-25,2026-08-01,32914000,1
AP-VB-2026-000890,VB-2026-000890,AP,VEND-018,2026-06-25,2026-07-07,55186300,1
AP-VB-2026-000891,VB-2026-000891,AP,VEND-006,2026-06-10,2026-06-08,38121900,1
AP-VB-2026-000892,VB-2026-000892,AP,VEND-011,2026-06-25,2026-07-08,34467400,1
AP-RT-2026-000893,RT-2026-000893,AP,VEND-002,2026-06-25,2026-06-25,21464200,1
AR-INV-2026-000894,INV-2026-000894,AR,CUST-023,2026-06-26,2026-06-20,38960200,1
AR-INV-2026-000895,INV-2026-000895,AR,CUST-005,2026-06-26,2026-07-08,48491000,1
AR-INV-2026-000896,INV-2026-000896,AR,CUST-024,2026-07-27,2026-07-29,133035500,1
AR-INV-2026-000897,INV-2026-000897,AR,CUST-019,2026-06-26,1970-01-01,62290100,0
AR-INV-2026-000898,INV-2026-000898,AR,CUST-016,2026-06-11,2026-06-22,81681200,1
AR-INV-2026-000899,INV-2026-000899,AR,CUST-009,2026-07-27,2026-08-04,31915100,1
AR-INV-2026-000900,INV-2026-000900,AR,CUST-011,2026-06-26,2026-06-26,69843200,1
AP-RT-2026-000901,RT-2026-000901,AP,VEND-002,2026-06-26,2026-06-29,56538700,1
AP-VB-2026-000902,VB-2026-000902,AP,VEND-017,2026-07-11,2026-07-20,116842900,1
AP-RT-2026-000903,RT-2026-000903,AP,VEND-018,2026-06-26,2026-07-03,29491100,1
AP-VB-2026-000904,VB-2026-000904,AP,VEND-004,2026-06-11,2026-06-15,22497800,1
AP-VB-2026-000905,VB-2026-000905,AP,VEND-011,2026-06-26,2026-07-14,86436300,1
AP-VB-2026-000906,VB-2026-000906,AP,VEND-010,2026-06-26,2026-07-01,19930500,1
AP-VB-2026-000907,VB-2026-000907,AP,VEND-018,2026-06-26,2026-06-29,23768300,1
AR-INV-2026-000908,INV-2026-000908,AR,CUST-030,2026-06-27,2026-07-02,89242400,1
AR-INV-2026-000909,INV-2026-000909,AR,CUST-030,2026-06-27,2026-06-29,27244800,1
AR-INV-2026-000910,INV-2026-000910,AR,CUST-026,2026-06-04,2026-06-09,40946700,1
AR-INV-2026-000911,INV-2026-000911,AR,CUST-011,2026-06-27,2026-07-06,91472700,1
AR-INV-2026-000912,INV-2026-000912,AR,CUST-018,2026-06-04,2026-06-12,83821800,1
AP-VB-2026-000913,VB-2026-000913,AP,VEND-015,2026-07-27,2026-07-20,12904600,1
AP-RT-2026-000914,RT-2026-000914,AP,VEND-008,2026-07-27,2026-08-10,30295700,1
AP-RT-2026-000915,RT-2026-000915,AP,VEND-004,2026-06-12,2026-06-17,51624000,1
AP-VB-2026-000916,VB-2026-000916,AP,VEND-019,2026-06-12,2026-06-20,24625700,1
AR-INV-2026-000917,INV-2026-000917,AR,CUST-019,2026-06-29,1970-01-01,65787200,0
AR-INV-2026-000918,INV-2026-000918,AR,CUST-023,2026-06-29,2026-07-06,22242500,1
AR-INV-2026-000919,INV-2026-000919,AR,CUST-028,2026-07-13,2026-07-06,140560900,1
AR-INV-2026-000920,INV-2026-000920,AR,CUST-010,2026-06-05,2026-06-01,11593600,1
AR-INV-2026-000921,INV-2026-000921,AR,CUST-008,2026-07-13,2026-07-17,93615600,1
AR-INV-2026-000922,INV-2026-000922,AR,CUST-007,2026-06-13,2026-06-11,66263500,1
AR-INV-2026-000923,INV-2026-000923,AR,CUST-005,2026-06-29,2026-07-13,15738400,1
AR-INV-2026-000924,INV-2026-000924,AR,CUST-013,2026-06-29,2026-07-03,43217700,1
AR-INV-2026-000925,INV-2026-000925,AR,CUST-011,2026-06-29,2026-07-01,140437800,1
AR-INV-2026-000926,INV-2026-000926,AR,CUST-024,2026-07-28,2026-07-22,33166300,1
AR-INV-2026-000927,INV-2026-000927,AR,CUST-016,2026-06-13,2026-06-16,27371100,1
AR-INV-2026-000928,INV-2026-000928,AR,CUST-022,2026-06-29,2026-07-04,94134400,1
AP-RT-2026-000929,RT-2026-000929,AP,VEND-009,2026-06-13,2026-06-19,31133500,1
AP-RT-2026-000930,RT-2026-000930,AP,VEND-008,2026-07-28,2026-08-07,83046400,1
AP-RT-2026-000931,RT-2026-000931,AP,VEND-022,2026-07-13,2026-07-13,11023800,1
AP-VB-2026-000932,VB-2026-000932,AP,VEND-022,2026-07-13,2026-07-13,12093600,1
AP-VB-2026-000933,VB-2026-000933,AP,VEND-015,2026-07-28,2026-07-27,30904400,1
AR-INV-2026-000934,INV-2026-000934,AR,CUST-012,2026-06-15,2026-06-23,54382200,1
AR-INV-2026-000935,INV-2026-000935,AR,CUST-001,2026-07-14,2026-07-13,60032800,1
AR-INV-2026-000936,INV-2026-000936,AR,CUST-022,2026-06-29,2026-07-06,144454700,1
AR-INV-2026-000937,INV-2026-000937,AR,CUST-008,2026-07-14,2026-07-27,80595900,1
AP-VB-2026-000938,VB-2026-000938,AP,VEND-022,2026-07-14,2026-07-13,47446900,1
AR-INV-2026-000939,INV-2026-000939,AR,CUST-026,2026-06-08,2026-06-16,41184200,1
AR-INV-2026-000940,INV-2026-000940,AR,CUST-005,2026-07-01,2026-07-06,6689100,1
AR-INV-2026-000941,INV-2026-000941,AR,CUST-020,2026-07-16,1970-01-01,43210600,0
AR-INV-2026-000942,INV-2026-000942,AR,CUST-011,2026-07-01,2026-07-04,31553900,1
AR-INV-2026-000943,INV-2026-000943,AR,CUST-017,2026-07-31,2026-07-21,55888400,1
AR-INV-2026-000944,INV-2026-000944,AR,CUST-019,2026-07-01,2026-07-03,15146100,1
AR-INV-2026-000945,INV-2026-000945,AR,CUST-024,2026-07-31,2026-08-04,37049700,1
AP-RT-2026-000946,RT-2026-000946,AP,VEND-002,2026-07-01,2026-07-06,37201900,1
AP-VB-2026-000947,VB-2026-000947,AP,VEND-008,2026-07-31,2026-08-17,18438600,1
AP-RT-2026-000948,RT-2026-000948,AP,VEND-013,2026-07-16,2026-07-31,45886200,1
AP-VB-2026-000949,VB-2026-000949,AP,VEND-020,2026-07-16,2026-07-23,30164400,1
AP-VB-2026-000950,VB-2026-000950,AP,VEND-015,2026-07-31,2026-08-10,7613100,1
AP-RT-2026-000951,RT-2026-000951,AP,VEND-009,2026-06-16,2026-06-17,19198200,1
AP-RT-2026-000952,RT-2026-000952,AP,VEND-016,2026-07-31,2026-08-07,86833600,1
AR-INV-2026-000953,INV-2026-000953,AR,CUST-028,2026-07-17,2026-07-20,84711900,1
AR-INV-2026-000954,INV-2026-000954,AR,CUST-003,2026-08-01,2026-08-17,24862700,1
AR-INV-2026-000955,INV-2026-000955,AR,CUST-024,2026-08-01,2026-08-10,54931600,1
AR-INV-2026-000956,INV-2026-000956,AR,CUST-003,2026-08-01,2026-08-10,25108500,1
AR-INV-2026-000957,INV-2026-000957,AR,CUST-017,2026-08-01,2026-08-13,13165400,1
AR-INV-2026-000958,INV-2026-000958,AR,CUST-004,2026-07-17,2026-07-13,56095300,1
AR-INV-2026-000959,INV-2026-000959,AR,CUST-017,2026-08-01,2026-07-25,11537900,1
AP-RT-2026-000960,RT-2026-000960,AP,VEND-010,2026-07-02,2026-07-20,28979900,1
AP-VB-2026-000961,VB-2026-000961,AP,VEND-012,2026-08-01,1970-01-01,31664900,0
AP-VB-2026-000962,VB-2026-000962,AP,VEND-008,2026-08-01,2026-07-20,12877400,1
AP-RT-2026-000963,RT-2026-000963,AP,VEND-021,2026-07-02,2026-07-08,59061200,1
AP-RT-2026-000964,RT-2026-000964,AP,VEND-015,2026-08-01,2026-08-03,91324000,1
AP-VB-2026-000965,VB-2026-000965,AP,VEND-010,2026-07-02,2026-07-07,30042800,1
AR-INV-2026-000966,INV-2026-000966,AR,CUST-021,2026-08-03,2026-08-10,24302200,1
AR-INV-2026-000967,INV-2026-000967,AR,CUST-024,2026-08-03,2026-08-11,72823800,1
AR-INV-2026-000968,INV-2026-000968,AR,CUST-026,2026-06-10,2026-06-10,29931700,1
AR-INV-2026-000969,INV-2026-000969,AR,CUST-009,2026-08-03,2026-08-07,48124700,1
AR-INV-2026-000970,INV-2026-000970,AR,CUST-026,2026-06-10,2026-06-27,51301000,1
AR-INV-2026-000971,INV-2026-000971,AR,CUST-014,2026-07-03,2026-07-27,5389100,1
AR-INV-2026-000972,INV-2026-000972,AR,CUST-023,2026-07-03,2026-07-18,22166600,1
AP-VB-2026-000973,VB-2026-000973,AP,VEND-001,2026-07-03,2026-07-02,21003300,1
AP-VB-2026-000974,VB-2026-000974,AP,VEND-015,2026-08-03,2026-08-08,32881500,1
AP-VB-2026-000975,VB-2026-000975,AP,VEND-005,2026-07-03,2026-07-13,26582900,1
AP-VB-2026-000976,VB-2026-000976,AP,VEND-002,2026-07-03,2026-07-09,13840400,1
AP-VB-2026-000977,VB-2026-000977,AP,VEND-003,2026-08-03,2026-07-29,29827700,1
AP-RT-2026-000978,RT-2026-000978,AP,VEND-013,2026-07-18,2026-07-20,39030400,1
AP-RT-2026-000979,RT-2026-000979,AP,VEND-003,2026-08-03,2026-07-29,38186300,1
AP-VB-2026-000980,VB-2026-000980,AP,VEND-016,2026-08-03,2026-08-18,25713700,1
AR-INV-2026-000981,INV-2026-000981,AR,CUST-028,2026-07-20,2026-07-10,50808000,1
AR-INV-2026-000982,INV-2026-000982,AR,CUST-026,2026-06-11,2026-06-27,135846300,1
AR-INV-2026-000983,INV-2026-000983,AR,CUST-022,2026-07-04,2026-07-06,308893200,1
AR-INV-2026-000984,INV-2026-000984,AR,CUST-008,2026-07-20,2026-08-06,90870800,1
AR-INV-2026-000985,INV-2026-000985,AR,CUST-005,2026-07-04,2026-07-03,26343700,1
AR-INV-2026-000986,INV-2026-000986,AR,CUST-001,2026-07-20,2026-07-22,336189900,1
AR-INV-2026-000987,INV-2026-000987,AR,CUST-008,2026-07-20,2026-08-08,16099400,1
AR-INV-2026-000988,INV-2026-000988,AR,CUST-027,2026-07-20,2026-08-03,160841600,1
AR-INV-2026-000989,INV-2026-000989,AR,CUST-002,2026-07-20,2026-07-25,129002200,1
AR-INV-2026-000990,INV-2026-000990,AR,CUST-022,2026-07-04,2026-07-06,24060400,1
AP-VB-2026-000991,VB-2026-000991,AP,VEND-007,2026-06-19,2026-06-29,127736900,1
AP-VB-2026-000992,VB-2026-000992,AP,VEND-017,2026-07-20,2026-07-30,114449100,1
AP-VB-2026-000993,VB-2026-000993,AP,VEND-005,2026-07-04,2026-06-25,49831100,1
AP-VB-2026-000994,VB-2026-000994,AP,VEND-012,2026-08-03,2026-08-03,79379400,1
AP-VB-2026-000995,VB-2026-000995,AP,VEND-003,2026-08-03,2026-08-04,107956000,1
AP-RT-2026-000996,RT-2026-000996,AP,VEND-004,2026-06-19,2026-06-25,59869500,1
AR-INV-2026-000997,INV-2026-000997,AR,CUST-030,2026-07-06,1970-01-01,21255000,0
AR-INV-2026-000998,INV-2026-000998,AR,CUST-030,2026-07-06,2026-07-14,86312500,1
AR-INV-2026-000999,INV-2026-000999,AR,CUST-023,2026-07-06,2026-07-13,29070900,1
AR-INV-2026-001000,INV-2026-001000,AR,CUST-009,2026-08-04,2026-08-10,28102300,1
AR-INV-2026-001001,INV-2026-001001,AR,CUST-020,2026-07-20,2026-07-29,90317300,1
AR-INV-2026-001002,INV-2026-001002,AR,CUST-022,2026-07-06,2026-07-10,35023600,1
AR-INV-2026-001003,INV-2026-001003,AR,CUST-025,2026-06-12,2026-06-16,256627700,1
AR-INV-2026-001004,INV-2026-001004,AR,CUST-017,2026-08-04,2026-07-27,99957600,1
AR-INV-2026-001005,INV-2026-001005,AR,CUST-023,2026-07-06,2026-07-10,39250500,1
AP-RT-2026-001006,RT-2026-001006,AP,VEND-005,2026-07-06,2026-07-07,28783600,1
AP-RT-2026-001007,RT-2026-001007,AP,VEND-019,2026-06-20,2026-06-29,64422600,1
AP-RT-2026-001008,RT-2026-001008,AP,VEND-008,2026-08-04,2026-07-22,22269300,1
AP-VB-2026-001009,VB-2026-001009,AP,VEND-010,2026-07-06,2026-07-09,15652100,1
AP-RT-2026-001010,RT-2026-001010,AP,VEND-015,2026-08-04,2026-07-28,57248800,1
AP-VB-2026-001011,VB-2026-001011,AP,VEND-020,2026-07-20,2026-07-21,23065900,1
AR-INV-2026-001012,INV-2026-001012,AR,CUST-028,2026-07-21,2026-07-15,27624700,1
AR-INV-2026-001013,INV-2026-001013,AR,CUST-028,2026-07-21,2026-07-16,139568900,1
AR-INV-2026-001014,INV-2026-001014,AR,CUST-009,2026-08-05,2026-08-12,38939100,1
AR-INV-2026-001015,INV-2026-001015,AR,CUST-001,2026-07-21,2026-07-31,53751800,1
AP-VB-2026-001016,VB-2026-001016,AP,VEND-004,2026-06-22,2026-06-30,4699600,1
AP-VB-2026-001017,VB-2026-001017,AP,VEND-006,2026-06-22,2026-06-26,95058000,1
AP-VB-2026-001018,VB-2026-001018,AP,VEND-016,2026-08-05,2026-08-08,39466000,1
AP-RT-2026-001019,RT-2026-001019,AP,VEND-018,2026-07-06,2026-07-13,37756400,1
AR-INV-2026-001020,INV-2026-001020,AR,CUST-015,2026-06-15,2026-06-19,52368500,1
AR-INV-2026-001021,INV-2026-001021,AR,CUST-016,2026-06-23,2026-06-25,157442000,1
AR-INV-2026-001022,INV-2026-001022,AR,CUST-002,2026-07-23,2026-07-23,233157000,1
AR-INV-2026-001023,INV-2026-001023,AR,CUST-028,2026-07-23,2026-07-16,19046100,1
AR-INV-2026-001024,INV-2026-001024,AR,CUST-030,2026-07-08,2026-07-16,70364000,1
AP-VB-2026-001025,VB-2026-001025,AP,VEND-016,2026-08-07,2026-08-17,68449200,1
AP-RT-2026-001026,RT-2026-001026,AP,VEND-013,2026-07-23,2026-07-24,16586400,1
AP-RT-2026-001027,RT-2026-001027,AP,VEND-021,2026-07-08,2026-07-14,131055800,1
AP-RT-2026-001028,RT-2026-001028,AP,VEND-012,2026-08-07,2026-08-17,54714100,1
AP-VB-2026-001029,VB-2026-001029,AP,VEND-021,2026-07-08,2026-07-13,77879300,1
AP-RT-2026-001030,RT-2026-001030,AP,VEND-014,2026-08-07,2026-08-10,11508700,1
AP-RT-2026-001031,RT-2026-001031,AP,VEND-011,2026-07-08,2026-07-13,44090700,1
AP-VB-2026-001032,VB-2026-001032,AP,VEND-005,2026-07-08,2026-07-20,37055100,1
AR-INV-2026-001033,INV-2026-001033,AR,CUST-014,2026-07-09,2026-07-27,71606200,1
AR-INV-2026-001034,INV-2026-001034,AR,CUST-021,2026-08-08,2026-07-29,28349400,1
AR-INV-2026-001035,INV-2026-001035,AR,CUST-018,2026-06-16,2026-07-10,38315000,1
AR-INV-2026-001036,INV-2026-001036,AR,CUST-024,2026-08-08,2026-08-06,80713100,1
AR-INV-2026-001037,INV-2026-001037,AR,CUST-009,2026-08-08,2026-08-11,6893600,1
AR-INV-2026-001038,INV-2026-001038,AR,CUST-011,2026-07-09,2026-07-01,45524500,1
AR-INV-2026-001039,INV-2026-001039,AR,CUST-024,2026-08-08,2026-08-08,65859600,1
AR-INV-2026-001040,INV-2026-001040,AR,CUST-009,2026-08-08,2026-08-13,13218900,1
AP-VB-2026-001041,VB-2026-001041,AP,VEND-022,2026-07-24,2026-07-20,24599200,1
AP-RT-2026-001042,RT-2026-001042,AP,VEND-018,2026-07-09,2026-07-10,65824000,1
AP-VB-2026-001043,VB-2026-001043,AP,VEND-011,2026-07-09,2026-07-08,55782500,1
AP-VB-2026-001044,VB-2026-001044,AP,VEND-003,2026-08-08,2026-08-03,21315600,1
AP-RT-2026-001045,RT-2026-001045,AP,VEND-012,2026-08-08,2026-08-05,22438100,1
AP-VB-2026-001046,VB-2026-001046,AP,VEND-022,2026-07-24,2026-07-18,20163900,1
AP-VB-2026-001047,VB-2026-001047,AP,VEND-018,2026-07-09,2026-07-01,29630200,1
AR-INV-2026-001048,INV-2026-001048,AR,CUST-027,2026-07-25,2026-08-01,128983100,1
AR-INV-2026-001049,INV-2026-001049,AR,CUST-008,2026-07-25,2026-08-27,27631400,1
AR-INV-2026-001050,INV-2026-001050,AR,CUST-026,2026-06-17,2026-06-27,34608500,1
AR-INV-2026-001051,INV-2026-001051,AR,CUST-007,2026-06-25,2026-07-04,182968200,1
AR-INV-2026-001052,INV-2026-001052,AR,CUST-007,2026-06-25,2026-06-23,43852900,1
AR-INV-2026-001053,INV-2026-001053,AR,CUST-014,2026-07-10,2026-07-27,166657000,1
AR-INV-2026-001054,INV-2026-001054,AR,CUST-030,2026-07-10,2026-07-20,17673100,1
AP-RT-2026-001055,RT-2026-001055,AP,VEND-020,2026-07-25,2026-08-10,31490200,1
AP-VB-2026-001056,VB-2026-001056,AP,VEND-020,2026-07-25,2026-07-23,20482200,1
AP-VB-2026-001057,VB-2026-001057,AP,VEND-015,2026-08-10,2026-08-22,15760200,1
AP-VB-2026-001058,VB-2026-001058,AP,VEND-004,2026-06-25,2026-06-25,14891000,1
AP-VB-2026-001059,VB-2026-001059,AP,VEND-019,2026-06-25,2026-06-15,21351100,1
AP-RT-2026-001060,RT-2026-001060,AP,VEND-019,2026-06-25,2026-07-04,17478600,1
AR-INV-2026-001061,INV-2026-001061,AR,CUST-017,2026-08-10,2026-08-07,78277000,1
AR-INV-2026-001062,INV-2026-001062,AR,CUST-011,2026-07-11,2026-07-01,55341200,1
AR-INV-2026-001063,INV-2026-001063,AR,CUST-021,2026-08-10,2026-08-07,39650500,1
AR-INV-2026-001064,INV-2026-001064,AR,CUST-023,2026-07-11,2026-07-24,41267200,1
AR-INV-2026-001065,INV-2026-001065,AR,CUST-020,2026-07-27,2026-07-28,31539200,1
AR-INV-2026-001066,INV-2026-001066,AR,CUST-028,2026-07-27,2026-07-16,78298600,1
AP-VB-2026-001067,VB-2026-001067,AP,VEND-022,2026-07-27,2026-08-01,13648500,1
AP-RT-2026-001068,RT-2026-001068,AP,VEND-011,2026-07-11,2026-07-27,23354000,1
AP-RT-2026-001069,RT-2026-001069,AP,VEND-011,2026-07-11,2026-07-16,16290500,1
AP-RT-2026-001070,RT-2026-001070,AP,VEND-018,2026-07-11,2026-07-09,32461000,1
AP-RT-2026-001071,RT-2026-001071,AP,VEND-013,2026-07-27,2026-07-25,33602200,1
AP-VB-2026-001072,VB-2026-001072,AP,VEND-010,2026-07-11,2026-07-13,19768400,1
AR-INV-2026-001073,INV-2026-001073,AR,CUST-016,2026-06-27,2026-07-01,21314000,1
AR-INV-2026-001074,INV-2026-001074,AR,CUST-020,2026-07-27,2026-07-31,40835000,1
AR-INV-2026-001075,INV-2026-001075,AR,CUST-005,2026-07-13,2026-07-18,34920600,1
AR-INV-2026-001076,INV-2026-001076,AR,CUST-021,2026-08-11,2026-08-12,12660300,1
AR-INV-2026-001077,INV-2026-001077,AR,CUST-021,2026-08-11,2026-08-06,22575800,1
AR-INV-2026-001078,INV-2026-001078,AR,CUST-005,2026-07-13,2026-07-29,21869800,1
AR-INV-2026-001079,INV-2026-001079,AR,CUST-022,2026-07-13,2026-07-22,79313400,1
AR-INV-2026-001080,INV-2026-001080,AR,CUST-004,2026-07-27,2026-07-29,83681400,1
AR-INV-2026-001081,INV-2026-001081,AR,CUST-004,2026-07-27,2026-07-21,94004300,1
AP-RT-2026-001082,RT-2026-001082,AP,VEND-019,2026-06-27,2026-06-23,52129900,1
AP-RT-2026-001083,RT-2026-001083,AP,VEND-016,2026-08-11,2026-08-21,13900700,1
AP-VB-2026-001084,VB-2026-001084,AP,VEND-021,2026-07-13,2026-07-22,104739000,1
AP-RT-2026-001085,RT-2026-001085,AP,VEND-005,2026-07-13,2026-07-23,20773000,1
AP-VB-2026-001086,VB-2026-001086,AP,VEND-012,2026-08-11,2026-08-14,43301200,1
AR-INV-2026-001087,INV-2026-001087,AR,CUST-027,2026-07-28,1970-01-01,334427400,0
AR-INV-2026-001088,INV-2026-001088,AR,CUST-025,2026-06-20,2026-06-22,39538900,1
AP-VB-2026-001089,VB-2026-001089,AP,VEND-018,2026-07-13,2026-07-17,28432700,1
AP-RT-2026-001090,RT-2026-001090,AP,VEND-018,2026-07-13,2026-07-22,35445000,1
AP-RT-2026-001091,RT-2026-001091,AP,VEND-008,2026-08-12,2026-08-19,16628100,1
AR-INV-2026-001092,INV-2026-001092,AR,CUST-014,2026-07-15,2026-07-20,17846800,1
AR-INV-2026-001093,INV-2026-001093,AR,CUST-028,2026-07-30,2026-07-16,47853000,1
AR-INV-2026-001094,INV-2026-001094,AR,CUST-029,2026-06-22,2026-06-16,86392800,1
AR-INV-2026-001095,INV-2026-001095,AR,CUST-003,2026-08-14,2026-08-19,8982000,1
AR-INV-2026-001096,INV-2026-001096,AR,CUST-012,2026-06-30,2026-07-02,42305900,1
AR-INV-2026-001097,INV-2026-001097,AR,CUST-023,2026-07-15,2026-07-20,17328500,1
AR-INV-2026-001098,INV-2026-001098,AR,CUST-015,2026-06-22,2026-06-22,51283400,1
AP-RT-2026-001099,RT-2026-001099,AP,VEND-005,2026-07-15,2026-07-25,39489900,1
AP-VB-2026-001100,VB-2026-001100,AP,VEND-017,2026-07-30,1970-01-01,118235300,0
AP-RT-2026-001101,RT-2026-001101,AP,VEND-018,2026-07-15,2026-07-21,35761000,1
AP-VB-2026-001102,VB-2026-001102,AP,VEND-011,2026-07-15,2026-07-15,124697600,1
AR-INV-2026-001103,INV-2026-001103,AR,CUST-024,2026-08-17,2026-08-17,27578100,1
AR-INV-2026-001104,INV-2026-001104,AR,CUST-009,2026-08-17,2026-08-18,24705900,1
AR-INV-2026-001105,INV-2026-001105,AR,CUST-014,2026-07-16,2026-07-10,3617100,1
AR-INV-2026-001106,INV-2026-001106,AR,CUST-010,2026-06-23,2026-06-18,15384600,1
AR-INV-2026-001107,INV-2026-001107,AR,CUST-005,2026-07-16,2026-07-29,26285100,1
AR-INV-2026-001108,INV-2026-001108,AR,CUST-011,2026-07-16,2026-07-25,73822200,1
AR-INV-2026-001109,INV-2026-001109,AR,CUST-027,2026-07-31,2026-08-08,32607300,1
AP-VB-2026-001110,VB-2026-001110,AP,VEND-003,2026-08-17,2026-08-17,27692800,1
AP-RT-2026-001111,RT-2026-001111,AP,VEND-017,2026-07-31,2026-08-04,15622300,1
AR-INV-2026-001112,INV-2026-001112,AR,CUST-024,2026-08-17,2026-08-18,37338000,1
AR-INV-2026-001113,INV-2026-001113,AR,CUST-006,2026-07-17,2026-07-24,43300000,1
AR-INV-2026-001114,INV-2026-001114,AR,CUST-029,2026-06-24,2026-06-29,18558600,1
AR-INV-2026-001115,INV-2026-001115,AR,CUST-005,2026-07-17,2026-07-29,6984600,1
AR-INV-2026-001116,INV-2026-001116,AR,CUST-011,2026-07-17,2026-07-22,90755400,1
AR-INV-2026-001117,INV-2026-001117,AR,CUST-004,2026-08-01,2026-07-20,18389900,1
AR-INV-2026-001118,INV-2026-001118,AR,CUST-026,2026-06-24,2026-06-30,43820600,1
AR-INV-2026-001119,INV-2026-001119,AR,CUST-003,2026-08-17,2026-08-24,14134900,1
AR-INV-2026-001120,INV-2026-001120,AR,CUST-024,2026-08-17,2026-08-11,71257000,1
AP-RT-2026-001121,RT-2026-001121,AP,VEND-020,2026-08-01,2026-07-31,32855300,1
AP-RT-2026-001122,RT-2026-001122,AP,VEND-009,2026-07-02,2026-07-01,16339700,1
AP-VB-2026-001123,VB-2026-001123,AP,VEND-004,2026-07-02,2026-07-01,15683700,1
AR-INV-2026-001124,INV-2026-001124,AR,CUST-018,2026-06-25,2026-07-10,65693200,1
AR-INV-2026-001125,INV-2026-001125,AR,CUST-019,2026-07-18,2026-07-06,128728000,1
AR-INV-2026-001126,INV-2026-001126,AR,CUST-009,2026-08-17,2026-08-20,66615800,1
AR-INV-2026-001127,INV-2026-001127,AR,CUST-020,2026-08-03,2026-08-19,29412400,1
AR-INV-2026-001128,INV-2026-001128,AR,CUST-004,2026-08-03,2026-07-24,59754400,1
AR-INV-2026-001129,INV-2026-001129,AR,CUST-019,2026-07-18,2026-07-13,79641600,1
AR-INV-2026-001130,INV-2026-001130,AR,CUST-001,2026-08-03,2026-07-30,48624100,1
AR-INV-2026-001131,INV-2026-001131,AR,CUST-030,2026-07-18,2026-07-27,9917400,1
AP-RT-2026-001132,RT-2026-001132,AP,VEND-004,2026-07-03,2026-06-27,18294300,1
AP-RT-2026-001133,RT-2026-001133,AP,VEND-016,2026-08-17,2026-08-24,8335000,1
AP-RT-2026-001134,RT-2026-001134,AP,VEND-021,2026-07-18,2026-07-29,53799600,1
AP-RT-2026-001135,RT-2026-001135,AP,VEND-003,2026-08-17,2026-08-21,85794800,1
AP-RT-2026-001136,RT-2026-001136,AP,VEND-021,2026-07-18,2026-07-17,33560600,1
AP-VB-2026-001137,VB-2026-001137,AP,VEND-004,2026-07-03,2026-06-29,24542100,1
AP-VB-2026-001138,VB-2026-001138,AP,VEND-005,2026-07-18,2026-07-13,42779500,1
AP-RT-2026-001139,RT-2026-001139,AP,VEND-022,2026-08-03,2026-08-01,40705000,1
AR-INV-2026-001140,INV-2026-001140,AR,CUST-010,2026-06-26,2026-06-26,4594300,1
AR-INV-2026-001141,INV-2026-001141,AR,CUST-016,2026-07-04,2026-07-13,135207700,1
AR-INV-2026-001142,INV-2026-001142,AR,CUST-021,2026-08-18,2026-08-25,44093400,1
AR-INV-2026-001143,INV-2026-001143,AR,CUST-003,2026-08-18,2026-09-01,40393000,1
AR-INV-2026-001144,INV-2026-001144,AR,CUST-021,2026-08-18,2026-08-17,10126400,1
AR-INV-2026-001145,INV-2026-001145,AR,CUST-024,2026-08-18,2026-08-20,138810400,1
AR-INV-2026-001146,INV-2026-001146,AR,CUST-010,2026-06-26,2026-06-23,22354200,1
AR-INV-2026-001147,INV-2026-001147,AR,CUST-009,2026-08-18,2026-08-24,47417600,1
AR-INV-2026-001148,INV-2026-001148,AR,CUST-030,2026-07-20,2026-07-28,152503500,1
AR-INV-2026-001149,INV-2026-001149,AR,CUST-016,2026-07-04,2026-07-08,37973100,1
AP-RT-2026-001150,RT-2026-001150,AP,VEND-007,2026-07-04,2026-07-13,114734800,1
AP-VB-2026-001151,VB-2026-001151,AP,VEND-014,2026-08-18,2026-08-26,13108800,1
AP-VB-2026-001152,VB-2026-001152,AP,VEND-010,2026-07-20,2026-07-27,16581300,1
AP-RT-2026-001153,RT-2026-001153,AP,VEND-021,2026-07-20,2026-07-16,50161400,1
AP-VB-2026-001154,VB-2026-001154,AP,VEND-014,2026-08-18,2026-08-12,24180800,1
AP-VB-2026-001155,VB-2026-001155,AP,VEND-008,2026-08-18,2026-08-20,120971700,1
AP-VB-2026-001156,VB-2026-001156,AP,VEND-015,2026-08-18,2026-08-18,14149300,1
AR-INV-2026-001157,INV-2026-001157,AR,CUST-015,2026-06-27,2026-06-22,65996100,1
AP-RT-2026-001158,RT-2026-001158,AP,VEND-014,2026-08-19,2026-08-22,8889200,1
AP-VB-2026-001159,VB-2026-001159,AP,VEND-010,2026-07-20,2026-07-27,21618700,1
AP-VB-2026-001160,VB-2026-001160,AP,VEND-022,2026-08-04,2026-08-03,40806400,1
AR-INV-2026-001161,INV-2026-001161,AR,CUST-014,2026-07-21,2026-07-22,5337200,1
AP-VB-2026-001162,VB-2026-001162,AP,VEND-014,2026-08-20,2026-08-22,16043500,1
AP-RT-2026-001163,RT-2026-001163,AP,VEND-013,2026-08-05,2026-08-10,29290500,1
AR-INV-2026-001164,INV-2026-001164,AR,CUST-026,2026-06-29,2026-07-03,50708000,1
AR-INV-2026-001165,INV-2026-001165,AR,CUST-021,2026-08-21,2026-08-05,11685800,1
AR-INV-2026-001166,INV-2026-001166,AR,CUST-002,2026-08-06,2026-08-18,48899700,1
AR-INV-2026-001167,INV-2026-001167,AR,CUST-011,2026-07-22,2026-07-21,116073700,1
AR-INV-2026-001168,INV-2026-001168,AR,CUST-014,2026-07-22,2026-07-28,11773200,1
AR-INV-2026-001169,INV-2026-001169,AR,CUST-017,2026-08-21,2026-08-18,46165900,1
AR-INV-2026-001170,INV-2026-001170,AR,CUST-027,2026-08-06,2026-08-10,11014900,1
AP-VB-2026-001171,VB-2026-001171,AP,VEND-001,2026-07-22,2026-07-27,91531200,1
AP-VB-2026-001172,VB-2026-001172,AP,VEND-015,2026-08-21,2026-08-19,20424700,1
AP-VB-2026-001173,VB-2026-001173,AP,VEND-006,2026-07-07,2026-07-06,129185000,1
AP-VB-2026-001174,VB-2026-001174,AP,VEND-008,2026-08-21,2026-09-09,61806800,1
AP-VB-2026-001175,VB-2026-001175,AP,VEND-011,2026-07-22,2026-07-18,22566900,1
AR-INV-2026-001176,INV-2026-001176,AR,CUST-021,2026-08-22,2026-08-19,27202600,1
AR-INV-2026-001177,INV-2026-001177,AR,CUST-020,2026-08-07,2026-08-17,43952100,1
AR-INV-2026-001178,INV-2026-001178,AR,CUST-019,2026-07-23,2026-07-20,127089400,1
AR-INV-2026-001179,INV-2026-001179,AR,CUST-011,2026-07-23,2026-07-24,153025700,1
AR-INV-2026-001180,INV-2026-001180,AR,CUST-007,2026-07-08,2026-07-13,104775400,1
AR-INV-2026-001181,INV-2026-001181,AR,CUST-009,2026-08-22,2026-08-27,13488600,1
AR-INV-2026-001182,INV-2026-001182,AR,CUST-012,2026-07-08,2026-07-14,24855000,1
AR-INV-2026-001183,INV-2026-001183,AR,CUST-016,2026-07-08,2026-07-09,49371300,1
AR-INV-2026-001184,INV-2026-001184,AR,CUST-001,2026-08-07,2026-07-31,145206100,1
AR-INV-2026-001185,INV-2026-001185,AR,CUST-003,2026-08-22,2026-08-31,34240800,1
AP-VB-2026-001186,VB-2026-001186,AP,VEND-009,2026-07-08,2026-07-10,19017200,1
AP-RT-2026-001187,RT-2026-001187,AP,VEND-013,2026-08-07,2026-08-13,27389000,1
AR-INV-2026-001188,INV-2026-001188,AR,CUST-006,2026-07-24,2026-07-31,35638300,1
AR-INV-2026-001189,INV-2026-001189,AR,CUST-029,2026-07-01,2026-07-13,143796200,1
AR-INV-2026-001190,INV-2026-001190,AR,CUST-002,2026-08-08,1970-01-01,600000000,0
AR-INV-2026-001191,INV-2026-001191,AR,CUST-023,2026-07-24,2026-07-30,29743300,1
AR-INV-2026-001192,INV-2026-001192,AR,CUST-005,2026-07-24,2026-07-31,10150000,1
AR-INV-2026-001193,INV-2026-001193,AR,CUST-028,2026-08-08,2026-08-01,20479300,1
AR-INV-2026-001194,INV-2026-001194,AR,CUST-012,2026-07-09,2026-07-25,20455300,1
AP-RT-2026-001195,RT-2026-001195,AP,VEND-012,2026-08-24,2026-08-20,29549600,1
AP-VB-2026-001196,VB-2026-001196,AP,VEND-021,2026-07-24,2026-07-24,40419800,1
AP-RT-2026-001197,RT-2026-001197,AP,VEND-010,2026-07-24,2026-07-24,28744500,1
AP-RT-2026-001198,RT-2026-001198,AP,VEND-014,2026-08-24,2026-08-18,6546700,1
AP-VB-2026-001199,VB-2026-001199,AP,VEND-009,2026-07-09,2026-07-14,15232200,1
AR-INV-2026-001200,INV-2026-001200,AR,CUST-027,2026-08-10,2026-08-24,29251100,1
AR-INV-2026-001201,INV-2026-001201,AR,CUST-017,2026-08-24,2026-09-07,24302300,1
AR-INV-2026-001202,INV-2026-001202,AR,CUST-016,2026-07-10,2026-07-13,66289000,1
AR-INV-2026-001203,INV-2026-001203,AR,CUST-005,2026-07-25,2026-07-31,22955100,1
AR-INV-2026-001204,INV-2026-001204,AR,CUST-018,2026-07-02,2026-07-10,20190600,1
AR-INV-2026-001205,INV-2026-001205,AR,CUST-030,2026-07-25,2026-07-29,141817200,1
AR-INV-2026-001206,INV-2026-001206,AR,CUST-011,2026-07-25,2026-07-27,37372100,1
AR-INV-2026-001207,INV-2026-001207,AR,CUST-022,2026-07-25,2026-08-04,130475100,1
AR-INV-2026-001208,INV-2026-001208,AR,CUST-018,2026-07-02,2026-07-06,87296300,1
AR-INV-2026-001209,INV-2026-001209,AR,CUST-018,2026-07-02,2026-07-09,21259800,1
AR-INV-2026-001210,INV-2026-001210,AR,CUST-007,2026-07-10,2026-07-20,38738300,1
AP-VB-2026-001211,VB-2026-001211,AP,VEND-002,2026-07-25,2026-08-06,11675900,1
AP-VB-2026-001212,VB-2026-001212,AP,VEND-015,2026-08-24,2026-08-26,48667300,1
AP-RT-2026-001213,RT-2026-001213,AP,VEND-007,2026-07-10,2026-07-14,55849100,1
AP-RT-2026-001214,RT-2026-001214,AP,VEND-016,2026-08-24,2026-08-22,34385100,1
AP-VB-2026-001215,VB-2026-001215,AP,VEND-002,2026-07-25,2026-07-28,51824000,1
AP-RT-2026-001216,RT-2026-001216,AP,VEND-004,2026-07-10,2026-07-27,80126600,1
AR-INV-2026-001217,INV-2026-001217,AR,CUST-007,2026-07-11,2026-07-10,112150200,1
AR-INV-2026-001218,INV-2026-001218,AR,CUST-014,2026-07-27,2026-07-30,40167300,1
AR-INV-2026-001219,INV-2026-001219,AR,CUST-008,2026-08-10,2026-08-27,112443300,1
AR-INV-2026-001220,INV-2026-001220,AR,CUST-007,2026-07-11,2026-07-16,100115100,1
AR-INV-2026-001221,INV-2026-001221,AR,CUST-018,2026-07-03,1970-01-01,37801400,0
AP-RT-2026-001222,RT-2026-001222,AP,VEND-021,2026-07-27,2026-07-29,25875500,1
AP-VB-2026-001223,VB-2026-001223,AP,VEND-002,2026-07-27,2026-08-01,18402100,1
AP-VB-2026-001224,VB-2026-001224,AP,VEND-007,2026-07-11,2026-07-15,25160500,1
AP-RT-2026-001225,RT-2026-001225,AP,VEND-022,2026-08-10,2026-08-07,20702400,1
AP-RT-2026-001226,RT-2026-001226,AP,VEND-018,2026-07-27,2026-07-28,28274200,1
AP-VB-2026-001227,VB-2026-001227,AP,VEND-020,2026-08-10,2026-08-17,30901100,1
AP-VB-2026-001228,VB-2026-001228,AP,VEND-002,2026-07-27,2026-08-01,61839400,1
AR-INV-2026-001229,INV-2026-001229,AR,CUST-022,2026-07-27,2026-08-01,59851900,1
AR-INV-2026-001230,INV-2026-001230,AR,CUST-005,2026-07-27,2026-07-31,14820000,1
AR-INV-2026-001231,INV-2026-001231,AR,CUST-027,2026-08-11,2026-08-24,12099700,1
AP-VB-2026-001232,VB-2026-001232,AP,VEND-011,2026-07-27,2026-08-11,153511300,1
AP-VB-2026-001233,VB-2026-001233,AP,VEND-016,2026-08-26,2026-09-01,38982100,1
AP-VB-2026-001234,VB-2026-001234,AP,VEND-019,2026-07-13,2026-07-30,35230300,1
AP-VB-2026-001235,VB-2026-001235,AP,VEND-012,2026-08-26,2026-08-17,18621500,1
AP-RT-2026-001236,RT-2026-001236,AP,VEND-013,2026-08-11,2026-08-17,10613700,1
AR-INV-2026-001237,INV-2026-001237,AR,CUST-024,2026-08-28,2026-09-03,268030100,1
AR-INV-2026-001238,INV-2026-001238,AR,CUST-025,2026-07-06,2026-07-08,62754900,1
AR-INV-2026-001239,INV-2026-001239,AR,CUST-013,2026-07-29,2026-07-29,3095400,1
AR-INV-2026-001240,INV-2026-001240,AR,CUST-007,2026-07-14,2026-07-17,17978000,1
AR-INV-2026-001241,INV-2026-001241,AR,CUST-012,2026-07-14,2026-07-18,45598900,1
AR-INV-2026-001242,INV-2026-001242,AR,CUST-028,2026-08-13,2026-08-06,16629400,1
AR-INV-2026-001243,INV-2026-001243,AR,CUST-028,2026-08-13,2026-08-12,31850800,1
AR-INV-2026-001244,INV-2026-001244,AR,CUST-019,2026-07-29,2026-07-10,64560600,1
AR-INV-2026-001245,INV-2026-001245,AR,CUST-029,2026-07-06,1970-01-01,148463400,0
AP-RT-2026-001246,RT-2026-001246,AP,VEND-010,2026-07-29,2026-07-27,14283200,1
AP-RT-2026-001247,RT-2026-001247,AP,VEND-007,2026-07-14,2026-07-25,28808500,1
AP-RT-2026-001248,RT-2026-001248,AP,VEND-017,2026-08-13,2026-08-18,110310600,1
AP-RT-2026-001249,RT-2026-001249,AP,VEND-011,2026-07-29,2026-08-06,34285100,1
AP-VB-2026-001250,VB-2026-001250,AP,VEND-011,2026-07-29,2026-08-03,148820100,1
AR-INV-2026-001251,INV-2026-001251,AR,CUST-028,2026-08-14,2026-08-10,34931400,1
AR-INV-2026-001252,INV-2026-001252,AR,CUST-030,2026-07-30,2026-08-05,27240400,1
AR-INV-2026-001253,INV-2026-001253,AR,CUST-007,2026-07-15,2026-07-18,65067100,1
AR-INV-2026-001254,INV-2026-001254,AR,CUST-007,2026-07-15,2026-07-28,51274900,1
AR-INV-2026-001255,INV-2026-001255,AR,CUST-007,2026-07-15,2026-07-15,117048300,1
AR-INV-2026-001256,INV-2026-001256,AR,CUST-009,2026-08-29,2026-09-02,128371800,1
AR-INV-2026-001257,INV-2026-001257,AR,CUST-023,2026-07-30,2026-08-10,16301100,1
AR-INV-2026-001258,INV-2026-001258,AR,CUST-027,2026-08-14,2026-08-24,103935500,1
AR-INV-2026-001259,INV-2026-001259,AR,CUST-008,2026-08-14,2026-08-27,35607900,1
AR-INV-2026-001260,INV-2026-001260,AR,CUST-024,2026-08-29,2026-08-28,69162100,1
AR-INV-2026-001261,INV-2026-001261,AR,CUST-009,2026-08-29,2026-09-01,70172100,1
AR-INV-2026-001262,INV-2026-001262,AR,CUST-030,2026-07-30,1970-01-01,31700200,0
AR-INV-2026-001263,INV-2026-001263,AR,CUST-016,2026-07-15,2026-07-21,84147200,1
AP-VB-2026-001264,VB-2026-001264,AP,VEND-011,2026-07-30,2026-08-11,135694200,1
AP-VB-2026-001265,VB-2026-001265,AP,VEND-008,2026-08-29,2026-08-29,84111500,1
AP-RT-2026-001266,RT-2026-001266,AP,VEND-002,2026-07-30,2026-08-01,40722700,1
AP-VB-2026-001267,VB-2026-001267,AP,VEND-008,2026-08-29,2026-08-28,94800000,1
AP-RT-2026-001268,RT-2026-001268,AP,VEND-004,2026-07-15,2026-07-16,58690400,1
AP-RT-2026-001269,RT-2026-001269,AP,VEND-022,2026-08-14,2026-08-14,15506200,1
AP-RT-2026-001270,RT-2026-001270,AP,VEND-019,2026-07-15,2026-07-25,71610500,1
AP-VB-2026-001271,VB-2026-001271,AP,VEND-006,2026-07-15,2026-07-16,65111800,1
AP-VB-2026-001272,VB-2026-001272,AP,VEND-017,2026-08-14,2026-08-17,22221300,1
AR-INV-2026-001273,INV-2026-001273,AR,CUST-008,2026-08-17,2026-08-29,50800300,1
AR-INV-2026-001274,INV-2026-001274,AR,CUST-026,2026-07-08,2026-07-08,100389000,1
AR-INV-2026-001275,INV-2026-001275,AR,CUST-011,2026-07-31,1970-01-01,101008400,0
AR-INV-2026-001276,INV-2026-001276,AR,CUST-023,2026-07-31,2026-08-07,21882600,1
AR-INV-2026-001277,INV-2026-001277,AR,CUST-029,2026-07-08,2026-07-14,25796700,1
AR-INV-2026-001278,INV-2026-001278,AR,CUST-028,2026-08-17,2026-08-13,55888300,1
AR-INV-2026-001279,INV-2026-001279,AR,CUST-005,2026-07-31,2026-07-16,7952400,1
AR-INV-2026-001280,INV-2026-001280,AR,CUST-027,2026-08-17,2026-08-25,25341300,1
AR-INV-2026-001281,INV-2026-001281,AR,CUST-006,2026-07-31,2026-08-14,25836800,1
AR-INV-2026-001282,INV-2026-001282,AR,CUST-025,2026-07-08,2026-07-06,279667600,1
AR-INV-2026-001283,INV-2026-001283,AR,CUST-008,2026-08-17,2026-08-31,83606600,1
AP-VB-2026-001284,VB-2026-001284,AP,VEND-019,2026-07-16,2026-07-28,55495900,1
AP-VB-2026-001285,VB-2026-001285,AP,VEND-020,2026-08-17,2026-08-29,26685200,1
AP-VB-2026-001286,VB-2026-001286,AP,VEND-012,2026-08-31,2026-09-01,43154700,1
AP-VB-2026-001287,VB-2026-001287,AP,VEND-013,2026-08-17,2026-09-07,48331900,1
AP-VB-2026-001288,VB-2026-001288,AP,VEND-003,2026-08-31,2026-08-29,81146100,1
AR-INV-2026-001289,INV-2026-001289,AR,CUST-013,2026-08-01,2026-08-07,68821900,1
AR-INV-2026-001290,INV-2026-001290,AR,CUST-015,2026-07-09,2026-07-09,22404900,1
AR-INV-2026-001291,INV-2026-001291,AR,CUST-021,2026-08-31,2026-09-02,30685100,1
AR-INV-2026-001292,INV-2026-001292,AR,CUST-027,2026-08-17,2026-08-22,48482100,1
AR-INV-2026-001293,INV-2026-001293,AR,CUST-019,2026-08-01,2026-07-31,11062900,1
AR-INV-2026-001294,INV-2026-001294,AR,CUST-012,2026-07-17,2026-07-20,47579500,1
AR-INV-2026-001295,INV-2026-001295,AR,CUST-019,2026-08-01,2026-08-04,40509200,1
AR-INV-2026-001296,INV-2026-001296,AR,CUST-010,2026-07-09,2026-07-03,11540500,1
AR-INV-2026-001297,INV-2026-001297,AR,CUST-030,2026-08-01,2026-08-10,42348400,1
AR-INV-2026-001298,INV-2026-001298,AR,CUST-026,2026-07-09,2026-07-04,81201300,1
AR-INV-2026-001299,INV-2026-001299,AR,CUST-007,2026-07-17,2026-07-17,45474700,1
AP-RT-2026-001300,RT-2026-001300,AP,VEND-012,2026-08-31,2026-09-05,47038900,1
AP-RT-2026-001301,RT-2026-001301,AP,VEND-017,2026-08-17,2026-08-26,21832900,1
AP-VB-2026-001302,VB-2026-001302,AP,VEND-017,2026-08-17,2026-08-31,40861800,1
AP-RT-2026-001303,RT-2026-001303,AP,VEND-010,2026-08-01,2026-08-07,22989800,1
AP-RT-2026-001304,RT-2026-001304,AP,VEND-021,2026-08-01,2026-07-28,63306800,1
AP-VB-2026-001305,VB-2026-001305,AP,VEND-006,2026-07-17,2026-07-17,28628400,1
AP-RT-2026-001306,RT-2026-001306,AP,VEND-005,2026-08-01,2026-07-29,95169300,1
AP-RT-2026-001307,RT-2026-001307,AP,VEND-016,2026-08-31,2026-09-19,42799300,1
AP-VB-2026-001308,VB-2026-001308,AP,VEND-008,2026-08-31,2026-08-24,40014700,1
AP-RT-2026-001309,RT-2026-001309,AP,VEND-021,2026-08-01,2026-08-07,54922100,1
AP-RT-2026-001310,RT-2026-001310,AP,VEND-003,2026-08-31,2026-09-03,66560400,1
AR-INV-2026-001311,INV-2026-001311,AR,CUST-015,2026-07-10,2026-07-09,51303100,1
AR-INV-2026-001312,INV-2026-001312,AR,CUST-030,2026-08-03,2026-08-12,24198900,1
AR-INV-2026-001313,INV-2026-001313,AR,CUST-001,2026-08-17,2026-08-31,61893000,1
AR-INV-2026-001314,INV-2026-001314,AR,CUST-002,2026-08-17,2026-08-12,42761000,1
AR-INV-2026-001315,INV-2026-001315,AR,CUST-027,2026-08-17,2026-08-26,85167200,1
AR-INV-2026-001316,INV-2026-001316,AR,CUST-030,2026-08-03,1970-01-01,64625900,0
AR-INV-2026-001317,INV-2026-001317,AR,CUST-030,2026-08-03,2026-08-17,72808700,1
AR-INV-2026-001318,INV-2026-001318,AR,CUST-002,2026-08-17,2026-08-17,126319700,1
AR-INV-2026-001319,INV-2026-001319,AR,CUST-021,2026-09-01,2026-08-10,25095900,1
AP-RT-2026-001320,RT-2026-001320,AP,VEND-018,2026-08-03,2026-08-04,39587200,1
AP-VB-2026-001321,VB-2026-001321,AP,VEND-007,2026-07-18,2026-07-31,44223100,1
AP-VB-2026-001322,VB-2026-001322,AP,VEND-002,2026-08-03,2026-08-08,21140900,1
AP-RT-2026-001323,RT-2026-001323,AP,VEND-013,2026-08-17,2026-08-22,36530100,1
AP-RT-2026-001324,RT-2026-001324,AP,VEND-022,2026-08-17,2026-08-17,12969900,1
AP-RT-2026-001325,RT-2026-001325,AP,VEND-017,2026-08-17,2026-08-24,47892800,1
AR-INV-2026-001326,INV-2026-001326,AR,CUST-007,2026-07-20,2026-07-20,95012000,1
AR-INV-2026-001327,INV-2026-001327,AR,CUST-005,2026-08-03,2026-07-23,14038300,1
AR-INV-2026-001328,INV-2026-001328,AR,CUST-009,2026-09-02,2026-09-09,43511800,1
AP-RT-2026-001329,RT-2026-001329,AP,VEND-009,2026-07-20,2026-07-27,27171600,1
AP-RT-2026-001330,RT-2026-001330,AP,VEND-010,2026-08-03,2026-08-06,26764300,1
AP-RT-2026-001331,RT-2026-001331,AP,VEND-001,2026-08-03,2026-08-07,42202600,1
AR-INV-2026-001332,INV-2026-001332,AR,CUST-018,2026-07-13,2026-07-20,47143000,1
AR-INV-2026-001333,INV-2026-001333,AR,CUST-001,2026-08-20,2026-08-04,39511200,1
AR-INV-2026-001334,INV-2026-001334,AR,CUST-010,2026-07-13,2026-07-06,2520600,1
AR-INV-2026-001335,INV-2026-001335,AR,CUST-004,2026-08-20,2026-08-18,68714200,1
AR-INV-2026-001336,INV-2026-001336,AR,CUST-019,2026-08-05,2026-08-03,81229800,1
AR-INV-2026-001337,INV-2026-001337,AR,CUST-017,2026-09-04,2026-09-10,23558500,1
AR-INV-2026-001338,INV-2026-001338,AR,CUST-023,2026-08-05,2026-08-07,55371400,1
AP-RT-2026-001339,RT-2026-001339,AP,VEND-003,2026-09-04,2026-09-09,16670600,1
AP-VB-2026-001340,VB-2026-001340,AP,VEND-022,2026-08-20,2026-08-14,37247700,1
AP-VB-2026-001341,VB-2026-001341,AP,VEND-009,2026-07-21,2026-07-20,21760900,1
AP-RT-2026-001342,RT-2026-001342,AP,VEND-017,2026-08-20,2026-08-24,69632400,1
AP-VB-2026-001343,VB-2026-001343,AP,VEND-012,2026-09-04,2026-09-03,35774000,1
AP-VB-2026-001344,VB-2026-001344,AP,VEND-017,2026-08-20,2026-08-21,27437100,1
AR-INV-2026-001345,INV-2026-001345,AR,CUST-006,2026-08-06,2026-08-10,150432000,1
AR-INV-2026-001346,INV-2026-001346,AR,CUST-021,2026-09-05,2026-08-26,15249300,1
AR-INV-2026-001347,INV-2026-001347,AR,CUST-019,2026-08-06,2026-08-08,111092700,1
AR-INV-2026-001348,INV-2026-001348,AR,CUST-020,2026-08-21,2026-08-28,8488100,1
AR-INV-2026-001349,INV-2026-001349,AR,CUST-016,2026-07-22,2026-07-27,33808100,1
AR-INV-2026-001350,INV-2026-001350,AR,CUST-030,2026-08-06,2026-08-17,94788800,1
AR-INV-2026-001351,INV-2026-001351,AR,CUST-002,2026-08-21,2026-08-24,44016900,1
AP-VB-2026-001352,VB-2026-001352,AP,VEND-019,2026-07-22,2026-07-20,497382800,1
AR-INV-2026-001353,INV-2026-001353,AR,CUST-020,2026-08-22,2026-08-24,14649800,1
AR-INV-2026-001354,INV-2026-001354,AR,CUST-026,2026-07-15,2026-07-27,56395900,1
AR-INV-2026-001355,INV-2026-001355,AR,CUST-017,2026-09-07,2026-09-03,19204100,1
AP-RT-2026-001356,RT-2026-001356,AP,VEND-004,2026-07-23,2026-07-23,41736200,1
AP-RT-2026-001357,RT-2026-001357,AP,VEND-011,2026-08-07,2026-08-21,25670500,1
AP-VB-2026-001358,VB-2026-001358,AP,VEND-014,2026-09-07,2026-08-29,11746200,1
AP-RT-2026-001359,RT-2026-001359,AP,VEND-014,2026-09-07,2026-09-24,9914000,1
AP-RT-2026-001360,RT-2026-001360,AP,VEND-009,2026-07-23,2026-07-21,14931600,1
AP-VB-2026-001361,VB-2026-001361,AP,VEND-019,2026-07-23,2026-08-01,22270100,1
AP-RT-2026-001362,RT-2026-001362,AP,VEND-009,2026-07-23,2026-07-25,13184300,1
AP-VB-2026-001363,VB-2026-001363,AP,VEND-017,2026-08-22,2026-08-17,202485100,1
AP-VB-2026-001364,VB-2026-001364,AP,VEND-014,2026-09-07,2026-09-04,14653900,1
AR-INV-2026-001365,INV-2026-001365,AR,CUST-027,2026-08-24,2026-08-22,68158400,1
AR-INV-2026-001366,INV-2026-001366,AR,CUST-025,2026-07-16,2026-07-13,224530000,1
AR-INV-2026-001367,INV-2026-001367,AR,CUST-007,2026-07-24,2026-07-24,81934700,1
AR-INV-2026-001368,INV-2026-001368,AR,CUST-015,2026-07-16,2026-07-18,81673100,1
AR-INV-2026-001369,INV-2026-001369,AR,CUST-009,2026-09-07,2026-09-16,30947800,1
AR-INV-2026-001370,INV-2026-001370,AR,CUST-021,2026-09-07,2026-09-04,10902900,1
AP-VB-2026-001371,VB-2026-001371,AP,VEND-017,2026-08-24,2026-08-31,58084800,1
AP-RT-2026-001372,RT-2026-001372,AP,VEND-003,2026-09-07,2026-09-03,9156700,1
AP-RT-2026-001373,RT-2026-001373,AP,VEND-010,2026-08-08,2026-08-11,51193300,1
AP-VB-2026-001374,VB-2026-001374,AP,VEND-008,2026-09-07,2026-09-11,10558100,1
AP-RT-2026-001375,RT-2026-001375,AP,VEND-006,2026-07-24,2026-07-20,43618200,1
AR-INV-2026-001376,INV-2026-001376,AR,CUST-012,2026-07-25,2026-07-29,27073900,1
AR-INV-2026-001377,INV-2026-001377,AR,CUST-015,2026-07-17,2026-07-18,105802200,1
AR-INV-2026-001378,INV-2026-001378,AR,CUST-018,2026-07-17,2026-07-24,72493700,1
AR-INV-2026-001379,INV-2026-001379,AR,CUST-004,2026-08-24,2026-08-20,54833400,1
AR-INV-2026-001380,INV-2026-001380,AR,CUST-018,2026-07-17,2026-07-22,57949800,1
AR-INV-2026-001381,INV-2026-001381,AR,CUST-021,2026-09-08,2026-08-24,24712400,1
AR-INV-2026-001382,INV-2026-001382,AR,CUST-011,2026-08-10,2026-08-08,185870300,1
AR-INV-2026-001383,INV-2026-001383,AR,CUST-013,2026-08-10,2026-08-24,19144600,1
AR-INV-2026-001384,INV-2026-001384,AR,CUST-002,2026-08-24,2026-08-22,50554400,1
AR-INV-2026-001385,INV-2026-001385,AR,CUST-009,2026-09-08,2026-09-16,28890200,1
AP-VB-2026-001386,VB-2026-001386,AP,VEND-004,2026-07-25,2026-07-28,66019200,1
AP-VB-2026-001387,VB-2026-001387,AP,VEND-020,2026-08-24,2026-09-07,28005700,1
AP-VB-2026-001388,VB-2026-001388,AP,VEND-005,2026-08-10,2026-08-07,20916400,1
AR-INV-2026-001389,INV-2026-001389,AR,CUST-011,2026-08-10,2026-08-05,15943100,1
AR-INV-2026-001390,INV-2026-001390,AR,CUST-011,2026-08-10,2026-08-12,72472100,1
AP-VB-2026-001391,VB-2026-001391,AP,VEND-018,2026-08-10,2026-08-12,60568700,1
AP-RT-2026-001392,RT-2026-001392,AP,VEND-008,2026-09-09,1970-01-01,30311100,0
AP-RT-2026-001393,RT-2026-001393,AP,VEND-003,2026-09-09,2026-09-04,142840300,1
AP-RT-2026-001394,RT-2026-001394,AP,VEND-009,2026-07-27,2026-08-03,9686100,1
AR-INV-2026-001395,INV-2026-001395,AR,CUST-029,2026-07-20,2026-07-20,95448500,1
AR-INV-2026-001396,INV-2026-001396,AR,CUST-009,2026-09-11,2026-09-16,32646600,1
AR-INV-2026-001397,INV-2026-001397,AR,CUST-011,2026-08-12,2026-08-13,23566500,1
AR-INV-2026-001398,INV-2026-001398,AR,CUST-019,2026-08-12,2026-08-04,64357500,1
AR-INV-2026-001399,INV-2026-001399,AR,CUST-009,2026-09-11,2026-09-18,41056400,1
AR-INV-2026-001400,INV-2026-001400,AR,CUST-011,2026-08-12,2026-08-18,51889900,1
AR-INV-2026-001401,INV-2026-001401,AR,CUST-006,2026-08-12,2026-08-24,21664800,1
AR-INV-2026-001402,INV-2026-001402,AR,CUST-027,2026-08-27,2026-08-22,302479500,1
AR-INV-2026-001403,INV-2026-001403,AR,CUST-015,2026-07-20,2026-07-21,111475600,1
AR-INV-2026-001404,INV-2026-001404,AR,CUST-002,2026-08-27,2026-08-24,31411500,1
AR-INV-2026-001405,INV-2026-001405,AR,CUST-013,2026-08-12,2026-08-24,34683200,1
AP-RT-2026-001406,RT-2026-001406,AP,VEND-016,2026-09-11,2026-09-29,19584000,1
AP-VB-2026-001407,VB-2026-001407,AP,VEND-020,2026-08-27,2026-09-02,39506800,1
AP-RT-2026-001408,RT-2026-001408,AP,VEND-009,2026-07-28,2026-07-27,17151000,1
AP-VB-2026-001409,VB-2026-001409,AP,VEND-002,2026-08-12,2026-08-17,14286400,1
AP-RT-2026-001410,RT-2026-001410,AP,VEND-004,2026-07-28,2026-08-10,15707900,1
AP-VB-2026-001411,VB-2026-001411,AP,VEND-013,2026-08-27,2026-09-07,15548500,1
AR-INV-2026-001412,INV-2026-001412,AR,CUST-003,2026-09-12,2026-09-16,26715900,1
AR-INV-2026-001413,INV-2026-001413,AR,CUST-024,2026-09-12,2026-09-16,95317800,1
AR-INV-2026-001414,INV-2026-001414,AR,CUST-009,2026-09-12,2026-10-05,15914700,1
AR-INV-2026-001415,INV-2026-001415,AR,CUST-018,2026-07-21,1970-01-01,19255400,0
AR-INV-2026-001416,INV-2026-001416,AR,CUST-010,2026-07-21,2026-07-21,20123400,1
AR-INV-2026-001417,INV-2026-001417,AR,CUST-009,2026-09-12,2026-10-05,58027100,1
AR-INV-2026-001418,INV-2026-001418,AR,CUST-017,2026-09-12,2026-09-14,29788000,1
AR-INV-2026-001419,INV-2026-001419,AR,CUST-024,2026-09-12,2026-09-18,103173000,1
AP-VB-2026-001420,VB-2026-001420,AP,VEND-015,2026-09-12,2026-09-10,29104300,1
AP-RT-2026-001421,RT-2026-001421,AP,VEND-009,2026-07-29,2026-08-01,21246100,1
AP-VB-2026-001422,VB-2026-001422,AP,VEND-022,2026-08-28,2026-08-28,45682300,1
AP-RT-2026-001423,RT-2026-001423,AP,VEND-012,2026-09-12,2026-08-31,39682000,1
AP-VB-2026-001424,VB-2026-001424,AP,VEND-005,2026-08-13,2026-08-18,8777000,1
AP-VB-2026-001425,VB-2026-001425,AP,VEND-013,2026-08-28,2026-09-05,18131400,1
AP-RT-2026-001426,RT-2026-001426,AP,VEND-006,2026-07-29,2026-07-31,33639800,1
AR-INV-2026-001427,INV-2026-001427,AR,CUST-011,2026-08-14,2026-08-17,124989900,1
AR-INV-2026-001428,INV-2026-001428,AR,CUST-005,2026-08-14,2026-08-20,31732400,1
AR-INV-2026-001429,INV-2026-001429,AR,CUST-007,2026-07-30,2026-08-08,39234800,1
AR-INV-2026-001430,INV-2026-001430,AR,CUST-028,2026-08-29,2026-08-18,40617600,1
AR-INV-2026-001431,INV-2026-001431,AR,CUST-014,2026-08-14,1970-01-01,16279600,0
AR-INV-2026-001432,INV-2026-001432,AR,CUST-022,2026-08-14,2026-08-21,64009700,1
AR-INV-2026-001433,INV-2026-001433,AR,CUST-018,2026-07-22,1970-01-01,62849900,0
AP-RT-2026-001434,RT-2026-001434,AP,VEND-004,2026-07-30,2026-07-23,48344900,1
AP-VB-2026-001435,VB-2026-001435,AP,VEND-006,2026-07-30,2026-08-01,103596600,1
AP-VB-2026-001436,VB-2026-001436,AP,VEND-012,2026-09-14,1970-01-01,41345500,0
AP-RT-2026-001437,RT-2026-001437,AP,VEND-015,2026-09-14,2026-09-12,17626300,1
AP-RT-2026-001438,RT-2026-001438,AP,VEND-014,2026-09-14,2026-09-19,9702100,1
AP-RT-2026-001439,RT-2026-001439,AP,VEND-009,2026-07-30,2026-08-06,12922900,1
AR-INV-2026-001440,INV-2026-001440,AR,CUST-024,2026-09-14,2026-09-15,25974900,1
AR-INV-2026-001441,INV-2026-001441,AR,CUST-025,2026-07-23,2026-08-01,72444400,1
AR-INV-2026-001442,INV-2026-001442,AR,CUST-012,2026-07-31,2026-08-01,44077200,1
AR-INV-2026-001443,INV-2026-001443,AR,CUST-021,2026-09-14,1970-01-01,7515400,0
AR-INV-2026-001444,INV-2026-001444,AR,CUST-012,2026-07-31,2026-08-05,73822200,1
AR-INV-2026-001445,INV-2026-001445,AR,CUST-003,2026-09-14,2026-09-15,8588000,1
AP-VB-2026-001446,VB-2026-001446,AP,VEND-016,2026-09-14,2026-09-17,19829200,1
AP-RT-2026-001447,RT-2026-001447,AP,VEND-013,2026-08-31,2026-09-11,19298500,1
AP-RT-2026-001448,RT-2026-001448,AP,VEND-007,2026-07-31,2026-08-10,31334200,1
AP-VB-2026-001449,VB-2026-001449,AP,VEND-004,2026-07-31,2026-08-03,33088500,1
AP-VB-2026-001450,VB-2026-001450,AP,VEND-005,2026-08-17,2026-08-22,53467700,1
AP-VB-2026-001451,VB-2026-001451,AP,VEND-001,2026-08-17,2026-08-21,25623600,1
AR-INV-2026-001452,INV-2026-001452,AR,CUST-005,2026-08-17,2026-08-17,29400300,1
AR-INV-2026-001453,INV-2026-001453,AR,CUST-012,2026-08-01,2026-08-12,47097800,1
AR-INV-2026-001454,INV-2026-001454,AR,CUST-017,2026-09-15,2026-09-03,13934100,1
AR-INV-2026-001455,INV-2026-001455,AR,CUST-027,2026-08-31,2026-08-26,92388800,1
AR-INV-2026-001456,INV-2026-001456,AR,CUST-020,2026-08-31,2026-09-11,99118700,1
AR-INV-2026-001457,INV-2026-001457,AR,CUST-016,2026-08-01,2026-08-17,130268900,1
AR-INV-2026-001458,INV-2026-001458,AR,CUST-016,2026-08-01,2026-08-06,21115300,1
AR-INV-2026-001459,INV-2026-001459,AR,CUST-018,2026-07-24,2026-07-31,6477000,1
AP-RT-2026-001460,RT-2026-001460,AP,VEND-013,2026-08-31,2026-09-03,16442400,1
AP-RT-2026-001461,RT-2026-001461,AP,VEND-001,2026-08-17,2026-08-24,28246400,1
AP-VB-2026-001462,VB-2026-001462,AP,VEND-014,2026-09-15,2026-09-14,15504000,1
AP-RT-2026-001463,RT-2026-001463,AP,VEND-022,2026-08-31,2026-08-29,50619300,1
AP-RT-2026-001464,RT-2026-001464,AP,VEND-022,2026-08-31,2026-09-01,21571200,1
AP-VB-2026-001465,VB-2026-001465,AP,VEND-010,2026-08-17,2026-08-31,48567000,1
AR-INV-2026-001466,INV-2026-001466,AR,CUST-021,2026-09-16,2026-09-15,36223200,1
AR-INV-2026-001467,INV-2026-001467,AR,CUST-003,2026-09-16,1970-01-01,8757100,0
AR-INV-2026-001468,INV-2026-001468,AR,CUST-008,2026-09-01,2026-09-09,143289100,1
AP-VB-2026-001469,VB-2026-001469,AP,VEND-016,2026-09-16,2026-09-09,56153500,1
AP-RT-2026-001470,RT-2026-001470,AP,VEND-014,2026-09-16,2026-09-16,17448800,1
AP-VB-2026-001471,VB-2026-001471,AP,VEND-006,2026-08-03,2026-08-10,51192200,1
AP-RT-2026-001472,RT-2026-001472,AP,VEND-015,2026-09-16,2026-09-14,41910200,1
AP-VB-2026-001473,VB-2026-001473,AP,VEND-012,2026-09-16,2026-09-28,25104900,1
AR-INV-2026-001474,INV-2026-001474,AR,CUST-005,2026-08-18,2026-08-20,13962500,1
AR-INV-2026-001475,INV-2026-001475,AR,CUST-016,2026-08-04,2026-08-11,95272000,1
AR-INV-2026-001476,INV-2026-001476,AR,CUST-001,2026-09-03,1970-01-01,6655200,0
AR-INV-2026-001477,INV-2026-001477,AR,CUST-020,2026-09-03,2026-09-12,63497900,1
AR-INV-2026-001478,INV-2026-001478,AR,CUST-030,2026-08-19,2026-09-02,55570200,1
AR-INV-2026-001479,INV-2026-001479,AR,CUST-022,2026-08-19,2026-08-24,89065900,1
AR-INV-2026-001480,INV-2026-001480,AR,CUST-001,2026-09-03,2026-09-02,26081200,1
AR-INV-2026-001481,INV-2026-001481,AR,CUST-008,2026-09-03,2026-09-16,600000000,1
AR-INV-2026-001482,INV-2026-001482,AR,CUST-013,2026-08-19,2026-08-24,54706700,1
AR-INV-2026-001483,INV-2026-001483,AR,CUST-020,2026-09-03,2026-09-04,16552200,1
AR-INV-2026-001484,INV-2026-001484,AR,CUST-026,2026-07-27,2026-07-30,40731500,1
AP-VB-2026-001485,VB-2026-001485,AP,VEND-017,2026-09-03,2026-09-12,47739200,1
AP-VB-2026-001486,VB-2026-001486,AP,VEND-004,2026-08-04,2026-08-01,43173600,1
AP-VB-2026-001487,VB-2026-001487,AP,VEND-008,2026-09-18,2026-09-21,68835400,1
AR-INV-2026-001488,INV-2026-001488,AR,CUST-011,2026-08-20,2026-08-24,52546200,1
AR-INV-2026-001489,INV-2026-001489,AR,CUST-002,2026-09-04,2026-09-08,91857600,1
AR-INV-2026-001490,INV-2026-001490,AR,CUST-013,2026-08-20,2026-08-25,11321000,1
AR-INV-2026-001491,INV-2026-001491,AR,CUST-018,2026-07-28,2026-08-06,32275500,1
AR-INV-2026-001492,INV-2026-001492,AR,CUST-028,2026-09-04,2026-08-27,124431200,1
AR-INV-2026-001493,INV-2026-001493,AR,CUST-011,2026-08-20,2026-08-20,14881000,1
AR-INV-2026-001494,INV-2026-001494,AR,CUST-015,2026-07-28,2026-07-28,79050800,1
AR-INV-2026-001495,INV-2026-001495,AR,CUST-012,2026-08-05,2026-08-13,30438800,1
AR-INV-2026-001496,INV-2026-001496,AR,CUST-001,2026-09-04,1970-01-01,45559300,0
AR-INV-2026-001497,INV-2026-001497,AR,CUST-029,2026-07-28,2026-07-24,96980900,1
AP-RT-2026-001498,RT-2026-001498,AP,VEND-012,2026-09-19,2026-09-11,66848700,1
AP-RT-2026-001499,RT-2026-001499,AP,VEND-018,2026-08-20,2026-08-18,23318000,1
AP-RT-2026-001500,RT-2026-001500,AP,VEND-022,2026-09-04,2026-08-28,16700700,1
AP-RT-2026-001501,RT-2026-001501,AP,VEND-007,2026-08-05,2026-08-17,47006500,1
AP-VB-2026-001502,VB-2026-001502,AP,VEND-005,2026-08-20,2026-08-31,31135300,1
AP-RT-2026-001503,RT-2026-001503,AP,VEND-012,2026-09-19,2026-09-21,22499100,1
AP-RT-2026-001504,RT-2026-001504,AP,VEND-020,2026-09-04,2026-09-11,11678200,1
AP-RT-2026-001505,RT-2026-001505,AP,VEND-001,2026-08-20,2026-08-25,91565400,1
AP-VB-2026-001506,VB-2026-001506,AP,VEND-021,2026-08-20,2026-08-24,40121600,1
AR-INV-2026-001507,INV-2026-001507,AR,CUST-020,2026-09-05,2026-09-19,48635600,1
AR-INV-2026-001508,INV-2026-001508,AR,CUST-024,2026-09-21,2026-10-07,98810800,1
AR-INV-2026-001509,INV-2026-001509,AR,CUST-027,2026-09-05,2026-09-11,116126900,1
AR-INV-2026-001510,INV-2026-001510,AR,CUST-021,2026-09-21,2026-09-11,75778400,1
AP-VB-2026-001511,VB-2026-001511,AP,VEND-004,2026-08-06,2026-08-06,31882100,1
AP-VB-2026-001512,VB-2026-001512,AP,VEND-001,2026-08-21,2026-08-21,38032900,1
AP-VB-2026-001513,VB-2026-001513,AP,VEND-016,2026-09-21,2026-09-28,58975100,1
AP-VB-2026-001514,VB-2026-001514,AP,VEND-005,2026-08-21,2026-09-03,20506200,1
AP-VB-2026-001515,VB-2026-001515,AP,VEND-010,2026-08-21,2026-08-25,37930600,1
AP-RT-2026-001516,RT-2026-001516,AP,VEND-009,2026-08-06,2026-08-13,16067400,1
AP-RT-2026-001517,RT-2026-001517,AP,VEND-021,2026-08-21,2026-08-22,44026500,1
AR-INV-2026-001518,INV-2026-001518,AR,CUST-024,2026-09-21,2026-09-14,111226200,1
AR-INV-2026-001519,INV-2026-001519,AR,CUST-012,2026-08-07,2026-08-14,38102500,1
AR-INV-2026-001520,INV-2026-001520,AR,CUST-023,2026-08-22,2026-09-01,27605700,1
AR-INV-2026-001521,INV-2026-001521,AR,CUST-015,2026-07-30,2026-08-03,92903500,1
AR-INV-2026-001522,INV-2026-001522,AR,CUST-002,2026-09-07,2026-08-31,64996900,1
AR-INV-2026-001523,INV-2026-001523,AR,CUST-010,2026-07-30,2026-08-03,14357700,1
AR-INV-2026-001524,INV-2026-001524,AR,CUST-014,2026-08-22,2026-08-25,12080100,1
AR-INV-2026-001525,INV-2026-001525,AR,CUST-016,2026-08-07,2026-08-03,53242000,1
AR-INV-2026-001526,INV-2026-001526,AR,CUST-025,2026-07-30,2026-08-01,104680400,1
AR-INV-2026-001527,INV-2026-001527,AR,CUST-001,2026-09-07,2026-09-14,78927100,1
AP-VB-2026-001528,VB-2026-001528,AP,VEND-002,2026-08-22,2026-08-25,26080800,1
AP-RT-2026-001529,RT-2026-001529,AP,VEND-018,2026-08-22,2026-08-17,18690200,1
AP-VB-2026-001530,VB-2026-001530,AP,VEND-003,2026-09-21,2026-09-16,38539600,1
AP-RT-2026-001531,RT-2026-001531,AP,VEND-009,2026-08-07,2026-08-10,13480600,1
AP-VB-2026-001532,VB-2026-001532,AP,VEND-007,2026-08-07,2026-08-18,33398900,1
AP-VB-2026-001533,VB-2026-001533,AP,VEND-017,2026-09-07,2026-09-05,43556900,1
AR-INV-2026-001534,INV-2026-001534,AR,CUST-001,2026-09-07,2026-10-21,6510100,1
AR-INV-2026-001535,INV-2026-001535,AR,CUST-028,2026-09-07,2026-09-05,58437400,1
AR-INV-2026-001536,INV-2026-001536,AR,CUST-029,2026-07-31,2026-08-13,107451200,1
AR-INV-2026-001537,INV-2026-001537,AR,CUST-013,2026-08-24,2026-08-25,7558100,1
AR-INV-2026-001538,INV-2026-001538,AR,CUST-018,2026-07-31,2026-08-08,11001300,1
AR-INV-2026-001539,INV-2026-001539,AR,CUST-019,2026-08-24,2026-08-18,100858000,1
AR-INV-2026-001540,INV-2026-001540,AR,CUST-018,2026-07-31,2026-08-10,29222300,1
AR-INV-2026-001541,INV-2026-001541,AR,CUST-002,2026-09-07,2026-09-12,131587400,1
AR-INV-2026-001542,INV-2026-001542,AR,CUST-025,2026-07-31,2026-08-01,112033400,1
AR-INV-2026-001543,INV-2026-001543,AR,CUST-020,2026-09-07,2026-09-22,32416500,1
AR-INV-2026-001544,INV-2026-001544,AR,CUST-021,2026-09-22,2026-09-23,13709400,1
AP-RT-2026-001545,RT-2026-001545,AP,VEND-012,2026-09-22,2026-10-06,28052700,1
AP-RT-2026-001546,RT-2026-001546,AP,VEND-022,2026-09-07,2026-09-07,35099300,1
AP-RT-2026-001547,RT-2026-001547,AP,VEND-021,2026-08-24,2026-08-24,46903300,1
AP-VB-2026-001548,VB-2026-001548,AP,VEND-003,2026-09-22,2026-09-15,30819600,1
AP-RT-2026-001549,RT-2026-001549,AP,VEND-021,2026-08-24,2026-08-31,36445200,1
AP-RT-2026-001550,RT-2026-001550,AP,VEND-018,2026-08-24,2026-08-27,28246200,1
AP-RT-2026-001551,RT-2026-001551,AP,VEND-013,2026-09-07,2026-09-10,53149500,1
AR-INV-2026-001552,INV-2026-001552,AR,CUST-013,2026-08-24,2026-08-25,11994500,1
AR-INV-2026-001553,INV-2026-001553,AR,CUST-024,2026-09-23,2026-09-19,70464700,1
AP-VB-2026-001554,VB-2026-001554,AP,VEND-001,2026-08-24,2026-08-26,73153700,1
AP-RT-2026-001555,RT-2026-001555,AP,VEND-013,2026-09-08,2026-09-12,68197000,1
AR-INV-2026-001556,INV-2026-001556,AR,CUST-004,2026-09-09,1970-01-01,40319800,0
AP-RT-2026-001557,RT-2026-001557,AP,VEND-014,2026-09-24,2026-09-26,5041700,1
AP-VB-2026-001558,VB-2026-001558,AP,VEND-009,2026-08-10,2026-08-10,15328500,1
AR-INV-2026-001559,INV-2026-001559,AR,CUST-029,2026-08-03,2026-08-10,45460200,1
AR-INV-2026-001560,INV-2026-001560,AR,CUST-008,2026-09-10,2026-09-21,56658400,1
AR-INV-2026-001561,INV-2026-001561,AR,CUST-007,2026-08-11,2026-08-17,36910500,1
AR-INV-2026-001562,INV-2026-001562,AR,CUST-023,2026-08-26,2026-08-20,12673100,1
AR-INV-2026-001563,INV-2026-001563,AR,CUST-004,2026-09-10,2026-09-04,50963700,1
AR-INV-2026-001564,INV-2026-001564,AR,CUST-025,2026-08-03,2026-07-31,252009600,1
AP-RT-2026-001565,RT-2026-001565,AP,VEND-017,2026-09-10,2026-09-14,115115500,1
AP-RT-2026-001566,RT-2026-001566,AP,VEND-015,2026-09-25,2026-10-19,11276800,1
AP-VB-2026-001567,VB-2026-001567,AP,VEND-018,2026-08-26,2026-08-27,29372300,1
AP-VB-2026-001568,VB-2026-001568,AP,VEND-004,2026-08-11,2026-08-20,46705800,1
AR-INV-2026-001569,INV-2026-001569,AR,CUST-008,2026-09-11,2026-09-26,94718600,1
AR-INV-2026-001570,INV-2026-001570,AR,CUST-024,2026-09-26,2026-10-01,69762900,1
AR-INV-2026-001571,INV-2026-001571,AR,CUST-012,2026-08-12,2026-08-20,22952200,1
AR-INV-2026-001572,INV-2026-001572,AR,CUST-015,2026-08-04,2026-08-03,83168400,1
AP-VB-2026-001573,VB-2026-001573,AP,VEND-007,2026-08-12,2026-08-21,4793500,1
AP-VB-2026-001574,VB-2026-001574,AP,VEND-007,2026-08-12,2026-08-17,29997300,1
AP-VB-2026-001575,VB-2026-001575,AP,VEND-001,2026-08-27,2026-09-01,48172000,1
AP-VB-2026-001576,VB-2026-001576,AP,VEND-022,2026-09-11,2026-09-14,21918700,1
AR-INV-2026-001577,INV-2026-001577,AR,CUST-019,2026-08-28,2026-08-24,51236800,1
AR-INV-2026-001578,INV-2026-001578,AR,CUST-017,2026-09-28,2026-09-28,19355500,1
AR-INV-2026-001579,INV-2026-001579,AR,CUST-028,2026-09-12,2026-09-09,148178500,1
AR-INV-2026-001580,INV-2026-001580,AR,CUST-010,2026-08-05,2026-08-12,34734500,1
AR-INV-2026-001581,INV-2026-001581,AR,CUST-006,2026-08-28,2026-09-17,16099500,1
AR-INV-2026-001582,INV-2026-001582,AR,CUST-019,2026-08-28,2026-09-02,70583000,1
AR-INV-2026-001583,INV-2026-001583,AR,CUST-013,2026-08-28,2026-09-09,38664400,1
AR-INV-2026-001584,INV-2026-001584,AR,CUST-006,2026-08-28,2026-09-10,13051400,1
AR-INV-2026-001585,INV-2026-001585,AR,CUST-007,2026-08-13,2026-08-18,94194600,1
AP-VB-2026-001586,VB-2026-001586,AP,VEND-007,2026-08-13,2026-08-24,62991000,1
AP-RT-2026-001587,RT-2026-001587,AP,VEND-020,2026-09-12,2026-09-09,32154500,1
AP-VB-2026-001588,VB-2026-001588,AP,VEND-001,2026-08-28,2026-08-25,200372300,1
AP-VB-2026-001589,VB-2026-001589,AP,VEND-019,2026-08-13,2026-08-17,7688000,1
AP-RT-2026-001590,RT-2026-001590,AP,VEND-005,2026-08-28,2026-08-29,10596200,1
AP-RT-2026-001591,RT-2026-001591,AP,VEND-003,2026-09-28,2026-09-18,21424700,1
AP-RT-2026-001592,RT-2026-001592,AP,VEND-007,2026-08-13,2026-08-24,24880400,1
AR-INV-2026-001593,INV-2026-001593,AR,CUST-006,2026-08-29,2026-09-11,23086500,1
AR-INV-2026-001594,INV-2026-001594,AR,CUST-021,2026-09-28,2026-09-17,48241700,1
AR-INV-2026-001595,INV-2026-001595,AR,CUST-012,2026-08-14,1970-01-01,10212300,0
AR-INV-2026-001596,INV-2026-001596,AR,CUST-004,2026-09-14,1970-01-01,57101400,0
AR-INV-2026-001597,INV-2026-001597,AR,CUST-005,2026-08-29,2026-08-14,14399500,1
AR-INV-2026-001598,INV-2026-001598,AR,CUST-006,2026-08-29,2026-09-04,11202800,1
AR-INV-2026-001599,INV-2026-001599,AR,CUST-011,2026-08-29,2026-08-28,30605100,1
AR-INV-2026-001600,INV-2026-001600,AR,CUST-021,2026-09-28,1970-01-01,12052600,0
AP-VB-2026-001601,VB-2026-001601,AP,VEND-001,2026-08-29,2026-08-29,28409000,1
AP-VB-2026-001602,VB-2026-001602,AP,VEND-013,2026-09-14,2026-09-08,100575200,1
AP-VB-2026-001603,VB-2026-001603,AP,VEND-007,2026-08-14,2026-08-24,24231100,1
AP-VB-2026-001604,VB-2026-001604,AP,VEND-011,2026-08-29,2026-09-03,16974900,1
AP-VB-2026-001605,VB-2026-001605,AP,VEND-006,2026-08-14,2026-08-17,27405500,1
AR-INV-2026-001606,INV-2026-001606,AR,CUST-023,2026-08-31,1970-01-01,27293800,0
AR-INV-2026-001607,INV-2026-001607,AR,CUST-003,2026-09-29,2026-10-16,8810600,1
AR-INV-2026-001608,INV-2026-001608,AR,CUST-024,2026-09-29,2026-09-30,172584300,1
AR-INV-2026-001609,INV-2026-001609,AR,CUST-008,2026-09-14,2026-10-08,120502400,1
AR-INV-2026-001610,INV-2026-001610,AR,CUST-023,2026-08-31,2026-09-02,27171100,1
AR-INV-2026-001611,INV-2026-001611,AR,CUST-023,2026-08-31,2026-09-12,29546100,1
AR-INV-2026-001612,INV-2026-001612,AR,CUST-011,2026-08-31,2026-08-29,37838800,1
AP-RT-2026-001613,RT-2026-001613,AP,VEND-015,2026-09-29,2026-09-25,10847500,1
AP-RT-2026-001614,RT-2026-001614,AP,VEND-011,2026-08-31,2026-09-02,22886500,1
AP-VB-2026-001615,VB-2026-001615,AP,VEND-001,2026-08-31,2026-08-31,9691700,1
AP-VB-2026-001616,VB-2026-001616,AP,VEND-018,2026-08-31,2026-08-31,37382400,1
AR-INV-2026-001617,INV-2026-001617,AR,CUST-005,2026-08-31,2026-09-08,11905200,1
AR-INV-2026-001618,INV-2026-001618,AR,CUST-029,2026-08-08,2026-08-17,60900100,1
AR-INV-2026-001619,INV-2026-001619,AR,CUST-008,2026-09-15,2026-09-28,112763000,1
AR-INV-2026-001620,INV-2026-001620,AR,CUST-009,2026-09-30,2026-10-05,52690300,1
AP-VB-2026-001621,VB-2026-001621,AP,VEND-016,2026-09-30,2026-10-06,29211400,1
AP-RT-2026-001622,RT-2026-001622,AP,VEND-014,2026-09-30,2026-10-05,11431900,1
AP-VB-2026-001623,VB-2026-001623,AP,VEND-020,2026-09-16,2026-09-28,17413200,1
AP-VB-2026-001624,VB-2026-001624,AP,VEND-018,2026-09-01,1970-01-01,23942300,0
AP-RT-2026-001625,RT-2026-001625,AP,VEND-022,2026-09-16,2026-09-18,27153500,1
AP-RT-2026-001626,RT-2026-001626,AP,VEND-016,2026-10-01,2026-10-10,24830800,1
AP-VB-2026-001627,VB-2026-001627,AP,VEND-015,2026-10-01,2026-10-06,47736700,1
AR-INV-2026-001628,INV-2026-001628,AR,CUST-026,2026-08-10,2026-08-24,67288500,1
AR-INV-2026-001629,INV-2026-001629,AR,CUST-029,2026-08-10,2026-08-21,71238800,1
AR-INV-2026-001630,INV-2026-001630,AR,CUST-012,2026-08-18,2026-08-29,15659600,1
AR-INV-2026-001631,INV-2026-001631,AR,CUST-009,2026-10-03,2026-10-12,26287700,1
AR-INV-2026-001632,INV-2026-001632,AR,CUST-006,2026-09-02,2026-09-09,34761400,1
AP-VB-2026-001633,VB-2026-001633,AP,VEND-021,2026-09-02,2026-09-03,44851600,1
AP-VB-2026-001634,VB-2026-001634,AP,VEND-016,2026-10-03,2026-10-15,93590000,1
AR-INV-2026-001635,INV-2026-001635,AR,CUST-017,2026-10-03,2026-09-28,9504500,1
AR-INV-2026-001636,INV-2026-001636,AR,CUST-014,2026-09-03,2026-09-07,59659800,1
AR-INV-2026-001637,INV-2026-001637,AR,CUST-014,2026-09-03,2026-09-11,94311400,1
AR-INV-2026-001638,INV-2026-001638,AR,CUST-007,2026-08-19,2026-08-21,38815200,1
AR-INV-2026-001639,INV-2026-001639,AR,CUST-027,2026-09-18,2026-09-17,62453300,1
AR-INV-2026-001640,INV-2026-001640,AR,CUST-019,2026-09-03,2026-08-27,28636000,1
AP-VB-2026-001641,VB-2026-001641,AP,VEND-007,2026-08-19,2026-09-01,49341000,1
AP-RT-2026-001642,RT-2026-001642,AP,VEND-017,2026-09-18,1970-01-01,37308300,0
AR-INV-2026-001643,INV-2026-001643,AR,CUST-028,2026-09-19,2026-09-12,23829900,1
AR-INV-2026-001644,INV-2026-001644,AR,CUST-019,2026-09-04,2026-09-03,48757600,1
AR-INV-2026-001645,INV-2026-001645,AR,CUST-008,2026-09-19,2026-10-16,158095100,1
AR-INV-2026-001646,INV-2026-001646,AR,CUST-029,2026-08-12,2026-08-13,145427800,1
AR-INV-2026-001647,INV-2026-001647,AR,CUST-001,2026-09-19,2026-10-21,60498900,1
AR-INV-2026-001648,INV-2026-001648,AR,CUST-018,2026-08-12,2026-08-20,90414900,1
AR-INV-2026-001649,INV-2026-001649,AR,CUST-024,2026-10-05,2026-09-28,174783300,1
AR-INV-2026-001650,INV-2026-001650,AR,CUST-015,2026-08-12,1970-01-01,83553800,0
AR-INV-2026-001651,INV-2026-001651,AR,CUST-019,2026-09-04,2026-09-01,54184200,1
AP-RT-2026-001652,RT-2026-001652,AP,VEND-019,2026-08-20,2026-08-24,107201700,1
AP-RT-2026-001653,RT-2026-001653,AP,VEND-012,2026-10-05,2026-09-23,38479300,1
AP-RT-2026-001654,RT-2026-001654,AP,VEND-010,2026-09-04,2026-09-17,30121400,1
AP-VB-2026-001655,VB-2026-001655,AP,VEND-007,2026-08-20,2026-08-31,95877600,1
AR-INV-2026-001656,INV-2026-001656,AR,CUST-020,2026-09-21,2026-09-23,20224300,1
AR-INV-2026-001657,INV-2026-001657,AR,CUST-013,2026-09-05,2026-09-09,18263900,1
AR-INV-2026-001658,INV-2026-001658,AR,CUST-008,2026-09-21,2026-09-24,130678200,1
AR-INV-2026-001659,INV-2026-001659,AR,CUST-017,2026-10-05,2026-09-28,35155500,1
AR-INV-2026-001660,INV-2026-001660,AR,CUST-005,2026-09-05,2026-09-08,9451200,1
AR-INV-2026-001661,INV-2026-001661,AR,CUST-014,2026-09-05,2026-09-01,101464000,1
AR-INV-2026-001662,INV-2026-001662,AR,CUST-011,2026-09-05,2026-09-10,42043900,1
AP-VB-2026-001663,VB-2026-001663,AP,VEND-021,2026-09-05,2026-08-31,31309100,1
AP-VB-2026-001664,VB-2026-001664,AP,VEND-009,2026-08-21,2026-08-22,20497800,1
AP-RT-2026-001665,RT-2026-001665,AP,VEND-003,2026-10-05,1970-01-01,54423100,0
AP-VB-2026-001666,VB-2026-001666,AP,VEND-012,2026-10-05,2026-09-26,41594300,1
AP-RT-2026-001667,RT-2026-001667,AP,VEND-018,2026-09-05,2026-09-19,40987800,1
AR-INV-2026-001668,INV-2026-001668,AR,CUST-014,2026-09-07,2026-09-17,56558800,1
AR-INV-2026-001669,INV-2026-001669,AR,CUST-022,2026-09-07,2026-09-15,39638500,1
AR-INV-2026-001670,INV-2026-001670,AR,CUST-023,2026-09-07,2026-09-07,96487100,1
AR-INV-2026-001671,INV-2026-001671,AR,CUST-002,2026-09-21,2026-09-16,158364100,1
AR-INV-2026-001672,INV-2026-001672,AR,CUST-019,2026-09-07,2026-09-01,44978300,1
AR-INV-2026-001673,INV-2026-001673,AR,CUST-021,2026-10-06,2026-10-05,8144400,1
AR-INV-2026-001674,INV-2026-001674,AR,CUST-015,2026-08-14,2026-08-17,25573500,1
AR-INV-2026-001675,INV-2026-001675,AR,CUST-002,2026-09-21,2026-09-14,201348000,1
AR-INV-2026-001676,INV-2026-001676,AR,CUST-008,2026-09-21,1970-01-01,76768100,0
AR-INV-2026-001677,INV-2026-001677,AR,CUST-007,2026-08-22,2026-08-29,116794200,1
AR-INV-2026-001678,INV-2026-001678,AR,CUST-029,2026-08-14,2026-08-27,85664900,1
AP-RT-2026-001679,RT-2026-001679,AP,VEND-002,2026-09-07,1970-01-01,8876800,0
AP-RT-2026-001680,RT-2026-001680,AP,VEND-020,2026-09-21,2026-10-05,23136100,1
AP-VB-2026-001681,VB-2026-001681,AP,VEND-022,2026-09-21,1970-01-01,22337400,0
AP-RT-2026-001682,RT-2026-001682,AP,VEND-007,2026-08-22,2026-08-31,40854500,1
AP-RT-2026-001683,RT-2026-001683,AP,VEND-020,2026-09-21,1970-01-01,50576300,0
AP-VB-2026-001684,VB-2026-001684,AP,VEND-020,2026-09-21,2026-09-28,24219200,1
AR-INV-2026-001685,INV-2026-001685,AR,CUST-013,2026-09-07,2026-09-09,35925500,1
AR-INV-2026-001686,INV-2026-001686,AR,CUST-012,2026-08-24,2026-09-03,18663400,1
AP-RT-2026-001687,RT-2026-001687,AP,VEND-021,2026-09-07,2026-09-08,62976000,1
AP-RT-2026-001688,RT-2026-001688,AP,VEND-006,2026-08-24,2026-08-26,17955200,1
AP-VB-2026-001689,VB-2026-001689,AP,VEND-022,2026-09-22,2026-09-22,158154400,1
AP-RT-2026-001690,RT-2026-001690,AP,VEND-019,2026-08-24,2026-09-05,44731300,1
AR-INV-2026-001691,INV-2026-001691,AR,CUST-020,2026-09-24,2026-10-03,91767700,1
AR-INV-2026-001692,INV-2026-001692,AR,CUST-028,2026-09-24,2026-09-16,62772500,1
AR-INV-2026-001693,INV-2026-001693,AR,CUST-012,2026-08-25,2026-09-07,32718800,1
AR-INV-2026-001694,INV-2026-001694,AR,CUST-017,2026-10-09,2026-10-05,28255600,1
AR-INV-2026-001695,INV-2026-001695,AR,CUST-028,2026-09-24,1970-01-01,62318800,0
AR-INV-2026-001696,INV-2026-001696,AR,CUST-012,2026-08-25,2026-09-03,42500000,1
AR-INV-2026-001697,INV-2026-001697,AR,CUST-013,2026-09-09,1970-01-01,23161200,0
AR-INV-2026-001698,INV-2026-001698,AR,CUST-017,2026-10-09,2026-10-03,14749700,1
AR-INV-2026-001699,INV-2026-001699,AR,CUST-015,2026-08-17,2026-08-24,94990100,1
AR-INV-2026-001700,INV-2026-001700,AR,CUST-004,2026-09-24,2026-09-17,39023100,1
AP-RT-2026-001701,RT-2026-001701,AP,VEND-004,2026-08-25,2026-08-29,60654500,1
AP-RT-2026-001702,RT-2026-001702,AP,VEND-006,2026-08-25,2026-08-22,109062400,1
AP-VB-2026-001703,VB-2026-001703,AP,VEND-004,2026-08-25,2026-09-01,34338200,1
AP-RT-2026-001704,RT-2026-001704,AP,VEND-020,2026-09-24,2026-10-05,40912500,1
AP-VB-2026-001705,VB-2026-001705,AP,VEND-022,2026-09-24,2026-09-21,27927800,1
AP-RT-2026-001706,RT-2026-001706,AP,VEND-009,2026-08-25,2026-08-27,12607200,1
AP-RT-2026-001707,RT-2026-001707,AP,VEND-007,2026-08-25,2026-09-05,9475900,1
AR-INV-2026-001708,INV-2026-001708,AR,CUST-025,2026-08-18,2026-08-21,14440600,1
AR-INV-2026-001709,INV-2026-001709,AR,CUST-021,2026-10-10,2026-09-17,24311700,1
AR-INV-2026-001710,INV-2026-001710,AR,CUST-004,2026-09-25,2026-09-18,42073100,1
AR-INV-2026-001711,INV-2026-001711,AR,CUST-023,2026-09-10,2026-09-18,56049600,1
AR-INV-2026-001712,INV-2026-001712,AR,CUST-021,2026-10-10,2026-09-30,8467900,1
AR-INV-2026-001713,INV-2026-001713,AR,CUST-017,2026-10-10,2026-10-09,7051500,1
AR-INV-2026-001714,INV-2026-001714,AR,CUST-023,2026-09-10,2026-09-15,106070700,1
AR-INV-2026-001715,INV-2026-001715,AR,CUST-001,2026-09-25,2026-10-21,57375100,1
AP-RT-2026-001716,RT-2026-001716,AP,VEND-017,2026-09-25,2026-09-28,6985800,1
AP-RT-2026-001717,RT-2026-001717,AP,VEND-017,2026-09-25,2026-09-23,24666600,1
AP-RT-2026-001718,RT-2026-001718,AP,VEND-012,2026-10-10,2026-10-06,35817800,1
AP-RT-2026-001719,RT-2026-001719,AP,VEND-022,2026-09-25,2026-09-22,27471700,1
AP-RT-2026-001720,RT-2026-001720,AP,VEND-016,2026-10-10,2026-10-21,20642400,1
AP-VB-2026-001721,VB-2026-001721,AP,VEND-004,2026-08-26,2026-09-01,34065800,1
AR-INV-2026-001722,INV-2026-001722,AR,CUST-009,2026-10-12,2026-10-17,16287000,1
AR-INV-2026-001723,INV-2026-001723,AR,CUST-027,2026-09-26,2026-10-03,60095300,1
AR-INV-2026-001724,INV-2026-001724,AR,CUST-003,2026-10-12,2026-10-28,13237900,1
AR-INV-2026-001725,INV-2026-001725,AR,CUST-017,2026-10-12,2026-10-07,24042400,1
AR-INV-2026-001726,INV-2026-001726,AR,CUST-007,2026-08-27,2026-08-22,31504600,1
AR-INV-2026-001727,INV-2026-001727,AR,CUST-019,2026-09-11,2026-09-11,30506200,1
AR-INV-2026-001728,INV-2026-001728,AR,CUST-030,2026-09-11,2026-09-12,28751400,1
AR-INV-2026-001729,INV-2026-001729,AR,CUST-030,2026-09-11,2026-09-17,12997700,1
AP-VB-2026-001730,VB-2026-001730,AP,VEND-014,2026-10-12,2026-10-13,8825500,1
AP-RT-2026-001731,RT-2026-001731,AP,VEND-007,2026-08-27,2026-09-01,41401800,1
AP-VB-2026-001732,VB-2026-001732,AP,VEND-012,2026-10-12,2026-10-03,40997200,1
AP-RT-2026-001733,RT-2026-001733,AP,VEND-011,2026-09-11,2026-09-16,20599300,1
AP-RT-2026-001734,RT-2026-001734,AP,VEND-015,2026-10-12,2026-10-12,16537500,1
AP-RT-2026-001735,RT-2026-001735,AP,VEND-012,2026-10-12,2026-10-01,50818200,1
AR-INV-2026-001736,INV-2026-001736,AR,CUST-018,2026-08-20,2026-08-31,38199400,1
AR-INV-2026-001737,INV-2026-001737,AR,CUST-027,2026-09-28,2026-10-14,79729100,1
AR-INV-2026-001738,INV-2026-001738,AR,CUST-005,2026-09-12,2026-09-26,60347900,1
AR-INV-2026-001739,INV-2026-001739,AR,CUST-021,2026-10-12,2026-10-01,13224300,1
AR-INV-2026-001740,INV-2026-001740,AR,CUST-001,2026-09-28,2026-09-28,21373500,1
AR-INV-2026-001741,INV-2026-001741,AR,CUST-014,2026-09-12,2026-09-17,29422500,1
AR-INV-2026-001742,INV-2026-001742,AR,CUST-019,2026-09-12,2026-09-12,59607900,1
AR-INV-2026-001743,INV-2026-001743,AR,CUST-007,2026-08-28,2026-08-24,62042200,1
AP-RT-2026-001744,RT-2026-001744,AP,VEND-020,2026-09-28,2026-10-08,20537100,1
AP-VB-2026-001745,VB-2026-001745,AP,VEND-022,2026-09-28,2026-10-03,31067700,1
AP-RT-2026-001746,RT-2026-001746,AP,VEND-003,2026-10-12,2026-10-14,126616600,1
AP-RT-2026-001747,RT-2026-001747,AP,VEND-011,2026-09-12,2026-09-22,16865700,1
AP-RT-2026-001748,RT-2026-001748,AP,VEND-021,2026-09-12,1970-01-01,31515100,0
AP-VB-2026-001749,VB-2026-001749,AP,VEND-006,2026-08-28,2026-09-02,14024500,1
AR-INV-2026-001750,INV-2026-001750,AR,CUST-010,2026-08-21,1970-01-01,4110000,0
AR-INV-2026-001751,INV-2026-001751,AR,CUST-029,2026-08-21,2026-09-12,31831000,1
AR-INV-2026-001752,INV-2026-001752,AR,CUST-014,2026-09-14,2026-09-18,22542100,1
AR-INV-2026-001753,INV-2026-001753,AR,CUST-030,2026-09-14,2026-09-21,186341400,1
AR-INV-2026-001754,INV-2026-001754,AR,CUST-003,2026-10-13,2026-11-20,9358600,1
AR-INV-2026-001755,INV-2026-001755,AR,CUST-025,2026-08-21,2026-08-24,357880500,1
AR-INV-2026-001756,INV-2026-001756,AR,CUST-007,2026-08-29,2026-09-10,87414800,1
AR-INV-2026-001757,INV-2026-001757,AR,CUST-027,2026-09-28,2026-10-14,94487300,1
AR-INV-2026-001758,INV-2026-001758,AR,CUST-008,2026-09-28,2026-10-03,69094900,1
AR-INV-2026-001759,INV-2026-001759,AR,CUST-011,2026-09-14,2026-09-09,27584500,1
AR-INV-2026-001760,INV-2026-001760,AR,CUST-007,2026-08-29,2026-09-05,57327300,1
AP-RT-2026-001761,RT-2026-001761,AP,VEND-018,2026-09-14,2026-09-15,55280900,1
AP-VB-2026-001762,VB-2026-001762,AP,VEND-005,2026-09-14,2026-09-22,85382300,1
AP-RT-2026-001763,RT-2026-001763,AP,VEND-004,2026-08-29,2026-08-26,27570800,1
AP-RT-2026-001764,RT-2026-001764,AP,VEND-016,2026-10-13,2026-10-19,60306100,1
AP-VB-2026-001765,VB-2026-001765,AP,VEND-020,2026-09-28,2026-10-03,42974000,1
AR-INV-2026-001766,INV-2026-001766,AR,CUST-019,2026-09-14,2026-09-12,94655400,1
AR-INV-2026-001767,INV-2026-001767,AR,CUST-026,2026-08-22,2026-08-26,105487600,1
AR-INV-2026-001768,INV-2026-001768,AR,CUST-022,2026-09-14,1970-01-01,74872600,0
AP-RT-2026-001769,RT-2026-001769,AP,VEND-002,2026-09-14,1970-01-01,20617700,0
AP-RT-2026-001770,RT-2026-001770,AP,VEND-014,2026-10-14,2026-10-16,12157100,1
AP-RT-2026-001771,RT-2026-001771,AP,VEND-016,2026-10-14,2026-10-28,60893500,1
AP-VB-2026-001772,VB-2026-001772,AP,VEND-008,2026-10-14,2026-10-08,28989500,1
AP-VB-2026-001773,VB-2026-001773,AP,VEND-007,2026-08-31,2026-09-14,40848500,1
AR-INV-2026-001774,INV-2026-001774,AR,CUST-009,2026-10-16,2026-10-19,55349700,1
AR-INV-2026-001775,INV-2026-001775,AR,CUST-019,2026-09-16,2026-09-12,49368600,1
AR-INV-2026-001776,INV-2026-001776,AR,CUST-008,2026-10-01,2026-10-16,95127900,1
AR-INV-2026-001777,INV-2026-001777,AR,CUST-014,2026-09-16,2026-09-23,21668300,1
AR-INV-2026-001778,INV-2026-001778,AR,CUST-027,2026-10-01,2026-10-14,163921500,1
AR-INV-2026-001779,INV-2026-001779,AR,CUST-024,2026-10-16,2026-10-20,154869400,1
AP-VB-2026-001780,VB-2026-001780,AP,VEND-018,2026-09-16,2026-09-19,37433100,1
AP-RT-2026-001781,RT-2026-001781,AP,VEND-010,2026-09-16,2026-09-22,65429600,1
AP-VB-2026-001782,VB-2026-001782,AP,VEND-017,2026-10-01,2026-09-28,83541000,1
AP-VB-2026-001783,VB-2026-001783,AP,VEND-021,2026-09-16,2026-09-21,38802100,1
AR-INV-2026-001784,INV-2026-001784,AR,CUST-013,2026-09-17,2026-09-21,5298300,1
AR-INV-2026-001785,INV-2026-001785,AR,CUST-027,2026-10-03,1970-01-01,20678700,0
AR-INV-2026-001786,INV-2026-001786,AR,CUST-003,2026-10-17,2026-10-26,5388100,1
AR-INV-2026-001787,INV-2026-001787,AR,CUST-009,2026-10-17,2026-10-23,66658000,1
AR-INV-2026-001788,INV-2026-001788,AR,CUST-020,2026-10-03,1970-01-01,28922200,0
AR-INV-2026-001789,INV-2026-001789,AR,CUST-025,2026-08-25,2026-08-21,46808600,1
AR-INV-2026-001790,INV-2026-001790,AR,CUST-004,2026-10-03,2026-09-22,83205600,1
AR-INV-2026-001791,INV-2026-001791,AR,CUST-022,2026-09-17,1970-01-01,37174900,0
AR-INV-2026-001792,INV-2026-001792,AR,CUST-005,2026-09-17,1970-01-01,26066600,0
AP-VB-2026-001793,VB-2026-001793,AP,VEND-011,2026-09-17,1970-01-01,31188900,0
AP-VB-2026-001794,VB-2026-001794,AP,VEND-001,2026-09-17,2026-09-26,7821400,1
AP-RT-2026-001795,RT-2026-001795,AP,VEND-021,2026-09-17,1970-01-01,29720700,0
AP-RT-2026-001796,RT-2026-001796,AP,VEND-010,2026-09-17,2026-09-17,37875600,1
AP-RT-2026-001797,RT-2026-001797,AP,VEND-015,2026-10-17,2026-10-20,37425500,1
AR-INV-2026-001798,INV-2026-001798,AR,CUST-022,2026-09-18,2026-09-26,83996800,1
AR-INV-2026-001799,INV-2026-001799,AR,CUST-027,2026-10-03,2026-10-14,15048700,1
AR-INV-2026-001800,INV-2026-001800,AR,CUST-005,2026-09-18,2026-09-11,15687900,1
AR-INV-2026-001801,INV-2026-001801,AR,CUST-024,2026-10-19,2026-10-26,136933300,1
AR-INV-2026-001802,INV-2026-001802,AR,CUST-006,2026-09-18,2026-10-03,62033000,1
AR-INV-2026-001803,INV-2026-001803,AR,CUST-016,2026-09-03,2026-09-21,187403000,1
AR-INV-2026-001804,INV-2026-001804,AR,CUST-006,2026-09-18,2026-09-28,17610400,1
AR-INV-2026-001805,INV-2026-001805,AR,CUST-018,2026-08-26,2026-08-28,108027100,1
AP-RT-2026-001806,RT-2026-001806,AP,VEND-022,2026-10-03,2026-09-30,26813800,1
AP-RT-2026-001807,RT-2026-001807,AP,VEND-003,2026-10-19,2026-10-22,12456600,1
AP-VB-2026-001808,VB-2026-001808,AP,VEND-008,2026-10-19,2026-10-27,20295900,1
AP-VB-2026-001809,VB-2026-001809,AP,VEND-006,2026-09-03,2026-08-28,20970000,1
AP-RT-2026-001810,RT-2026-001810,AP,VEND-014,2026-10-19,2026-10-17,15117900,1
AR-INV-2026-001811,INV-2026-001811,AR,CUST-007,2026-09-04,1970-01-01,15809400,0
AR-INV-2026-001812,INV-2026-001812,AR,CUST-008,2026-10-05,2026-10-19,174147900,1
AR-INV-2026-001813,INV-2026-001813,AR,CUST-021,2026-10-19,2026-10-24,13317800,1
AP-VB-2026-001814,VB-2026-001814,AP,VEND-005,2026-09-19,2026-09-17,23584600,1
AP-VB-2026-001815,VB-2026-001815,AP,VEND-021,2026-09-19,2026-09-17,29472100,1
AP-VB-2026-001816,VB-2026-001816,AP,VEND-021,2026-09-19,2026-09-21,32140200,1
AP-VB-2026-001817,VB-2026-001817,AP,VEND-018,2026-09-19,1970-01-01,28913400,0
AR-INV-2026-001818,INV-2026-001818,AR,CUST-004,2026-10-05,2026-09-28,29802100,1
AR-INV-2026-001819,INV-2026-001819,AR,CUST-025,2026-08-28,2026-08-25,9051600,1
AR-INV-2026-001820,INV-2026-001820,AR,CUST-014,2026-09-21,2026-09-26,47911700,1
AR-INV-2026-001821,INV-2026-001821,AR,CUST-021,2026-10-20,2026-10-10,21667200,1
AR-INV-2026-001822,INV-2026-001822,AR,CUST-001,2026-10-05,2026-10-13,62840000,1
AR-INV-2026-001823,INV-2026-001823,AR,CUST-023,2026-09-21,2026-09-17,27002500,1
AR-INV-2026-001824,INV-2026-001824,AR,CUST-010,2026-08-28,2026-08-22,62254300,1
AP-VB-2026-001825,VB-2026-001825,AP,VEND-010,2026-09-21,2026-10-01,22318100,1
AP-VB-2026-001826,VB-2026-001826,AP,VEND-001,2026-09-21,2026-09-26,15745800,1
AP-VB-2026-001827,VB-2026-001827,AP,VEND-010,2026-09-21,2026-10-03,45170300,1
AP-RT-2026-001828,RT-2026-001828,AP,VEND-017,2026-10-05,2026-10-14,33775000,1
AP-VB-2026-001829,VB-2026-001829,AP,VEND-020,2026-10-05,2026-10-08,47192800,1
AP-VB-2026-001830,VB-2026-001830,AP,VEND-018,2026-09-21,2026-09-21,55338700,1
AP-RT-2026-001831,RT-2026-001831,AP,VEND-022,2026-10-05,2026-10-06,24094000,1
AP-RT-2026-001832,RT-2026-001832,AP,VEND-002,2026-09-21,1970-01-01,16470300,0
AP-VB-2026-001833,VB-2026-001833,AP,VEND-017,2026-10-05,2026-10-19,40303500,1
AR-INV-2026-001834,INV-2026-001834,AR,CUST-030,2026-09-21,2026-09-29,25435200,1
AR-INV-2026-001835,INV-2026-001835,AR,CUST-011,2026-09-21,2026-09-18,16204900,1
AR-INV-2026-001836,INV-2026-001836,AR,CUST-023,2026-09-21,2026-09-30,64953400,1
AP-VB-2026-001837,VB-2026-001837,AP,VEND-011,2026-09-21,2026-10-08,11258200,1
AP-RT-2026-001838,RT-2026-001838,AP,VEND-022,2026-10-06,2026-10-03,37221800,1
AP-RT-2026-001839,RT-2026-001839,AP,VEND-004,2026-09-07,2026-09-03,24288200,1
AP-RT-2026-001840,RT-2026-001840,AP,VEND-011,2026-09-21,2026-10-03,16502300,1
AP-VB-2026-001841,VB-2026-001841,AP,VEND-021,2026-09-21,2026-09-25,28493900,1
AR-INV-2026-001842,INV-2026-001842,AR,CUST-030,2026-09-22,2026-09-30,23241200,1
AP-RT-2026-001843,RT-2026-001843,AP,VEND-021,2026-09-22,2026-10-03,61296100,1
AP-VB-2026-001844,VB-2026-001844,AP,VEND-018,2026-09-22,2026-09-22,30801600,1
AP-RT-2026-001845,RT-2026-001845,AP,VEND-012,2026-10-22,2026-10-24,47822600,1
AP-RT-2026-001846,RT-2026-001846,AP,VEND-007,2026-09-07,2026-09-17,9169100,1
AP-RT-2026-001847,RT-2026-001847,AP,VEND-014,2026-10-22,2026-10-19,23969100,1
AP-VB-2026-001848,VB-2026-001848,AP,VEND-016,2026-10-22,2026-10-28,19410500,1
AP-RT-2026-001849,RT-2026-001849,AP,VEND-015,2026-10-22,2026-10-28,33526800,1
AR-INV-2026-001850,INV-2026-001850,AR,CUST-003,2026-10-23,2026-10-31,24313300,1
AR-INV-2026-001851,INV-2026-001851,AR,CUST-015,2026-08-31,2026-08-31,67143400,1
AR-INV-2026-001852,INV-2026-001852,AR,CUST-021,2026-10-23,2026-10-06,19688900,1
AR-INV-2026-001853,INV-2026-001853,AR,CUST-008,2026-10-08,2026-10-14,62955600,1
AR-INV-2026-001854,INV-2026-001854,AR,CUST-021,2026-10-23,2026-11-02,27252200,1
AR-INV-2026-001855,INV-2026-001855,AR,CUST-010,2026-08-31,2026-08-24,19550700,1
AP-RT-2026-001856,RT-2026-001856,AP,VEND-007,2026-09-08,2026-09-14,41379700,1
AP-RT-2026-001857,RT-2026-001857,AP,VEND-004,2026-09-08,2026-09-02,18465400,1
AP-RT-2026-001858,RT-2026-001858,AP,VEND-014,2026-10-23,2026-10-27,11495400,1
AP-VB-2026-001859,VB-2026-001859,AP,VEND-008,2026-10-23,2026-10-15,44306200,1
AR-INV-2026-001860,INV-2026-001860,AR,CUST-029,2026-09-01,2026-09-12,41810200,1
AR-INV-2026-001861,INV-2026-001861,AR,CUST-030,2026-09-24,2026-09-29,69509900,1
AR-INV-2026-001862,INV-2026-001862,AR,CUST-005,2026-09-24,1970-01-01,19811100,0
AR-INV-2026-001863,INV-2026-001863,AR,CUST-005,2026-09-24,1970-01-01,6796000,0
AR-INV-2026-001864,INV-2026-001864,AR,CUST-003,2026-10-24,2026-10-30,24953700,1
AR-INV-2026-001865,INV-2026-001865,AR,CUST-003,2026-10-24,2026-10-22,15442500,1
AR-INV-2026-001866,INV-2026-001866,AR,CUST-013,2026-09-24,2026-09-30,27714300,1
AR-INV-2026-001867,INV-2026-001867,AR,CUST-016,2026-09-09,1970-01-01,20475800,0
AR-INV-2026-001868,INV-2026-001868,AR,CUST-016,2026-09-09,2026-09-14,322804700,1
AR-INV-2026-001869,INV-2026-001869,AR,CUST-008,2026-10-09,2026-10-17,206254200,1
AR-INV-2026-001870,INV-2026-001870,AR,CUST-024,2026-10-24,2026-10-20,53556500,1
AR-INV-2026-001871,INV-2026-001871,AR,CUST-028,2026-10-09,1970-01-01,103354400,0
AR-INV-2026-001872,INV-2026-001872,AR,CUST-005,2026-09-24,1970-01-01,38706000,0
AP-RT-2026-001873,RT-2026-001873,AP,VEND-004,2026-09-09,2026-09-14,89537600,1
AP-RT-2026-001874,RT-2026-001874,AP,VEND-013,2026-10-09,2026-10-13,149901600,1
AP-RT-2026-001875,RT-2026-001875,AP,VEND-007,2026-09-09,2026-09-16,19250500,1
AP-RT-2026-001876,RT-2026-001876,AP,VEND-011,2026-09-24,2026-09-17,100754000,1
AR-INV-2026-001877,INV-2026-001877,AR,CUST-003,2026-10-26,1970-01-01,35521800,0
AR-INV-2026-001878,INV-2026-001878,AR,CUST-001,2026-10-10,2026-10-17,87158400,1
AR-INV-2026-001879,INV-2026-001879,AR,CUST-020,2026-10-10,2026-10-23,106915700,1
AR-INV-2026-001880,INV-2026-001880,AR,CUST-006,2026-09-25,2026-10-01,17892500,1
AR-INV-2026-001881,INV-2026-001881,AR,CUST-021,2026-10-26,2026-10-30,8020700,1
AR-INV-2026-001882,INV-2026-001882,AR,CUST-019,2026-09-25,2026-09-22,60921200,1
AR-INV-2026-001883,INV-2026-001883,AR,CUST-011,2026-09-25,2026-10-03,17642300,1
AR-INV-2026-001884,INV-2026-001884,AR,CUST-023,2026-09-25,2026-09-28,26083900,1
AP-RT-2026-001885,RT-2026-001885,AP,VEND-018,2026-09-25,2026-09-28,19045600,1
AP-VB-2026-001886,VB-2026-001886,AP,VEND-022,2026-10-10,2026-10-16,20886600,1
AP-RT-2026-001887,RT-2026-001887,AP,VEND-015,2026-10-26,1970-01-01,84263000,0
AP-RT-2026-001888,RT-2026-001888,AP,VEND-002,2026-09-25,2026-10-01,29565300,1
AP-VB-2026-001889,VB-2026-001889,AP,VEND-005,2026-09-25,2026-09-28,30458200,1
AP-VB-2026-001890,VB-2026-001890,AP,VEND-001,2026-09-25,2026-09-28,16824900,1
AP-VB-2026-001891,VB-2026-001891,AP,VEND-014,2026-10-26,2026-10-24,13971100,1
AR-INV-2026-001892,INV-2026-001892,AR,CUST-006,2026-09-26,1970-01-01,46530600,0
AR-INV-2026-001893,INV-2026-001893,AR,CUST-020,2026-10-12,2026-10-23,15519000,1
AR-INV-2026-001894,INV-2026-001894,AR,CUST-021,2026-10-26,2026-10-26,34960900,1
AR-INV-2026-001895,INV-2026-001895,AR,CUST-008,2026-10-12,2026-10-29,73399700,1
AR-INV-2026-001896,INV-2026-001896,AR,CUST-029,2026-09-03,2026-09-12,45370400,1
AR-INV-2026-001897,INV-2026-001897,AR,CUST-023,2026-09-26,2026-09-21,100397100,1
AR-INV-2026-001898,INV-2026-001898,AR,CUST-009,2026-10-26,2026-10-29,37047200,1
AR-INV-2026-001899,INV-2026-001899,AR,CUST-019,2026-09-26,2026-09-18,138993800,1
AR-INV-2026-001900,INV-2026-001900,AR,CUST-008,2026-10-12,1970-01-01,81134800,0
AR-INV-2026-001901,INV-2026-001901,AR,CUST-011,2026-09-26,2026-09-28,12376600,1
AP-RT-2026-001902,RT-2026-001902,AP,VEND-008,2026-10-26,2026-10-28,14273100,1
AP-VB-2026-001903,VB-2026-001903,AP,VEND-016,2026-10-26,2026-11-06,32426000,1
AP-RT-2026-001904,RT-2026-001904,AP,VEND-010,2026-09-26,2026-10-01,49903000,1
AP-RT-2026-001905,RT-2026-001905,AP,VEND-003,2026-10-26,2026-10-29,78372300,1
AR-INV-2026-001906,INV-2026-001906,AR,CUST-030,2026-09-28,2026-09-29,64355300,1
AR-INV-2026-001907,INV-2026-001907,AR,CUST-009,2026-10-27,1970-01-01,47570400,0
AR-INV-2026-001908,INV-2026-001908,AR,CUST-007,2026-09-12,1970-01-01,29228900,0
AR-INV-2026-001909,INV-2026-001909,AR,CUST-025,2026-09-04,2026-09-03,39839700,1
AR-INV-2026-001910,INV-2026-001910,AR,CUST-018,2026-09-04,2026-09-11,53998500,1
AR-INV-2026-001911,INV-2026-001911,AR,CUST-002,2026-10-12,1970-01-01,55724300,0
AR-INV-2026-001912,INV-2026-001912,AR,CUST-020,2026-10-12,2026-10-28,118806100,1
AR-INV-2026-001913,INV-2026-001913,AR,CUST-018,2026-09-04,2026-09-11,63825500,1
AR-INV-2026-001914,INV-2026-001914,AR,CUST-021,2026-10-27,2026-10-21,35214700,1
AP-RT-2026-001915,RT-2026-001915,AP,VEND-019,2026-09-12,2026-09-17,32149900,1
AP-VB-2026-001916,VB-2026-001916,AP,VEND-017,2026-10-12,2026-10-07,34929800,1
AP-VB-2026-001917,VB-2026-001917,AP,VEND-020,2026-10-12,2026-10-14,27428500,1
AP-RT-2026-001918,RT-2026-001918,AP,VEND-007,2026-09-12,2026-09-15,65894300,1
AP-VB-2026-001919,VB-2026-001919,AP,VEND-014,2026-10-27,2026-10-29,12088400,1
AR-INV-2026-001920,INV-2026-001920,AR,CUST-002,2026-10-13,2026-10-19,377392300,1
AR-INV-2026-001921,INV-2026-001921,AR,CUST-006,2026-09-28,2026-10-03,57883200,1
AR-INV-2026-001922,INV-2026-001922,AR,CUST-022,2026-09-28,2026-10-01,73015200,1
AP-RT-2026-001923,RT-2026-001923,AP,VEND-014,2026-10-28,2026-10-20,9237900,1
AP-RT-2026-001924,RT-2026-001924,AP,VEND-009,2026-09-14,1970-01-01,33598300,0
AP-VB-2026-001925,VB-2026-001925,AP,VEND-012,2026-10-29,2026-10-12,26940200,1
AP-RT-2026-001926,RT-2026-001926,AP,VEND-013,2026-10-14,2026-10-30,23598800,1
AP-VB-2026-001927,VB-2026-001927,AP,VEND-021,2026-09-29,2026-10-01,22247600,1
AP-RT-2026-001928,RT-2026-001928,AP,VEND-017,2026-10-14,2026-10-10,98822200,1
AP-VB-2026-001929,VB-2026-001929,AP,VEND-002,2026-09-29,2026-10-03,11001400,1
AR-INV-2026-001930,INV-2026-001930,AR,CUST-015,2026-09-07,2026-09-09,114929300,1
AR-INV-2026-001931,INV-2026-001931,AR,CUST-030,2026-09-30,1970-01-01,35632600,0
AR-INV-2026-001932,INV-2026-001932,AR,CUST-022,2026-09-30,2026-10-07,65796000,1
AR-INV-2026-001933,INV-2026-001933,AR,CUST-013,2026-09-30,2026-10-06,30341500,1
AR-INV-2026-001934,INV-2026-001934,AR,CUST-016,2026-09-15,2026-09-18,78794200,1
AR-INV-2026-001935,INV-2026-001935,AR,CUST-022,2026-09-30,1970-01-01,110696000,0
AR-INV-2026-001936,INV-2026-001936,AR,CUST-021,2026-10-30,2026-10-19,33498600,1
AR-INV-2026-001937,INV-2026-001937,AR,CUST-013,2026-09-30,2026-10-03,14431400,1
AR-INV-2026-001938,INV-2026-001938,AR,CUST-028,2026-10-15,1970-01-01,142344800,0
AP-RT-2026-001939,RT-2026-001939,AP,VEND-016,2026-10-30,2026-10-26,29774700,1
AP-RT-2026-001940,RT-2026-001940,AP,VEND-022,2026-10-15,2026-10-12,9570600,1
AP-VB-2026-001941,VB-2026-001941,AP,VEND-004,2026-09-15,2026-09-18,18959200,1
AP-VB-2026-001942,VB-2026-001942,AP,VEND-016,2026-10-30,2026-11-03,53457600,1
AP-RT-2026-001943,RT-2026-001943,AP,VEND-017,2026-10-15,2026-10-13,77220000,1
AR-INV-2026-001944,INV-2026-001944,AR,CUST-007,2026-09-16,2026-09-23,13464600,1
AR-INV-2026-001945,INV-2026-001945,AR,CUST-013,2026-10-01,2026-10-03,16973800,1
AR-INV-2026-001946,INV-2026-001946,AR,CUST-014,2026-10-01,2026-10-13,5022300,1
AR-INV-2026-001947,INV-2026-001947,AR,CUST-021,2026-10-31,2026-10-19,12343500,1
AR-INV-2026-001948,INV-2026-001948,AR,CUST-026,2026-09-08,2026-09-14,47786400,1
AR-INV-2026-001949,INV-2026-001949,AR,CUST-007,2026-09-16,2026-09-23,175201500,1
AR-INV-2026-001950,INV-2026-001950,AR,CUST-021,2026-10-31,2026-10-19,35783100,1
AP-VB-2026-001951,VB-2026-001951,AP,VEND-006,2026-09-16,2026-09-18,33443600,1
AP-VB-2026-001952,VB-2026-001952,AP,VEND-016,2026-10-31,2026-11-06,28635900,1
AP-RT-2026-001953,RT-2026-001953,AP,VEND-018,2026-10-01,2026-10-06,61795900,1
AP-VB-2026-001954,VB-2026-001954,AP,VEND-018,2026-10-01,2026-10-07,27526500,1
AP-VB-2026-001955,VB-2026-001955,AP,VEND-017,2026-10-16,2026-10-13,44727300,1
AP-RT-2026-001956,RT-2026-001956,AP,VEND-022,2026-10-16,2026-10-13,48794200,1
AR-INV-2026-001957,INV-2026-001957,AR,CUST-010,2026-09-09,2026-09-07,24834600,1
AR-INV-2026-001958,INV-2026-001958,AR,CUST-008,2026-10-17,2026-10-27,34513000,1
AR-INV-2026-001959,INV-2026-001959,AR,CUST-010,2026-09-09,2026-09-05,25373200,1
AR-INV-2026-001960,INV-2026-001960,AR,CUST-010,2026-09-09,1970-01-01,24603500,0
AR-INV-2026-001961,INV-2026-001961,AR,CUST-026,2026-09-09,2026-09-14,76244200,1
AR-INV-2026-001962,INV-2026-001962,AR,CUST-010,2026-09-09,2026-09-03,77328300,1
AR-INV-2026-001963,INV-2026-001963,AR,CUST-019,2026-10-03,2026-09-24,13307000,1
AR-INV-2026-001964,INV-2026-001964,AR,CUST-015,2026-09-09,2026-09-07,29241900,1
AP-RT-2026-001965,RT-2026-001965,AP,VEND-017,2026-10-17,2026-10-06,62939800,1
AP-VB-2026-001966,VB-2026-001966,AP,VEND-004,2026-09-17,2026-09-24,17533400,1
AP-VB-2026-001967,VB-2026-001967,AP,VEND-012,2026-11-02,2026-10-26,46883800,1
AP-RT-2026-001968,RT-2026-001968,AP,VEND-011,2026-10-03,1970-01-01,66333900,0
AP-RT-2026-001969,RT-2026-001969,AP,VEND-022,2026-10-17,2026-10-19,82747500,1
AP-VB-2026-001970,VB-2026-001970,AP,VEND-006,2026-09-17,2026-09-26,30013500,1
AP-RT-2026-001971,RT-2026-001971,AP,VEND-021,2026-10-03,2026-10-01,39423400,1
AP-VB-2026-001972,VB-2026-001972,AP,VEND-021,2026-10-03,2026-10-06,36898000,1
AR-INV-2026-001973,INV-2026-001973,AR,CUST-028,2026-10-19,1970-01-01,127291000,0
AR-INV-2026-001974,INV-2026-001974,AR,CUST-013,2026-10-03,1970-01-01,66866200,0
AR-INV-2026-001975,INV-2026-001975,AR,CUST-025,2026-09-10,2026-09-08,126710600,1
AR-INV-2026-001976,INV-2026-001976,AR,CUST-012,2026-09-18,2026-09-25,53935500,1
AR-INV-2026-001977,INV-2026-001977,AR,CUST-002,2026-10-19,1970-01-01,42914900,0
AR-INV-2026-001978,INV-2026-001978,AR,CUST-012,2026-09-18,2026-09-24,11985000,1
AR-INV-2026-001979,INV-2026-001979,AR,CUST-026,2026-09-10,1970-01-01,114090300,0
AR-INV-2026-001980,INV-2026-001980,AR,CUST-028,2026-10-19,2026-10-15,99922800,1
AP-RT-2026-001981,RT-2026-001981,AP,VEND-012,2026-11-02,2026-11-05,27958300,1
AP-RT-2026-001982,RT-2026-001982,AP,VEND-006,2026-09-18,2026-09-23,41740200,1
AP-VB-2026-001983,VB-2026-001983,AP,VEND-016,2026-11-02,2026-11-16,22468400,1
AP-RT-2026-001984,RT-2026-001984,AP,VEND-005,2026-10-03,1970-01-01,43681500,0
AP-VB-2026-001985,VB-2026-001985,AP,VEND-019,2026-09-18,2026-09-28,20982600,1
AP-RT-2026-001986,RT-2026-001986,AP,VEND-013,2026-10-19,2026-10-19,31046500,1
AP-VB-2026-001987,VB-2026-001987,AP,VEND-014,2026-11-02,2026-11-06,12904600,1
AR-INV-2026-001988,INV-2026-001988,AR,CUST-023,2026-10-05,1970-01-01,26587200,0
AR-INV-2026-001989,INV-2026-001989,AR,CUST-016,2026-09-19,2026-09-23,477013700,1
AR-INV-2026-001990,INV-2026-001990,AR,CUST-028,2026-10-19,1970-01-01,37848700,0
AR-INV-2026-001991,INV-2026-001991,AR,CUST-019,2026-10-05,2026-09-24,161405100,1
AR-INV-2026-001992,INV-2026-001992,AR,CUST-010,2026-09-11,2026-09-04,22652600,1
AR-INV-2026-001993,INV-2026-001993,AR,CUST-016,2026-09-19,2026-09-22,39866900,1
AR-INV-2026-001994,INV-2026-001994,AR,CUST-024,2026-11-03,2026-11-02,123926000,1
AR-INV-2026-001995,INV-2026-001995,AR,CUST-029,2026-09-11,1970-01-01,119968300,0
AP-VB-2026-001996,VB-2026-001996,AP,VEND-010,2026-10-05,1970-01-01,20358100,0
AP-VB-2026-001997,VB-2026-001997,AP,VEND-008,2026-11-03,2026-11-10,11602400,1
AP-VB-2026-001998,VB-2026-001998,AP,VEND-011,2026-10-05,2026-10-16,31049900,1
AP-VB-2026-001999,VB-2026-001999,AP,VEND-006,2026-09-19,1970-01-01,53261500,0
AP-RT-2026-002000,RT-2026-002000,AP,VEND-006,2026-09-19,2026-09-17,49706500,1
AP-RT-2026-002001,RT-2026-002001,AP,VEND-006,2026-09-19,2026-09-10,43635400,1
AR-INV-2026-002002,INV-2026-002002,AR,CUST-023,2026-10-05,2026-10-05,76126000,1
AR-INV-2026-002003,INV-2026-002003,AR,CUST-005,2026-10-05,2026-10-20,19997800,1
AP-RT-2026-002004,RT-2026-002004,AP,VEND-014,2026-11-04,2026-11-02,15455100,1
AP-VB-2026-002005,VB-2026-002005,AP,VEND-020,2026-10-20,2026-11-10,34676200,1
AP-VB-2026-002006,VB-2026-002006,AP,VEND-003,2026-11-04,2026-11-04,38883900,1
AR-INV-2026-002007,INV-2026-002007,AR,CUST-007,2026-09-22,2026-09-17,42623000,1
AR-INV-2026-002008,INV-2026-002008,AR,CUST-020,2026-10-22,2026-10-29,130628000,1
AR-INV-2026-002009,INV-2026-002009,AR,CUST-001,2026-10-22,2026-10-17,49412200,1
AR-INV-2026-002010,INV-2026-002010,AR,CUST-009,2026-11-06,1970-01-01,8564800,0
AR-INV-2026-002011,INV-2026-002011,AR,CUST-030,2026-10-07,2026-10-14,193525200,1
AR-INV-2026-002012,INV-2026-002012,AR,CUST-020,2026-10-22,2026-10-30,69605100,1
AR-INV-2026-002013,INV-2026-002013,AR,CUST-024,2026-11-06,2026-11-07,57312300,1
AR-INV-2026-002014,INV-2026-002014,AR,CUST-015,2026-09-14,2026-09-14,72970900,1
AR-INV-2026-002015,INV-2026-002015,AR,CUST-022,2026-10-07,2026-10-12,136062900,1
AR-INV-2026-002016,INV-2026-002016,AR,CUST-029,2026-09-14,2026-09-16,43275000,1
AR-INV-2026-002017,INV-2026-002017,AR,CUST-019,2026-10-07,2026-10-07,52252700,1
AR-INV-2026-002018,INV-2026-002018,AR,CUST-026,2026-09-14,2026-09-18,101229800,1
AP-RT-2026-002019,RT-2026-002019,AP,VEND-003,2026-11-06,2026-11-09,19499200,1
AP-RT-2026-002020,RT-2026-002020,AP,VEND-011,2026-10-07,2026-10-13,43671300,1
AR-INV-2026-002021,INV-2026-002021,AR,CUST-009,2026-11-07,2026-11-13,10495200,1
AR-INV-2026-002022,INV-2026-002022,AR,CUST-005,2026-10-08,1970-01-01,8619500,0
AR-INV-2026-002023,INV-2026-002023,AR,CUST-003,2026-11-07,1970-01-01,13141000,0
AR-INV-2026-002024,INV-2026-002024,AR,CUST-024,2026-11-07,2026-11-07,121267000,1
AR-INV-2026-002025,INV-2026-002025,AR,CUST-009,2026-11-07,2026-11-14,78074200,1
AR-INV-2026-002026,INV-2026-002026,AR,CUST-026,2026-09-15,2026-09-16,82543200,1
AR-INV-2026-002027,INV-2026-002027,AR,CUST-010,2026-09-15,2026-09-14,15454600,1
AR-INV-2026-002028,INV-2026-002028,AR,CUST-001,2026-10-23,2026-10-17,119822800,1
AR-INV-2026-002029,INV-2026-002029,AR,CUST-012,2026-09-23,2026-10-03,35267700,1
AP-VB-2026-002030,VB-2026-002030,AP,VEND-022,2026-10-23,2026-10-28,16541200,1
AP-RT-2026-002031,RT-2026-002031,AP,VEND-022,2026-10-23,2026-10-26,22708400,1
AP-RT-2026-002032,RT-2026-002032,AP,VEND-019,2026-09-23,2026-09-29,17437300,1
AP-VB-2026-002033,VB-2026-002033,AP,VEND-017,2026-10-23,2026-10-17,33105600,1
AP-RT-2026-002034,RT-2026-002034,AP,VEND-021,2026-10-08,2026-10-20,57806500,1
AR-INV-2026-002035,INV-2026-002035,AR,CUST-026,2026-09-16,2026-09-21,124310400,1
AR-INV-2026-002036,INV-2026-002036,AR,CUST-020,2026-10-24,1970-01-01,263089900,0
AR-INV-2026-002037,INV-2026-002037,AR,CUST-022,2026-10-09,2026-10-14,102456900,1
AR-INV-2026-002038,INV-2026-002038,AR,CUST-003,2026-11-09,2026-11-23,5691400,1
AR-INV-2026-002039,INV-2026-002039,AR,CUST-004,2026-10-24,1970-01-01,60935500,0
AR-INV-2026-002040,INV-2026-002040,AR,CUST-021,2026-11-09,2026-10-31,42759000,1
AR-INV-2026-002041,INV-2026-002041,AR,CUST-006,2026-10-09,1970-01-01,41717900,0
AR-INV-2026-002042,INV-2026-002042,AR,CUST-019,2026-10-09,2026-10-19,43141800,1
AR-INV-2026-002043,INV-2026-002043,AR,CUST-019,2026-10-09,2026-10-19,83490100,1
AR-INV-2026-002044,INV-2026-002044,AR,CUST-004,2026-10-24,2026-10-22,19149300,1
AP-RT-2026-002045,RT-2026-002045,AP,VEND-012,2026-11-09,2026-10-26,21620200,1
AP-VB-2026-002046,VB-2026-002046,AP,VEND-007,2026-09-24,2026-10-03,12980500,1
AP-VB-2026-002047,VB-2026-002047,AP,VEND-017,2026-10-24,2026-11-09,114524900,1
AP-RT-2026-002048,RT-2026-002048,AP,VEND-010,2026-10-09,2026-10-20,29705600,1
AP-VB-2026-002049,VB-2026-002049,AP,VEND-014,2026-11-09,2026-11-14,5345200,1
AR-INV-2026-002050,INV-2026-002050,AR,CUST-013,2026-10-10,1970-01-01,27760500,0
AR-INV-2026-002051,INV-2026-002051,AR,CUST-015,2026-09-17,2026-09-21,112237800,1
AR-INV-2026-002052,INV-2026-002052,AR,CUST-010,2026-09-17,2026-09-11,16260300,1
AR-INV-2026-002053,INV-2026-002053,AR,CUST-009,2026-11-09,2026-11-14,38649600,1
AR-INV-2026-002054,INV-2026-002054,AR,CUST-012,2026-09-25,2026-10-03,56103800,1
AR-INV-2026-002055,INV-2026-002055,AR,CUST-003,2026-11-09,2026-11-27,18161100,1
AR-INV-2026-002056,INV-2026-002056,AR,CUST-027,2026-10-26,2026-10-31,211141500,1
AR-INV-2026-002057,INV-2026-002057,AR,CUST-011,2026-10-10,2026-10-09,18601200,1
AP-VB-2026-002058,VB-2026-002058,AP,VEND-009,2026-09-25,2026-09-23,41589100,1
AP-VB-2026-002059,VB-2026-002059,AP,VEND-017,2026-10-26,2026-10-30,25134300,1
AP-RT-2026-002060,RT-2026-002060,AP,VEND-012,2026-11-09,2026-11-19,78212600,1
AP-VB-2026-002061,VB-2026-002061,AP,VEND-017,2026-10-26,2026-11-09,74143200,1
AP-VB-2026-002062,VB-2026-002062,AP,VEND-013,2026-10-26,2026-11-09,129304600,1
AP-RT-2026-002063,RT-2026-002063,AP,VEND-002,2026-10-10,2026-10-09,15082500,1
AR-INV-2026-002064,INV-2026-002064,AR,CUST-027,2026-10-26,2026-10-27,151646200,1
AR-INV-2026-002065,INV-2026-002065,AR,CUST-014,2026-10-12,1970-01-01,20585800,0
AR-INV-2026-002066,INV-2026-002066,AR,CUST-003,2026-11-10,2026-11-20,13499900,1
AR-INV-2026-002067,INV-2026-002067,AR,CUST-012,2026-09-26,2026-10-03,57644000,1
AR-INV-2026-002068,INV-2026-002068,AR,CUST-024,2026-11-10,2026-11-07,76831600,1
AR-INV-2026-002069,INV-2026-002069,AR,CUST-004,2026-10-26,2026-10-22,35204300,1
AR-INV-2026-002070,INV-2026-002070,AR,CUST-012,2026-09-26,2026-10-01,51414900,1
AR-INV-2026-002071,INV-2026-002071,AR,CUST-030,2026-10-12,2026-10-14,60678700,1
AR-INV-2026-002072,INV-2026-002072,AR,CUST-002,2026-10-26,2026-10-31,55849000,1
AP-RT-2026-002073,RT-2026-002073,AP,VEND-020,2026-10-26,2026-10-26,11160000,1
AP-VB-2026-002074,VB-2026-002074,AP,VEND-005,2026-10-12,2026-10-21,19167900,1
AP-RT-2026-002075,RT-2026-002075,AP,VEND-013,2026-10-26,2026-10-28,9710500,1
AP-RT-2026-002076,RT-2026-002076,AP,VEND-017,2026-10-26,2026-10-30,13408400,1
AP-RT-2026-002077,RT-2026-002077,AP,VEND-020,2026-10-26,2026-11-09,45993900,1
AP-RT-2026-002078,RT-2026-002078,AP,VEND-010,2026-10-12,2026-10-22,34474000,1
AP-VB-2026-002079,VB-2026-002079,AP,VEND-016,2026-11-10,2026-11-27,21519600,1
AP-VB-2026-002080,VB-2026-002080,AP,VEND-014,2026-11-10,2026-11-12,17664100,1
AP-VB-2026-002081,VB-2026-002081,AP,VEND-020,2026-10-26,2026-11-06,41128400,1
AR-INV-2026-002082,INV-2026-002082,AR,CUST-025,2026-09-19,2026-09-28,153193000,1
AR-INV-2026-002083,INV-2026-002083,AR,CUST-027,2026-10-27,2026-11-02,98200800,1
AP-RT-2026-002084,RT-2026-002084,AP,VEND-001,2026-10-12,2026-10-14,30937900,1
AP-RT-2026-002085,RT-2026-002085,AP,VEND-008,2026-11-11,2026-11-23,92443000,1
AP-VB-2026-002086,VB-2026-002086,AP,VEND-013,2026-10-27,2026-10-28,67549700,1
AP-RT-2026-002087,RT-2026-002087,AP,VEND-016,2026-11-11,2026-11-23,22355800,1
AR-INV-2026-002088,INV-2026-002088,AR,CUST-026,2026-09-21,2026-09-28,64799000,1
AR-INV-2026-002089,INV-2026-002089,AR,CUST-008,2026-10-29,2026-11-09,60027000,1
AR-INV-2026-002090,INV-2026-002090,AR,CUST-010,2026-09-21,2026-09-15,20339700,1
AR-INV-2026-002091,INV-2026-002091,AR,CUST-020,2026-10-29,1970-01-01,331491000,0
AR-INV-2026-002092,INV-2026-002092,AR,CUST-011,2026-10-14,2026-10-20,16810800,1
AR-INV-2026-002093,INV-2026-002093,AR,CUST-016,2026-09-29,2026-10-03,73273300,1
AR-INV-2026-002094,INV-2026-002094,AR,CUST-024,2026-11-13,2026-11-16,65052600,1
AR-INV-2026-002095,INV-2026-002095,AR,CUST-015,2026-09-21,1970-01-01,90862100,0
AR-INV-2026-002096,INV-2026-002096,AR,CUST-023,2026-10-14,2026-10-19,18539600,1
AP-VB-2026-002097,VB-2026-002097,AP,VEND-015,2026-11-13,2026-11-12,29897200,1
AP-VB-2026-002098,VB-2026-002098,AP,VEND-011,2026-10-14,1970-01-01,42809100,0
AP-RT-2026-002099,RT-2026-002099,AP,VEND-007,2026-09-29,2026-10-10,36288100,1
AP-RT-2026-002100,RT-2026-002100,AP,VEND-018,2026-10-14,2026-10-10,31066900,1
AP-VB-2026-002101,VB-2026-002101,AP,VEND-018,2026-10-14,1970-01-01,30519600,0
AP-RT-2026-002102,RT-2026-002102,AP,VEND-015,2026-11-13,1970-01-01,37101500,0
AP-VB-2026-002103,VB-2026-002103,AP,VEND-013,2026-10-29,2026-11-13,46973600,1
AP-VB-2026-002104,VB-2026-002104,AP,VEND-013,2026-10-29,2026-10-26,21132600,1
AP-VB-2026-002105,VB-2026-002105,AP,VEND-002,2026-10-14,2026-10-21,16273100,1
AP-VB-2026-002106,VB-2026-002106,AP,VEND-021,2026-10-14,2026-10-13,58351500,1
AR-INV-2026-002107,INV-2026-002107,AR,CUST-016,2026-09-30,2026-10-09,25496800,1
AR-INV-2026-002108,INV-2026-002108,AR,CUST-029,2026-09-22,2026-09-28,45445100,1
AR-INV-2026-002109,INV-2026-002109,AR,CUST-008,2026-10-30,2026-11-27,41490500,1
AR-INV-2026-002110,INV-2026-002110,AR,CUST-010,2026-09-22,2026-09-29,18668900,1
AR-INV-2026-002111,INV-2026-002111,AR,CUST-021,2026-11-14,2026-11-05,27717600,1
AR-INV-2026-002112,INV-2026-002112,AR,CUST-012,2026-09-30,1970-01-01,20209100,0
AP-RT-2026-002113,RT-2026-002113,AP,VEND-012,2026-11-14,2026-11-10,33947600,1
AP-VB-2026-002114,VB-2026-002114,AP,VEND-017,2026-10-30,2026-10-26,85535900,1
AP-RT-2026-002115,RT-2026-002115,AP,VEND-019,2026-09-30,2026-10-20,66717600,1
AP-RT-2026-002116,RT-2026-002116,AP,VEND-016,2026-11-14,2026-11-20,10510600,1
AP-VB-2026-002117,VB-2026-002117,AP,VEND-010,2026-10-15,2026-10-26,54144500,1
AP-RT-2026-002118,RT-2026-002118,AP,VEND-002,2026-10-15,2026-10-17,16633100,1
AP-RT-2026-002119,RT-2026-002119,AP,VEND-001,2026-10-15,2026-10-17,34506700,1
AR-INV-2026-002120,INV-2026-002120,AR,CUST-006,2026-10-16,2026-10-17,91303900,1
AR-INV-2026-002121,INV-2026-002121,AR,CUST-008,2026-10-31,2026-11-13,99541300,1
AR-INV-2026-002122,INV-2026-002122,AR,CUST-021,2026-11-16,2026-11-24,12753400,1
AR-INV-2026-002123,INV-2026-002123,AR,CUST-007,2026-10-01,2026-09-29,55146900,1
AR-INV-2026-002124,INV-2026-002124,AR,CUST-010,2026-09-23,2026-09-24,13747700,1
AR-INV-2026-002125,INV-2026-002125,AR,CUST-027,2026-10-31,2026-11-04,106904700,1
AR-INV-2026-002126,INV-2026-002126,AR,CUST-006,2026-10-16,2026-11-04,160311300,1
AR-INV-2026-002127,INV-2026-002127,AR,CUST-004,2026-10-31,2026-10-28,37896000,1
AP-VB-2026-002128,VB-2026-002128,AP,VEND-007,2026-10-01,2026-10-06,11024900,1
AP-VB-2026-002129,VB-2026-002129,AP,VEND-018,2026-10-16,2026-10-14,25559300,1
AP-RT-2026-002130,RT-2026-002130,AP,VEND-006,2026-10-01,2026-09-30,22326500,1
AR-INV-2026-002131,INV-2026-002131,AR,CUST-020,2026-11-02,2026-11-13,57430200,1
AR-INV-2026-002132,INV-2026-002132,AR,CUST-015,2026-09-24,2026-09-21,56499700,1
AR-INV-2026-002133,INV-2026-002133,AR,CUST-004,2026-11-02,2026-11-02,103463500,1
AR-INV-2026-002134,INV-2026-002134,AR,CUST-027,2026-11-02,2026-11-11,26823700,1
AP-RT-2026-002135,RT-2026-002135,AP,VEND-005,2026-10-17,2026-10-23,28251100,1
AP-VB-2026-002136,VB-2026-002136,AP,VEND-006,2026-10-03,2026-09-28,44305800,1
AP-VB-2026-002137,VB-2026-002137,AP,VEND-002,2026-10-17,2026-10-20,19862600,1
AP-RT-2026-002138,RT-2026-002138,AP,VEND-018,2026-10-17,2026-10-15,23636400,1
AP-VB-2026-002139,VB-2026-002139,AP,VEND-008,2026-11-16,2026-11-09,15634300,1
AP-RT-2026-002140,RT-2026-002140,AP,VEND-010,2026-10-17,2026-10-22,32738600,1
AP-RT-2026-002141,RT-2026-002141,AP,VEND-019,2026-10-03,2026-10-19,83070500,1
AR-INV-2026-002142,INV-2026-002142,AR,CUST-023,2026-10-19,2026-10-24,23076900,1
AR-INV-2026-002143,INV-2026-002143,AR,CUST-013,2026-10-19,1970-01-01,15208400,0
AR-INV-2026-002144,INV-2026-002144,AR,CUST-008,2026-11-02,1970-01-01,109901800,0
AR-INV-2026-002145,INV-2026-002145,AR,CUST-014,2026-10-19,2026-10-22,27796200,1
AR-INV-2026-002146,INV-2026-002146,AR,CUST-005,2026-10-19,2026-10-20,15833200,1
AR-INV-2026-002147,INV-2026-002147,AR,CUST-022,2026-10-19,2026-10-30,136810700,1
AR-INV-2026-002148,INV-2026-002148,AR,CUST-023,2026-10-19,2026-10-26,26885600,1
AR-INV-2026-002149,INV-2026-002149,AR,CUST-008,2026-11-02,2026-11-16,172336700,1
AR-INV-2026-002150,INV-2026-002150,AR,CUST-030,2026-10-19,2026-10-26,102913000,1
AR-INV-2026-002151,INV-2026-002151,AR,CUST-017,2026-11-17,2026-11-17,36018400,1
AP-VB-2026-002152,VB-2026-002152,AP,VEND-014,2026-11-17,2026-11-19,8620800,1
AP-VB-2026-002153,VB-2026-002153,AP,VEND-013,2026-11-02,2026-11-12,30633600,1
AP-RT-2026-002154,RT-2026-002154,AP,VEND-006,2026-10-03,2026-10-06,60690200,1
AP-RT-2026-002155,RT-2026-002155,AP,VEND-010,2026-10-19,2026-10-22,33243700,1
AP-RT-2026-002156,RT-2026-002156,AP,VEND-004,2026-10-03,2026-09-28,40680700,1
AP-VB-2026-002157,VB-2026-002157,AP,VEND-007,2026-10-03,2026-10-12,44800900,1
AR-INV-2026-002158,INV-2026-002158,AR,CUST-009,2026-11-18,2026-11-24,60052300,1
AR-INV-2026-002159,INV-2026-002159,AR,CUST-011,2026-10-19,2026-10-19,26875600,1
AP-VB-2026-002160,VB-2026-002160,AP,VEND-021,2026-10-19,2026-10-19,44291000,1
AP-VB-2026-002161,VB-2026-002161,AP,VEND-020,2026-11-03,2026-11-09,106338900,1
AR-INV-2026-002162,INV-2026-002162,AR,CUST-014,2026-10-21,2026-11-06,73575300,1
AR-INV-2026-002163,INV-2026-002163,AR,CUST-026,2026-09-28,2026-09-30,115680100,1
AR-INV-2026-002164,INV-2026-002164,AR,CUST-028,2026-11-05,2026-10-22,36833100,1
AP-VB-2026-002165,VB-2026-002165,AP,VEND-006,2026-10-06,1970-01-01,23941600,0
AP-RT-2026-002166,RT-2026-002166,AP,VEND-012,2026-11-20,2026-11-23,18679000,1
AP-RT-2026-002167,RT-2026-002167,AP,VEND-020,2026-11-05,2026-11-14,12962100,1
AR-INV-2026-002168,INV-2026-002168,AR,CUST-029,2026-09-29,2026-10-19,455278800,1
AR-INV-2026-002169,INV-2026-002169,AR,CUST-012,2026-10-07,2026-10-14,49710300,1
AR-INV-2026-002170,INV-2026-002170,AR,CUST-004,2026-11-06,2026-10-26,42023600,1
AR-INV-2026-002171,INV-2026-002171,AR,CUST-026,2026-09-29,2026-10-09,55341500,1
AR-INV-2026-002172,INV-2026-002172,AR,CUST-026,2026-09-29,1970-01-01,72147900,0
AR-INV-2026-002173,INV-2026-002173,AR,CUST-024,2026-11-21,2026-12-03,36401500,1
AR-INV-2026-002174,INV-2026-002174,AR,CUST-016,2026-10-07,2026-10-13,67898500,1
AR-INV-2026-002175,INV-2026-002175,AR,CUST-028,2026-11-06,2026-10-30,57410800,1
AP-VB-2026-002176,VB-2026-002176,AP,VEND-017,2026-11-06,1970-01-01,137520800,0
AP-VB-2026-002177,VB-2026-002177,AP,VEND-014,2026-11-21,2026-11-18,9064900,1
AP-RT-2026-002178,RT-2026-002178,AP,VEND-014,2026-11-21,2026-11-18,10569800,1
AP-RT-2026-002179,RT-2026-002179,AP,VEND-021,2026-10-22,2026-10-24,33037300,1
AR-INV-2026-002180,INV-2026-002180,AR,CUST-023,2026-10-23,2026-11-02,67232600,1
AR-INV-2026-002181,INV-2026-002181,AR,CUST-012,2026-10-08,2026-10-15,21516600,1
AR-INV-2026-002182,INV-2026-002182,AR,CUST-004,2026-11-07,2026-10-26,31006300,1
AR-INV-2026-002183,INV-2026-002183,AR,CUST-004,2026-11-07,2026-10-28,47416200,1
AR-INV-2026-002184,INV-2026-002184,AR,CUST-004,2026-11-07,2026-10-28,58597200,1
AR-INV-2026-002185,INV-2026-002185,AR,CUST-012,2026-10-08,2026-10-20,33154100,1
AP-VB-2026-002186,VB-2026-002186,AP,VEND-018,2026-10-23,2026-10-17,70126700,1
AP-RT-2026-002187,RT-2026-002187,AP,VEND-021,2026-10-23,2026-10-22,40866200,1
AP-RT-2026-002188,RT-2026-002188,AP,VEND-003,2026-11-23,2026-11-27,107149000,1
AP-RT-2026-002189,RT-2026-002189,AP,VEND-010,2026-10-23,2026-10-28,39776700,1
AP-RT-2026-002190,RT-2026-002190,AP,VEND-021,2026-10-23,2026-10-21,40718100,1
AP-VB-2026-002191,VB-2026-002191,AP,VEND-020,2026-11-07,2026-11-09,52856800,1
AP-RT-2026-002192,RT-2026-002192,AP,VEND-004,2026-10-08,2026-10-07,24368800,1
AR-INV-2026-002193,INV-2026-002193,AR,CUST-030,2026-10-24,1970-01-01,28212100,0
AR-INV-2026-002194,INV-2026-002194,AR,CUST-014,2026-10-24,1970-01-01,41905700,0
AR-INV-2026-002195,INV-2026-002195,AR,CUST-010,2026-10-01,2026-10-03,40232600,1
AR-INV-2026-002196,INV-2026-002196,AR,CUST-013,2026-10-24,2026-10-24,79602600,1
AR-INV-2026-002197,INV-2026-002197,AR,CUST-010,2026-10-01,2026-09-24,23971100,1
AR-INV-2026-002198,INV-2026-002198,AR,CUST-024,2026-11-23,2026-11-21,134970300,1
AP-RT-2026-002199,RT-2026-002199,AP,VEND-014,2026-11-23,2026-11-26,9415100,1
AP-VB-2026-002200,VB-2026-002200,AP,VEND-017,2026-11-09,2026-11-11,21782700,1
AP-VB-2026-002201,VB-2026-002201,AP,VEND-008,2026-11-23,2026-11-23,55067100,1
AP-RT-2026-002202,RT-2026-002202,AP,VEND-010,2026-10-24,2026-10-22,22301200,1
AR-INV-2026-002203,INV-2026-002203,AR,CUST-007,2026-10-10,1970-01-01,21257100,0
AR-INV-2026-002204,INV-2026-002204,AR,CUST-013,2026-10-26,2026-11-03,65040900,1
AR-INV-2026-002205,INV-2026-002205,AR,CUST-001,2026-11-09,2026-11-02,55502900,1
AR-INV-2026-002206,INV-2026-002206,AR,CUST-015,2026-10-03,2026-10-05,147745900,1
AR-INV-2026-002207,INV-2026-002207,AR,CUST-020,2026-11-09,2026-11-14,45614100,1
AR-INV-2026-002208,INV-2026-002208,AR,CUST-021,2026-11-24,1970-01-01,18902400,0
AR-INV-2026-002209,INV-2026-002209,AR,CUST-030,2026-10-26,1970-01-01,398555500,0
AR-INV-2026-002210,INV-2026-002210,AR,CUST-012,2026-10-10,2026-10-15,78235700,1
AR-INV-2026-002211,INV-2026-002211,AR,CUST-016,2026-10-10,2026-10-12,15925700,1
AR-INV-2026-002212,INV-2026-002212,AR,CUST-026,2026-10-03,2026-10-13,84171800,1
AR-INV-2026-002213,INV-2026-002213,AR,CUST-004,2026-11-09,2026-10-30,31088600,1
AR-INV-2026-002214,INV-2026-002214,AR,CUST-030,2026-10-26,2026-11-04,112331500,1
AR-INV-2026-002215,INV-2026-002215,AR,CUST-028,2026-11-09,2026-11-09,39776000,1
AR-INV-2026-002216,INV-2026-002216,AR,CUST-029,2026-10-03,2026-10-05,70739500,1
AP-VB-2026-002217,VB-2026-002217,AP,VEND-022,2026-11-09,2026-11-02,21849600,1
AP-RT-2026-002218,RT-2026-002218,AP,VEND-017,2026-11-09,2026-11-16,25987400,1
AP-VB-2026-002219,VB-2026-002219,AP,VEND-016,2026-11-24,2026-11-30,15314300,1
AP-VB-2026-002220,VB-2026-002220,AP,VEND-018,2026-10-26,2026-11-02,71537700,1
AP-RT-2026-002221,RT-2026-002221,AP,VEND-010,2026-10-26,1970-01-01,28928300,0
AP-VB-2026-002222,VB-2026-002222,AP,VEND-003,2026-11-24,2026-11-19,29084100,1
AR-INV-2026-002223,INV-2026-002223,AR,CUST-020,2026-11-10,2026-11-23,122401600,1
AR-INV-2026-002224,INV-2026-002224,AR,CUST-001,2026-11-10,2026-11-05,74409700,1
AR-INV-2026-002225,INV-2026-002225,AR,CUST-002,2026-11-10,2026-10-26,181348900,1
AP-RT-2026-002226,RT-2026-002226,AP,VEND-017,2026-11-10,1970-01-01,61201400,0
AP-RT-2026-002227,RT-2026-002227,AP,VEND-017,2026-11-10,2026-11-05,17755300,1
AP-VB-2026-002228,VB-2026-002228,AP,VEND-006,2026-10-12,2026-10-14,87702500,1
AP-RT-2026-002229,RT-2026-002229,AP,VEND-012,2026-11-26,2026-11-23,52749500,1
AR-INV-2026-002230,INV-2026-002230,AR,CUST-010,2026-10-05,2026-10-03,7123200,1
AR-INV-2026-002231,INV-2026-002231,AR,CUST-001,2026-11-12,2026-11-09,119685800,1
AR-INV-2026-002232,INV-2026-002232,AR,CUST-019,2026-10-28,2026-10-19,33809800,1
AR-INV-2026-002233,INV-2026-002233,AR,CUST-013,2026-10-28,2026-11-05,58395500,1
AR-INV-2026-002234,INV-2026-002234,AR,CUST-010,2026-10-05,2026-10-03,54349900,1
AR-INV-2026-002235,INV-2026-002235,AR,CUST-002,2026-11-12,2026-11-07,296159300,1
AR-INV-2026-002236,INV-2026-002236,AR,CUST-020,2026-11-12,2026-11-18,130006800,1
AR-INV-2026-002237,INV-2026-002237,AR,CUST-009,2026-11-27,2026-12-02,29698200,1
AR-INV-2026-002238,INV-2026-002238,AR,CUST-025,2026-10-05,2026-10-05,75961200,1
AR-INV-2026-002239,INV-2026-002239,AR,CUST-027,2026-11-12,2026-11-16,72813600,1
AR-INV-2026-002240,INV-2026-002240,AR,CUST-023,2026-10-28,2026-11-03,31807300,1
AR-INV-2026-002241,INV-2026-002241,AR,CUST-025,2026-10-05,2026-10-03,63585200,1
AR-INV-2026-002242,INV-2026-002242,AR,CUST-003,2026-11-27,2026-12-08,14463600,1
AR-INV-2026-002243,INV-2026-002243,AR,CUST-022,2026-10-28,2026-11-05,117418600,1
AR-INV-2026-002244,INV-2026-002244,AR,CUST-004,2026-11-12,1970-01-01,20657300,0
AP-VB-2026-002245,VB-2026-002245,AP,VEND-010,2026-10-28,2026-10-31,37677800,1
AP-RT-2026-002246,RT-2026-002246,AP,VEND-012,2026-11-27,2026-11-28,28561000,1
AP-VB-2026-002247,VB-2026-002247,AP,VEND-006,2026-10-13,2026-10-10,18158800,1
AP-RT-2026-002248,RT-2026-002248,AP,VEND-006,2026-10-13,2026-10-07,26351200,1
AP-VB-2026-002249,VB-2026-002249,AP,VEND-004,2026-10-13,2026-10-10,56144000,1
AP-VB-2026-002250,VB-2026-002250,AP,VEND-013,2026-11-12,2026-11-27,21780500,1
AP-VB-2026-002251,VB-2026-002251,AP,VEND-006,2026-10-13,1970-01-01,52897000,0
AP-RT-2026-002252,RT-2026-002252,AP,VEND-014,2026-11-27,2026-11-23,15288100,1
AP-VB-2026-002253,VB-2026-002253,AP,VEND-021,2026-10-28,2026-10-30,25989200,1
AP-VB-2026-002254,VB-2026-002254,AP,VEND-006,2026-10-13,2026-10-10,16211500,1
AR-INV-2026-002255,INV-2026-002255,AR,CUST-016,2026-10-14,2026-10-12,61715600,1
AR-INV-2026-002256,INV-2026-002256,AR,CUST-017,2026-11-28,2026-11-14,37333300,1
AR-INV-2026-002257,INV-2026-002257,AR,CUST-011,2026-10-29,2026-10-31,228916200,1
AR-INV-2026-002258,INV-2026-002258,AR,CUST-008,2026-11-13,1970-01-01,103116100,0
AR-INV-2026-002259,INV-2026-002259,AR,CUST-019,2026-10-29,2026-10-24,117382300,1
AR-INV-2026-002260,INV-2026-002260,AR,CUST-020,2026-11-13,2026-11-30,76583500,1
AR-INV-2026-002261,INV-2026-002261,AR,CUST-016,2026-10-14,1970-01-01,8747500,0
AP-RT-2026-002262,RT-2026-002262,AP,VEND-020,2026-11-13,2026-11-23,18588500,1
AP-RT-2026-002263,RT-2026-002263,AP,VEND-009,2026-10-14,2026-10-15,18872900,1
AP-VB-2026-002264,VB-2026-002264,AP,VEND-017,2026-11-13,2026-11-18,141488100,1
AP-VB-2026-002265,VB-2026-002265,AP,VEND-012,2026-11-28,2026-11-19,42602400,1
AP-VB-2026-002266,VB-2026-002266,AP,VEND-012,2026-11-28,2026-12-07,34060500,1
AP-VB-2026-002267,VB-2026-002267,AP,VEND-007,2026-10-14,2026-10-16,15986200,1
AP-RT-2026-002268,RT-2026-002268,AP,VEND-010,2026-10-29,1970-01-01,25244500,0
AP-VB-2026-002269,VB-2026-002269,AP,VEND-019,2026-10-14,2026-10-19,39853200,1
AR-INV-2026-002270,INV-2026-002270,AR,CUST-026,2026-10-07,2026-10-19,65767600,1
AR-INV-2026-002271,INV-2026-002271,AR,CUST-028,2026-11-14,2026-11-13,59189600,1
AR-INV-2026-002272,INV-2026-002272,AR,CUST-004,2026-11-14,2026-11-13,123032900,1
AR-INV-2026-002273,INV-2026-002273,AR,CUST-010,2026-10-07,2026-10-20,83535000,1
AR-INV-2026-002274,INV-2026-002274,AR,CUST-016,2026-10-15,2026-10-17,37772300,1
AR-INV-2026-002275,INV-2026-002275,AR,CUST-029,2026-10-07,2026-10-19,228539700,1
AR-INV-2026-002276,INV-2026-002276,AR,CUST-005,2026-10-30,1970-01-01,27828700,0
AP-VB-2026-002277,VB-2026-002277,AP,VEND-004,2026-10-15,2026-10-23,35725300,1
AP-RT-2026-002278,RT-2026-002278,AP,VEND-011,2026-10-30,2026-11-06,272768000,1
AP-VB-2026-002279,VB-2026-002279,AP,VEND-018,2026-10-30,2026-11-06,64854800,1
AP-VB-2026-002280,VB-2026-002280,AP,VEND-020,2026-11-14,2026-11-21,35019000,1
AP-RT-2026-002281,RT-2026-002281,AP,VEND-011,2026-10-30,2026-11-09,23475600,1
AP-RT-2026-002282,RT-2026-002282,AP,VEND-015,2026-11-30,2026-12-07,15059800,1
AR-INV-2026-002283,INV-2026-002283,AR,CUST-026,2026-10-08,1970-01-01,31313700,0
AR-INV-2026-002284,INV-2026-002284,AR,CUST-003,2026-11-30,2026-12-21,17872100,1
AR-INV-2026-002285,INV-2026-002285,AR,CUST-027,2026-11-16,2026-11-14,181176600,1
AR-INV-2026-002286,INV-2026-002286,AR,CUST-030,2026-10-31,2026-11-09,19974800,1
AR-INV-2026-002287,INV-2026-002287,AR,CUST-020,2026-11-16,2026-11-28,50774100,1
AR-INV-2026-002288,INV-2026-002288,AR,CUST-021,2026-11-30,2026-12-05,3729000,1
AR-INV-2026-002289,INV-2026-002289,AR,CUST-018,2026-10-08,2026-10-14,50362000,1
AR-INV-2026-002290,INV-2026-002290,AR,CUST-017,2026-11-30,2026-11-25,5619900,1
AP-RT-2026-002291,RT-2026-002291,AP,VEND-018,2026-10-31,2026-11-10,28458300,1
AP-VB-2026-002292,VB-2026-002292,AP,VEND-010,2026-10-31,2026-11-09,37530000,1
AP-RT-2026-002293,RT-2026-002293,AP,VEND-011,2026-10-31,2026-11-02,20441600,1
AP-RT-2026-002294,RT-2026-002294,AP,VEND-013,2026-11-16,2026-12-01,24043900,1
AP-RT-2026-002295,RT-2026-002295,AP,VEND-013,2026-11-16,2026-11-14,86655700,1
AP-VB-2026-002296,VB-2026-002296,AP,VEND-009,2026-10-16,1970-01-01,6586000,0
AP-RT-2026-002297,RT-2026-002297,AP,VEND-004,2026-10-16,2026-10-19,102697100,1
AP-RT-2026-002298,RT-2026-002298,AP,VEND-015,2026-11-30,2026-12-09,45506100,1
AP-RT-2026-002299,RT-2026-002299,AP,VEND-004,2026-10-16,2026-10-12,41369600,1
AR-INV-2026-002300,INV-2026-002300,AR,CUST-011,2026-11-02,2026-10-29,44035500,1
AR-INV-2026-002301,INV-2026-002301,AR,CUST-003,2026-12-01,2026-11-28,12497300,1
AR-INV-2026-002302,INV-2026-002302,AR,CUST-006,2026-11-02,1970-01-01,21607200,0
AR-INV-2026-002303,INV-2026-002303,AR,CUST-007,2026-10-17,2026-10-22,47706500,1
AR-INV-2026-002304,INV-2026-002304,AR,CUST-002,2026-11-16,2026-11-19,28899100,1
AR-INV-2026-002305,INV-2026-002305,AR,CUST-015,2026-10-09,2026-10-13,47357200,1
AR-INV-2026-002306,INV-2026-002306,AR,CUST-021,2026-12-01,2026-12-14,11314400,1
AR-INV-2026-002307,INV-2026-002307,AR,CUST-022,2026-11-02,2026-11-09,35498400,1
AR-INV-2026-002308,INV-2026-002308,AR,CUST-018,2026-10-09,2026-10-16,124372000,1
AR-INV-2026-002309,INV-2026-002309,AR,CUST-013,2026-11-02,2026-11-05,20149900,1
AP-VB-2026-002310,VB-2026-002310,AP,VEND-012,2026-12-01,2026-11-28,89569800,1
AP-RT-2026-002311,RT-2026-002311,AP,VEND-001,2026-11-02,2026-11-07,50937800,1
AP-VB-2026-002312,VB-2026-002312,AP,VEND-005,2026-11-02,2026-11-04,15492800,1
AP-VB-2026-002313,VB-2026-002313,AP,VEND-016,2026-12-01,2026-12-04,19019100,1
AP-RT-2026-002314,RT-2026-002314,AP,VEND-006,2026-10-17,1970-01-01,21483500,0
AP-RT-2026-002315,RT-2026-002315,AP,VEND-020,2026-11-16,2026-12-10,28887400,1
AP-RT-2026-002316,RT-2026-002316,AP,VEND-014,2026-12-01,2026-11-24,25239000,1
AP-VB-2026-002317,VB-2026-002317,AP,VEND-019,2026-10-17,2026-11-09,81367300,1
AR-INV-2026-002318,INV-2026-002318,AR,CUST-016,2026-10-19,2026-10-23,40191400,1
AR-INV-2026-002319,INV-2026-002319,AR,CUST-023,2026-11-02,2026-11-09,33786300,1
AR-INV-2026-002320,INV-2026-002320,AR,CUST-028,2026-11-17,2026-11-11,57051600,1
AR-INV-2026-002321,INV-2026-002321,AR,CUST-019,2026-11-02,2026-10-23,68422500,1
AR-INV-2026-002322,INV-2026-002322,AR,CUST-007,2026-10-19,2026-10-12,55949500,1
AP-VB-2026-002323,VB-2026-002323,AP,VEND-018,2026-11-02,1970-01-01,78185800,0
AP-RT-2026-002324,RT-2026-002324,AP,VEND-007,2026-10-19,2026-10-26,28381600,1
AP-RT-2026-002325,RT-2026-002325,AP,VEND-009,2026-10-19,2026-10-24,17106300,1
AP-VB-2026-002326,VB-2026-002326,AP,VEND-005,2026-11-02,2026-11-09,22635900,1
AR-INV-2026-002327,INV-2026-002327,AR,CUST-017,2026-12-04,2026-12-03,8919400,1
AR-INV-2026-002328,INV-2026-002328,AR,CUST-004,2026-11-19,2026-11-16,115991400,1
AR-INV-2026-002329,INV-2026-002329,AR,CUST-028,2026-11-19,2026-11-13,159783700,1
AR-INV-2026-002330,INV-2026-002330,AR,CUST-022,2026-11-04,1970-01-01,65701700,0
AR-INV-2026-002331,INV-2026-002331,AR,CUST-026,2026-10-12,2026-10-14,85945700,1
AR-INV-2026-002332,INV-2026-002332,AR,CUST-007,2026-10-20,2026-10-24,57507100,1
AR-INV-2026-002333,INV-2026-002333,AR,CUST-030,2026-11-04,2026-11-09,80083500,1
AR-INV-2026-002334,INV-2026-002334,AR,CUST-024,2026-12-04,2026-12-03,74331700,1
AP-RT-2026-002335,RT-2026-002335,AP,VEND-015,2026-12-04,2026-12-10,21250000,1
AP-RT-2026-002336,RT-2026-002336,AP,VEND-013,2026-11-19,2026-11-24,46756300,1
AP-RT-2026-002337,RT-2026-002337,AP,VEND-013,2026-11-19,2026-11-26,23235400,1
AP-VB-2026-002338,VB-2026-002338,AP,VEND-006,2026-10-20,2026-10-21,39917100,1
AP-SALARY-202603-0,SALARY-202603,AP,RECUR-SALARY,2026-03-02,2026-03-02,345000000,1
AP-RENT-202603-0,RENT-202603,AP,RECUR-RENT,2026-03-05,2026-03-05,78000000,1
AP-EMI-202603-0,EMI-202603,AP,RECUR-EMI,2026-03-03,2026-03-02,125000000,1
AP-SALARY-202604-0,SALARY-202604,AP,RECUR-SALARY,2026-04-01,2026-04-01,345000000,1
AP-RENT-202604-0,RENT-202604,AP,RECUR-RENT,2026-04-06,2026-04-06,78000000,1
AP-EMI-202604-0,EMI-202604,AP,RECUR-EMI,2026-04-03,2026-04-03,125000000,1
AP-GST-202604,GST-202604,AP,RECUR-GST,2026-04-06,2026-04-06,397149500,1
AP-SALARY-202605-0,SALARY-202605,AP,RECUR-SALARY,2026-05-01,2026-05-01,345000000,1
AP-RENT-202605-0,RENT-202605,AP,RECUR-RENT,2026-05-05,2026-05-05,78000000,1
AP-EMI-202605-0,EMI-202605,AP,RECUR-EMI,2026-05-04,2026-05-04,125000000,1
AP-SALARY-202606-0,SALARY-202606,AP,RECUR-SALARY,2026-06-01,2026-06-01,345000000,1
AP-RENT-202606-0,RENT-202606,AP,RECUR-RENT,2026-06-05,2026-06-06,78000000,1
AP-EMI-202606-0,EMI-202606,AP,RECUR-EMI,2026-06-03,2026-06-03,125000000,1
AP-SALARY-202607-0,SALARY-202607,AP,RECUR-SALARY,2026-07-01,2026-06-30,345000000,1
AP-RENT-202607-0,RENT-202607,AP,RECUR-RENT,2026-07-06,2026-07-06,78000000,1
AP-EMI-202607-0,EMI-202607,AP,RECUR-EMI,2026-07-03,2026-07-03,125000000,1
AP-GST-202607,GST-202607,AP,RECUR-GST,2026-07-06,2026-07-06,313818800,1
AP-SALARY-202608-0,SALARY-202608,AP,RECUR-SALARY,2026-08-01,2026-07-31,345000000,1
AP-RENT-202608-0,RENT-202608,AP,RECUR-RENT,2026-08-05,2026-08-05,78000000,1
AP-EMI-202608-0,EMI-202608,AP,RECUR-EMI,2026-08-03,2026-08-03,125000000,1
AP-SALARY-202609-0,SALARY-202609,AP,RECUR-SALARY,2026-09-01,2026-08-31,345000000,1
AP-RENT-202609-0,RENT-202609,AP,RECUR-RENT,2026-09-05,2026-09-05,77016100,1
AP-EMI-202609-0,EMI-202609,AP,RECUR-EMI,2026-09-03,2026-09-03,125000000,1
AP-SALARY-202610-0,SALARY-202610,AP,RECUR-SALARY,2026-10-01,2026-09-30,345000000,1
AP-RENT-202610-0,RENT-202610,AP,RECUR-RENT,2026-10-05,2026-10-05,78000000,1
AP-EMI-202610-0,EMI-202610,AP,RECUR-EMI,2026-10-03,2026-10-03,125000000,1
AP-GST-202610,GST-202610,AP,RECUR-GST,2026-10-06,2026-10-06,456313000,1
