line_id,doc_ids,truth_kind,txn_date,amount_paise,narration
BL-000001,AP-SALARY-202603-0,matchable,2026-03-02,-345000000,NEFT DR HDFC0001234 900000079141 FROM ACME INDUSTRIES PAYROLL milestone 2 INR 3450000.00
BL-000002,AP-EMI-202603-0,matchable,2026-03-02,-125000000,EMI-202603 NEFT DR ICIC0000429 900000079229 FROM STATE BANK EQUIP material supply INR 1250
BL-000003,AP-RENT-202603-0,matchable,2026-03-05,-78000000,NEFT DR KKBK0000812 900000079200 FROM SKYLINE ESTATES PVT LTD  invoice settlement INR 7800
BL-000004,SETL-setl_00000001,gateway_settlement,2026-03-11,12503272,RAZORPAY PAYMENTS GATEWAY SETTLEMENT setl_00000001 UTR 900000000056
BL-000005,SETL-setl_00000002,gateway_settlement,2026-03-12,10433656,RAZORPAY PAYMENTS GATEWAY SETTLEMENT setl_00000002 UTR 900000000087
BL-000006,SETL-setl_00000003,gateway_settlement,2026-03-13,13784416,RAZORPAY PAYMENTS GATEWAY SETTLEMENT setl_00000003 UTR 900000000173
BL-000007,SETL-setl_00000004,gateway_settlement,2026-03-14,14243060,RAZORPAY PAYMENTS GATEWAY SETTLEMENT setl_00000004 UTR 900000000187
BL-000008,SETL-setl_00000006,gateway_settlement,2026-03-16,5136820,RAZORPAY PAYMENTS GATEWAY SETTLEMENT setl_00000006 UTR 900000000355
BL-000009,SETL-setl_00000005,gateway_settlement,2026-03-16,14332157,RAZORPAY PAYMENTS GATEWAY SETTLEMENT setl_00000005 UTR 900000000266
BL-000010,AR-INV-2026-000007,matchable,2026-03-16,55910600,UPI/HDFC0001234/672423997539/INV-2026-000007/merilab@ybl/MERIDIAN LAB SUPPLIES NAG
BL-000011,AR-INV-2026-000088,matchable,2026-03-17,14836600,NEFT CR ICIC0000429 900000012510 FROM GOLDCREST WAAEHOUSING COMPANY part payment INR 14836
BL-000012,AR-INV-2026-000003,matchable,2026-03-17,24034900,NEFT CR HDFC0001234 900000008871 FROM ORBITEX PAPER MILLS NOI security deposit INR 240349.
BL-000013,SETL-setl_00000007,gateway_settlement,2026-03-18,11192543,RAZORPAY PAYMENTS GATEWAY SETTLEMENT setl_00000007 UTR 900000000403
BL-000014,SETL-setl_00000008,gateway_settlement,2026-03-19,15255632,RAZORPAY PAYMENTS GATEWAY SETTLEMENT setl_00000008 UTR 900000000474
BL-000015,AP-RT-2026-000029,matchable,2026-03-20,-21124400,NEFT DR SBIN0000921 900000009922 FROM VRUNDAVAN INTERIORS PVT LTD full and final INR 21124
BL-000016,SETL-setl_00000009,gateway_settlement,2026-03-20,13543506,RAZORPAY PAYMENTS GATEWAY SETTLEMENT setl_00000009 UTR 900000000561
BL-000017,SETL-setl_00000010,gateway_settlement,2026-03-21,11364254,RAZORPAY PAYMENTS GATEWAY SETTLEMENT setl_00000010 UTR 900000000628
BL-000018,AP-VB-2026-000058,matchable,2026-03-23,-35657600,VB-2026-000058 NEFT DR KKBK0000812 900000011303 FROM LOHILOG LOGISTICS security deposit IN
BL-000019,SETL-setl_00000012,gateway_settlement,2026-03-23,471790,RAZORPAY PAYMENTS GATEWAY SETTLEMENT setl_00000012 UTR 900000000786
BL-000020,SETL-setl_00000011,gateway_settlement,2026-03-23,10131006,RAZORPAY PAYMENTS GATEWAY SETTLEMENT setl_00000011 UTR 900000000712
BL-000021,SETL-setl_00000013,gateway_settlement,2026-03-24,1828487,RAZORPAY PAYMENTS GATEWAY SETTLEMENT setl_00000013 UTR 900000000801
BL-000022,AR-INV-2026-000126,matchable_amount_mismatch,2026-03-24,147967900,NEFT CR ICIC0000429 900000014298 FROM ORBITEX PAPER MILLS PVT LTD invoice settlement INR 1
BL-000023,SETL-setl_00000014,gateway_settlement,2026-03-25,13238695,RAZORPAY PAYMENTS GATEWAY SETTLEMENT setl_00000014 UTR 900000000846
BL-000024,AR-INV-2026-000083,matchable,2026-03-25,231150500,INV-2026-000083 NEFT CR SBIN0000921 900000012307 FROM ORBIPAP MI security deposit INR 2311
BL-000025,AP-RT-2026-000069,matchable,2026-03-26,-32394500,NEFT DR SBIN0000921 900000011772 FROM LOHIYA LOGISTICS P against inv INR 323945.00 RT-2026
BL-000026,SETL-setl_00000015,gateway_settlement,2026-03-26,12388581,RAZORPAY PAYMENTS GATEWAY SETTLEMENT setl_00000015 UTR 900000000858
BL-000027,AR-INV-2026-000026,matchable,2026-03-26,26538800,UPI/HDFC0001234/178992597125/nalarec@ybl/NALANDA RECYCLERS LLP
BL-000028,SETL-setl_00000016,gateway_settlement,2026-03-27,15622519,RAZORPAY PAYMENTS GATEWAY SETTLEMENT setl_00000016 UTR 900000000888
BL-000029,AR-INV-2026-000213;AR-INV-2026-000233;AR-INV-2026-000255,matchable_lumpsum,2026-03-27,42459300,NEFT CR UTIB0002233 900000080364 FROM GOLDCREST WAREHOUSING PRIVATE LIMITED freight charge
BL-000030,AR-INV-2026-000043,matchable,2026-03-28,12962900,NEFT CR SBIN0000921 900000010622 FROM GOLDCREST WAREHOUSING PRIVATE LIMITED part payment I
BL-000031,SETL-setl_00000017,gateway_settlement,2026-03-28,20335674,RAZORPAY PAYMENTS GATEWAY SETTLEMENT setl_00000017 UTR 900000000963
BL-000032,AR-INV-2026-000150,matchable,2026-03-28,78411300,INV-2026-000150 RTGS HDFC0001234 900000015527 SAPTAGIRI ANALYTICS LTD INR 784113.00 part p
BL-000033,AP-VB-2026-000081,matchable,2026-03-30,-44683200,NEFT DR KKBK0000812 900000012198 FROM LOHIYA LOGIST security deposit INR 446832.00
BL-000034,SETL-setl_00000019,gateway_settlement,2026-03-30,8852595,RAZORPAY PAYMENTS GATEWAY SETTLEMENT setl_00000019 UTR 900000001093
BL-000035,SETL-setl_00000018,gateway_settlement,2026-03-30,23596239,RAZORPAY PAYMENTS GATEWAY SETTLEMENT setl_00000018 UTR 900000001060
BL-000036,AR-INV-2026-000004,matchable,2026-03-30,81622700,NEFT CR HDFC0001234 900000008927 FROM ASHWINI CABLE SYSTEMS LLP material supply INR 816227
BL-000037,AR-INV-2026-000185,matchable_amount_mismatch,2026-03-30,94120600,NEFT CR HDFC0001234 900000017066 FROM GOLDCREST WAREHOUSING PRIVATE LIMITED full and final
BL-000038,AR-INV-2026-000024,matchable,2026-03-30,338417100,INV-2026-000024 NEFT CR HDFC0001234 900000009775 FROM GOLDCREST STEEL TRADERS COMPANY amc 
BL-000039,SETL-setl_00000020,gateway_settlement,2026-03-31,1672747,RAZORPAY PAYMENTS GATEWAY SETTLEMENT setl_00000020 UTR 900000001106
BL-000040,AR-INV-2026-000023,matchable,2026-03-31,18180300,INV-2026-000023 CHQ CLG VEDIKA TEX  INV-2026-000023
BL-000041,AR-INV-2026-000032,matchable,2026-03-31,74192400,NEFT CR HDFC0001234 900000010088 FROM GOLDCREST STEEL TRAD against inv INR 741924.00
BL-000042,AP-SALARY-202604-0,matchable,2026-04-01,-345000000,NEFT DR UTIB0002233 900000079298 FROM ACME PAYROLL against inv INR 3450000.00
BL-000043,AP-VB-2026-000016,matchable,2026-04-01,-44658300,NEFT DR KKBK0000812 900000009464 FROM EVERSTONE RECYCLERS COMPANY material supply INR 4465
BL-000044,SETL-setl_00000021,gateway_settlement,2026-04-01,16764818,RAZORPAY PAYMENTS GATEWAY SETTLEMENT setl_00000021 UTR 900000001192
BL-000045,AR-INV-2026-000202,matchable,2026-04-01,67457700,INV-2026-000202 RTGS UTIB0002233 900000018003 SAPTAGIRI ANALYTICS & CO INR 674577.00 again
BL-000046,SETL-setl_00000022,gateway_settlement,2026-04-02,15099059,RAZORPAY PAYMENTS GATEWAY SETTLEMENT setl_00000022 UTR 900000001289
BL-000047,AR-INV-2026-000048,matchable,2026-04-02,18965100,UPI/HDFC0001234/751393522113/nalarec@paytm/NALANDA RECYCLER
BL-000048,AP-EMI-202604-0,matchable,2026-04-03,-125000000,NEFT DR SBIN0000921 900000079357 FROM STATE BANK EQUIP LOAN invoice settlement INR 1250000
BL-000049,AP-VB-2026-000261,matchable,2026-04-03,-21968100,CHQ CLG ANANT INFRA ELECTR 
BL-000050,SETL-setl_00000023,gateway_settlement,2026-04-03,17004809,RAZORPAY PAYMENTS GATEWAY SETTLEMENT setl_00000023 UTR 900000001306
BL-000051,AR-INV-2026-000144,matchable,2026-04-03,36293100,UPI/HDFC0001234/605761818651/merilab@okhdfcbank/MERIDIAN LAB SUPPLIES LTD/INV-2026-000144
BL-000052,AR-INV-2026-000090,matchable,2026-04-03,69298000,UPI/HDFC0001234/737374474366/INV-2026-000090/nalarec@ybl/NALANDA RECYCLERS LLP
BL-000053,AR-INV-2026-000287,matchable_amount_mismatch,2026-04-03,116177600,INV-2026-000287 RTGS KKBK0000812 900000021437 SAPTAGIRI ANALYTICS BTD INR 1161776.00 advan
BL-000054,AP-RT-2026-000039,matchable,2026-04-04,-127359200,NEFT DR HDFC0001234 900000010420 FROM EVERSTONE RE  security deposit INR 1273592.00 RT-202
BL-000055,AP-VB-2026-000041,matchable,2026-04-04,-56808000,NEFT DR ICIC0000429 900000010571 FROM EVERSTONE RECYCLERS PRIVATE LI advance INR 568080.00
BL-000056,AP-RT-2026-000037,matchable,2026-04-04,-46996500,NEFT DR HDFC0001234 900000010248 FROM TRINETRA AGRI INPUTS FAR invoice settlement INR 4699
BL-000057,AP-VB-2026-000117,matchable,2026-04-04,-17485800,VB-2026-000117 RTGS SBIN0000921 900000013781 SUNDARA WATER TREATMENT LTD INR 174858.00 fre
BL-000058,SETL-setl_00000024,gateway_settlement,2026-04-04,8318430,RAZORPAY PAYMENTS GATEWAY SETTLEMENT setl_00000024 UTR 900000001341
BL-000059,AR-INV-2026-000044,matchable,2026-04-04,31833900,NEFT CR ICIC0000429 900000010676 FROM ASHWINI INTERIORS  advance INR 318339.00 INV-2026-00
BL-000060,AP-GST-202604,matchable,2026-04-06,-397149500,NEFT DR KKBK0000812 900000079453 FROM INCOME TAX GS security deposit INR 3971495.00
BL-000061,AP-VB-2026-000074,matchable,2026-04-06,-86455500,VB-2026-000074 CHQ CLG ANANT INFRA ELECTRICAL VB-2026-000074
BL-000062,AP-RENT-202604-0,matchable,2026-04-06,-78000000,RENT-202604 NEFT DR KKBK0000812 900000079332 FROM SKYLINE ESTATES  amc renewal INR 780000.
BL-000063,AP-RT-2026-000076,matchable,2026-04-06,-34151800,NEFT DR KKBK0000812 900000011970 FROM VRUNDAVAN INTERIORS PVT LTD full and final INR 34151
BL-000064,AP-VB-2026-000079,matchable,2026-04-06,-34038700,NEFT DR SBIN0000921 900000012116 FROM VRUNDAVAN INTERIORS PVT LTD advance INR 340387.00
BL-000065,AP-VB-2026-000036,matchable,2026-04-06,-14712500,NEFT DR UTIB0002233 900000010205 FROM EVERSTONE RECYCLERS PVT LTD material supply INR 1471
BL-000066,SETL-setl_00000026,gateway_settlement,2026-04-06,1738179,RAZORPAY PAYMENTS GATEWAY SETTLEMENT setl_00000026 UTR 900000001409
BL-000067,SETL-setl_00000025,gateway_settlement,2026-04-06,13345183,RAZORPAY PAYMENTS GATEWAY SETTLEMENT setl_00000025 UTR 900000001369
BL-000068,AR-INV-2026-000305,matchable,2026-04-06,31973700,RTGS ICIC0000429 900000022171 SAPTAGIRI ANALYTICS PRIVATE LIMITED INR 319737.00 milestone 
BL-000069,AR-INV-2026-000142,matchable,2026-04-06,37472000,NEFT CR ICIC0000429 900000015135 FROM ORBITEX PAPER MILLS LLP freight charges INR 374720.0
BL-000070,AR-INV-2026-000186,matchable,2026-04-06,66975800,UPI/HDFC0001234/111579720707/INV-2026-000186/orbidai@okhdfcbank/ORBITEX DAIRY FOODS PVT LT
BL-000071,AR-INV-2026-000254,matchable,2026-04-06,70043300,UPI/HDFC0001234/552042247491/merilab@okhdfcbank/MERIDIAN LAB SUP
BL-000072,AR-INV-2026-000102,matchable,2026-04-06,101870700,NEFT CR HDFC0001234 900000013094 FROM PUSHPA METALS AGRI INPUTS PRIVATE LIMITED amc renewa
BL-000073,AR-INV-2026-000174,matchable,2026-04-06,121873700,NEFT CR HDFC0001234 900000016441 FROM ORBITEX PAPER MILLS LTD security deposit INR 1218737
BL-000074,AP-RT-2026-000097,matchable_amount_mismatch,2026-04-07,-59195700,RT-2026-000097 CHQ CLG ANANELE ELE  RT-2026-000097
BL-000075,AP-VB-2026-000114,matchable,2026-04-07,-30575300,NEFT DR KKBK0000812 900000013578 FROM VRUNDAVAN INTERIORS PVT LTD full and final INR 30575
BL-000076,AP-VB-2026-000209,matchable,2026-04-07,-21443700,NEFT DR ICIC0000429 900000018249 FROM VRUNDAVAN INTERIORS PVT LTD advance INR 214437.00 VB
BL-000077,AR-INV-2026-000033,matchable,2026-04-07,24046400,INV-2026-000033 CHQ CLG VEDIKA TEXJILES COMPANY INV-2026-000033
BL-000078,AR-INV-2026-000059,matchable,2026-04-07,27321100,NEFT CR HDFC0001234 900000011351 FROM ASHWINI INTERIORS & CO invoice settlement INR 273211
BL-000079,AR-INV-2026-000251,matchable,2026-04-07,77928600,NEFT CR UTIB0002233 900000019869 FROM ORBITEX PAPER MILLS PVT LTD part payment INR 779286.
BL-000080,AP-RT-2026-000164,matchable,2026-04-08,-48609100,NEFT DR UTIB0002233 900000015985 FROM VRUNDAVAN INTERIORS & CO invoice settlement INR 4860
BL-000081,AP-RT-2026-000070,matchable,2026-04-08,-29971300,RT-2026-000070 NEFT DR HDFC0001234 900000011801 FROM EVERREC RECYCLERS freight charges INR
BL-000082,AP-RT-2026-000030,matchable,2026-04-08,-21501100,RT-2026-000030 NEFT DR SBIN0000921 900000009941 FROM NORTHLINE ROO full and final INR 2150
BL-000083,AP-VB-2026-000140,matchable,2026-04-08,-5784300,NEFT DR UTIB0002233 900000015014 FROM EVERSTONE RECYCLER milestone 2 INR 57843.00
BL-000084,AR-INV-2026-000006,matchable,2026-04-08,8997800,NEFT CR HDFC0001234 900000008972 FROM SURYAVANSH CATERING SERVICES KOC against inv INR 899
BL-000085,SETL-setl_00000027,gateway_settlement,2026-04-08,9073926,RAZORPAY PAYMENTS GATEWAY SETTLEMENT setl_00000027 UTR 900000001423
BL-000086,AR-INV-2026-000025,matchable,2026-04-08,22225800,NEFT CR ICIC0000429 900000009817 FROM ZENITH ONE LOGISTICS EAG advance INR 222258.00
BL-000087,AR-INV-2026-000106,matchable,2026-04-08,32859800,UPI/HDFC0001234/382239400971/INV-2026-000106/nalarec@okaxis/NALANDA RECYCLE
BL-000088,AP-VB-2026-000055,matchable,2026-04-09,-35583500,NEFT DR ICIC0000429 900000011148 FROM TRINETRA AGRI INPUTS COMPANY security deposit INR 35
BL-000089,AP-RT-2026-000191,matchable,2026-04-09,-29870900,RT-2026-000191 RTGS HDFC0001234 900000017413 SUNDARA WATER TREATMENT LTD INR 298709.00 par
BL-000090,AP-VB-2026-000015,matchable,2026-04-09,-24051500,NEFT DR SBIN0000921 900000009410 FROM TRTNETRA AGRI  freight charges INR 240515.00 VB-2026
BL-000091,AP-VB-2026-000173,matchable,2026-04-09,-13569900,VB-2026-000173 CHQ CLG ANANT INFRA ELECTRICALS LTD VB-2026-000173
BL-000092,AP-RT-2026-000319,matchable,2026-04-09,-6334500,RT-2026-000319 NEFT DR ICIC0000429 900000022891 FROM VRUNDAVAN INTERIORS PVT LTD invoice s
BL-000093,SETL-setl_00000028,gateway_settlement,2026-04-09,9947777,RAZORPAY PAYMENTS GATEWAY SETTLEMENT setl_00000028 UTR 900000001482
BL-000094,AR-INV-2026-000176,matchable,2026-04-09,35468000,NEFT CR ICIC0000429 900000016552 FROM PUSHPA METALS AGRI INPUTS KOC invoice settlement INR
BL-000095,AR-INV-2026-000061,matchable,2026-04-09,40364800,NEFT CR UTIB0002233 900000011481 FROM SURYAVANSH CATERING SERVICWS COMPANY advance INR 403
BL-000096,AP-RT-2026-000276,matchable,2026-04-10,-77982000,RT-2026-000276 NEFT DR ICIC0000429 900000020971 FROM LOHIYA LOGISTICS PRIVATE LIMITED secu
BL-000097,AP-RT-2026-000131,matchable,2026-04-10,-27850400,NEFT DR KKBK0000812 900000014510 FROM EVERSTONE RECYCLE invoice settlement INR 278504.00 R
BL-000098,SETL-setl_00000029,gateway_settlement,2026-04-10,7925428,RAZORPAY PAYMENTS GATEWAY SETTLEMENT setl_00000029 UTR 900000001515
BL-000099,AR-INV-2026-000248,matchable_amount_mismatch,2026-04-10,41905800,INV-2026-000248 RTGS KKBK0000812 900000019755 SAPTAGIRI ANALYTICS LTD INR 419058.00 invoic
BL-000100,AR-INV-2026-000256,matchable,2026-04-10,45248200,UPI/HDFC0001234/737430961166/merilab@ybl/MERIDIAN LEB S/INV-2026-000256
BL-000101,AR-INV-2026-000253,matchable,2026-04-10,73039900,UPI/HDFC0001234/997462482231/orbidai@okhdfcbank/ORBITEX DAIRY FOODS P
BL-000102,AR-INV-2026-000290,matchable,2026-04-10,81594800,UPI/HDFC0001234/766748144146/INV-2026-000290/merilab@paytm/MERIDIAN LAB SUPPLIES LLP
BL-000103,AP-VB-2026-000162,matchable,2026-04-11,-45680000,VB-2026-000162 CHQ CLG ANANT INFRA ELECTRICALS PRIVATE LIMITED VB-2026-000162
BL-000104,AP-VB-2026-000416,matchable,2026-04-11,-45497600,CHQ CLG ANANELE ELE  
BL-000105,SETL-setl_00000030,gateway_settlement,2026-04-11,13094066,RAZORPAY PAYMENTS GATEWAY SETTLEMENT setl_00000030 UTR 900000001584
BL-000106,AR-INV-2026-000274,matchable,2026-04-11,32050600,NEFT CR KKBK0000812 900000020814 FROM PUSHPA METALS AGRI  freight charges INR 320506.00
BL-000107,AR-INV-2026-000324,matchable_amount_mismatch,2026-04-11,83565500,NEFT CR SBIN0000921 900000023042 FROM ORBITEX PAPER MILLS PVT LTD advance INR 835655.00
BL-000108,SETL-setl_00000032,gateway_settlement,2026-04-13,1835392,RAZORPAY PAYMENTS GATEWAY SETTLEMENT setl_00000032 UTR 900000001646
BL-000109,SETL-setl_00000031,gateway_settlement,2026-04-13,9799559,RAZORPAY PAYMENTS GATEWAY SETTLEMENT setl_00000031 UTR 900000001621
BL-000110,AR-INV-2026-000219,matchable,2026-04-13,35733800,INV-2026-000219 NEFT CR KKBK0000812 900000018490 FROM ASHWINI INTERIORS & CO invoice settl
BL-000111,AR-INV-2026-000368,matchable,2026-04-13,44579100,INV-2026-000368 NEFT CR HDFC0001234 900000025063 FROM ORBITEX PAPER  invoice settlement IN
BL-000112,AR-INV-2026-000188,matchable,2026-04-13,63566200,NEFT CR ICIC0000429 900000017297 FROM GOLDCRESTNSTEEL TRADERS COMPANY against inv INR 6356
BL-000113,AR-INV-2026-000286,matchable,2026-04-13,78831300,UPI/HDFC0001234/631232368183/orbidai@paytm/ORBITEX DAIRY FOODS & CO
BL-000114,AR-INV-2026-000166,matchable,2026-04-13,100259800,UPI/HDFC0001234/637804967389/merilab@okaxis/MERIDIAN LAB SUPPLIES LLP
BL-000115,AP-RT-2026-000353,matchable,2026-04-14,-17633800,CHQ CLG ANANT INFRA ELECTRICA 
BL-000116,SETL-setl_00000033,gateway_settlement,2026-04-14,2523849,RAZORPAY PAYMENTS GATEWAY SETTLEMENT setl_00000033 UTR 900000001689
BL-000117,AR-INV-2026-000230,matchable,2026-04-14,29327600,INV-2026-000230 NEFT CR SBIN0000921 900000018952 FROM GOLDCREST STEEL TRADERS COMPANY amc 
BL-000118,AP-VB-2026-000433,matchable,2026-04-15,-103756300,VB-2026-000433 NEFT DR KKBK0000812 900000027921 FROM VRUNDAVAN IN invoice settlement INR 1
BL-000119,AP-RT-2026-000301,matchable,2026-04-15,-98001500,CHQ CLG ANANT INFRA 
BL-000120,AP-VB-2026-000057,matchable,2026-04-15,-71422300,NEFT DR KKBK0000812 900000011272 FROM NORTHLINE ROOF full and final INR 714223.00
BL-000121,SETL-setl_00000034,gateway_settlement,2026-04-15,11217118,RAZORPAY PAYMENTS GATEWAY SETTLEMENT setl_00000034 UTR 900000001754
BL-000122,AR-INV-2026-000246,matchable,2026-04-15,12381600,INV-2026-000246 CHQ CLG VEDIKA TEXTI INV-2026-000246
BL-000123,AR-INV-2026-000022,matchable,2026-04-15,20332700,NEFT CR ICIC0000429 900000009639 FROM SURYAVANSH CATERING SERVICES COMPANY against inv INR
BL-000124,AR-INV-2026-000304,matchable,2026-04-15,38828600,UPI/HDFC0001234/377576455166/orbidai@okaxis/ORBITEX DAIRY FOODS PVT LTD
BL-000125,AP-VB-2026-000317,matchable,2026-04-16,-42681900,RTGS KKBK0000812 900000022766 SUNDARA WATER TREATMENT LTD INR 426819.00 freight charges
BL-000126,AP-VB-2026-000052,matchable,2026-04-16,-35192000,NEFT DR KKBK0000812 900000010983 FROM NORTHLINE ROOFING PRODUC against inv INR 351920.00
BL-000127,AP-VB-2026-000056,matchable,2026-04-16,-28675500,VB-2026-000056 NEFT DR HDFC0001234 900000011240 FROM TRINETRA AGRI INPUTS COMPANY against 
BL-000128,SETL-setl_00000035,gateway_settlement,2026-04-16,10084338,RAZORPAY PAYMENTS GATEWAY SETTLEMENT setl_00000035 UTR 900000001804
BL-000129,AR-INV-2026-000396,matchable,2026-04-16,30937900,UPI/HDFC0001234/152883750881/INV-2026-000396/merilab@okaxis/MERIDIAN LAB SUP
BL-000130,AR-INV-2026-000089,matchable,2026-04-16,54543000,NEFT CR SBIN0000921 900000012517 FROM SAHYADRI POLYMERS PVT LTD advance INR 545430.00
BL-000131,AR-INV-2026-000335,matchable,2026-04-16,59176600,UPI/HDFC0001234/870026685794/orbidai@okhdfcbank/ORBITEX DAIRY FOOD/INV-2026-000335
BL-000132,AP-RT-2026-000299,matchable,2026-04-17,-52639900,NEFT DR SBIN0000921 900000021871 FROM LOHIYA LOG  advance INR 526399.00
BL-000133,AP-RT-2026-000196,matchable,2026-04-17,-42204400,RT-2026-000196 RTGS HDFC0001234 900000017763 VAISHNAVI PIPING SOLUTIONS LTD INR 422044.00 
BL-000134,AP-RT-2026-000068,matchable_amount_mismatch,2026-04-17,-41841300,UPI/HDFC0001234/267551933154/RT-2026-000068/pragcon@okhdfcbank/PRAGATI CONVEYANCES 
BL-000135,AP-RT-2026-000318,matchable,2026-04-17,-36848100,RTGS SBIN0000921 900000022854 SUNDARA WATER TREA INR 368481.00 invoice settlement RT-2026-
BL-000136,AP-VB-2026-000080,matchable,2026-04-17,-18276500,VB-2026-000080 NEFT DR ICIC0000429 900000012134 FROM MERIDIAN P advance INR 182765.00
BL-000137,AP-VB-2026-000077,matchable,2026-04-17,-6318800,UPI/HDFC0001234/808064767601/VB-2026-000077/merihar@paytm/MERIDIAN HARDWARE LTD
BL-000138,SETL-setl_00000036,gateway_settlement,2026-04-17,11084595,RAZORPAY PAYMENTS GATEWAY SETTLEMENT setl_00000036 UTR 900000001873
BL-000139,AR-INV-2026-000337,matchable_amount_mismatch,2026-04-17,59964900,NEFT CR SBIN0000921 900000023536 FROM PUSHPA METALS AGRI INPUTS LTD part payment INR 59964
BL-000140,AR-INV-2026-000008,matchable,2026-04-17,67482400,UPI/HDFC0001234/347096472310/INV-2026-000008/ashwcol@okaxis/ASHWINI COLD CHAI
BL-000141,AR-INV-2026-000310,matchable_amount_mismatch,2026-04-17,86733900,NEFT CR HDFC0001234 900000022445 FROM GOLDCREST S  against inv INR 867339.00
BL-000142,AR-INV-2026-000149;AR-INV-2026-000288;AR-INV-2026-000303,matchable_lumpsum,2026-04-17,284314300,"UPI/HDFC0001234/353278421893/INV-2026-000149,INV-2026-000288,INV-2026-000303/nalarec@paytm"
BL-000143,AP-VB-2026-000019,matchable,2026-04-18,-78874600,NEFT DR SBIN0000921 900000009572 FROM MERIDIAN PO amc renewal INR 788746.00 VB-2026-000019
BL-000144,AP-VB-2026-000169,matchable,2026-04-18,-56055200,RTGS SBIN0000921 900000016213 VAISHNLVI PIPING SOLUTIONS LTD INR 560552.00 freight charges
BL-000145,AP-RT-2026-000158,matchable,2026-04-18,-41172800,NEFT DR UTIB0002233 900000015785 FROM TRINETRA AGRI INPUTS PV milestone 2 INR 411728.00
BL-000146,AP-VB-2026-000194,matchable,2026-04-18,-38488500,NEFT DR KKBK0000812 900000017595 FROM EVERSTONE RECYCLERS & CO milestone 2 INR 384885.00
BL-000147,SETL-setl_00000037,gateway_settlement,2026-04-18,8788696,RAZORPAY PAYMENTS GATEWAY SETTLEMENT setl_00000037 UTR 900000001939
BL-000148,AR-INV-2026-000218,matchable,2026-04-18,10329800,UPI/HDFC0001234/215096033793/INV-2026-000218/anancon@okaxis/ANANT INFRA CONVEYANCES PVT LT
BL-000149,AR-INV-2026-000183,matchable,2026-04-18,13128100,CHQ CLG VEDIKA TEXTILES COMPANY 
BL-000150,AR-INV-2026-000461,matchable,2026-04-18,25732100,INV-2026-000461 NEFT CR HDFC0001234 900000029379 FROM GOLDCREST WAREHOUSING COMPANY invoic
BL-000151,AR-INV-2026-000313,matchable,2026-04-18,42399000,NEFT CR KKBK0000812 900000022567 FROM GOLDCREST WAREHOUSING PRIVATE  freight charges INR 4
BL-000152,AR-INV-2026-000216,matchable,2026-04-18,52388900,INV-2026-000216 CHQ CLG VEDIKA TEXTILES  INV-2026-000216
BL-000153,AR-INV-2026-000204,matchable,2026-04-18,56994300,UPI/HDFC0001234/844359046162/merilab@okhdfcbank/MERIDIAN LAB SUPPLIES LLP
BL-000154,AP-VB-2026-000095,matchable,2026-04-20,-72723900,NEFT DR UTIB0002233 900000012770 FROM TRINETRA AGRI INPUTS COMPANY advance INR 727239.00
BL-000155,AP-RT-2026-000320,matchable,2026-04-20,-52552500,NEFT DR UTIB0002233 900000022960 FROM VRUNDAVAN INTERIORS PVT LTD material supply INR 5255
BL-000156,AP-RT-2026-000014,matchable,2026-04-20,-51245700,UPI/HDFC0001234/296800153737/RT-2026-000014/eversta@okaxis/EVERSTONE STAFFING LLP
BL-000157,AP-VB-2026-000075,matchable,2026-04-20,-41495700,NEFT DR SBIN0000921 900000011964 FROM VRUNDAVAN INTERIORS PVT LTD part payment INR 414957.
BL-000158,AP-RT-2026-000133,matchable,2026-04-20,-26196900,NEFT DR KKBK0000812 900000014591 FROM MERIDIAN POLYMERS NAG invoice settlement INR 261969.
BL-000159,AP-VB-2026-000221,matchable,2026-04-20,-15795400,NEFT DR UTIB0002233 900000018564 FROM EVERSTONE RECYCLERS & CO part payment INR 157954.00 
BL-000160,AP-RT-2026-000153,matchable,2026-04-20,-12621900,NEFT DR SBIN0000921 900000015581 FROM MERIDIAN POLYMERS PVT LTD milestone 2 INR 126219.00
BL-000161,AP-RT-2026-000333,matchable,2026-04-20,-10383200,RTGS UTIB0002233 900000023259 SUNDARA WATER TREATMENT JAI INR 103832.00 material supply
BL-000162,SETL-setl_00000039,gateway_settlement,2026-04-20,4123357,RAZORPAY PAYMENTS GATEWAY SETTLEMENT setl_00000039 UTR 900000001968
BL-000163,AR-INV-2026-000122,matchable,2026-04-20,5396600,NEFT CR UTIB0002233 900000014002 FROM SURYAVANSH PRINT SOLUTIONS & CO invoice settlement I
BL-000164,AR-INV-2026-000478,matchable,2026-04-20,5632500,NEFT CR UTIB0002233 900000030088 FROM GOLDCREST WAR against inv INR 56325.00 INV-2026-0004
BL-000165,SETL-setl_00000038,gateway_settlement,2026-04-20,11728568,RAZORPAY PAYMENTS GATEWAY SETTLEMENT setl_00000038 UTR 900000001950
BL-000166,AR-INV-2026-000206,matchable,2026-04-20,23423600,INV-2026-000206 CHQ CLG VEDIKA TEXTILES COMPANY INV-2026-000206
BL-000167,AR-INV-2026-000107,matchable,2026-04-20,30323400,NEFT CR UTIB0002233 900000013344 FROM VEDIKA FAC security deposit INR 303234.00
BL-000168,AR-INV-2026-000046,matchable,2026-04-20,40072500,NEFT CR UTIB0002233 900000010762 FROM VEDIKA FACILITY MANAGEMENT & CO material supply INR 
BL-000169,AR-INV-2026-000395,matchable,2026-04-20,40349200,RTGS KKBK0000812 900000026165 SAPTAGIRI ANALYTICS LLP INR 403492.00 full and final INV-202
BL-000170,AR-INV-2026-000148,matchable,2026-04-20,96633200,INV-2026-000148 NEFT CR UTIB0002233 900000015453 FROM SAHYADRI POLYMERS PV invoice settlem
BL-000171,AP-VB-2026-000195,matchable,2026-04-21,-40947900,RTGS SBIN0000921 900000017671 VAISHNAVI PIPING SOLUTIONS LTD INR 409479.00 advance VB-2026
BL-000172,AP-VB-2026-000017,matchable,2026-04-21,-21817600,UPI/HDFC0001234/963797983963/bluecol@okhdfcbank/BLUEPEAK COLD
BL-000173,AP-RT-2026-000120,matchable,2026-04-21,-12205800,NEFT DR SBIN0000921 900000013888 FROM MERIDIAN POLYMERS LTD amc renewal INR 122058.00 RT-2
BL-000174,AP-VB-2026-000267,matchable,2026-04-21,-5725400,NEFT DR ICIC0000429 900000020486 FROM VRUNDAVAN INTERIORS PVT LTD against inv INR 57254.00
BL-000175,SETL-setl_00000040,gateway_settlement,2026-04-21,4550536,RAZORPAY PAYMENTS GATEWAY SETTLEMENT setl_00000040 UTR 900000002005
BL-000176,AR-INV-2026-000051,matchable,2026-04-21,21153600,NEFT CR UTIB0002233 900000010938 FROM ZENITH ONE LOGISTICS NAG amc renewal INR 211536.00 I
BL-000177,AR-INV-2026-000047,matchable,2026-04-21,21905000,INV-2026-000047 NEFT CR UTIB0002233 900000010818 FROM COPPERLEAFPELEC advance INR 219050.0
BL-000178,AR-INV-2026-000091,matchable,2026-04-21,47112800,NEFT CR SBIN0000921 900000012668 FROM ASHWINI CABLE SYSTEMS LLP amc renewal INR 471128.00 
BL-000179,AR-INV-2026-000323;AR-INV-2026-000378;AR-INV-2026-000392,matchable_lumpsum,2026-04-21,216000000,UPI/HDFC0001234/654645740227/nalarec@ybl/NALANDA RECYCLE
BL-000180,AP-VB-2026-000376,matchable,2026-04-22,-56129600,VB-2026-000376 NEFT DR SBIN0000921 900000025478 FROM LOHIYA LOGISTICS LTD freight charges 
BL-000181,AP-VB-2026-000356,matchable,2026-04-22,-14983700,VB-2026-000356 RTGS SBIN0000921 900000024388 SUNDARA WATER T INR 149837.00 material supply
BL-000182,SETL-setl_00000041,gateway_settlement,2026-04-22,13475475,RAZORPAY PAYMENTS GATEWAY SETTLEMENT setl_00000041 UTR 900000002091
BL-000183,AR-INV-2026-000125,matchable,2026-04-22,33294500,NEFT CR HDFC0001234 900000014201 FROM SURYAVANSH  amc renewal INR 332945.00
BL-000184,AR-INV-2026-000021,matchable,2026-04-22,68024600,NEFT CR KKBK0000812 900000009623 FROM VEDIKA FACILITY MANAGEMENT advance INR 680246.00
BL-000185,AR-INV-2026-000182,matchable,2026-04-22,114559200,NEFT CR ICIC0000429 900000016948 FROM SAHYADRI POL material supply INR 1145592.00
BL-000186,AP-RT-2026-000375,matchable,2026-04-23,-23958800,CHQ CLG ANANT INFRA ELECTRICALS LTD RT-2026-000375
BL-000187,AP-VB-2026-000136,matchable,2026-04-23,-21177800,UPI/HDFC0001234/857184195588/eversta@paytm/EVERSTONE STA /VB-2026-000136
BL-000188,AP-RT-2026-000207,matchable,2026-04-23,-13209900,NEFT DR KKBK0000812 900000018159 FROM MERIDIAN POLYMERS LTD material supply INR 132099.00
BL-000189,AP-VB-2026-000141,matchable,2026-04-23,-6408000,UPI/HDFC0001234/164723288857/merihar@okhdfcbank/MERIDIAN HARDWARE PRIVATE LIMITED
BL-000190,SETL-setl_00000042,gateway_settlement,2026-04-23,9329841,RAZORPAY PAYMENTS GATEWAY SETTLEMENT setl_00000042 UTR 900000002145
BL-000191,AR-INV-2026-000203,matchable_amount_mismatch,2026-04-23,25801300,NEFT CR SBIN0000921 900000018055 FROM ASHWINI CABLE SYSTEMS LLP material supply INR 258013
BL-000192,AR-INV-2026-000072,matchable,2026-04-23,89771800,NEFT CR SBIN0000921 900000011866 FROM VEDIKA FACILITY GANAGEMENT COMPANY against inv INR 8
BL-000193,AP-VB-2026-000155,matchable,2026-04-24,-138168900,VB-2026-000155 NEFT DR HDFC0001234 900000015610 FROM MERIDIAN POLYM part payment INR 13816
BL-000194,AP-RT-2026-000096,matchable_amount_mismatch,2026-04-24,-69835100,RT-2026-000096 NEFT DR KKBK0000812 900000012780 FROM NORTHLINE ROOFING PRODUCTS PVT LTD pa
BL-000195,AP-RT-2026-000237,matchable,2026-04-24,-54666200,RT-2026-000237 NEFT DR ICIC0000429 900000019244 FROM TRINETRA AGRI INPUTS FAR full and fin
BL-000196,AP-RT-2026-000168,matchable,2026-04-24,-39205500,UPI/HDFC0001234/602749553566/merihar@paytm/MERIDIAN HARDWARE LLP
BL-000197,AP-VB-2026-000139,matchable,2026-04-24,-27933700,UPI/HDFC0001234/509827399437/merihar@okhdfcbank/MERIDIAN HARDWARE NOI
BL-000198,,expected_unmatched_duplicate,2026-04-24,-27933700,UPI/HDFC0001234/509827399437/merihar@okhdfcbank/MERIDIAN HARDWARE NOI
BL-000199,AP-VB-2026-000190,matchable,2026-04-24,-26514600,VB-2026-000190 NEFT DR KKBK0000812 900000017377 FROM TRINETRA AGRI INPUTS COMPANY against 
BL-000200,AP-VB-2026-000419,matchable,2026-04-24,-23254000,RTGS ICIC0000429 900000027216 SUNDARA WATER TREATME INR 232540.00 full and final
BL-000201,AP-RT-2026-000160,matchable,2026-04-24,-15429300,UPI/HDFC0001234/197095285601/RT-2026-000160/merihar@ybl/MERIHAR HARDWARE
BL-000202,AP-VB-2026-000315,matchable,2026-04-24,-9247100,VB-2026-000315 NEFT DR KKBK0000812 900000022607 FROM EVERSTONE RECYCLERS & CO milestone 2 
BL-000203,SETL-setl_00000043,gateway_settlement,2026-04-24,11952412,RAZORPAY PAYMENTS GATEWAY SETTLEMENT setl_00000043 UTR 900000002187
BL-000204,AR-INV-2026-000045,matchable,2026-04-24,38662200,NEFT CR KKBK0000812 900000010683 FROM COPPERLEAF ELECTRICALS PVT LTD invoice settlement IN
BL-000205,AR-INV-2026-000063,matchable,2026-04-24,54806100,INV-2026-000063 NEFT CR SBIN0000921 900000011618 FROM SURYAVANSH CATERING SERVICES COMPANY
BL-000206,AR-INV-2026-000127,matchable,2026-04-24,55875600,NEFT CR SBIN0000921 900000014384 FROM COPPERLEAF ELECTRICALS KOC full and final INR 558756
BL-000207,AR-INV-2026-000423,matchable_amount_mismatch,2026-04-24,82986100,NEFT CR UTIB0002233 900000027311 FROM PUSHPA METALS AGRI INPUTS PVT LTD full and final INR
BL-000208,,expected_unmatched_duplicate,2026-04-24,82986100,NEFT CR UTIB0002233 900000027311 FROM PUSHPA METALS AGRI INPUTS PVT LTD full and final INR
BL-000209,AR-INV-2026-000060,matchable,2026-04-24,149829500,NEFT CR ICIC0000429 900000011414 FROM ZENITH ONE L part payment INR 1498295.00 INV-2026-00
BL-000210,AP-RT-2026-000156,matchable,2026-04-25,-32131500,RT-2026-000156 NEFT DR SBIN0000921 900000015700 FROM VRUNDAVAN INTERIORS PVT LTD invoice s
BL-000211,AP-VB-2026-000469,matchable,2026-04-25,-29724600,VB-2026-000469 NEFT DR HDFC0001234 900000029619 FROM LOHIYA LOGISTICS & CO freight charges
BL-000212,AP-VB-2026-000189,matchable,2026-04-25,-21701000,UPI/HDFC0001234/669705250996/pragcon@ybl/PRAGATI CONV
BL-000213,SETL-setl_00000044,gateway_settlement,2026-04-25,8924633,RAZORPAY PAYMENTS GATEWAY SETTLEMENT setl_00000044 UTR 900000002282
BL-000214,AR-INV-2026-000050,matchable,2026-04-25,16746500,NEFT CR UTIB0002233 900000010861 FROM ZENITH ONE LOGISTICS & CO part payment INR 167465.00
BL-000215,AR-INV-2026-000087,matchable,2026-04-25,37232200,NEFT CR SBIN0000921 900000012439 FROM COPPERLEAF ELEC amc renewal INR 372322.00 INV-2026-0
BL-000216,AP-RT-2026-000265,matchable,2026-04-27,-56121900,RTGS UTIB0002233 900000020400 VAISHNAVI PIPING SOLUTIONS PUN INR 561219.00 milestone 2
BL-000217,AP-RT-2026-000115,matchable,2026-04-27,-42578300,UPI/HDFC0001234/664544655770/pragcon@ybl/PRAGATI CONVEYANC /RT-2026-000115
BL-000218,AP-VB-2026-000240,matchable,2026-04-27,-32803400,RTGS UTIB0002233 900000019347 VAISPIP SOLU  INR 328034.00 security deposit VB-2026-000240
BL-000219,AP-VB-2026-000361,matchable,2026-04-27,-25365700,NEFT DR ICIC0000429 900000024668 FROM LOHIYA LOGISTIC invoice settlement INR 253657.00
BL-000220,AP-RT-2026-000172,matchable,2026-04-27,-25283400,UPI/HDFC0001234/469770221290/RT-2026-000172/bluecol@ybl/BLUEPEAK CO 
BL-000221,AP-RT-2026-000192,matchable,2026-04-27,-15933200,UPI/HDFC0001234/299319111047/merihar@okaxis/MERIDIAB HARDWA/RT-2026-000192
BL-000222,AP-VB-2026-000082,matchable,2026-04-27,-11861300,UPI/HDFC0001234/127174123691/VB-2026-000082/pragcon@okaxis/PRAGATI CONVEYANCES PVT LTD
BL-000223,AP-RT-2026-000198,matchable,2026-04-27,-10417800,UPI/HDFC0001234/497510149745/pragcon@okaxis/PRAGATI CONVEYANCES PVT LTD
BL-000224,SETL-setl_00000046,gateway_settlement,2026-04-27,3823300,RAZORPAY PAYMENTS GATEWAY SETTLEMENT setl_00000046 UTR 900000002387
BL-000225,SETL-setl_00000045,gateway_settlement,2026-04-27,10063798,RAZORPAY PAYMENTS GATEWAY SETTLEMENT setl_00000045 UTR 900000002348
BL-000226,AR-INV-2026-000505,matchable,2026-04-27,16806200,INV-2026-000505 RTGS SBIN0000921 900000031373 SAPTAGIRI ANALYTICS LTD INR 168062.00 securi
BL-000227,AR-INV-2026-000177,matchable,2026-04-27,35373200,NEFT CR KKBK0000812 900000016634 FROM COPPERLEAF ELE  full and final INR 353732.00
BL-000228,AR-INV-2026-000103,matchable,2026-04-27,41087200,NEFT CR ICIC0000429 900000013142 FROM ASHWINI CABLE SYSTEMS PUN milestone 2 INR 410872.00
BL-000229,AR-INV-2026-000181,matchable,2026-04-27,53325300,UPI/HDFC0001234/831906257203/ashwcol@paytm/ASHWINI COLD CHAIN LTD
BL-000230,AR-INV-2026-000146,matchable,2026-04-27,56750300,NEFT CR UTIB0002233 900000015350 FROM TRIVIDATA ROOFING PRODUCT against inv INR 567503.00 
BL-000231,AR-INV-2026-000427,matchable_amount_mismatch,2026-04-27,84610200,NEFT CR KKBK0000812 900000027614 FROM PUSHPA METALS AGRI INPUTS KOC full and final INR 846
BL-000232,AR-INV-2026-000504,matchable,2026-04-27,95167400,NEFT CR KKBK0000812 900000031311 FROM ORBITEX PAPER MILLS NOI milestone 2 INR 951674.00 IN
BL-000233,AR-INV-2026-000226,matchable,2026-04-27,103403800,NEFT CR UTIB0002233 900000018834 FROM SAHYADRI POLYMERS PVT LTD freight charges INR 103403
BL-000234,AR-INV-2026-000338,matchable,2026-04-27,148446400,NEFT CR SBIN0000921 900000023553 FROM ASHWINI IQTERIORS & CO advance INR 1484464.00 INV-20
BL-000235,AR-INV-2026-000407,matchable,2026-04-27,228641500,UPI/HDFC0001234/884553102099/INV-2026-000407/merilab@ybl/MERIDIAN LAB SUPPLIES & CO
BL-000236,AP-VB-2026-000429,matchable,2026-04-28,-162161900,NEFT DR SBIN0000921 900000027730 FROM VRUNDAVAN I against inv INR 1621619.00 VB-2026-00042
BL-000237,AP-VB-2026-000064,matchable,2026-04-28,-130676400,VB-2026-000064 NEFT DR KKBK0000812 900000011642 FROM PRAGATI FAB SERVICES LTD freight char
BL-000238,AP-VB-2026-000432,matchable,2026-04-28,-46563400,VB-2026-000432 NEFT DR HDFC0001234 900000027885 FROM VRUNDAVAN INTE invoice settlement INR
BL-000239,AP-VB-2026-000200,matchable,2026-04-28,-9064000,NEFT DR HDFC0001234 900000017960 FROM KARMAN PRINT SILUTIONS LTD against inv INR 90640.00 
BL-000240,SETL-setl_00000047,gateway_settlement,2026-04-28,1577398,RAZORPAY PAYMENTS GATEWAY SETTLEMENT setl_00000047 UTR 900000002446
BL-000241,AR-INV-2026-000187,matchable,2026-04-28,21850400,NEFT CR UTIB0002233 900000017232 FROM SURYAVANSH PRINT S advance INR 218504.00
BL-000242,AR-INV-2026-000062,matchable,2026-04-28,27070500,NEFT CR HDFC0001234 900000011576 FROM SAHYADRI POLYMERS PV invoice settlement INR 270705.0
BL-000243,AR-INV-2026-000493,matchable,2026-04-28,29074200,UPI/HDFC0001234/744433258682/INV-2026-000493/merilab@ybl/MERIDIAN LAB SUPPLIES &ECO
BL-000244,AR-INV-2026-000129,matchable,2026-04-28,42889400,NEFT CR ICIC0000429 900000014410 FROM SURYAVANSH P amc renewal INR 428894.00
BL-000245,AR-INV-2026-000215,matchable,2026-04-28,46744300,NEFT CR HDFC0001234 900000018394 FROM VEDIKA FACILITY MANAGEMENT & CO milestone 2 INR 4674
BL-000246,AP-VB-2026-000066,matchable,2026-04-29,-70660000,UPI/HDFC0001234/856720092544/eversta@paytm/EVERSTONE STAFFING & CO
BL-000247,AP-RT-2026-000457,matchable,2026-04-29,-39748000,NEFT DR SBIN0000921 900000029227 FROM LOHIYA LOGISTICS LTD invoice settlement INR 397480.0
BL-000248,AR-INV-2026-000147,matchable,2026-04-29,5679300,UPI/HDFC0001234/372334072438/INV-2026-000147/anancon@paytm/ANANT INFRA CONVEYA
BL-000249,SETL-setl_00000048,gateway_settlement,2026-04-29,13004119,RAZORPAY PAYMENTS GATEWAY SETTLEMENT setl_00000048 UTR 900000002521
BL-000250,AR-INV-2026-000157,matchable,2026-04-29,57974600,NEFT CR KKBK0000812 900000015768 FROM COPPERLEAF ELECTRICALS PVT LTD part payment INR 5797
BL-000251,AR-INV-2026-000496,matchable,2026-04-29,102160800,UPI/HDFC0001234/935647772857/INV-2026-000496/merilab@paytm/MERIDIAN LAB SUPPLIES LLP
BL-000252,AR-INV-2026-000165,matchable,2026-04-29,170840600,RTGS UTIB0002233 900000015999 SHREE BALAJI HARDWARE PRIVATE LIMITED INR 1708406.00 freight
BL-000253,AP-RT-2026-000197,matchable,2026-04-30,-43273400,UPI/HDFC0001234/806876071711/pragcon@okhdfcbank/PRAGATI CONVEYANCVS & CO/RT-2026-000197
BL-000254,AP-RT-2026-000067,matchable,2026-04-30,-40109400,UPI/HDFC0001234/492889224455/eversta@ybl/EVERSTONE SIAFFING & CO/RT-2026-000067
BL-000255,AP-RT-2026-000065,matchable,2026-04-30,-29565100,UPI/HDFC0001234/435269901851/bluecol@paytm/BLUEPEAK COLD CHAIN PVT LTD
BL-000256,SETL-setl_00000049,gateway_settlement,2026-04-30,5251022,RAZORPAY PAYMENTS GATEWAY SETTLEMENT setl_00000049 UTR 900000002607
BL-000257,AR-INV-2026-000285,matchable,2026-04-30,33640200,NEFT CR UTIB0002233 900000021367 FROM SURYAVANSHYPRINT security deposit INR 336402.00
BL-000258,AR-INV-2026-000497,matchable,2026-04-30,36519800,NEFT CR KKBK0000812 900000030955 FROM GOLDCREST STEEL TRAD amc renewal INR 365198.00 INV-2
BL-000259,AR-INV-2026-000629,matchable,2026-04-30,85436400,UPI/HDFC0001234/417702576662/orbidai@paytm/ORBVDAI FOODS 
BL-000260,AP-SALARY-202605-0,matchable,2026-05-01,-345000000,NEFT DR HDFC0001234 900000079525 FROM ACME INDUSTRIES PAYROLL LLP full and final INR 34500
BL-000261,AP-RT-2026-000334,matchable,2026-05-01,-81531500,NEFT DR SBIN0000921 900000023347 FROM TRINETRA AGRI INPVTS FAR milestone 2 INR 815315.00
BL-000262,AP-VB-2026-000013,matchable,2026-05-01,-63555200,VB-2026-000013 NEFT DR KKBK0000812 900000009337 FROM ZENITH ONE TEXTILES NAG amc renewal I
BL-000263,,expected_unmatched_duplicate,2026-05-01,-63555200,VB-2026-000013 NEFT DR KKBK0000812 900000009337 FROM ZENITH ONE TEXTILES NAG amc renewal I
BL-000264,AP-RT-2026-000414,matchable,2026-05-01,-32701900,NEFT DR KKBK0000812 900000026977 FROM EVERSTONE RECYCLERS & CO milestone 2 INR 327019.00 R
BL-000265,AP-VB-2026-000053,matchable,2026-05-01,-26736700,UPI/HDFC0001234/482891356011/VB-2026-000053/ashwmac@paytm/ASHWINI MACHINE PARTS LTD
BL-000266,AP-RT-2026-000352,matchable,2026-05-01,-7879100,RT-2026-000352 NEFT DR HDFC0001234 900000024163 FROM MERIDIAN P  material supply INR 78791
BL-000267,AR-INV-2026-000258,matchable,2026-05-01,9518300,NEFT CR ICIC0000429 900000020197 FROM SURYAVANSH PRINT SOLUTIONS & CO material supply INR 
BL-000268,SETL-setl_00000050,gateway_settlement,2026-05-01,11936786,RAZORPAY PAYMENTS GATEWAY SETTLEMENT setl_00000050 UTR 900000002650
BL-000269,AR-INV-2026-000559,matchable,2026-05-01,62592000,RTGS UTIB0002233 900000033725 SAPTAGIRI ANALYTICS PVT LTD INR 625920.00 invoice settlement
BL-000270,AR-INV-2026-000086,matchable,2026-05-01,72064300,INV-2026-000086 NEFT CR UTIB0002233 900000012398 FROM SURYAVANSH CATERING SERVICES COMPANY
BL-000271,AR-INV-2026-000073,matchable,2026-05-01,188428400,NEFT CR HDFC0001234 900000011885 FROM ANANT INFRA STAFFING PRIVATE LIMITED against inv INR
BL-000272,AP-VB-2026-000266,matchable_amount_mismatch,2026-05-02,-87368800,VB-2026-000266 NEFT DR SBIN0000921 900000020419 FROM MERIDIAN POLYMERS LTD freight charges
BL-000273,AP-RT-2026-000373,matchable,2026-05-02,-35599300,NEFT DR KKBK0000812 900000025303 FROM TRINETRA AGRI security deposit INR 355993.00 RT-2026
BL-000274,AP-VB-2026-000152,matchable,2026-05-02,-24356600,UPI/HDFC0001234/690994299509/bluecol@paytm/BLUEPEAK COLD CHAIN BVT LTD
BL-000275,AP-RT-2026-000438,matchable,2026-05-02,-14550700,NEFT DR HDFC0001234 900000028232 FROM VRUNDAVAN INTERIORS PVT LTD full and final INR 14550
BL-000276,SETL-setl_00000051,gateway_settlement,2026-05-02,8349944,RAZORPAY PAYMENTS GATEWAY SETTLEMENT setl_00000051 UTR 900000002733
BL-000277,AR-INV-2026-000446,matchable,2026-05-02,60958400,UPI/HDFC0001234/226020056318/orbidai@paytm/ORBITEX DAIRY FOODS PVT LTD
BL-000278,AR-INV-2026-000329,matchable,2026-05-02,111907600,INV-2026-000329 NEFT CR HDFC0001234 900000023132 FROM TRIVIDATA ROOFING PRODUCTS PVT LTD f
BL-000279,AP-EMI-202605-0,matchable,2026-05-04,-125000000,NEFT DR SBIN0000921 900000079659 FROM STATE BANK EQUIP LOAN milestone 2 INR 1250000.00
BL-000280,AP-VB-2026-000440,matchable,2026-05-04,-71580500,NEFT DR SBIN0000921 900000028305 FROM EVERSTONE RECYCLERS & CO against inv INR 715805.00
BL-000281,AP-RT-2026-000137,matchable,2026-05-04,-56576100,NEFT DR SBIN0000921 900000014849 FROM KARMAN PRI freight charges INR 565761.00
BL-000282,AP-VB-2026-000277,matchable,2026-05-04,-42189100,VB-2026-000277 NEFT DR UTIB0002233 900000021017 FROM TRINETRA AGRI INPUTS COMPANY mileston
BL-000283,AP-RT-2026-000401,matchable,2026-05-04,-37715700,NEFT DR SBIN0000921 900000026348 FROM VRUNDAVAN INTERIORS NOI against inv INR 377157.00
BL-000284,AP-RT-2026-000271,matchable,2026-05-04,-21291800,RT-2026-000271 NEFT DR SBIN0000921 900000020608 FROM NORTHLINE ROOFING PRODUCTS PVT LTD fr
BL-000285,AP-VB-2026-000332,matchable,2026-05-04,-14158100,UPI/HDFC0001234/308273293897/VB-2026-000332/merihar@okhdfcbank/MEDIDIAN HARDWARE
BL-000286,AP-RT-2026-000300,matchable,2026-05-04,-13298300,NEFT DR UTIB0002233 900000021949 FROM KARMAN PRINT SOLUTI advance INR 132983.00 RT-2026-00
BL-000287,AP-RT-2026-000471,matchable,2026-05-04,-11248900,RTGS UTIB0002233 900000029697 SUNDARA WATER TREATMENT JAI INR 112489.00 milestone 2 RT-202
BL-000288,SETL-setl_00000053,gateway_settlement,2026-05-04,4089225,RAZORPAY PAYMENTS GATEWAY SETTLEMENT setl_00000053 UTR 900000002789
BL-000289,AR-INV-2026-000321,matchable,2026-05-04,7104100,UPI/HDFC0001234/249607438137/anancon@ybl/ANANT INFRA CONVEYANCES P
BL-000290,AR-INV-2026-000244,matchable,2026-05-04,7347900,INV-2026-000244 NEFT CR HDFC0001234 900000019452 FROM ZENILOG LOGISTICS amc renewal INR 73
BL-000291,SETL-setl_00000052,gateway_settlement,2026-05-04,9518268,RAZORPAY PAYMENTS GATEWAY SETTLEMENT setl_00000052 UTR 900000002774
BL-000292,AR-INV-2026-000638,matchable,2026-05-04,26714300,RTGS SBIN0000921 900000037316 SAWTAGIRI ANALYTICS LTD INR 267143.00 milestone 2
BL-000293,AR-INV-2026-000465,matchable,2026-05-04,40530400,CHQ CLG VEDIKA TEXTILES CIMPANY INV-2026-000465
BL-000294,,expected_unmatched_duplicate,2026-05-04,40530400,CHQ CLG VEDIKA TEXTILES CIMPANY INV-2026-000465
BL-000295,AR-INV-2026-000242,matchable,2026-05-04,46691600,NEFT CR KKBK0000812 900000019402 FROM ASHWINI INTERI  advance INR 466916.00
BL-000296,AR-INV-2026-000424,matchable,2026-05-04,55960100,UPI/HDFC0001234/729040984826/nalarec@ybl/NALANDA RECYCLERS LLP/INV-2026-000424
BL-000297,AR-INV-2026-000252,matchable,2026-05-04,61347600,INV-2026-000252 NEFT CR UTIB0002233 900000019929 FROM ZENITH ONE LOGIS invoice settlement 
BL-000298,AR-INV-2026-000492,matchable,2026-05-04,75609200,UPI/HDFC0001234/380611428545/nalarec@paytm/NALANDA RECYCLERS LLP/INV-2026-000492
BL-000299,AR-INV-2026-000175,matchable,2026-05-04,168554400,INV-2026-000175 NEFT CR HDFC0001234 900000016537 FROM COPPERLEAF ELECTRI amc renewal INR 1
BL-000300,,expected_unmatched_duplicate,2026-05-04,168554400,INV-2026-000175 NEFT CR HDFC0001234 900000016537 FROM COPPERLEAF ELECTRI amc renewal INR 1
BL-000301,AR-INV-2026-000259,matchable,2026-05-04,219497700,UPI/HDFC0001234/721831413263/ashwcol@okhdfcbank/ASHWINI COLD
BL-000302,AP-RENT-202605-0,matchable,2026-05-05,-78000000,NEFT DR KKBK0000812 900000079594 FROM SKYLINE ESTATES PVT LTD  invoice settlement INR 7800
BL-000303,AP-RT-2026-000268,matchable_amount_mismatch,2026-05-05,-63920500,UPI/HDFC0001234/636249098836/pragcon@paytm/PRAGATI CONV
BL-000304,AP-VB-2026-000071,matchable,2026-05-05,-45065300,UPI/HDFC0001234/250922172975/VB-2026-000071/eversta@ybl/EVERSTONE STAFFING & CO
BL-000305,AP-RT-2026-000159,matchable,2026-05-05,-41121400,NEFT DR ICIC0000429 900000015829 FROM TRINETRA SOLAR EPC GUW part payment INR 411214.00 RT
BL-000306,AP-RT-2026-000564,matchable,2026-05-05,-25958300,NEFT DR KKBK0000812 900000033976 FROM LOHIYA LOGISTICS LLP material supply INR 259583.00
BL-000307,AR-INV-2026-000001,matchable,2026-05-05,16508800,NEFT CR SBIN0000921 900000008732 FROM NALAFAB SERVICES  security deposit INR 165088.00 INV
BL-000308,AR-INV-2026-000307,matchable,2026-05-05,20367700,RTGS UTIB0002233 900000022239 SHREE BALAJI HARDWARE PRIVATE LIMITED INR 203677.00 security
BL-000309,AR-INV-2026-000422,matchable,2026-05-05,23448100,UPI/HDFC0001234/503260972573/anancon@paytm/ANANT INFRA CONVEYANCES PVT LTD/INV-2026-000422
BL-000310,AR-INV-2026-000482,matchable,2026-05-05,34202800,UPI/HDFC0001234/476615337049/orbidai@paytm/ORBITEX DAIRY FOOD/INV-2026-000482
BL-000311,AR-INV-2026-000280,matchable,2026-05-05,42876100,NEFT CR SBIN0000921 900000021148 FROM TRIVIRATA ROOFIN amc renewal INR 428761.00 INV-2026-
BL-000312,AR-INV-2026-000367,matchable,2026-05-05,48820400,NEFT CR UTIB0002233 900000025015 FROM ASHWINI INTERIORS & CO part payment INR 488204.00
BL-000313,AR-INV-2026-000123,matchable,2026-05-05,69975800,NEFT CR UTIB0002233 900000014063 FROM ORBITEX PACK material supply INR 699758.00
BL-000314,AP-RT-2026-000112,matchable,2026-05-06,-50758000,UPI/HDFC0001234/561476082168/eversta@okhdfcbank/EVERSTONE STAFFI /RT-2026-000112
BL-000315,AP-VB-2026-000031,matchable,2026-05-06,-41928400,NEFT DR SBIN0000921 900000010012 FROM KARMAN PRINT SOLUTIONS KOC milestone 2 INR 419284.00
BL-000316,AP-RT-2026-000439,matchable,2026-05-06,-31082600,NEFT DR HDFC0001234 900000028266 FROM VRUNDAVAN INTERIORS LTD material supply INR 310826.0
BL-000317,AR-INV-2026-000245,matchable,2026-05-06,7796000,NEFT CR KKBK0000812 900000019510 FROM SURYAVANSH CATERING SERVICES COMPANY material supply
BL-000318,SETL-setl_00000054,gateway_settlement,2026-05-06,13094711,RAZORPAY PAYMENTS GATEWAY SETTLEMENT setl_00000054 UTR 900000002826
BL-000319,AR-INV-2026-000483,matchable,2026-05-06,19371700,INV-2026-000483 CHQ CLG VEDITEX TEXTILES INV-2026-000483
BL-000320,AR-INV-2026-000327,matchable,2026-05-06,23206300,NEFT CR KKBK0000812 900000023123 FROM SURYAVANSH PETRO CH security deposit INR 232063.00 I
BL-000321,AR-INV-2026-000582,matchable,2026-05-06,60449000,RTGS KKBK0000812 900000034997 SAPTAGIRI ANALYTICS KOC INR 604490.00 full and final INV-202
BL-000322,AR-INV-2026-000128,matchable,2026-05-06,67777100,NEFT CR KKBK0000812 900000014394 FROM ORBITEX PACK  against inv INR 677771.00 INV-2026-000
BL-000323,AR-INV-2026-000345,matchable,2026-05-06,69876900,NEFT CR ICIC0000429 900000023912 FROM TRIVROO PR  full and final INR 698769.00
BL-000324,AP-VB-2026-000359,matchable,2026-05-07,-66496100,NEFT DR UTIB0002233 900000024604 FROM PRAGATI FAB SERVICES LTD advance INR 664961.00 VB-20
BL-000325,SETL-setl_00000055,gateway_settlement,2026-05-07,12076003,RAZORPAY PAYMENTS GATEWAY SETTLEMENT setl_00000055 UTR 900000002851
BL-000326,AR-INV-2026-000365,matchable,2026-05-07,14454100,INV-2026-000365 NEFT CR HDFC0001234 900000024855 FROM ASHWCAB SYSTEMS material supply INR 
BL-000327,AR-INV-2026-000529,matchable,2026-05-07,39312900,UPI/HDFC0001234/237205841810/merilab@paytm/MERIDIAN LAB SUPOLIES LLP/INV-2026-000529
BL-000328,AR-INV-2026-000092,matchable,2026-05-07,49910000,NEFT CR SBIN0000921 900000012703 FROM VEDIKA FACILITY MANAGEMENT & CO advance INR 499100.0
BL-000329,AR-INV-2026-000110,matchable,2026-05-07,50580700,RTGS UTIB0002233 900000013438 SHREE BALAJI  INR 505807.00 against inv INV-2026-000110
BL-000330,AR-INV-2026-000272,matchable,2026-05-07,63048100,INV-2026-000272 NEFT CR ICIC0000429 900000020686 FROM VEDIFAC MANAGEMENT milestone 2 INR 6
BL-000331,AP-VB-2026-000263,matchable,2026-05-08,-46614000,VB-2026-000263 NEFT DR UTIB0002233 900000020363 FROM PRAGATI FAB  milestone 2 INR 466140.0
BL-000332,AP-VB-2026-000298,matchable,2026-05-08,-43225900,VB-2026-000298 NEFT DR UTIB0002233 900000021786 FROM MERIDIAN PO  freight charges INR 4322
BL-000333,AP-RT-2026-000264,matchable,2026-05-08,-25736100,NEFT DR HDFC0001234 900000020388 FROM KARMAN PRINT SOLUT freight charges INR 257361.00 RT-
BL-000334,AP-RT-2026-000331,matchable,2026-05-08,-19470100,RT-2026-000331 NEFT DR ICIC0000429 900000023188 FROM KAGMAN PRINT SOLUTIONS KOC freight ch
BL-000335,SETL-setl_00000056,gateway_settlement,2026-05-08,11257880,RAZORPAY PAYMENTS GATEWAY SETTLEMENT setl_00000056 UTR 900000002894
BL-000336,AR-INV-2026-000550,matchable,2026-05-08,11794900,UPI/HDFC0001234/563366396152/INV-2026-000550/nalarec@okaxis/NALANDA RECYCLERS GUW
BL-000337,AR-INV-2026-000596,matchable_amount_mismatch,2026-05-08,13794200,INV-2026-000596 RTGS HDFC0001234 900000035608 SAPTAGIRI ANALYTIVS LTD INR 137942.00 freigh
BL-000338,AR-INV-2026-000100,matchable,2026-05-08,36482500,NEFT CR UTIB0002233 900000013000 FROM ORBITEX PACKAGING PRIVATE LIMITED advance INR 364825
BL-000339,AR-INV-2026-000390,matchable,2026-05-08,37180100,NEFT CR KKBK0000812 900000025919 FROM ASHWINI CABLE SYSTEMS LTD part payment INR 371801.00
BL-000340,AR-INV-2026-000231;AR-INV-2026-000250;AR-INV-2026-000348,matchable_lumpsum,2026-05-08,57917700,"INV-2026-000231,INV-2026-000250,INV-2026-000348 NEFT CR HDFC0001234 900000080452 FROM ASHW"
BL-000341,AR-INV-2026-000517,matchable,2026-05-08,65581600,NEFT CR HDFC0001234 900000031835 FROM GOLDCREST STEEL TRADERS COMPANY security deposit INR
BL-000342,AP-VB-2026-000208,matchable,2026-05-09,-42555600,NEFT DR HDFC0001234 900000018193 FROM PRAGATI FAB SERVICES LTD freight charges INR 425556.
BL-000343,AP-RT-2026-000486,matchable,2026-05-09,-38011400,UPI/HDFC0001234/732403942855/pragcon@paytm/PRAGATI CONVEYANCES PVT LTD
BL-000344,AP-VB-2026-000403,matchable,2026-05-09,-37914800,VB-2026-000403 NEFT DR HDFC0001234 900000026403 FROM KARMAN PRINT SOLUTIONS LTD part payme
BL-000345,AP-RT-2026-000417,matchable,2026-05-09,-10908500,NEFT DR SBIN0000921 900000027088 FROM MERIDIAN POLYM part payment INR 109085.00
BL-000346,AR-INV-2026-000306,matchable,2026-05-09,5349300,NEFT CR KKBK0000812 900000022179 FROM SURYAVANSH  full and final INR 53493.00 INV-2026-000
BL-000347,SETL-setl_00000057,gateway_settlement,2026-05-09,11323419,RAZORPAY PAYMENTS GATEWAY SETTLEMENT setl_00000057 UTR 900000002924
BL-000348,AR-INV-2026-000484,matchable,2026-05-09,25477800,INV-2026-000484 CHQ CLG VEDIKA TEX INV-2026-000484
BL-000349,AR-INV-2026-000343,matchable,2026-05-09,48680200,NEFT CR ICIC0000429 900000023805 FROM COPPERLEAF ELECTRICALS PVT LTD invoice settlement IN
BL-000350,AR-INV-2026-000506,matchable,2026-05-09,82022300,UPI/HDFC0001234/943903409006/merilab@okaxis/MERIDIAN LAB 
BL-000351,AR-INV-2026-000184,matchable,2026-05-09,138432800,NEFT CR HDFC0001234 900000017037 FROM COPPERLEAF ELECTRICALS P advance INR 1384328.00 INV-
BL-000352,AP-RT-2026-000499,matchable,2026-05-11,-45422100,RT-2026-000499 NEFT DR ICIC0000429 900000031118 FROM EVERSTONE RECYCLERS COMPANY milestone
BL-000353,AP-VB-2026-000400,matchable,2026-05-11,-44130700,CHQ CLG ORBITEX WA 
BL-000354,AP-VB-2026-000199,matchable,2026-05-11,-32056100,VB-2026-000199 NEFT DR UTIB0002233 900000017897 FROM ZENITH ONE TEXTILES PVT LTD security 
BL-000355,AP-VB-2026-000387,matchable,2026-05-11,-13337800,VB-2026-000387 NEFT DR KKBK0000812 900000025827 FROM MERIDIAN POLYM freight charges INR 13
BL-000356,AP-VB-2026-000011,matchable,2026-05-11,-12486500,UPI/HDFC0001234/796892869206/VB-2026-000011/karmcat@okaxis/KARMAN CATERING SE
BL-000357,SETL-setl_00000059,gateway_settlement,2026-05-11,2946868,RAZORPAY PAYMENTS GATEWAY SETTLEMENT setl_00000059 UTR 900000003005
BL-000358,AR-INV-2026-000326,matchable,2026-05-11,4568000,UPI/HDFC0001234/842357975778/INV-2026-000326/anancon@okaxis/ANANT INFR
BL-000359,AR-INV-2026-000523,matchable,2026-05-11,6560500,INV-2026-000523 NEFT CR HDFC0001234 900000032111 FROM ASNWINI CABLE SYSTEMS PUN amc renewa
BL-000360,SETL-setl_00000058,gateway_settlement,2026-05-11,9287871,RAZORPAY PAYMENTS GATEWAY SETTLEMENT setl_00000058 UTR 900000002947
BL-000361,AR-INV-2026-000524,matchable,2026-05-11,18609400,CHQ CLG VEDIKA TEXTILES INV-2026-000524
BL-000362,AR-INV-2026-000002,matchable,2026-05-11,19033700,UPI/HDFC0001234/594278362827/INV-2026-000002/everwat@okhdfcbank/EVERSTONE FATER
BL-000363,AR-INV-2026-000405,matchable,2026-05-11,25730800,NEFT CR SBIN0000921 900000026529 FROM TRIVROO PR amc renewal INR 257308.00 INV-2026-000405
BL-000364,AR-INV-2026-000220,matchable,2026-05-11,26157900,NEFT CR KKBK0000812 900000018501 FROM ZENITH ONE LOGBSTICS amc renewal INR 261579.00
BL-000365,AR-INV-2026-000339,matchable,2026-05-11,33586400,NEFT CR SBIN0000921 900000023633 FROM SURYAVANSH PRINT SOLUTIONS & CO against inv INR 3358
BL-000366,AR-INV-2026-000631,matchable,2026-05-11,41856700,RTGS SBIN0000921 900000037066 SAPTAGIRI ANALYTICS KOC INR 418567.00 amc renewal INV-2026-0
BL-000367,AR-INV-2026-000452,matchable,2026-05-11,45875300,CHQ CLG VEDIKA TEXTILES COMPANY INV-2026-000452
BL-000368,AR-INV-2026-000346,matchable,2026-05-11,69322300,INV-2026-000346 RTGS ICIC0000429 900000023971 SHREE BALAJI HARDWARE PUN INR 693223.00 mile
BL-000369,AR-INV-2026-000538,matchable,2026-05-11,77415500,NEFT CR ICIC0000429 900000032770 FROM PUSHPA METALS AGRI INPUTS KOC advance INR 774155.00
BL-000370,AR-INV-2026-000005,matchable,2026-05-11,128856000,INV-2026-000005 NEFT CR SBIN0000921 900000008963 FROM GOLDCREST SECURITY SY amc renewal IN
BL-000371,AP-RT-2026-000510,matchable,2026-05-12,-100688600,RT-2026-000510 NEFT DR KKBK0000812 900000031572 FROM EVERSTONE RECYCLERS & CO milestone 2 
BL-000372,AP-VB-2026-000399,matchable,2026-05-12,-64268300,VB-2026-000399 RTGS SBIN0000921 900000026235 VAISHNAVI PIPING SOLUTIONS LTD INR 642683.00 
BL-000373,AP-VB-2026-000020,matchable,2026-05-12,-31593200,VB-2026-000020 NEFT DR KKBK0000812 900000009614 FROM SHREE BAYAJI ANALYTICS PRIVATE LIMITE
BL-000374,SETL-setl_00000060,gateway_settlement,2026-05-12,384560,RAZORPAY PAYMENTS GATEWAY SETTLEMENT setl_00000060 UTR 900000003043
BL-000375,AR-INV-2026-000394,matchable,2026-05-12,29549100,NEFT CR HDFC0001234 900000026088 FROM TRIVIDATA R against inv INR 295491.00
BL-000376,AR-INV-2026-000444,matchable,2026-05-12,29852800,INV-2026-000444 NEFT CR UTIB0002233 900000028458 FROM ASHWINI INTERIORS COMPANY milestone 
BL-000377,AR-INV-2026-000347,matchable,2026-05-12,71595300,NEFT CR KKBK0000812 900000024053 FROM ZENITH ONE LOGISTICS & CO milestone 2 INR 715953.00 
BL-000378,AR-INV-2026-000547,matchable,2026-05-12,81819200,CHQ CLG VEDIKA TEXTIL INV-2026-000547
BL-000379,AR-INV-2026-000201,matchable,2026-05-12,98363300,INV-2026-000201 NEFT CR ICIC0000429 900000017969 FROM SAHYADRI POLYMERS  milestone 2 INR 9
BL-000380,AP-VB-2026-000601,matchable,2026-05-13,-94453000,NEFT DR ICIC0000429 900000035891 FROM VRUNINTBINTERIORS advance INR 944530.00
BL-000381,AP-RT-2026-000116,matchable_amount_mismatch,2026-05-13,-35107300,UPI/HDFC0001234/883279785878/RT-2026-000116/eversta@okhdfcbank/EVERSTONE STAFFING & CO
BL-000382,AP-VB-2026-000012,matchable,2026-05-13,-28196400,NEFT DR KKBK0000812 900000009294 FROM TRINETRA SOLAR EPC LLP material supply INR 281964.00
BL-000383,AP-VB-2026-000132,matchable,2026-05-13,-28165400,UPI/HDFC0001234/853878251367/eversta@paytm/EVERSTONE STAFFING & CO
BL-000384,AP-RT-2026-000234,matchable,2026-05-13,-26962200,UPI/HDFC0001234/543765520174/eversta@okhdfcbank/EVERSTONE STAFFING COMPANY
BL-000385,AP-VB-2026-000567,matchable,2026-05-13,-23985900,RTGS UTIB0002233 900000034187 SUNDARA WATER TREATMENT LTD INR 239859.00 against inv VB-202
BL-000386,AP-RT-2026-000532,matchable,2026-05-13,-15480700,RT-2026-000532 NEFT DR ICIC0000429 900000032453 FROM EVERSTONE RE milestone 2 INR 154807.0
BL-000387,SETL-setl_00000061,gateway_settlement,2026-05-13,12227786,RAZORPAY PAYMENTS GATEWAY SETTLEMENT setl_00000061 UTR 900000003101
BL-000388,AR-INV-2026-000428,matchable,2026-05-13,25637700,UPI/HDFC0001234/662336544629/anancon@paytm/ANANT INFRA 
BL-000389,AR-INV-2026-000211,matchable,2026-05-13,39478300,NEFT CR SBIN0000921 900000018310 FROM ORBIPAC PACKAGING against inv INR 394783.00 INV-2026
BL-000390,AR-INV-2026-000105,matchable,2026-05-13,42488900,INV-2026-000105 NEFT CR UTIB0002233 900000013256 FROM GOLDCREST SECURITY SYSTEMS LTD mater
BL-000391,AR-INV-2026-000108,matchable,2026-05-13,45832100,NEFT CR UTIB0002233 900000013372 FROM ORBITEX PACKAGING RAJ freight charges INR 458321.00
BL-000392,AR-INV-2026-000537,matchable,2026-05-13,49383700,NEFT CR KKBK0000812 900000032719 FROM GOLDCREST STEEL TRADERS COMPANY security deposit INR
BL-000393,AR-INV-2026-000232,matchable_amount_mismatch,2026-05-13,51729800,RTGS SBIN0000921 900000018990 SHREE BALAJI HARDIARE INR 517298.00 part payment INV-2026-00
BL-000394,AR-INV-2026-000143,matchable,2026-05-13,232546900,NEFT CR SBIN0000921 900000015232 FROM ORBITEX PACKAGING PRI freight charges INR 2325469.00
BL-000395,AP-RT-2026-000531,matchable,2026-05-14,-41917800,RT-2026-000531 NEFT DR KKBK0000812 900000032441 FROM VRUNDAVAN INTERIORS PVT LTD freight c
BL-000396,AP-VB-2026-000239,matchable,2026-05-14,-34049100,UPI/HDFC0001234/367512662484/bluecol@okhdfcbank/BLUEPEAK COLD CHAIN KOC/VB-2026-000239
BL-000397,AP-VB-2026-000018,matchable,2026-05-14,-32991700,UPI/HDFC0001234/551686440044/VB-2026-000018/ashwmac@okhdfcbank/ASHWINI MACHINE 
BL-000398,AP-VB-2026-000225,matchable,2026-05-14,-25087300,UPI/HDFC0001234/241330007632/ashwmac@paytm/ASHWINI MACHINE PARTS LTD/VB-2026-000225
BL-000399,,expected_unmatched_duplicate,2026-05-14,-25087300,UPI/HDFC0001234/241330007632/ashwmac@paytm/ASHWINI MACHINE PARTS LTD/VB-2026-000225
BL-000400,AP-VB-2026-000193,matchable_amount_mismatch,2026-05-14,-14943100,UPI/HDFC0001234/773443858908/eversta@paytm/EVERSTONE STAFFING & CO
BL-000401,AP-RT-2026-000113,matchable,2026-05-14,-12253100,UPI/HDFC0001234/299005314085/karmcat@paytm/KARMAN CATERING SERVICES LLP
BL-000402,SETL-setl_00000062,gateway_settlement,2026-05-14,8287438,RAZORPAY PAYMENTS GATEWAY SETTLEMENT setl_00000062 UTR 900000003192
BL-000403,AR-INV-2026-000464,matchable,2026-05-14,15055500,UPI/HDFC0001234/882325359145/INV-2026-000464/anancon@paytm/ANANT INFRA CONVEYANCES PVT LTD
BL-000404,AR-INV-2026-000687,matchable,2026-05-14,79655000,NEFT CR ICIC0000429 900000039332 FROM ORBITEX PAPER MILLS PVT LTD advance INR 796550.00 IN
BL-000405,AR-INV-2026-000380,matchable,2026-05-14,132129100,INV-2026-000380 NEFT CR SBIN0000921 900000025599 FROM SURYAVANSH PETRO CHE part payment IN
BL-000406,AP-RT-2026-000028,matchable,2026-05-15,-57809600,NEFT DR SBIN0000921 900000009916 FROM GOLDCREST STEEL TRADERS COMPANY advance INR 578096.0
BL-000407,AP-RT-2026-000431,matchable,2026-05-15,-29909900,NEFT DR ICIC0000429 900000027836 FROM MERIDIAN POLYMERS LTD advance INR 299099.00 RT-2026-
BL-000408,AP-RT-2026-000476,matchable,2026-05-15,-26796100,NEFT DR HDFC0001234 900000029980 FROM MERIDIAN POLYMERS LTD full and final INR 267961.00
BL-000409,AP-RT-2026-000038,matchable,2026-05-15,-25489500,RT-2026-000038 NEFT DR HDFC0001234 900000010343 FROM SHREE BALAJI ANALYTICS PRIVATE LI ful
BL-000410,AP-VB-2026-000138,matchable,2026-05-15,-11369700,UPI/HDFC0001234/789024009623/karmcat@okaxis/KARMCAT SERVICES
BL-000411,SETL-setl_00000063,gateway_settlement,2026-05-15,8516529,RAZORPAY PAYMENTS GATEWAY SETTLEMENT setl_00000063 UTR 900000003214
BL-000412,AR-INV-2026-000412,matchable,2026-05-15,25766200,UPI/HDFC0001234/878042986187/ashwcol@okhdfcbank/ASHWINI COLD CHAIN ZOI
BL-000413,AR-INV-2026-000610,matchable,2026-05-15,44561300,INV-2026-000610 CHQ CLG VEDIKA TEXTILES LLP INV-2026-000610
BL-000414,AR-INV-2026-000205,matchable,2026-05-15,63305600,INV-2026-000205 CHQ CLG TRINETRA PIPING SOLUTIONS PUN INV-2026-000205
BL-000415,AR-INV-2026-000217,matchable,2026-05-15,109130400,NEFT CR ICIC0000429 900000018435 FROM ORBITDX PACKAGING PVT LTD advance INR 1091304.00
BL-000416,AR-INV-2026-000528,matchable,2026-05-15,148532900,UPI/HDFC0001234/952001902982/nalarec@okaxis/NALANDA RECYCLERS LLP
BL-000417,AR-INV-2026-000104,matchable,2026-05-15,187431500,NEFT CR HDFC0001234 900000013221 FROM GOLDCREST SECURITY SYSTEMS & CO material supply INR 
BL-000418,AP-VB-2026-000458,matchable,2026-05-16,-46511000,NEFT DR HDFC0001234 900000029237 FROM TRINETRA AGRI I amc renewal INR 465110.00
BL-000419,AP-RT-2026-000171,matchable,2026-05-16,-44745200,NEFT DR ICIC0000429 900000016317 FROM TRINETRA SOLAR EPC LLP advance INR 447452.00
BL-000420,AP-RT-2026-000418,matchable,2026-05-16,-41890000,UPI/HDFC0001234/853613914536/pragcon@ybl/PRAGATI CONVEYANCES PVT LTD
BL-000421,AP-RT-2026-000637,matchable,2026-05-16,-32934600,CHQ CLG ANANT INFRA ELECTRICALS PVT LTD 
BL-000422,AR-INV-2026-000455,matchable,2026-05-16,8973100,INV-2026-000455 NEFT CR SBIN0000921 900000029056 FROM SURYAVANSH PRINT SOLUTIONS PUN part 
BL-000423,SETL-setl_00000064,gateway_settlement,2026-05-16,10504385,RAZORPAY PAYMENTS GATEWAY SETTLEMENT setl_00000064 UTR 900000003221
BL-000424,AR-INV-2026-000783,matchable,2026-05-16,15801700,NEFT CR KKBK0000812 900000043030 FROM GOLDCREST WAREHOU full and final INR 158017.00 INV-2
BL-000425,AR-INV-2026-000573,matchable,2026-05-16,24352200,NEFT CR UTIB0002233 900000034468 FROM ASHWINI INTERIORS COMPANY milestone 2 INR 243522.00
BL-000426,AR-INV-2026-000366,matchable,2026-05-16,37580300,CHQ CLG TRINETRA PIPING S INV-2026-000366
BL-000427,AR-INV-2026-000453,matchable,2026-05-16,45678000,NEFT CR UTIB0002233 900000028958 FROM TRIVIDATA ROOFING PRODUCTS PVT LTD advance INR 45678
BL-000428,AR-INV-2026-000180,matchable,2026-05-16,47755000,NEFT CR HDFC0001234 900000016782 FROM ASHWINI SOLAR milestone 2 INR 477550.00 INV-2026-000
BL-000429,AR-INV-2026-000722,matchable,2026-05-16,48034500,INV-2026-000722 NEFT CR UTIB0002233 900000040524 FROM GOLDCREST WAREHOUSING PRIVATE LIMITE
BL-000430,AR-INV-2026-000364,matchable,2026-05-16,70129300,NEFT CR SBIN0000921 900000024852 FROM VEDIKA FACILITY MANAGEMENT LTD material supply INR 7
BL-000431,AR-INV-2026-000445,matchable,2026-05-16,73199100,NEFT CR HDFC0001234 900000028555 FROM SURYAVANSH PRINT SOLUTIONS & CO amc renewal INR 7319
BL-000432,AR-INV-2026-000369,matchable,2026-05-16,93462400,INV-2026-000369 NEFT CR ICIC0000429 900000025112 FROM COPPERLEAF ELECTRICALS PVT LTD miles
BL-000433,AR-INV-2026-000579,matchable,2026-05-16,172277800,NEFT CR SBIN0000921 900000034791 FROM GOLDCREST STEEL TRADERS LTD amc renewal INR 1722778.
BL-000434,AR-INV-2026-000212,matchable,2026-05-16,208383400,NEFT CR SBIN0000921 900000018320 FROM ORBITEX PACKAGING PRIVATE LIMITED material supply IN
BL-000435,AP-RT-2026-000697,matchable,2026-05-18,-159040900,NEFT DR UTIB0002233 900000039748 FROM LOHIYA LOGIS security deposit INR 1590409.00 RT-2026
BL-000436,AP-VB-2026-000262,matchable,2026-05-18,-84605700,NEFT DR HDFC0001234 900000020283 FROM NORTHLINE ROOFING PRODUCTS PV invoice settlement INR
BL-000437,AP-RT-2026-000098,matchable,2026-05-18,-75044800,NEFT DR SBIN0000921 900000012863 FROM KARMAN PRINT SOLUTIONS LTD advance INR 750448.00
BL-000438,AP-VB-2026-000358,matchable,2026-05-18,-61577500,UPI/HDFC0001234/627319585248/bluecol@paytm/BLUEPEAK COLD CHAIN PVT LTD/VB-2026-000358
BL-000439,AP-RT-2026-000210,matchable,2026-05-18,-53697600,NEFT DR UTIB0002233 900000018307 FROM ZENITH ONE TEXTILES LLP material supply INR 536976.0
BL-000440,AP-VB-2026-000010,matchable,2026-05-18,-45941500,NEFT DR ICIC0000429 900000009149 FROM GOLDCREST STEEL TRADERS COMPANY milestone 2 INR 4594
BL-000441,AP-VB-2026-000656,matchable,2026-05-18,-44294200,CHQ CLG ANANELE ELECTRICALS 
BL-000442,AP-VB-2026-000135,matchable,2026-05-18,-40390800,VB-2026-000135 NEFT DR UTIB0002233 900000014718 FROM ZENITH ONE TEXT full and final INR 40
BL-000443,AP-VB-2026-000568,matchable,2026-05-18,-36382500,VB-2026-000568 NEFT DR KKBK0000812 900000034262 FROM EVERSTONE RECYCLERS & CO against inv 
BL-000444,AP-RT-2026-000430,matchable,2026-05-18,-35267500,NEFT DR UTIB0002233 900000027784 FROM NORTHLINE ROOFING PRODUCTS RAJ invoice settlement IN
BL-000445,AP-RT-2026-000170,matchable,2026-05-18,-29603500,UPI/HDFC0001234/800367403714/eversta@ybl/EVERSTONE STAFFING & CO
BL-000446,AP-RT-2026-000669,matchable,2026-05-18,-23679500,CHQ CLG ANANT INFRA ELECTRICANS LTD RT-2026-000669
BL-000447,AP-VB-2026-000235,matchable,2026-05-18,-20319900,NEFT DR SBIN0000921 900000019126 FROM TRINETRA SOLAR EP part payment INR 203199.00
BL-000448,AP-VB-2026-000040,matchable,2026-05-18,-15924800,UPI/HDFC0001234/248153190841/karmcat@ybl/KARMAN CATERIN/VB-2026-000040
BL-000449,AP-VB-2026-000388,matchable,2026-05-18,-10995000,UPI/HDFC0001234/533720262684/VB-2026-000388/bluecol@okaxis/BLUEPEAK COLD CHA
BL-000450,SETL-setl_00000066,gateway_settlement,2026-05-18,4459663,RAZORPAY PAYMENTS GATEWAY SETTLEMENT setl_00000066 UTR 900000003326
BL-000451,AR-INV-2026-000363,matchable,2026-05-18,5781500,UPI/HDFC0001234/596048673699/INV-2026-000363/anancon@ybl/ANANT INFRA CONVEYANCES PVT LTD
BL-000452,AR-INV-2026-000275,matchable,2026-05-18,6078400,NEFT CR HDFC0001234 900000020878 FROM NALANDA FAB SERVICES PRIVATE LIMITED invoice settlem
BL-000453,AR-INV-2026-000124,matchable_amount_mismatch,2026-05-18,9301300,NEFT CR UTIB0002233 900000014137 FROM NALANDA FAB SERVICES PRIVATE LI freight charges INR 
BL-000454,SETL-setl_00000065,gateway_settlement,2026-05-18,15991226,RAZORPAY PAYMENTS GATEWAY SETTLEMENT setl_00000065 UTR 900000003240
BL-000455,AR-INV-2026-000640,matchable,2026-05-18,20871900,UPI/HDFC0001234/170309663618/nalarec@okhdfcbank/NALANDA RECYCLERS LLP/INV-2026-000640
BL-000456,AR-INV-2026-000641,matchable,2026-05-18,21350300,UPI/HDFC0001234/153656934572/INV-2026-000641/nalarec@okhdfcbank/NALAREC REC 
BL-000457,AR-INV-2026-000227,matchable,2026-05-18,23543000,INV-2026-000227 NEFT CR SBIN0000921 900000018841 FROM NALANDA FEB SERVICES PRIVATE LIMITED
BL-000458,AR-INV-2026-000109,matchable,2026-05-18,25137200,INV-2026-000109 NEFT CR UTIB0002233 900000013393 FROM ASHWINI SOLAR EPC NAG full and final
BL-000459,AR-INV-2026-000624,matchable_amount_mismatch,2026-05-18,25949200,UPI/HDFC0001234/928723237136/nalarec@paytm/NALANNA RECYCLERS P/INV-2026-000624
BL-000460,AR-INV-2026-000598,matchable,2026-05-18,27203500,NEFT CR UTIB0002233 900000035699 FROM ASHWINI INTERIORS PVT LTD freight charges INR 272035
BL-000461,AR-INV-2026-000572,matchable,2026-05-18,31030000,UPI/HDFC0001234/434309476899/INV-2026-000572/merilab@ybl/MEBIDIAN LAB SUPPLIES NAG
BL-000462,,expected_unmatched_duplicate,2026-05-18,31030000,UPI/HDFC0001234/434309476899/INV-2026-000572/merilab@ybl/MEBIDIAN LAB SUPPLIES NAG
BL-000463,AR-INV-2026-000594,matchable,2026-05-18,41456400,NEFT CR KKBK0000812 900000035474 FROM GOLDCREST STEEL TRADERS LLP part payment INR 414564.
BL-000464,AR-INV-2026-000560,matchable,2026-05-18,44520900,INV-2026-000560 CHQ CLG VEDIKA TEXT INV-2026-000560
BL-000465,AR-INV-2026-000615,matchable,2026-05-18,63990400,INV-2026-000615 CHQ CLG VEDITEX TEXTILES INV-2026-000615
BL-000466,AR-INV-2026-000611,matchable,2026-05-18,90773400,UPI/HDFC0001234/197195638395/merilab@paytm/MERIDIAN LAB SUPPLIES PRIVATE LIMITED
BL-000467,AP-RT-2026-000711,matchable,2026-05-19,-87215000,CHQ CLG ANANT INFRV E RT-2026-000711
BL-000468,AP-RT-2026-000541,matchable,2026-05-19,-69286100,NEFT DR SBIN0000921 900000032880 FROM TRINETRA AGRI INPUTS FAR security deposit INR 692861
BL-000469,AP-VB-2026-000694,matchable,2026-05-19,-49623400,NEFT DR HDFC0001234 900000039661 FROM LOHIYA LOGISTIC milestone 2 INR 496234.00
BL-000470,AP-VB-2026-000603,matchable,2026-05-19,-43347700,NEFT DR KKBK0000812 900000036001 FROM EVERSTONE RECYCLERS PVT LTD milestone 2 INR 433477.0
BL-000471,AP-RT-2026-000698,matchable,2026-05-19,-35776600,NEFT DR ICIC0000429 900000039758 FROM LOHSYA LOGISTICS LTD advance INR 357766.00 RT-2026-0
BL-000472,AP-RT-2026-000054,matchable,2026-05-19,-24065400,NEFT DR KKBK0000812 900000011075 FROM TRINETRA SOLAR EPC PVT LTD invoice settlement INR 24
BL-000473,SETL-setl_00000067,gateway_settlement,2026-05-19,1454732,RAZORPAY PAYMENTS GATEWAY SETTLEMENT setl_00000067 UTR 900000003389
BL-000474,AR-INV-2026-000397,matchable,2026-05-19,9189900,NEFT CR SBIN0000921 900000026203 FROM ZENITH ONE LOGISTICS COMPANY milestone 2 INR 91899.0
BL-000475,AR-INV-2026-000273,matchable,2026-05-19,11370300,INV-2026-000273 NEFT CR ICIC0000429 900000020746 FROM ORBITEX PACKAG material supply INR 1
BL-000476,AR-INV-2026-000130,matchable,2026-05-19,13056500,INV-2026-000130 CHQ CLG TRINETRA PIPING SOLUTIONS COMPANY INV-2026-000130
BL-000477,AR-INV-2026-000167,matchable,2026-05-19,20136200,UPI/HDFC0001234/511053039554/everwat@okhdfcbank/EVERSTONE WATER TREATMENT C/INV-2026-00016
BL-000478,AR-INV-2026-000178,matchable,2026-05-19,388836400,NEFT CR SBIN0000921 900000016671 FROM GOLDCREST SECURITY SYSTEMS PV material supply INR 38
BL-000479,AP-VB-2026-000487,matchable,2026-05-20,-43151700,NEFT DR HDFC0001234 900000030556 FROM NORTHLINE ROOFING PRSDUCTS PVT LTD advance INR 43151
BL-000480,AP-VB-2026-000111,matchable,2026-05-20,-29715900,VB-2026-000111 NEFT DR ICIC0000429 900000013523 FROM PRAGATI FAB SERVICES LTD part payment
BL-000481,AP-VB-2026-000447,matchable,2026-05-20,-24636900,UPI/HDFC0001234/540806900709/pragcon@okhdfcbank/PRAGATI CONVEYANCE
BL-000482,AP-VB-2026-000542,matchable,2026-05-20,-9427500,NEFT DR UTIB0002233 900000032953 FROM EVERSTONE RECYCLE  invoice settlement INR 94275.00
BL-000483,SETL-setl_00000068,gateway_settlement,2026-05-20,12672150,RAZORPAY PAYMENTS GATEWAY SETTLEMENT setl_00000068 UTR 900000003422
BL-000484,AR-INV-2026-000078,matchable,2026-05-20,14186000,UPI/HDFC0001234/111399268595/everwat@ybl/EVERSTONE WATER TREATMENT JAI
BL-000485,AR-INV-2026-000468,matchable,2026-05-20,21208200,UPI/HDFC0001234/766998747685/INV-2026-000468/anancon@paytm/ANANT INFRA CONVEYANCES PVT LTD
BL-000486,AR-INV-2026-000101,matchable,2026-05-20,29035000,UPI/HDFC0001234/464236388266/INV-2026-000101/everwat@okaxis/EVERSTONE 
BL-000487,AR-INV-2026-000145,matchable,2026-05-20,34630600,NEFT CR SBIN0000921 900000015271 FROM ORBITEX PACKAGING LTD invoice settlement INR 346306.
BL-000488,AR-INV-2026-000349,matchable_amount_mismatch,2026-05-20,39851900,INV-2026-000349 NEFT CR HDFC0001234 900000024079 FROM ORBIPAC PACKAGING advance INR 398519
BL-000489,AR-INV-2026-000292,matchable,2026-05-20,146303700,NEFT CR UTIB0002233 900000021527 FROM ORBITEX PACKAGING PRIVATE LIMITED part payment INR 1
BL-000490,AP-VB-2026-000498,matchable,2026-05-21,-66461600,NEFT DR SBIN0000921 900000031025 FROM MERIDIAN POLYMERS LTD against inv INR 664616.00 VB-2
BL-000491,,expected_unmatched_duplicate,2026-05-21,-66461600,NEFT DR SBIN0000921 900000031025 FROM MERIDIAN POLYMERS LTD against inv INR 664616.00 VB-2
BL-000492,AP-RT-2026-000294,matchable_amount_mismatch,2026-05-21,-64816300,RT-2026-000294 NEFT DR HDFC0001234 900000021584 FROM PRAGATI FA amc renewal INR 648163.00
BL-000493,AP-VB-2026-000475,matchable,2026-05-21,-55556200,CHQ CLG ORBITEX WAREHOU 
BL-000494,AP-RT-2026-000372,matchable,2026-05-21,-28392000,RT-2026-000372 NEFT DR KKBK0000812 900000025228 FROM ZENITHSONE TEXTILES LLP invoice settl
BL-000495,AP-RT-2026-000456,matchable,2026-05-21,-26414500,RT-2026-000456 NEFT DR UTIB0002233 900000029150 FROM MERIDIAN POL freight charges INR 2641
BL-000496,AP-RT-2026-000351,matchable,2026-05-21,-21555300,UPI/HDFC0001234/582600070624/RT-2026-000351/eversta@paytm/EVERSTONE STAFFING & CO
BL-000497,AP-VB-2026-000099,matchable,2026-05-21,-21054000,NEFT DR UTIB0002233 900000012905 FROM TRINETRA SOLAR advance INR 210540.00 VB-2026-000099
BL-000498,AR-INV-2026-000093,matchable,2026-05-21,9261700,INV-2026-000093 RTGS KKBK0000812 900000012765 SHREE BALAJI MACH INR 92617.00 invoice settl
BL-000499,SETL-setl_00000069,gateway_settlement,2026-05-21,10167927,RAZORPAY PAYMENTS GATEWAY SETTLEMENT setl_00000069 UTR 900000003441
BL-000500,AR-INV-2026-000282,matchable,2026-05-21,21283700,NEFT CR ICIC0000429 900000021254 FROM NALANDA FAB SERVICES part payment INR 212837.00
BL-000501,AR-INV-2026-000715,matchable,2026-05-21,31962200,RTGS SBIN0000921 900000040341 SAPTANA ANALYTICS INR 319622.00 milestone 2
BL-000502,AR-INV-2026-000425,matchable,2026-05-21,45256400,NEFT CR ICIC0000429 900000027454 FROM VEDIKA FACILITY NANAGEM milestone 2 INR 452564.00 IN
BL-000503,AR-INV-2026-000534,matchable,2026-05-21,48162000,INV-2026-000534 NEFT CR SBIN0000921 900000032569 FROM TRIVIDATA ROOFING PRODUCTS PVT LTD a
BL-000504,AR-INV-2026-000664,matchable,2026-05-21,52803900,NEFT CR KKBK0000812 900000038326 FROM GOLDSTE FRADERS  security deposit INR 528039.00 INV-
BL-000505,AP-RT-2026-000223,matchable,2026-05-22,-23197500,NEFT DR KKBK0000812 900000018647 FROM KARMPRI SOLUTIONS freight charges INR 231975.00
BL-000506,AP-VB-2026-000270,matchable,2026-05-22,-13850900,UPI/HDFC0001234/565222100317/ashwmac@okhdfcbank/ASHWINI MACHINE PARTS LTD
BL-000507,AP-VB-2026-000134,matchable,2026-05-22,-11813600,UPI/HDFC0001234/739907638301/VB-2026-000134/karmcat@ybl/KARMAN CATERING SERVICES LLP
BL-000508,SETL-setl_00000070,gateway_settlement,2026-05-22,2104513,RAZORPAY PAYMENTS GATEWAY SETTLEMENT setl_00000070 UTR 900000003477
BL-000509,AR-INV-2026-000279,matchable,2026-05-22,8403400,CHQ CLG TRINETRA PIPING SOLUTI 
BL-000510,AR-INV-2026-000663,matchable,2026-05-22,18201400,NEFT CR KKBK0000812 900000038282 FROM GOLDCREST STEEL TRADERS COMPANY invoice settlement I
BL-000511,AR-INV-2026-000518,matchable,2026-05-22,30998900,NEFT CR HDFC0001234 900000031845 FROM ASHWINO INTERIORS PVT LTD part payment INR 309989.00
BL-000512,AR-INV-2026-000249,matchable,2026-05-22,39251400,NEFT CR SBIN0000921 900000019851 FROM ORBITEX PACKAGING PRIVATE LIMITED against inv INR 39
BL-000513,AR-INV-2026-000608,matchable,2026-05-22,89294300,UPI/HDFC0001234/381482388432/INV-2026-000608/merilab@okaxis/MERIDIAN LA
BL-000514,AR-INV-2026-000309,matchable,2026-05-22,114637100,NEFT CR SBIN0000921 900000022411 FROM VEDIKA FACILITY MANAG material supply INR 1146371.00
BL-000515,AR-INV-2026-000562;AR-INV-2026-000644;AR-INV-2026-000719,matchable_lumpsum,2026-05-22,212236600,"INV-2026-000562,INV-2026-000644,INV-2026-000719 NEFT CR HDFC0001234 900000080712 FROM PUSH"
BL-000516,AR-INV-2026-000379,matchable,2026-05-22,362034700,NEFT CR SBIN0000921 900000025581 FROM ZENITH ONE LORISTICS NAG full and final INR 3620347.
BL-000517,AP-VB-2026-000543,matchable,2026-05-23,-63687800,UPI/HDFC0001234/930641420812/merihar@okhdfcbank/MERIDIAN HARDWARE NOI/VB-2026-000543
BL-000518,AP-VB-2026-000654,matchable,2026-05-23,-44682000,NEFT DR SBIN0000921 900000037941 FROM EVERSTONE RECYCLERS LTD advance INR 446820.00 VB-202
BL-000519,AP-VB-2026-000360,matchable,2026-05-23,-31172300,VB-2026-000360 NEFT DR HDFC0001234 900000024618 FROM TRINETRA AGRI INPUTS LTD advance INR 
BL-000520,AP-VB-2026-000530,matchable,2026-05-23,-26432400,VB-2026-000530 CHQ CLG ORBITEX WAREHOUSING COI VB-2026-000530
BL-000521,AP-VB-2026-000655,matchable,2026-05-23,-13948700,NEFT DR SBIN0000921 900000037943 FROM VRUNDAVAN I part payment INR 139487.00
BL-000522,SETL-setl_00000071,gateway_settlement,2026-05-23,8760675,RAZORPAY PAYMENTS GATEWAY SETTLEMENT setl_00000071 UTR 900000003572
BL-000523,AR-INV-2026-000284,matchable,2026-05-23,10238700,NEFT CR UTIB0002233 900000021348 FROM NALANDA FAB SER security deposit INR 102387.00
BL-000524,AR-INV-2026-000599,matchable,2026-05-23,16316700,NEFT CR KKBK0000812 900000035785 FROM ASHWINI CABLE SYSTEMS LLP part payment INR 163167.00
BL-000525,AR-INV-2026-000467,matchable,2026-05-23,35557500,NEFT CR UTIB0002233 900000029557 FROM ASHWINI INTERIO full and final INR 355575.00
BL-000526,AR-INV-2026-000632,matchable,2026-05-23,75791100,INV-2026-000632 NEFT CR SBIN0000921 900000037103 FROM GOLDCREST STEEL milestone 2 INR 7579
BL-000527,AR-INV-2026-000580,matchable,2026-05-23,88536800,INV-2026-000580 NEFT CR HDFC0001234 900000034884 FROM TRIVIDATA ROOFING part payment INR 8
BL-000528,AR-INV-2026-000325,matchable,2026-05-23,304552300,INV-2026-000325 NEFT CR UTIB0002233 900000023076 FROM ANANT INFRA STAFFING PRIVATE against
BL-000529,AP-RT-2026-000501,matchable,2026-05-25,-167240900,UPI/HDFC0001234/806617681922/RT-2026-000501/merihar@paytm/MERIDIAN HARDWARE PRIVATE LIMITE
BL-000530,AP-VB-2026-000121,matchable,2026-05-25,-72323500,VB-2026-000121 NEFT DR SBIN0000921 900000013962 FROM TRINETRA SOLAR EPCXPVT LTD against in
BL-000531,AP-RT-2026-000511,matchable,2026-05-25,-63125200,NEFT DR KKBK0000812 900000031605 FROM MERIDIAN POLYMERS LTD against inv INR 631252.00 RT-2
BL-000532,AP-RT-2026-000797,matchable,2026-05-25,-60090100,CHQ CLG ANANT INFRA ELECTRICALS GUW RT-2026-000797
BL-000533,AP-VB-2026-000789,matchable,2026-05-25,-53547100,NEFT DR HDFC0001234 900000043259 FROM LOHIYA LOGISTICS LTD security deposit INR 535471.00
BL-000534,AP-RT-2026-000472,matchable,2026-05-25,-46898300,CHQ CLG ORBITEX WAREHOUSING RT-2026-000472
BL-000535,AP-VB-2026-000154,matchable,2026-05-25,-44064500,NEFT DR HDFC0001234 900000015604 FROM TRINETRA SOLAR EPC PVT LTD against inv INR 440645.00
BL-000536,AP-RT-2026-000555,matchable,2026-05-25,-43465100,NEFT DR UTIB0002233 900000033495 FROM NORTHLINE ROOFING PRODUCTS PVT LTD full and final IN
BL-000537,AP-RT-2026-000590,matchable,2026-05-25,-36871500,NEFT DR KKBK0000812 900000035221 FROM NORTHLINE ROOFING PRODUCTS PVT LTD amc renewal INR 3
BL-000538,AP-VB-2026-000554,matchable,2026-05-25,-9607700,UPI/HDFC0001234/496920198866/VB-2026-000554/merihar@okaxis/MERIDIAN HARDWARE NOI
BL-000539,SETL-setl_00000073,gateway_settlement,2026-05-25,4510158,RAZORPAY PAYMENTS GATEWAY SETTLEMENT setl_00000073 UTR 900000003663
BL-000540,SETL-setl_00000072,gateway_settlement,2026-05-25,8999098,RAZORPAY PAYMENTS GATEWAY SETTLEMENT setl_00000072 UTR 900000003586
BL-000541,AR-INV-2026-000342,matchable,2026-05-25,15095800,CHQ CLG TRINETRA P 
BL-000542,AR-INV-2026-000558,matchable,2026-05-25,19425700,INV-2026-000558 NEFT CR SBIN0000921 900000033686 FROM SURYAVANSH CATERING SERVICES COMPANY
BL-000543,AR-INV-2026-000662,matchable,2026-05-25,23743800,UPI/HDFC0001234/670213821456/anancon@okhdfcbank/ANANCON CONVEYANCES
BL-000544,AR-INV-2026-000514;AR-INV-2026-000627;AR-INV-2026-000701,matchable_lumpsum,2026-05-25,27176100,NEFT CR HDFC0001234 900000080627 FROM GOLDCREST WAREHOUSING PRIVATE LIMITED full and final
BL-000545,AR-INV-2026-000527,matchable_amount_mismatch,2026-05-25,41374200,UPI/HDFC0001234/604675279208/anancon@paytm/ANANT INFRA CONVEYANCES COMPANY
BL-000546,AR-INV-2026-000705,matchable,2026-05-25,44758800,UPI/HDFC0001234/523123655967/INV-2026-000705/orbidai@ybl/ORBITEX DAIRY FOODS P
BL-000547,AR-INV-2026-000278,matchable,2026-05-25,51238000,NEFT CR SBIN0000921 900000021101 FROM ASHCINI SOLAR EPC NAG milestone 2 INR 512380.00 INV-
BL-000548,AR-INV-2026-000308,matchable,2026-05-25,54754000,NEFT CR SBIN0000921 900000022326 FROM ASHWINI SOLAR EP freight charges INR 547540.00
BL-000549,AR-INV-2026-000676,matchable,2026-05-25,62215100,UPI/HDFC0001234/631479736511/orbidai@ybl/ORBITEX DAIRY FOODS PVT LTD/INV-2026-000676
BL-000550,AR-INV-2026-000525,matchable,2026-05-25,78505800,NEFT CR HDFC0001234 900000032192 FROM TRIVIDATA ROOFING invoice settlement INR 785058.00
BL-000551,AR-INV-2026-000466,matchable,2026-05-25,123495700,NEFT CR ICIC0000429 900000029538 FROM SURYPET CHEMICALS  material supply INR 1234957.00 IN
BL-000552,AP-VB-2026-000238,matchable,2026-05-26,-41014800,UPI/HDFC0001234/780830653471/ashwmac@paytm/ASHWINI MACHINE PARTS NOI
BL-000553,AP-VB-2026-000354,matchable,2026-05-26,-22415900,UPI/HDFC0001234/616068349962/VB-2026-000354/eversta@okhdfcbank/EVERSTONE STAFFING & CO
BL-000554,AP-VB-2026-000236,matchable,2026-05-26,-11928400,NEFT DR ICIC0000429 900000019151 FROM SHREE BALAJI ANALYTICS PRIVATE full and final INR 11
BL-000555,SETL-setl_00000074,gateway_settlement,2026-05-26,1879462,RAZORPAY PAYMENTS GATEWAY SETTLEMENT setl_00000074 UTR 900000003746
BL-000556,AR-INV-2026-000557,matchable,2026-05-26,13483000,NEFT CR KKBK0000812 900000033633 FROM SURYAVANSH PRINT SOLUTIONS & CO invoice settlement I
BL-000557,AR-INV-2026-000721,matchable,2026-05-26,13645400,NEFT CR HDFC0001234 900000040498 FROM PUSHPA METALS AGRI INPUTS PRIVATE LIMITED against in
BL-000558,AR-INV-2026-000714,matchable,2026-05-26,51382500,UPI/HDFC0001234/137780780074/merilab@okaxis/MERILAB SUPPLIES
BL-000559,AR-INV-2026-000605,matchable,2026-05-26,80381200,NEFT CR ICIC0000429 900000036158 FROM SURYAVANSH PRINT SOLUTIONS & CO freight charges INR 
BL-000560,AR-INV-2026-000289;AR-INV-2026-000391;AR-INV-2026-000549,matchable_lumpsum,2026-05-26,109781800,NEFT CR UTIB0002233 900000080549 FROM SURYAVANSH CATERING SERVICES COMPANY security deposi
BL-000561,AR-INV-2026-000460,matchable,2026-05-26,177531200,NEFT CR UTIB0002233 900000029301 FROM SURYAVANSH PETRO CHEMICALS & CO advance INR 1775312.
BL-000562,AP-VB-2026-000553,matchable,2026-05-27,-60253300,RTGS HDFC0001234 900000033417 VAISHNAVI PIPING SOLUTIONS PRIVHTE LIMITED INR 602533.00 adv
BL-000563,AP-RT-2026-000163,matchable,2026-05-27,-35547500,RT-2026-000163 NEFT DR SBIN0000921 900000015899 FROM GOLDCREST STEEL TRADE full and final 
BL-000564,AP-RT-2026-000371,matchable,2026-05-27,-24237200,UPI/HDFC0001234/759326157535/RT-2026-000371/bluecol@ybl/BLUEPEAK COLD C
BL-000565,,expected_unmatched_duplicate,2026-05-27,-24237200,UPI/HDFC0001234/759326157535/RT-2026-000371/bluecol@ybl/BLUEPEAK COLD C
BL-000566,AP-RT-2026-000161,matchable,2026-05-27,-20268600,RT-2026-000161 NEFT DR KKBK0000812 900000015871 FROM SHREE BALAJI TNA advance INR 202686.0
BL-000567,AP-VB-2026-000574,matchable,2026-05-27,-19764800,UPI/HDFC0001234/181786388598/merihar@okaxis/MERIDIAN HA /VB-2026-000574
BL-000568,AP-VB-2026-000485,matchable,2026-05-27,-15184100,CHQ CLG ORBITEX WAREHOUSING & CO 
BL-000569,AR-INV-2026-000515,matchable,2026-05-27,9286800,INV-2026-000515 CHQ CLG TRINETRA PIPING SOLUTIONS LLP INV-2026-000515
BL-000570,SETL-setl_00000075,gateway_settlement,2026-05-27,12016485,RAZORPAY PAYMENTS GATEWAY SETTLEMENT setl_00000075 UTR 900000003835
BL-000571,AR-INV-2026-000606,matchable,2026-05-27,18378100,NEFT CR SBIN0000921 900000036162 FROM TRIVIDATA ROOFING PRODUCTS NAG advance INR 183781.00
BL-000572,AR-INV-2026-000679,matchable,2026-05-27,23718400,CHQ CLG VEDIKA TEXTILES COMPANY 
BL-000573,AR-INV-2026-000382,matchable,2026-05-27,40791000,NEFT CR KKBK0000812 900000025642 FROM ANANT INFRA STAFFING HUB security deposit INR 407910
BL-000574,AR-INV-2026-000609,matchable,2026-05-27,75236600,NEFT CR ICIC0000429 900000036252 FROM ASHWINI INTERIORS & CO milestone 2 INR 752366.00
BL-000575,AR-INV-2026-000597,matchable,2026-05-27,114513100,RTGS SBIN0000921 900000035638 SHREE BALAJI HARD INR 1145131.00 part payment INV-2026-00059
BL-000576,AP-RT-2026-000295,matchable,2026-05-28,-68403100,NEFT DR HDFC0001234 900000021678 FROM PRAGATI FAB SERVICES LTD invoice settlement INR 6840
BL-000577,AP-RT-2026-000119,matchable,2026-05-28,-39043900,UPI/HDFC0001234/962196531744/ashwmac@ybl/ASHWINI MACHINE PARTS LTD
BL-000578,AP-RT-2026-000293,matchable,2026-05-28,-33085600,UPI/HDFC0001234/815536113810/ashwmac@paytm/ASHWINI MACHINE PARTS LTD/RT-2026-000293
BL-000579,AP-VB-2026-000357,matchable,2026-05-28,-27211500,UPI/HDFC0001234/928979089032/ashwmac@okaxis/ASHWICI MACHINE PARTS LTD/VB-2026-000357
BL-000580,AP-RT-2026-000852,matchable,2026-05-28,-26901000,CHQ CLG ANANT INFRA ELECTRICALS PRIVATE LIMITED 
BL-000581,AP-VB-2026-000296,matchable,2026-05-28,-13470300,UPI/HDFC0001234/125648142516/karmcat@okaxis/KARMAN CATERING SERVICES LLP/VB-2026-000296
BL-000582,SETL-setl_00000076,gateway_settlement,2026-05-28,14465748,RAZORPAY PAYMENTS GATEWAY SETTLEMENT setl_00000076 UTR 900000003899
BL-000583,AR-INV-2026-000179,matchable,2026-05-28,30081300,UPI/HDFC0001234/175436292105/everwat@ybl/EVERSTONE WATER TREATMENT COMPANY
BL-000584,AR-INV-2026-000344,matchable,2026-05-28,38094400,NEFT CR HDFC0001234 900000023854 FROM ASHWINI SOLAR EPC PVT LTD milestone 2 INR 380944.00 
BL-000585,AR-INV-2026-000583,matchable,2026-05-28,48967300,NEFT CR UTIB0002233 900000035011 FROM TRIVIDATA ROOFING PTODUCTS LLP invoice settlement IN
BL-000586,AR-INV-2026-000674,matchable,2026-05-28,156418000,NEFT CR KKBK0000812 900000038665 FROM TRIVIDATA ROOFING PRODUC material supply INR 1564180
BL-000587,AP-RT-2026-000686,matchable,2026-05-29,-72401400,NEFT DR SBIN0000921 900000039285 FROM EVERSTONE RECY  part payment INR 724014.00
BL-000588,AP-RT-2026-000222,matchable,2026-05-29,-61869300,NEFT DR HDFC0001234 900000018598 FROM GOLDCREST STEEL TRADERS COMPANY advance INR 618693.0
BL-000589,AP-RT-2026-000398,matchable,2026-05-29,-6634800,NEFT DR HDFC0001234 900000026216 FROM KARMAN PRINT SOLUTIONS LTD against inv INR 66348.00 
BL-000590,AR-INV-2026-000593,matchable,2026-05-29,5370400,NEFT CR SBIN0000921 900000035433 FROM SURYAVANSH PRINT SOLUTIONS & CO part payment INR 537
BL-000591,SETL-setl_00000077,gateway_settlement,2026-05-29,8765022,RAZORPAY PAYMENTS GATEWAY SETTLEMENT setl_00000077 UTR 900000003954
BL-000592,AR-INV-2026-000383,matchable,2026-05-29,27841700,NEFT CR SBIN0000921 900000025683 FROM NALANDA FAB SERVICES PRIVATE security deposit INR 27
BL-000593,AR-INV-2026-000702,matchable_amount_mismatch,2026-05-29,51805700,NEFT CR ICIC0000429 900000039840 FROM ASHWINI INTERIORS LTD amc renewal INR 518057.00 INV-
BL-000594,AR-INV-2026-000450,matchable,2026-05-29,124453600,NEFT CR ICIC0000429 900000028836 FROM VEDIKA FACILITY  full and final INR 1244536.00
BL-000595,AR-INV-2026-000691,matchable,2026-05-29,154750600,UPI/HDFC0001234/413456707259/merilab@ybl/MERIDIAN LAB SUPPLIES LLP
BL-000596,AR-INV-2026-000495,matchable,2026-05-29,600000000,INV-2026-000495 NEFT CR KKBK0000812 900000030855 FROM SURYAVANSH PETRO CHEMICALS NAG again
BL-000597,AP-RT-2026-000402,matchable,2026-05-30,-40930000,UPI/HDFC0001234/798872350912/eversta@okhdfcbank/EVERSTA STAFFING
BL-000598,,expected_unmatched_duplicate,2026-05-30,-40930000,UPI/HDFC0001234/798872350912/eversta@okhdfcbank/EVERSTA STAFFING
BL-000599,AP-VB-2026-000600,matchable,2026-05-30,-38717900,NEFT DR UTIB0002233 900000035829 FROM MERIDIAN POHYMERS PVT LTD amc renewal INR 387179.00 
BL-000600,SETL-setl_00000078,gateway_settlement,2026-05-30,14145828,RAZORPAY PAYMENTS GATEWAY SETTLEMENT setl_00000078 UTR 900000003984
BL-000601,AR-INV-2026-000328,matchable,2026-05-30,35682900,CHQ CLG TRINETRA PIPING SOLUTION 
BL-000602,AR-INV-2026-000671,matchable,2026-05-30,39544500,INV-2026-000671 NEFT CR ICIC0000429 900000038597 FROM ASHWINI INTERIORS & CO part payment 
BL-000603,AR-INV-2026-000858,matchable,2026-05-30,41467600,INV-2026-000858 NEFT CR ICIC0000429 900000045874 FROM ORBITEX PAPER MILLS PRIVATE LIMITED 
BL-000604,AR-INV-2026-000546,matchable,2026-05-30,83713800,UPI/HDFC0001234/150660792304/ashwcol@okaxis/ASHWCOL CHAIN /INV-2026-000546
BL-000605,AR-INV-2026-000540,matchable,2026-05-30,99190900,UPI/HDFC0001234/793298696729/INV-2026-000540/ashwcol@paytm/ASHWINI COLD CHAIN LTD
BL-000606,,expected_unmatched_duplicate,2026-05-30,99190900,UPI/HDFC0001234/793298696729/INV-2026-000540/ashwcol@paytm/ASHWINI COLD CHAIN LTD
BL-000607,AR-INV-2026-000785,matchable,2026-05-30,127862100,NEFT CR KKBK0000812 900000043167 FROM PUSHPA METALS AG full and final INR 1278621.00 INV-2
BL-000608,AR-INV-2026-000228,matchable,2026-05-30,130805100,NEFT CR UTIB0002233 900000018899 FROM NALANDA FAB SERVICES PRIVATE LIMITED freight charges
BL-000609,AR-INV-2026-000409,matchable,2026-05-30,158467200,NEFT CR UTIB0002233 900000026712 FROM ASHWINI SO full and final INR 1584672.00
BL-000610,AP-SALARY-202606-0,matchable,2026-06-01,-345000000,NEFT DR UTIB0002233 900000079743 FROM ACME INDUST material supply INR 3450000.00
BL-000611,AP-RT-2026-000269,matchable,2026-06-01,-179060000,NEFT DR KKBK0000812 900000020547 FROM GOLDCREST STEEL TRADERS COMPANY milestone 2 INR 1790
BL-000612,AP-VB-2026-000792,matchable,2026-06-01,-76889100,NEFT DR ICIC0000429 900000043355 FROM LOHIYA LOGISTICS LTD advance INR 768891.00
BL-000613,AP-RT-2026-000810,matchable,2026-06-01,-54089300,NEFT DR ICIC0000429 900000044168 FROM LOHIYA LOGISTICS LTD full and final INR 540893.00 RT
BL-000614,AP-RT-2026-000413,matchable,2026-06-01,-47954400,NEFT DR ICIC0000429 900000026975 FROM ZENITH ONE TEXTILES NAG amc renewal INR 479544.00 RT
BL-000615,AP-VB-2026-000752,matchable,2026-06-01,-42229400,NEFT DR SBIN0000921 900000041607 FROM LOHIYA LOGISTICS LTD material supply INR 422294.00 V
BL-000616,AP-RT-2026-000779,matchable,2026-06-01,-38604700,RT-2026-000779 NEFT DR KKBK0000812 900000042886 FROM LOHIYA LOGISTICS advance INR 386047.0
BL-000617,AP-VB-2026-000696,matchable,2026-06-01,-38012200,VB-2026-000696 RTGS KKBK0000812 900000039704 VAISHNAVI PIPI INR 380122.00 full and final
BL-000618,AP-VB-2026-000602,matchable,2026-06-01,-37012300,RTGS KKBK0000812 900000035924 VAISPIP QOLUTIONS INR 370123.00 full and final VB-2026-00060
BL-000619,AP-VB-2026-000771,matchable,2026-06-01,-31747700,VB-2026-000771 NEFT DR SBIN0000921 900000042474 FROM EVERREC RECYCLERS invoice settlement 
BL-000620,AP-RT-2026-000386,matchable,2026-06-01,-29425300,UPI/HDFC0001234/231263066214/eversta@okhdfcbank/EVERSTONE STAFFING/RT-2026-000386
BL-000621,AP-RT-2026-000729,matchable,2026-06-01,-20974900,RT-2026-000729 NEFT DR HDFC0001234 900000040919 FROM NORTHLINE ROOFING PRODUCTS RAJ amc re
BL-000622,AP-RT-2026-000435,matchable,2026-06-01,-18841300,RT-2026-000435 NEFT DR SBIN0000921 900000028057 FROM PRAGATI FAB SE amc renewal INR 188413
BL-000623,AR-INV-2026-000878,matchable,2026-06-01,2923700,NEFT CR HDFC0001234 900000046725 FROM GOLDCREST WAREHOUSING LLP milestone 2 INR 29237.00 I
BL-000624,SETL-setl_00000080,gateway_settlement,2026-06-01,7267420,RAZORPAY PAYMENTS GATEWAY SETTLEMENT setl_00000080 UTR 900000004105
BL-000625,AR-INV-2026-000920,matchable,2026-06-01,11593600,NEFT CR UTIB0002233 900000048924 FROM GOLDWAR WAREHOUSING full and final INR 115936.00
BL-000626,AR-INV-2026-000563,matchable,2026-06-01,13050600,INV-2026-000563 NEFT CR HDFC0001234 900000033895 FROM SURYAVANSH PRINT SOLUTIONS &VCO invo
BL-000627,AR-INV-2026-000406,matchable,2026-06-01,14483000,NEFT CR HDFC0001234 900000026541 FROM ANANT INFRA advance INR 144830.00 INV-2026-000406
BL-000628,SETL-setl_00000079,gateway_settlement,2026-06-01,14842036,RAZORPAY PAYMENTS GATEWAY SETTLEMENT setl_00000079 UTR 900000004052
BL-000629,AR-INV-2026-000214,matchable_amount_mismatch,2026-06-01,40139700,INV-2026-000214 NEFT CR KKBK0000812 900000018364 FROM GOLDCREST SECURITY SYSTEMS & CO invo
BL-000630,AR-INV-2026-000362,matchable,2026-06-01,50903700,INV-2026-000362 NEFT CR KKBK0000812 900000024738 FROM SAHYADRI POLYMERS JUB material suppl
BL-000631,AR-INV-2026-000281,matchable,2026-06-01,58717000,NEFT CR UTIB0002233 900000021159 FROM NALANDA FAB SERVICES PRIVATE LIMITED full and final 
BL-000632,AR-INV-2026-000443,matchable,2026-06-01,69759200,NEFT CR UTIB0002233 900000028385 FROM SAHYADRI POLYMERS PRIVATE LIMITED part payment INR 6
BL-000633,AR-INV-2026-000843,matchable,2026-06-01,81928300,UPI/HDFC0001234/556555201120/orbidai@okaxis/ORBITEX DAIR/INV-2026-000843
BL-000634,AR-INV-2026-000539,matchable,2026-06-01,90832000,UPI/HDFC0001234/703887686287/INV-2026-000539/ashwcol@ybl/ASHWINI COLD CHAIN LTD
BL-000635,AR-INV-2026-000577,matchable,2026-06-01,159341900,UPI/HDFC0001234/338831603670/ashwcol@okhdfcbank/ASHWINI CO
BL-000636,AR-INV-2026-000459,matchable,2026-06-01,204547100,NEFT CR HDFC0001234 900000029255 FROM ORBITEX PAC security deposit INR 2045471.00
BL-000637,AP-VB-2026-000660,matchable,2026-06-02,-84337300,NEFT DR ICIC0000429 900000038215 FROM TRINAGR INPUTS against inv INR 843373.00
BL-000638,AP-RT-2026-000813,matchable,2026-06-02,-49652700,RT-2026-000813 CHQ CLG ANANT INFRA ELECTRICALS GUW RT-2026-000813
BL-000639,AP-RT-2026-000330,matchable,2026-06-02,-38292900,RT-2026-000330 NEFT DR ICIC0000429 900000023175 FROM TRINETRA SOLAR EPC LLP freight charge
BL-000640,AP-RT-2026-000633,matchable,2026-06-02,-21992400,UPI/HDFC0001234/158769989481/RT-2026-000633/merihar@okhdfcbank/MERIDIAN HARDWARE
BL-000641,SETL-setl_00000081,gateway_settlement,2026-06-02,3718210,RAZORPAY PAYMENTS GATEWAY SETTLEMENT setl_00000081 UTR 900000004179
BL-000642,AR-INV-2026-000561,matchable,2026-06-02,25415000,RTGS HDFC0001234 900000033815 SHREHAR HARDWARE INR 254150.00 against inv
BL-000643,AR-INV-2026-000494,matchable_amount_mismatch,2026-06-02,28306900,NEFT CR SBIN0000921 900000030835 FROM NALANDA FAB SERVICES PRIVATE LIMITED amc renewal INR
BL-000644,AR-INV-2026-000536,matchable,2026-06-02,33955100,UPI/HDFC0001234/204789748974/INV-2026-000536/anancon@okhdfcbank/ANANT INFRA CONVEYANCES PV
BL-000645,AR-INV-2026-000283,matchable,2026-06-02,60321800,NEFT CR KKBK0000812 900000021278 FROM NALANDA FAB SERVICES PRIVATE LIMITED material supply
BL-000646,AR-INV-2026-000336,matchable,2026-06-02,83985600,INV-2026-000336 NEFT CR ICIC0000429 900000023454 FROM GOLDCREST SECURITY SYST amc renewal 
BL-000647,AR-INV-2026-000312,matchable,2026-06-02,88133900,NEFT CR ICIC0000429 900000022507 FROM GOLDCREST SECURITY material supply INR 881339.00 INV
BL-000648,AP-EMI-202606-0,matchable,2026-06-03,-125000000,NEFT DR HDFC0001234 900000079857 FROM STATE BANK EQUIP LONN  freight charges INR 1250000.0
BL-000649,AP-VB-2026-000241,matchable,2026-06-03,-54749900,NEFT DR HDFC0001234 900000019385 FROM TRINETRA S  advance INR 547499.00 VB-2026-000241
BL-000650,AP-VB-2026-000415,matchable,2026-06-03,-30502200,UPI/HDFC0001234/674103018292/ashwmac@ybl/ASHWINI MACHINE PARTS /VB-2026-000415
BL-000651,AR-INV-2026-000257,matchable,2026-06-03,9419300,UPI/HDFC0001234/979738924665/everwat@paytm/EVERSTONE WATER TREATMENT 
BL-000652,SETL-setl_00000082,gateway_settlement,2026-06-03,11624140,RAZORPAY PAYMENTS GATEWAY SETTLEMENT setl_00000082 UTR 900000004204
BL-000653,AR-INV-2026-000794,matchable,2026-06-03,21209400,UPI/HDFC0001234/614517794755/INV-2026-000794/nalarec@ybl/NALANDA RECYCLMRS LLP
BL-000654,AR-INV-2026-000704,matchable,2026-06-03,22632700,UPI/HDFC0001234/234476229770/anancon@paytm/ANANT INFRA CONVEYA
BL-000655,AR-INV-2026-000748,matchable,2026-06-03,67032000,UPI/HDFC0001234/831520407679/nalarec@okhdfcbank/NALANDA RECYCLERS LLP
BL-000656,AR-INV-2026-000793,matchable,2026-06-03,112919700,INV-2026-000793 NEFT CR ICIC0000429 900000043394 FROM ASHWINI INTERIOR against inv INR 112
BL-000657,AR-INV-2026-000480,matchable,2026-06-03,201645200,INV-2026-000480 NEFT CR KKBK0000812 900000030197 FROM ORBITEX PACKAGING RAJ full and final
BL-000658,AP-VB-2026-000830,matchable,2026-06-04,-40652000,NEFT DR ICIC0000429 900000044805 FROM LOHIYA LOG part payment INR 406520.00
BL-000659,AP-VB-2026-000776,matchable,2026-06-04,-36847600,CHQ CLG ANANT INFRA ELECTRICALS & CO 
BL-000660,AP-VB-2026-000340,matchable,2026-06-04,-6870800,UPI/HDFC0001234/639620136249/karmcat@ybl/KARMCAT SXRVICES
BL-000661,SETL-setl_00000083,gateway_settlement,2026-06-04,7389427,RAZORPAY PAYMENTS GATEWAY SETTLEMENT setl_00000083 UTR 900000004212
BL-000662,AR-INV-2026-000650,matchable,2026-06-04,12504900,NEFT CR HDFC0001234 900000037726 FROM SURYAVANSH PRINT SOLUTIONS & CO invoice settlement I
BL-000663,AR-INV-2026-000845,matchable,2026-06-04,69108300,NEFT CR SBIN0000921 900000045396 FROM ORBITEX PAPER M part payment INR 691083.00
BL-000664,AR-INV-2026-000642,matchable,2026-06-04,69439400,NEFT CR ICIC0000429 900000037537 FROM VEDIKA FACILITY MANAGEMENT & CO against inv INR 6943
BL-000665,AP-VB-2026-000592,matchable,2026-06-05,-79864200,VB-2026-000592 NEFT DR HDFC0001234 900000035353 FROM NORTHLINE ROOFING PRODUCT security de
BL-000666,AP-RT-2026-000224,matchable,2026-06-05,-57725100,RT-2026-000224 NEFT DR SBIN0000921 900000018696 FROM GOLDCREST STEEL TRADERS PRIVATE LIMIT
BL-000667,AP-VB-2026-000502,matchable,2026-06-05,-52892300,VB-2026-000502 NEFT DR KKBK0000812 900000031195 FROM KARMAN PRINT SOLUTIONS KOC amc renewa
BL-000668,AP-VB-2026-000636,matchable,2026-06-05,-34609600,UPI/HDFC0001234/102306023575/pragcon@okhdfcbank/PRAGATI CONVEYANCES PUN
BL-000669,AP-VB-2026-000621,matchable,2026-06-05,-30087900,NEFT DR UTIB0002233 900000036742 FROM KARMAN PRINT  amc renewal INR 300879.00 VB-2026-0006
BL-000670,AP-RT-2026-000699,matchable,2026-06-05,-18940400,CHQ CLG ORBITEX WAREHOUSING & CO 
BL-000671,AP-RT-2026-000434,matchable,2026-06-05,-11870600,NEFT DR KKBK0000812 900000027975 FROM SHREE BALAJI ANALYTICS PRIVATE LIMITED full and fina
BL-000672,SETL-setl_00000084,gateway_settlement,2026-06-05,10422697,RAZORPAY PAYMENTS GATEWAY SETTLEMENT setl_00000084 UTR 900000004242
BL-000673,AR-INV-2026-000645,matchable,2026-06-05,14835800,NEFT CR UTIB0002233 900000037630 FROM SURYAVANSH PETRO material supply INR 148358.00 INV-2
BL-000674,AR-INV-2026-000581,matchable,2026-06-05,23262700,RTGS HDFC0001234 900000034941 SHREE BALAJI HARDWARE LTD INR 232627.00 security deposit INV
BL-000675,AR-INV-2026-000849,matchable,2026-06-05,52720800,NEFT CR KKBK0000812 900000045474 FROM PUSQPA METALS AGRI full and final INR 527208.00
BL-000676,AR-INV-2026-000377,matchable,2026-06-05,103545500,NEFT CR HDFC0001234 900000025522 FROM GOLDCREST SECURITY SYSTEMS & CO part payment INR 103
BL-000677,AP-VB-2026-000404,matchable,2026-06-06,-83486700,NEFT DR SBIN0000921 900000026471 FROM KARMAN PRI part payment INR 834867.00
BL-000678,AP-RENT-202606-0,matchable,2026-06-06,-78000000,NEFT DR KKBK0000812 900000079776 FROM SKYLINE ESTATE security deposit INR 780000.00 RENT-2
BL-000679,AP-RT-2026-000448,matchable,2026-06-06,-56559400,NEFT DR UTIB0002233 900000028816 FROM PRAGATI FAB SE freight charges INR 565594.00 RT-2026
BL-000680,AP-RT-2026-000798,matchable,2026-06-06,-50646600,NEFT DR KKBK0000812 900000043608 FROM VRUNDAVAN INTERI freight charges INR 506466.00 RT-20
BL-000681,AP-VB-2026-000620,matchable,2026-06-06,-31044900,UPI/HDFC0001234/775923092767/eversta@okhdfcbank/EVERSTONE STAFFING & CO
BL-000682,AP-RT-2026-000682,matchable,2026-06-06,-7268200,RT-2026-000682 NEFT DR UTIB0002233 900000039090 FROM VRUNDAVAN INTERIORS PVT LTD part paym
BL-000683,SETL-setl_00000085,gateway_settlement,2026-06-06,10218494,RAZORPAY PAYMENTS GATEWAY SETTLEMENT setl_00000085 UTR 900000004255
BL-000684,AR-INV-2026-000385,matchable,2026-06-06,14530700,NEFT CR UTIB0002233 900000025735 FROM NALANDA FAB SERVICES LTD security deposit INR 145307
BL-000685,,expected_unmatched_duplicate,2026-06-06,14530700,NEFT CR UTIB0002233 900000025735 FROM NALANDA FAB SERVICES LTD security deposit INR 145307
BL-000686,AR-INV-2026-000421,matchable,2026-06-06,21496000,NEFT CR KKBK0000812 900000027275 FROM NALANDA FAB SE material supply INR 214960.00
BL-000687,AR-INV-2026-000479,matchable,2026-06-06,61755900,INV-2026-000479 NEFT CR HDFC0001234 900000030139 FROM ANANT INFRA ST material supply INR 6
BL-000688,AR-INV-2026-000411,matchable,2026-06-06,79195500,NEFT CR UTIB0002233 900000026855 FROM ASHWINI SOLAR EPC NAG security deposit INR 791955.00
BL-000689,AP-VB-2026-000891,matchable,2026-06-08,-38121900,NEFT DR HDFC0001234 900000047301 FROM LOHIYA LOGISTICS LTD milestone 2 INR 381219.00 VB-20
BL-000690,AP-RT-2026-000389,matchable,2026-06-08,-34606000,RT-2026-000389 NEFT DR ICIC0000429 900000025900 FROM TRINETRA SOLAR E amc renewal INR 3460
BL-000691,AP-RT-2026-000667,matchable,2026-06-08,-27571400,NEFT DR UTIB0002233 900000038407 FROM TRINAGR IN security deposit INR 275714.00 RT-2026-00
BL-000692,AP-RT-2026-000503,matchable,2026-06-08,-14904400,UPI/HDFC0001234/554621033767/ashwmac@okhdfcbank/ASHWINI MACHINE P
BL-000693,AP-RT-2026-000316,matchable,2026-06-08,-13670300,NEFT DR SBIN0000921 900000022686 FROM SHREANA AN against inv INR 136703.00 RT-2026-000316
BL-000694,AP-VB-2026-000341,matchable,2026-06-08,-10834100,NEFT DR ICIC0000429 900000023657 FROM SHREE BALAJI ANALYTICS PRIVATE LIMITED milestone 2 I
BL-000695,AP-RT-2026-000685,matchable,2026-06-08,-8473500,NEFT DR KKBK0000812 900000039212 FROM MERIDIAN POLYMERS & CO material supply INR 84735.00
BL-000696,SETL-setl_00000087,gateway_settlement,2026-06-08,1287090,RAZORPAY PAYMENTS GATEWAY SETTLEMENT setl_00000087 UTR 900000004317
BL-000697,SETL-setl_00000086,gateway_settlement,2026-06-08,22485362,RAZORPAY PAYMENTS GATEWAY SETTLEMENT setl_00000086 UTR 900000004295
BL-000698,AR-INV-2026-000314,matchable_amount_mismatch,2026-06-08,30120100,NEFT CR HDFC0001234 900000022587 FROM ASHWINI SOXAR EPC PVT LTD against inv INR 301201.00
BL-000699,AR-INV-2026-000626,matchable,2026-06-08,31363300,NEFT CR KKBK0000812 900000036911 FROM ASHWINI CABLE SYSTE advance INR 313633.00
BL-000700,AR-INV-2026-000247,matchable,2026-06-08,54612700,RTGS SBIN0000921 900000019697 SHREE BALAJI MACHINE PARTS & CO INR 546127.00 amc renewal
BL-000701,AR-INV-2026-000449,matchable,2026-06-08,59163000,NEFT CR HDFC0001234 900000028817 FROM ORBITEX PACKAGING PRIVATE LIMITED against inv INR 59
BL-000702,AR-INV-2026-000666,matchable,2026-06-08,59185200,INV-2026-000666 NEFT CR UTIB0002233 900000038339 FROM COPPERLEAF ELEC amc renewal INR 5918
BL-000703,AP-VB-2026-000680,matchable,2026-06-09,-29758200,CHQ CLG ORBITEX WAREHOUSTNG & CO 
BL-000704,SETL-setl_00000088,gateway_settlement,2026-06-09,5040531,RAZORPAY PAYMENTS GATEWAY SETTLEMENT setl_00000088 UTR 900000004330
BL-000705,AR-INV-2026-000508,matchable,2026-06-09,11710000,NEFT CR KKBK0000812 900000031523 FROM ANANT INFRA STAFFING P milestone 2 INR 117100.00 INV
BL-000706,AR-INV-2026-000436,matchable,2026-06-09,12173600,INV-2026-000436 NEFT CR ICIC0000429 900000028153 FROM NALANDA FAB SERVICES PRIVATE LIMITED
BL-000707,AR-INV-2026-000442,matchable,2026-06-09,23048200,NEFT CR SBIN0000921 900000028374 FROM NALANDA FAB SERVICES PRIVATE LIMITED invoice settlem
BL-000708,AR-INV-2026-000350,matchable,2026-06-09,33055700,NEFT CR SBIN0000921 900000024098 FROM ASHWINI SOLAR EPC P against inv INR 330557.00
BL-000709,AR-INV-2026-000910,matchable,2026-06-09,40946700,UPI/HDFC0001234/415582436641/INV-2026-000910/orbidai@okhdfcbank/ORBIDAI FOODS
BL-000710,AR-INV-2026-000454,matchable,2026-06-09,80504700,NEFT CR UTIB0002233 900000029003 FROM ANANT INFRA STAFFING milestone 2 INR 805047.00
BL-000711,AR-INV-2026-000571,matchable,2026-06-09,409186600,NEFT CR ICIC0000429 900000034448 FROM SAHYADRI P part payment INR 4091866.00
BL-000712,AP-VB-2026-000710,matchable_amount_mismatch,2026-06-10,-57479800,UPI/HDFC0001234/820212317556/eversta@okhdfcbank/EVERSTONE STAFFING & CO
BL-000713,AP-RT-2026-000551,matchable,2026-06-10,-44203600,RT-2026-000551 NEFT DR SBIN0000921 900000033308 FROM KARMAN PRINT SOLUTIONS & CO invoice s
BL-000714,AP-VB-2026-000809,matchable,2026-06-10,-17164100,CHQ CLG ANANT INFRA ELECTRICALS LTD VB-2026-000809
BL-000715,AP-VB-2026-000742,matchable,2026-06-10,-16695500,CHQ CLG ORBITEX WAREHOUSING COI 
BL-000716,AP-VB-2026-000873,matchable,2026-06-10,-9906100,RTGS UTIB0002233 900000046500 SUNDARA WATER TREATMENT LTD INR 99061.00 invoice settlement 
BL-000717,SETL-setl_00000089,gateway_settlement,2026-06-10,12955314,RAZORPAY PAYMENTS GATEWAY SETTLEMENT setl_00000089 UTR 900000004358
BL-000718,AR-INV-2026-000822,matchable,2026-06-10,17690000,UPI/HDFC0001234/560860304871/anancon@okaxis/ANANT INFRA CONVEYANCE
BL-000719,AR-INV-2026-000968,matchable_amount_mismatch,2026-06-10,28871900,UPI/HDFC0001234/919745437020/INV-2026-000968/orbidai@paytm/ORBITEX DAIRY FOODS PVT LTD
BL-000720,AR-INV-2026-000745,matchable,2026-06-10,29770400,NEFT CR SBIN0000921 900000041449 FROM SURYAVANSH PRINT SOLUTIONS LLP security deposit INR 
BL-000721,AR-INV-2026-000490,matchable_amount_mismatch,2026-06-10,50154400,INV-2026-000490 NEFT CR ICIC0000429 900000030636 FROM ANANT INFRA STAFFING HUB invoice set
BL-000722,AR-INV-2026-000706,matchable,2026-06-10,50460600,NEFT CR SBIN0000921 900000040028 FROM SURYAVANSH PETRO CHEMICALS & CO full and final INR 5
BL-000723,AR-INV-2026-000733,matchable,2026-06-10,77513000,NEFT CR KKBK0000812 900000041015 FROM TRIVIDATA ROOFING PROD security deposit INR 775130.0
BL-000724,AP-VB-2026-000657,matchable,2026-06-11,-29241900,UPI/HDFC0001234/699326875549/pragcon@paytm/PRAGATI CONVEYANCES PVT LTD
BL-000725,AP-RT-2026-000741,matchable,2026-06-11,-11996200,RT-2026-000741 NEFT DR KKBK0000812 900000041341 FROM MERIDIAN POLYMERS  freight charges IN
BL-000726,SETL-setl_00000090,gateway_settlement,2026-06-11,10215940,RAZORPAY PAYMENTS GATEWAY SETTLEMENT setl_00000090 UTR 900000004417
BL-000727,AR-INV-2026-000922,matchable,2026-06-11,66263500,UPI/HDFC0001234/298594245478/nalarec@ybl/NALALDA RECYCLE/INV-2026-000922
BL-000728,AR-INV-2026-000628;AR-INV-2026-000646;AR-INV-2026-000756,matchable_lumpsum,2026-06-11,80122800,NEFT CR UTIB0002233 900000080734 FROM ASHWINI CABLE SYSTEMS LLP amc renewal INR 801228.00
BL-000729,AR-INV-2026-000658,matchable,2026-06-11,198501300,NEFT CR UTIB0002233 900000038086 FROM SURYAVANSH PETRO CHEMICALS & CO amc renewal INR 1985
BL-000730,AP-VB-2026-000725,matchable,2026-06-12,-49327400,UPI/HDFC0001234/756698906383/merihar@okaxis/MERIDIAN HARDWARE
BL-000731,AP-RT-2026-000297,matchable,2026-06-12,-34576700,NEFT DR ICIC0000429 900000021692 FROM TRINETRA SOLAR EPC LTD part payment INR 345767.00 RT
BL-000732,AP-VB-2026-000684,matchable,2026-06-12,-31130600,NEFT DR UTIB0002233 900000039195 FROM TRINETRA AGRI INPUTS COMPANY invoice settlement INR 
BL-000733,,expected_unmatched_duplicate,2026-06-12,-31130600,NEFT DR UTIB0002233 900000039195 FROM TRINETRA AGRI INPUTS COMPANY invoice settlement INR 
BL-000734,AP-RT-2026-000652,matchable,2026-06-12,-30006400,UPI/HDFC0001234/440694542218/RT-2026-000652/bluecol@okaxis/BLUEPEAK COLD CHAIN PVT LTD
BL-000735,AP-RT-2026-000355,matchable,2026-06-12,-28110900,NEFT DR HDFC0001234 900000024371 FROM GOLDCREST STEEL TRADERS COMPANY invoice settlement I
BL-000736,AP-RT-2026-000552,matchable,2026-06-12,-27308600,UPI/HDFC0001234/773633079081/RT-2026-000552/eversta@okhdfcbank/EVYRSTONE S
BL-000737,AP-VB-2026-000727,matchable,2026-06-12,-8310000,NEFT DR SBIN0000921 900000040838 FROM MERIDIAN POLYMERSDLTD freight charges INR 83100.00
BL-000738,AP-VB-2026-000500,matchable,2026-06-12,-8044800,UPI/HDFC0001234/593156398327/VB-2026-000500/karmcat@ybl/KARMAN CATERING SERVICES & CO
BL-000739,SETL-setl_00000091,gateway_settlement,2026-06-12,9937562,RAZORPAY PAYMENTS GATEWAY SETTLEMENT setl_00000091 UTR 900000004483
BL-000740,AR-INV-2026-000912,matchable,2026-06-12,83821800,INV-2026-000912 NEFT CR UTIB0002233 900000048490 FROM PUSHPA METALS AGRI INPUTS PVT LTD mi
BL-000741,AR-INV-2026-000713;AR-INV-2026-000720;AR-INV-2026-000838,matchable_lumpsum,2026-06-12,114279200,"INV-2026-000713,INV-2026-000720,INV-2026-000838 NEFT CR HDFC0001234 900000080810 FROM GOLD"
BL-000742,AP-RT-2026-000585,matchable,2026-06-13,-35632300,CHQ CLG ORBITEX WAREHOUSING & CO 
BL-000743,AP-VB-2026-000634,matchable_amount_mismatch,2026-06-13,-23524400,UPI/HDFC0001234/442030737713/bluecol@okaxis/BLUECOL CH
BL-000744,SETL-setl_00000092,gateway_settlement,2026-06-13,6887844,RAZORPAY PAYMENTS GATEWAY SETTLEMENT setl_00000092 UTR 900000004488
BL-000745,AR-INV-2026-000408,matchable,2026-06-13,18632700,NEFT CR KKBK0000812 900000026648 FROM NALANDA FAB SERVI material supply INR 186327.00 INV-
BL-000746,AR-INV-2026-000757,matchable_amount_mismatch,2026-06-13,19793200,NEFT CR HDFC0001234 900000041761 FROM SAHYADRI POLYMERS PVT LTD freight charges INR 197932
BL-000747,AR-INV-2026-000765,matchable,2026-06-13,28251800,NEFT CR UTIB0002233 900000042293 FROM ASHWINI CABLE SYSTEMS LLP amc renewal INR 282518.00 
BL-000748,AR-INV-2026-000762,matchable,2026-06-13,41804900,INV-2026-000762 NEFT CR HDFC0001234 900000042120 FROM SURYAVANSH PRINT SOLUTIONS & CO mile
BL-000749,AR-INV-2026-000870,matchable,2026-06-13,54097500,CHQ CLG VEDIKA TEXTILES COMPANY INV-2026-000870
BL-000750,AP-VB-2026-000860,matchable,2026-06-15,-28891200,NEFT DR UTIB0002233 900000045942 FROM VRUNDAVAN INTERIORS PVT LTD amc renewal INR 288912.0
BL-000751,AP-RT-2026-000726,matchable,2026-06-15,-23100200,NEFT DR KKBK0000812 900000040745 FROM MERIDIAN POLYMERS invoice settlement INR 231002.00 R
BL-000752,AP-VB-2026-000904,matchable_amount_mismatch,2026-06-15,-22497800,VB-2026-000904 CHQ CLG ANANT INFRA EL VB-2026-000904
BL-000753,AP-VB-2026-001059,matchable,2026-06-15,-21351100,NEFT DR UTIB0002233 900000055043 FROM VRUNDAVAN INTERIORS  amc renewal INR 213511.00 VB-20
BL-000754,AP-RT-2026-000617,matchable,2026-06-15,-20015800,NEFT DR KKBK0000812 900000036548 FROM PRAGATI FAB SERVICES NTD part payment INR 200158.00 
BL-000755,AP-VB-2026-000521,matchable,2026-06-15,-19990100,NEFT DR UTIB0002233 900000032071 FROM KARMPRI SOLUTIONS freight charges INR 199901.00
BL-000756,AP-VB-2026-000576,matchable,2026-06-15,-15715400,VB-2026-000576 NEFT DR UTIB0002233 900000034625 FROM KARMAN PRINT SO milestone 2 INR 15715
BL-000757,AP-VB-2026-000474,matchable,2026-06-15,-10323200,UPI/HDFC0001234/238800366545/karmcat@ybl/KARMAN CATERING SERVICES LLP
BL-000758,SETL-setl_00000094,gateway_settlement,2026-06-15,1328612,RAZORPAY PAYMENTS GATEWAY SETTLEMENT setl_00000094 UTR 900000004598
BL-000759,SETL-setl_00000093,gateway_settlement,2026-06-15,10699976,RAZORPAY PAYMENTS GATEWAY SETTLEMENT setl_00000093 UTR 900000004518
BL-000760,AR-INV-2026-000426,matchable,2026-06-15,25256100,UPI/HDFC0001234/421614521043/everwat@ybl/EVERSTONE W
BL-000761,AR-INV-2026-000578,matchable,2026-06-15,37283500,NEFT CR ICIC0000429 900000034705 FROM COPPERLEAF ELECTRICALS PVT LTD against inv INR 37283
BL-000762,AR-INV-2026-000848,matchable,2026-06-15,50129200,INV-2026-000848 NEFT CR ICIC0000429 900000045449 FROM ASHWINI INTER  invoice settlement IN
BL-000763,AR-INV-2026-000716,matchable,2026-06-15,61219200,NEFT CR ICIC0000429 900000040365 FROM TRIVIDATA ROOFING PRODUCTS & CO amc renewal INR 6121
BL-000764,AR-INV-2026-000556,matchable,2026-06-15,102922800,RTGS ICIC0000429 900000033546 SHREE BALAJI HARDWARE PRIVATE  INR 1029228.00 full and final
BL-000765,AR-INV-2026-000735,matchable,2026-06-15,124249600,UPI/HDFC0001234/528485131467/ashwcol@ybl/ASHWINI COLD CHAIN LTD
BL-000766,AR-INV-2026-000643,matchable,2026-06-15,174955400,INV-2026-000643 NEFT CR ICIC0000429 900000037574 FROM ANANT INFRA STAFFING HUB against inv
BL-000767,AP-VB-2026-000839,matchable,2026-06-16,-58332600,NEFT DR KKBK0000812 900000045104 FROM TRINETRA AGRI INPUTS COMPANY invoice settlement INR 
BL-000768,SETL-setl_00000095,gateway_settlement,2026-06-16,480729,RAZORPAY PAYMENTS GATEWAY SETTLEMENT setl_00000095 UTR 900000004644
BL-000769,AR-INV-2026-000659,matchable,2026-06-16,6037600,INV-2026-000659 NEFT CR ICIC0000429 900000038156 FROM ANANT INFRA STAFFING HUB amc renewal
BL-000770,AR-INV-2026-000927,matchable,2026-06-16,27371100,NEFT CR UTIB0002233 900000049203 FROM GOLDCREST STEEL TRADERS COMPANY part payment INR 273
BL-000771,AR-INV-2026-000939,matchable,2026-06-16,41184200,UPI/HDFC0001234/293771375599/INV-2026-000939/orbidai@paytm/ORBITEX DAIRY FOODS PVT LTD
BL-000772,AR-INV-2026-001094,matchable,2026-06-16,86392800,UPI/HDFC0001234/581525925913/merilab@paytm/MERIDIAN LAB SU
BL-000773,AR-INV-2026-001003,matchable,2026-06-16,256627700,NEFT CR ICIC0000429 900000052702 FROM ORBITEX PAPER MILLS PVT LTD milestone 2 INR 2566277.
BL-000774,AP-RT-2026-000915,matchable,2026-06-17,-51624000,CHQ CLG ANANT INFRA ELECTRICAL RT-2026-000915
BL-000775,AP-RT-2026-000522,matchable,2026-06-17,-47145400,RT-2026-000522 NEFT DR KKBK0000812 900000032075 FROM PRAGATI FAB SERVICES PVT LTD freight 
BL-000776,AP-VB-2026-000772,matchable,2026-06-17,-37484600,NEFT DR KKBK0000812 900000042481 FROM PRAGATI FAB SEQVI freight charges INR 374846.00 VB-2
BL-000777,AP-RT-2026-000951,matchable,2026-06-17,-19198200,RTGS HDFC0001234 900000050341 SUNDARA WATER TREATMENT JAI INR 191982.00 against inv RT-202
BL-000778,AP-VB-2026-000507,matchable,2026-06-17,-14320900,NEFT DR UTIB0002233 900000031442 FROM SHREE BALAJI ANA advance INR 143209.00 VB-2026-00050
BL-000779,AP-VB-2026-000488,matchable,2026-06-17,-11806900,NEFT DR HDFC0001234 900000030601 FROM GOLDCREST STEEL TRADERS & CO full and final INR 1180
BL-000780,AP-RT-2026-000420,matchable,2026-06-17,-10026600,UPI/HDFC0001234/264456865403/RT-2026-000420/karmcat@paytm/KARMAN CATE
BL-000781,SETL-setl_00000096,gateway_settlement,2026-06-17,15302264,RAZORPAY PAYMENTS GATEWAY SETTLEMENT setl_00000096 UTR 900000004709
BL-000782,AR-INV-2026-000393,matchable,2026-06-17,25175000,UPI/HDFC0001234/385793413822/INV-2026-000393/everwat@ybl/EVERSTONE WATER TREATMENT COMPANY
BL-000783,AR-INV-2026-000462,matchable,2026-06-17,28000900,NEFT CR ICIC0000429 900000029455 FROM GOLDCREST SECURITY SYSTE invoice settlement INR 2800
BL-000784,AP-RT-2026-000489,matchable,2026-06-18,-99143000,NEFT DR KKBK0000812 900000030623 FROM SHREE BALAJI  against inv INR 991430.00 RT-2026-0004
BL-000785,AP-RT-2026-000759,matchable,2026-06-18,-38564100,NEFT DR ICIC0000429 900000041880 FROM PRAGATI FAB SERVICES & CO security deposit INR 38564
BL-000786,AP-RT-2026-000769,matchable,2026-06-18,-28360300,CHQ CLG ORBITEX WAREHOUSING & CO 
BL-000787,SETL-setl_00000097,gateway_settlement,2026-06-18,7713981,RAZORPAY PAYMENTS GATEWAY SETTLEMENT setl_00000097 UTR 900000004716
BL-000788,AR-INV-2026-001106,matchable,2026-06-18,15384600,NEFT CR HDFC0001234 900000057129 FROM GOLDCREST WAREH full and final INR 153846.00
BL-000789,AR-INV-2026-000746,matchable,2026-06-18,16204100,INV-2026-000746 NEFT CR KKBK0000812 900000041461 FROM ZENITH ONE LOGISTI milestone 2 INR 1
BL-000790,AR-INV-2026-000734,matchable,2026-06-18,17139800,UPI/HDFC0001234/591252908590/anancon@okaxis/ANANT INFRA 
BL-000791,AR-INV-2026-000604,matchable,2026-06-18,40553800,NEFT CR UTIB0002233 900000036079 FROM COPPERLEAF ELECTRI material supply INR 405538.00
BL-000792,AR-INV-2026-000648,matchable,2026-06-18,112932100,NEFT CR HDFC0001234 900000037666 FROM VEDIKA FACILITY MANAGEMENT & CO invoice settlement I
BL-000793,AR-INV-2026-000688,matchable_amount_mismatch,2026-06-18,147072000,INV-2026-000688 NEFT CR SBIN0000921 900000039373 FROM SAHYADRI POLYMERS freight charges IN
BL-000794,AP-VB-2026-000473,matchable,2026-06-19,-95296500,NEFT DR ICIC0000429 900000029844 FROM ZENITH ONE TEXTILES LLP security deposit INR 952965.
BL-000795,AP-VB-2026-000791,matchable_amount_mismatch,2026-06-19,-53225800,NEFT DR ICIC0000429 900000043309 FROM TRINETRA AGRI INPUTS advance INR 532258.00
BL-000796,AP-RT-2026-000862,matchable,2026-06-19,-39077900,UPI/HDFC0001234/267264215659/pragcon@paytm/PRAGATI CONVEYANCES PVT ETD/RT-2026-000862
BL-000797,AP-RT-2026-000929,matchable,2026-06-19,-31133500,RT-2026-000929 RTGS SBIN0000921 900000049233 SUNDARA WATER TREATMENT LTD INR 311335.00 mil
BL-000798,AP-VB-2026-000801,matchable_amount_mismatch,2026-06-19,-25806500,VB-2026-000801 NEFT DR HDFC0001234 900000043786 FROM PRAGATI FAB SERVICES NOI security dep
BL-000799,AP-RT-2026-000739,matchable,2026-06-19,-11597700,UPI/HDFC0001234/553439532137/ashwmac@okaxis/ASHWINI MACHINE PA
BL-000800,SETL-setl_00000098,gateway_settlement,2026-06-19,3029403,RAZORPAY PAYMENTS GATEWAY SETTLEMENT setl_00000098 UTR 900000004734
BL-000801,AR-INV-2026-000491,matchable,2026-06-19,45495100,UPI/HDFC0001234/864527677904/INV-2026-000491/everwat@okaxis/EVERWAT TREATMENT
BL-000802,AR-INV-2026-000612,matchable,2026-06-19,51927600,NEFT CR KKBK0000812 900000036365 FROM ORBITEX PACKAGING LTD part payment INR 519276.00
BL-000803,AR-INV-2026-001020,matchable,2026-06-19,52368500,RTGS KKBK0000812 900000053599 SAPTAGIRI ANALYTICS PRIVATE LIMITED INR 523685.00 invoice se
BL-000804,AR-INV-2026-000764,matchable,2026-06-19,54061900,INV-2026-000764 NEFT CR ICIC0000429 900000042287 FROM ASHWINI CAB milestone 2 INR 540619.0
BL-000805,AR-INV-2026-000816,matchable,2026-06-19,121999600,UPI/HDFC0001234/155291965662/INV-2026-000816/ashwcol@okhdfcbank/ASHWINI COLD CHAIN LTD
BL-000806,AP-RT-2026-000566,matchable_amount_mismatch,2026-06-20,-44314800,NEFT DR SBIN0000921 900000034095 FROM TRINETRA SOLAR security deposit INR 443148.00
BL-000807,AP-VB-2026-000916,matchable,2026-06-20,-24625700,NEFT DR SBIN0000921 900000048727 FROM VRUNINT INTERIORS milestone 2 INR 246257.00
BL-000808,SETL-setl_00000099,gateway_settlement,2026-06-20,9782206,RAZORPAY PAYMENTS GATEWAY SETTLEMENT setl_00000099 UTR 900000004736
BL-000809,AR-INV-2026-000824,matchable,2026-06-20,14575400,NEFT CR KKBK0000812 900000044656 FROM TRIVIDATA ROOFING PRODUC security deposit INR 145754
BL-000810,AR-INV-2026-000516,matchable,2026-06-20,18018100,UPI/HDFC0001234/110286668565/INV-2026-000516/everwat@okhdfcbank/EVERSTONE WATER TREATMENT 
BL-000811,AR-INV-2026-000773,matchable,2026-06-20,32433800,INV-2026-000773 NEFT CR SBIN0000921 900000042483 FROM VEDIKA FACJLITY M milestone 2 INR 32
BL-000812,AR-INV-2026-000894,matchable,2026-06-20,38960200,NEFT CR ICIC0000429 900000047522 FROM ASHWINI CABLE SYSTEMS LLP freight charges INR 389602
BL-000813,AP-RT-2026-000565,matchable,2026-06-22,-96355500,UPI/HDFC0001234/434756160278/ashwmac@ybl/ASHWINI MACHINE PARTS LTD
BL-000814,AP-RT-2026-000513,matchable_amount_mismatch,2026-06-22,-78261800,NEFT DR SBIN0000921 900000031683 FROM GOLDCREST STEEL TRADERS against inv INR 782618.00
BL-000815,AP-VB-2026-000509,matchable,2026-06-22,-68531800,UPI/HDFC0001234/376187255156/ashwmac@paytm/ASHWINI MACHINE PARTS LTD/VB-2026-000509
BL-000816,AP-VB-2026-000619,matchable,2026-06-22,-40268500,UPI/HDFC0001234/346386933707/eversta@okhdfcbank/EVERSTONE ST /VB-2026-000619
BL-000817,AP-VB-2026-000651,matchable_amount_mismatch,2026-06-22,-33265800,UPI/HDFC0001234/859565451834/ashwmac@paytm/ASHWINI MACHINE PAR
BL-000818,AP-RT-2026-000374,matchable_amount_mismatch,2026-06-22,-25337600,NEFT DR HDFC0001234 900000025367 FROM GOLDCREST STEEL TRADERS COMPANY security deposit INR
BL-000819,SETL-setl_00000101,gateway_settlement,2026-06-22,3226382,RAZORPAY PAYMENTS GATEWAY SETTLEMENT setl_00000101 UTR 900000004797
BL-000820,SETL-setl_00000100,gateway_settlement,2026-06-22,11764977,RAZORPAY PAYMENTS GATEWAY SETTLEMENT setl_00000100 UTR 900000004772
BL-000821,AR-INV-2026-000410,matchable,2026-06-22,24353600,RTGS SBIN0000921 900000026791 SHREE BALAJI MACHINE P INR 243536.00 part payment
BL-000822,AR-INV-2026-000885,matchable,2026-06-22,31305100,CHQ CLG VEDIKA TEXTILES COMPANY INV-2026-000885
BL-000823,AR-INV-2026-000834,matchable,2026-06-22,31724000,NEFT CR ICIC0000429 900000045003 FROM ASHWCAB SY  material supply INR 317240.00
BL-000824,AR-INV-2026-000717,matchable,2026-06-22,32464200,RTGS UTIB0002233 900000040439 SHREE BALAJI HARDW INR 324642.00 advance
BL-000825,AR-INV-2026-001088,matchable_amount_mismatch,2026-06-22,38456600,INV-2026-001088 NEFT CR HDFC0001234 900000056242 FROM ORBITEX PAPER MILLS PVT LTD full and
BL-000826,AR-INV-2026-000744,matchable_amount_mismatch,2026-06-22,43194300,INV-2026-000744 NEFT CR HDFC0001234 900000041412 FROM COPPERLEAF ELECTRICALS LTD against i
BL-000827,AR-INV-2026-001098,matchable,2026-06-22,51283400,RTGS UTIB0002233 900000056748 SAPTAGIRI ANA  INR 512834.00 advance INV-2026-001098
BL-000828,AR-INV-2026-000818,matchable,2026-06-22,51584100,NEFT CR KKBK0000812 900000044431 FROM SURYAVANSH PRINT SOLUTIONS & CO amc renewal INR 5158
BL-000829,AR-INV-2026-000819,matchable,2026-06-22,57322200,UPI/HDFC0001234/296225211137/ashwcol@okhdfcbank/ASHWCOL CHAIN /INV-2026-000819
BL-000830,AR-INV-2026-000595,matchable,2026-06-22,60317700,NEFT CR HDFC0001234 900000035568 FROM VEDIKA FACILITY MANAGEMENT NAG advance INR 603177.00
BL-000831,AR-INV-2026-001157,matchable,2026-06-22,65996100,RTGS HDFC0001234 900000059886 SAPTAGIRI ANALYTICS LTD INR 659961.00 advance INV-2026-00115
BL-000832,AR-INV-2026-000898,matchable,2026-06-22,81681200,NEFT CR UTIB0002233 900000047737 FROM GOLDCREST STEEL TRADERS COMPANY security deposit INR
BL-000833,AR-INV-2026-000463,matchable,2026-06-22,174476600,INV-2026-000463 NEFT CR HDFC0001234 900000029464 FROM ANANT PNFRA STAFFING PRIVATE LIMITED
BL-000834,AP-RT-2026-001082,matchable,2026-06-23,-52129900,RT-2026-001082 NEFT DR SBIN0000921 900000055936 FROM VRUNDAVAN INTERIORS NOI invoice settl
BL-000835,AP-VB-2026-000864,matchable,2026-06-23,-50832700,RTGS SBIN0000921 900000046113 VAISHNAVI PIPING SOLUTIONS LTD INR 508327.00 advance VB-2026
BL-000836,,expected_unmatched_duplicate,2026-06-23,-50832700,RTGS SBIN0000921 900000046113 VAISHNAVI PIPING SOLUTIONS LTD INR 508327.00 advance VB-2026
BL-000837,AP-RT-2026-000812,matchable,2026-06-23,-13774500,NEFT DR ICIC0000429 900000044189 FROM NORTHLINE ROOFING PRODUCTS PVT LTD milestone 2 INR 1
BL-000838,AP-VB-2026-000470,matchable,2026-06-23,-13104600,UPI/HDFC0001234/720887354864/VB-2026-000470/karmcat@ybl/KARMAN CATERING SERVICES LLP
BL-000839,AR-INV-2026-000535,matchable,2026-06-23,12139800,NEFT CR HDFC0001234 900000032583 FROM NALANDA FAB SERVICES PRIVATE LI against inv INR 1213
BL-000840,AR-INV-2026-001146,matchable_amount_mismatch,2026-06-23,22049800,NEFT CR HDFC0001234 900000059228 FROM GOLDCREST WAREHOUSING PRIVAT material supply INR 220
BL-000841,AR-INV-2026-001052,matchable,2026-06-23,43852900,UPI/HDFC0001234/826807648935/nalarec@paytm/NALANDA RECYCLERS LLP/INV-2026-001052
BL-000842,AR-INV-2026-000806,matchable,2026-06-23,49121500,INV-2026-000806 NEFT CR SBIN0000921 900000044045 FROM ORBIPAC PACKAGING  amc renewal INR 4
BL-000843,AR-INV-2026-000934,matchable_amount_mismatch,2026-06-23,52451600,INV-2026-000934 CHQ CLG VEDIKA TEXTILES PRIVATE LIMITED INV-2026-000934
BL-000844,AR-INV-2026-000630,matchable,2026-06-23,56214100,RTGS HDFC0001234 900000036983 SHREEFBALAJI INR 562141.00 milestone 2 INV-2026-000630
BL-000845,AP-RT-2026-000477,matchable,2026-06-24,-122903400,RT-2026-000477 NEFT DR UTIB0002233 900000030072 FROM GOLDCREST STEEL TRADERS CO invoice se
BL-000846,AP-VB-2026-000736,matchable,2026-06-24,-14215300,NEFT DR SBIN0000921 900000041145 FROM KARMAN PRINT SOLUTION against inv INR 142153.00
BL-000847,AR-INV-2026-000766,matchable,2026-06-24,9608900,CHQ CLG TRINPIP SOLUTIONS INV-2026-000766
BL-000848,SETL-setl_00000102,gateway_settlement,2026-06-24,17353943,RAZORPAY PAYMENTS GATEWAY SETTLEMENT setl_00000102 UTR 900000004850
BL-000849,AR-INV-2026-000786,matchable,2026-06-24,43016000,NEFT CR KKBK0000812 900000043177 FROM COPPERLEAF ELECTRICALS PVT LTD advance INR 430160.00
BL-000850,AR-INV-2026-000804,matchable,2026-06-24,154795500,NEFT CR UTIB0002233 900000043944 FROM SURYAVANSH PETRO CHEMICALS & CO full and final INR 1
BL-000851,AP-VB-2026-000803,matchable,2026-06-25,-88118500,UPI/HDFC0001234/435557273608/VB-2026-000803/pragcon@ybl/PRAGCON CONVEYANCES 
BL-000852,AP-RT-2026-000996,matchable,2026-06-25,-59869500,CHQ CLG ANANT INFRA ELECTRICALS 
BL-000853,AP-VB-2026-000863,matchable,2026-06-25,-54544300,VB-2026-000863 NEFT DR UTIB0002233 900000046058 FROM VRUNDAVAN INTERIOR  freight charges I
BL-000854,AP-VB-2026-000993,matchable,2026-06-25,-49831100,UPI/HDFC0001234/319916908399/pragcon@okhdfcbank/PRAGATI CONVEYANCE
BL-000855,AP-VB-2026-000795,matchable,2026-06-25,-35205200,NEFT DR KKBK0000812 900000043487 FROM TRINETRA AGRI INPUT freight charges INR 352052.00
BL-000856,AP-RT-2026-000569,matchable_amount_mismatch,2026-06-25,-31043900,NEFT DR KKBK0000812 900000034341 FROM GOLDCREST STEEL TRADERS COMPANY invoice settlement I
BL-000857,AP-VB-2026-000874,matchable,2026-06-25,-23782000,CHQ CLG ORBITEX WARE VB-2026-000874
BL-000858,AP-RT-2026-000893,matchable,2026-06-25,-21464200,UPI/HDFC0001234/534813549791/merihar@ybl/MERIDIAN HARDWARE /RT-2026-000893
BL-000859,AP-VB-2026-000728,matchable,2026-06-25,-18670200,NEFT DR ICIC0000429 900000040911 FROM PRAQATI FAB  advance INR 186702.00
BL-000860,AP-RT-2026-000683,matchable,2026-06-25,-17622900,RT-2026-000683 NEFT DR UTIB0002233 900000039162 FROM SHREE BALAJI ANALY amc renewal INR 17
BL-000861,AP-VB-2026-001058,matchable,2026-06-25,-14891000,VB-2026-001058 CHQ CLG ANANT INFRA ELECTRICALS PVT LTD VB-2026-001058
BL-000862,AP-RT-2026-000853,matchable_amount_mismatch,2026-06-25,-5660600,RT-2026-000853 NEFT DR UTIB0002233 900000045674 FROM MERIDIAN POLYM milestone 2 INR 56606.
BL-000863,SETL-setl_00000103,gateway_settlement,2026-06-25,11549580,RAZORPAY PAYMENTS GATEWAY SETTLEMENT setl_00000103 UTR 900000004939
BL-000864,AR-INV-2026-000872,matchable,2026-06-25,14531600,NEFT CR KKBK0000812 900000046463 FROM SURYAVANSH PRINT SOLUTIONS & CO milestone 2 INR 1453
BL-000865,AR-INV-2026-000703,matchable,2026-06-25,30593800,INV-2026-000703 CHQ CLG TRINETRA PIPING SOLUTIONS LLP INV-2026-000703
BL-000866,AR-INV-2026-001021,matchable_amount_mismatch,2026-06-25,149553100,NEFT CR SBIN0000921 900000053617 FROM GOLDCREST STEEL TRA part payment INR 1495531.00 INV-
BL-000867,AP-VB-2026-001017,matchable,2026-06-26,-95058000,NEFT DR UTIB0002233 900000053422 FROM LOHIYA LOGISTICS PUN against inv INR 950580.00
BL-000868,AP-RT-2026-000821,matchable,2026-06-26,-85184700,RT-2026-000821 RTGS UTIB0002233 900000044523 VAISHNAVI PIPING SOLUTIONS LLP INR 851847.00 
BL-000869,AR-INV-2026-001140,matchable_amount_mismatch,2026-06-26,4572800,NEFT CR HDFC0001234 900000058813 FROM GOLDCREST WAREHOUSING PR material supply INR 45728.0
BL-000870,SETL-setl_00000104,gateway_settlement,2026-06-26,7000434,RAZORPAY PAYMENTS GATEWAY SETTLEMENT setl_00000104 UTR 900000004975
BL-000871,AR-INV-2026-000755,matchable,2026-06-26,35605900,INV-2026-000755 NEFT CR ICIC0000429 900000041705 FROM SAHYADRI POLYMERS PVT LTD full and f
BL-000872,AR-INV-2026-000807,matchable,2026-06-26,38790600,NEFT CR UTIB0002233 900000044055 FROM SURYAVANSH PETRO CHEMICALS & CO amc renewal INR 3879
BL-000873,AR-INV-2026-000900,matchable,2026-06-26,69843200,NEFT CR HDFC0001234 900000047836 FROM TRIVIDATA ROOFING PRODUC security deposit INR 698432
BL-000874,AR-INV-2026-000835,matchable,2026-06-26,157175400,NEFT CR HDFC0001234 900000045045 FROM SURYPET CHEM amc renewal INR 1571754.00
BL-000875,AP-RT-2026-000570,matchable,2026-06-27,-96907000,NEFT DR HDFC0001234 900000034438 FROM TRINETRA SOLAR EPC LLP full and final INR 969070.00 
BL-000876,AP-RT-2026-001132,matchable,2026-06-27,-18294300,RT-2026-001132 CHQ CLG ANANT INFRA ELECTRICALS LTD RT-2026-001132
BL-000877,AR-INV-2026-000639,matchable,2026-06-27,10596800,INV-2026-000639 CHQ CLG TRINETRA PIPING INV-2026-000639
BL-000878,SETL-setl_00000105,gateway_settlement,2026-06-27,13258668,RAZORPAY PAYMENTS GATEWAY SETTLEMENT setl_00000105 UTR 900000005010
BL-000879,AR-INV-2026-000545,matchable,2026-06-27,37474100,INV-2026-000545 NEFT CR ICIC0000429 900000033083 FROM GOLDCREST SECURITY amc renewal INR 3
BL-000880,AR-INV-2026-000548,matchable,2026-06-27,43338800,NEFT CR SBIN0000921 900000033228 FROM ASHWINI SOLAR EPC PVTJLTD part payment INR 433388.00
BL-000881,AR-INV-2026-000823,matchable,2026-06-27,68340000,UPI/HDFC0001234/366907507100/ashwcol@ybl/ASHWINI COLD CHAIN COMPANY/INV-2026-000823
BL-000882,AR-INV-2026-000970;AR-INV-2026-000982;AR-INV-2026-001050,matchable_lumpsum,2026-06-27,221755800,"UPI/HDFC0001234/463703849643/orbidai@okaxis/ORBITEX DAIRY FOODS PVT LTD/INV-2026-000970,IN"
BL-000883,AP-VB-2026-000991,matchable,2026-06-29,-127736900,NEFT DR KKBK0000812 900000052222 FROM EVERSTONE RECYCLERS PUN security deposit INR 1277369
BL-000884,AP-RT-2026-000800,matchable,2026-06-29,-123823200,RT-2026-000800 NEFT DR KKBK0000812 900000043707 FROM PRAGATI FAB SERVICES LTD material sup
BL-000885,AP-RT-2026-001007,matchable,2026-06-29,-64422600,RT-2026-001007 NEFT DR HDFC0001234 900000052889 FROM VRUNDAVAN INTERIORS NOI material supp
BL-000886,AP-RT-2026-000901,matchable,2026-06-29,-56538700,UPI/HDFC0001234/912490579967/merihar@okaxis/MERIDIAN HARDWARE /RT-2026-000901
BL-000887,AP-RT-2026-000740,matchable,2026-06-29,-49371700,UPI/HDFC0001234/761558299089/eversta@okaxis/EVERSTONE STAF
BL-000888,AP-VB-2026-000589,matchable,2026-06-29,-45237700,VB-2026-000589 NEFT DR UTIB0002233 900000035190 FROM ZENITH ONE TEXTILES COMPANY security 
BL-000889,AP-RT-2026-000670,matchable,2026-06-29,-44916700,NEFT DR ICIC0000429 900000038576 FROM GOLDCREST STEEL TRADERS milestone 2 INR 449167.00 RT
BL-000890,AP-RT-2026-000796,matchable,2026-06-29,-31492000,UPI/HDFC0001234/875920563766/RT-2026-000796/eversta@okhdfcbank/EVERSTONE STAFF
BL-000891,AP-RT-2026-000544,matchable,2026-06-29,-28718500,NEFT DR SBIN0000921 900000032986 FROM TRINETRA SOLAR EPC CO amc renewal INR 287185.00
BL-000892,AP-RT-2026-000622,matchable,2026-06-29,-24608900,NEFT DR UTIB0002233 900000036751 FROM TRINETRA SOLAR EP full and final INR 246089.00 RT-20
BL-000893,AP-VB-2026-001137,matchable,2026-06-29,-24542100,CHQ CLG ANANT INFRA ELECTRICALS LTD 
BL-000894,AP-VB-2026-000907,matchable,2026-06-29,-23768300,NEFT DR SBIN0000921 900000048212 FROM TRINETRA AGRI INPUTS COMPANY freight charges INR 237
BL-000895,AP-VB-2026-000635,matchable_amount_mismatch,2026-06-29,-23401500,NEFT DR SBIN0000921 900000037186 FROM PRAGATI FAB advance INR 234015.00 VB-2026-000635
BL-000896,AP-VB-2026-000861,matchable,2026-06-29,-20165200,RTGS UTIB0002233 900000045974 VAISHNAVI PIPING SOLUTIONS PUN INR 201652.00 amc renewal VB-
BL-000897,AP-VB-2026-000840,matchable,2026-06-29,-11381300,UPI/HDFC0001234/889139435734/VB-2026-000840/bluecol@paytm/BLUEPEAK COLD
BL-000898,SETL-setl_00000107,gateway_settlement,2026-06-29,2209524,RAZORPAY PAYMENTS GATEWAY SETTLEMENT setl_00000107 UTR 900000005096
BL-000899,AR-INV-2026-000647,matchable_amount_mismatch,2026-06-29,14007200,NEFT CR HDFC0001234 900000037665 FROM GOLDCREST SECURITY SYSTEMS PRIVATE LIMITED milestone
BL-000900,AR-INV-2026-000613,matchable,2026-06-29,16067900,INV-2026-000613 CHQ CLG TRINETRA PIPING SOLUTION INV-2026-000613
BL-000901,AR-INV-2026-001114,matchable,2026-06-29,18558600,UPI/HDFC0001234/518216013015/merilab@okaxis/MERIDIAN LAB SUPPLIES PVT LTD
BL-000902,SETL-setl_00000106,gateway_settlement,2026-06-29,23382574,RAZORPAY PAYMENTS GATEWAY SETTLEMENT setl_00000106 UTR 900000005023
BL-000903,AR-INV-2026-000909,matchable,2026-06-29,27244800,NEFT CR HDFC0001234 900000048357 FROM SURYAVANSH PETR  material supply INR 272448.00
BL-000904,AR-INV-2026-000665,matchable,2026-06-29,29248400,INV-2026-000665 CHQ CLG TRINETRA PIPING SOLUTIONS LLP INV-2026-000665
BL-000905,AR-INV-2026-000763,matchable,2026-06-29,75302500,NEFT CR HDFC0001234 900000042215 FROM ORBITEX PACKALING PVT LTD material supply INR 753025
BL-000906,AR-INV-2026-000815,matchable,2026-06-29,106467600,NEFT CR SBIN0000921 900000044303 FROM VEDIKA FACILITY MANAGEMENT & CO invoice settlement I
BL-000907,AP-SALARY-202607-0,matchable,2026-06-30,-345000000,SALARY-202607 NEFT DR KKBK0000812 900000079894 FROM ACME INDUSTRIES PAY milestone 2 INR 34
BL-000908,AP-VB-2026-000811,matchable,2026-06-30,-126384600,NEFT DR KKBK0000812 900000044183 FROM PRAGATI FAB SERVICES LTD security deposit INR 126384
BL-000909,AP-RT-2026-000832,matchable,2026-06-30,-38514300,NEFT DR HDFC0001234 900000044896 FROM PRAGATI FAB SERVICES LTD material supply INR 385143.
BL-000910,AP-VB-2026-000760,matchable,2026-06-30,-13698900,UPI/HDFC0001234/809896195711/bluecol@paytm/BLUEPEAK COLD CHAIN KOC
BL-000911,AP-VB-2026-001016,matchable,2026-06-30,-4699600,CHQ CLG ANANT INFRA ELDCTRICALS LTD VB-2026-001016
BL-000912,SETL-setl_00000108,gateway_settlement,2026-06-30,2116913,RAZORPAY PAYMENTS GATEWAY SETTLEMENT setl_00000108 UTR 900000005139
BL-000913,AR-INV-2026-000584,matchable,2026-06-30,21543600,CHQ CLG TRINETRA PIPING SOLUTIONS LLP INV-2026-000584
BL-000914,AR-INV-2026-001118,matchable,2026-06-30,43820600,UPI/HDFC0001234/579065929531/INV-2026-001118/orbidai@paytm/ORBITEX DAIRY FOODS PVT LTD
BL-000915,AR-INV-2026-000784,matchable_amount_mismatch,2026-06-30,44050900,NEFT CR KKBK0000812 900000043087 FROM COPPERLEAF ELECTRICALS PVT LTD milestone 2 INR 44050
BL-000916,AR-INV-2026-000718,matchable,2026-06-30,92350400,NEFT CR HDFC0001234 900000040476 FROM ORBITEX PACKAGING PRIVATE LIMITED advance INR 923504
BL-000917,AR-INV-2026-000879,matchable,2026-06-30,131845900,UPI/HDFC0001234/909839843878/ashwcol@okhdfcbank/ASHWINI COLD CHAIN LTD
BL-000918,AR-INV-2026-000761,matchable,2026-06-30,329103500,RTGS HDFC0001234 900000042023 SHREE BALAJI HARDWARE PRIVATE LIMITED INR 3291035.00 full an
BL-000919,AP-RT-2026-000709,matchable_amount_mismatch,2026-07-01,-121587900,UPI/HDFC0001234/577224508323/ashwmac@paytm/ASHWINI MACHIN 
BL-000920,AP-VB-2026-000588,matchable,2026-07-01,-90234000,NEFT DR UTIB0002233 900000035177 FROM TRINETRA SOLAR EPC LLP part payment INR 902340.00
BL-000921,AP-VB-2026-001047,matchable,2026-07-01,-29630200,NEFT DR ICIC0000429 900000054691 FROM TRINETRA AGRI INPUTS FAR amc renewal INR 296302.00 V
BL-000922,AP-VB-2026-000738,matchable,2026-07-01,-25137600,VB-2026-000738 NEFT DR ICIC0000429 900000041219 FROM ZENITH ONE TEXTILES LLP material supp
BL-000923,AP-VB-2026-000906,matchable,2026-07-01,-19930500,CHQ CLG ORBITEX WAREHOUSING & CO 
BL-000924,AP-RT-2026-000591,matchable,2026-07-01,-17811100,NEFT DR HDFC0001234 900000035310 FROM SHREE BALAJI ANALYTICS COMPANY against inv INR 17811
BL-000925,AP-RT-2026-001122,matchable,2026-07-01,-16339700,RTGS KKBK0000812 900000057930 SUNDARA WATE  INR 163397.00 freight charges
BL-000926,AP-RT-2026-000512,matchable,2026-07-01,-16022400,NEFT DR KKBK0000812 900000031633 FROM GOLDCREST STEEL TRADE material supply INR 160224.00
BL-000927,AP-VB-2026-001123,matchable,2026-07-01,-15683700,VB-2026-001123 CHQ CLG ANANT INFRA ELECTRICALS LTD VB-2026-001123
BL-000928,SETL-setl_00000109,gateway_settlement,2026-07-01,14544713,RAZORPAY PAYMENTS GATEWAY SETTLEMENT setl_00000109 UTR 900000005218
BL-000929,AR-INV-2026-001073,matchable,2026-07-01,21314000,INV-2026-001073 NEFT CR ICIC0000429 900000055613 FROM GOLDCREST STEEL TRADERS JAI advance 
BL-000930,AR-INV-2026-001038,matchable,2026-07-01,45524500,NEFT CR SBIN0000921 900000054243 FROM TRIVIDATA ROOFING PRODUCTS PVT LTD invoice settlemen
BL-000931,AR-INV-2026-001062,matchable,2026-07-01,55341200,NEFT CR UTIB0002233 900000055183 FROM TRIVIDATA ROOFING PRODUCT against inv INR 553412.00 
BL-000932,AR-INV-2026-000925,matchable,2026-07-01,140437800,INV-2026-000925 NEFT CR HDFC0001234 900000049119 FROM TRIVIDATA ROOFING PRO part payment I
BL-000933,AP-VB-2026-000875,matchable,2026-07-02,-39451800,CHQ CLG ORBITEX WAREHOUSING LLP VB-2026-000875
BL-000934,AP-VB-2026-000973,matchable,2026-07-02,-21003300,NEFT DR SBIN0000921 900000051480 FROM MERIDIAN POLY material supply INR 210033.00 VB-2026-
BL-000935,AP-RT-2026-000587,matchable,2026-07-02,-12767400,NEFT DR SBIN0000921 900000035151 FROM GOLDCREST STEEL security deposit INR 127674.00
BL-000936,SETL-setl_00000110,gateway_settlement,2026-07-02,11602269,RAZORPAY PAYMENTS GATEWAY SETTLEMENT setl_00000110 UTR 900000005238
BL-000937,AR-INV-2026-001096,matchable,2026-07-02,42305900,CHQ CLG VEDIKA TEXTI 
BL-000938,AR-INV-2026-000908,matchable,2026-07-02,89242400,INV-2026-000908 NEFT CR SBIN0000921 900000048276 FROM SURYAVANSH PETRO CHEMICALS & CO agai
BL-000939,AP-EMI-202607-0,matchable,2026-07-03,-125000000,EMI-202607 NEFT DR UTIB0002233 900000079906 FROM STATE BANK EQUIP LOAN  part payment INR 1
BL-000940,AP-RT-2026-000758,matchable,2026-07-03,-42024500,RT-2026-000758 NEFT DR HDFC0001234 900000041817 FROM ZENITH ONE TEXTILES LLP invoice settl
BL-000941,AP-RT-2026-000903,matchable,2026-07-03,-29491100,NEFT DR ICIC0000429 900000048012 FROM TRINETRA AGRI INPUTS COMPANY part payment INR 294911
BL-000942,AP-VB-2026-000533,matchable,2026-07-03,-25023700,VB-2026-000533 NEFT DR HDFC0001234 900000032517 FROM GOLDEREST STEEL TRADERS COMPANY advan
BL-000943,AP-VB-2026-000519,matchable,2026-07-03,-6974300,UPI/HDFC0001234/133489093558/ashwmac@okhdfcbank/ASHWINI MAOHINE PARTS LTD/VB-2026-000519
BL-000944,AR-INV-2026-001296,matchable,2026-07-03,11540500,NEFT CR SBIN0000921 900000066102 FROM GOLDCREST WARE  against inv INR 115405.00
BL-000945,SETL-setl_00000111,gateway_settlement,2026-07-03,12349965,RAZORPAY PAYMENTS GATEWAY SETTLEMENT setl_00000111 UTR 900000005257
BL-000946,AR-INV-2026-000781,matchable,2026-07-03,12470500,CHQ CLG TRINETRA P 
BL-000947,AR-INV-2026-000944,matchable,2026-07-03,15146100,INV-2026-000944 NEFT CR ICIC0000429 900000050007 FROM ASHWINI INTERIORS & CO part payment 
BL-000948,AR-INV-2026-000985,matchable,2026-07-03,26343700,UPI/HDFC0001234/787071590087/anancon@ybl/ANANT INFRA CONVEYA
BL-000949,AR-INV-2026-000693,matchable_amount_mismatch,2026-07-03,38244400,NEFT CR KKBK0000812 900000039568 FROM GOLDCREST SECURITY SYSTEMS & CO milestone 2 INR 3824
BL-000950,AR-INV-2026-000924,matchable,2026-07-03,43217700,NEFT CR KKBK0000812 900000049114 FROM SURYAVANSH PRINT SOLUTIONS & CO full and final INR 4
BL-000951,AR-INV-2026-001164,matchable,2026-07-03,50708000,UPI/HDFC0001234/230097726886/orbidai@ybl/ORBITEX DAIRY FOODS PVT LTD
BL-000952,AR-INV-2026-000677,matchable,2026-07-03,67209300,INV-2026-000677 NEFT CR HDFC0001234 900000038838 FROM ASHWINI SOLAR EPC PVT LTD freight ch
BL-000953,AP-RT-2026-000777,matchable,2026-07-04,-123796200,NEFT DR ICIC0000429 900000042754 FROM PRAGATI FAB SERVICES LTD advance INR 1237962.00 RT-2
BL-000954,AP-RT-2026-001060,matchable,2026-07-04,-17478600,NEFT DR KKBK0000812 900000055070 FROM VRUNDAVAN INTERIORS WVT LTD milestone 2 INR 174786.0
BL-000955,AP-RT-2026-000724,matchable,2026-07-04,-11506700,UPI/HDFC0001234/906983640992/karmcat@paytm/KARMCAT SERVICES
BL-000956,AP-RT-2026-000616,matchable,2026-07-04,-11411900,NEFT DR ICIC0000429 900000036485 FROM GOLDCREST STEEL TRADERS PRIVATE  advance INR 114119.
BL-000957,AR-INV-2026-000847,matchable,2026-07-04,9688200,NEFT CR UTIB0002233 900000045409 FROM SURYAVANSH CATERING SERVIC invoice settlement INR 96
BL-000958,SETL-setl_00000112,gateway_settlement,2026-07-04,12144845,RAZORPAY PAYMENTS GATEWAY SETTLEMENT setl_00000112 UTR 900000005294
BL-000959,AR-INV-2026-000942,matchable,2026-07-04,31553900,NEFT CR KKBK0000812 900000049841 FROM TRIVIDATA ROOFING PRODUCTS PVT LTD security deposit 
BL-000960,AR-INV-2026-000808,matchable,2026-07-04,64733000,CHQ CLG TRINETRA PIPING SOLUTIONS LLP INV-2026-000808
BL-000961,AR-INV-2026-001298,matchable,2026-07-04,81201300,UPI/HDFC0001234/355336760737/orbidai@ybl/ORBIDAI FO
BL-000962,AR-INV-2026-000857,matchable,2026-07-04,84540800,RTGS UTIB0002233 900000045865 SHREE BALAJI HARDWARE PRIVATE LIMITED INR 845408.00 advance 
BL-000963,AR-INV-2026-000928,matchable,2026-07-04,94134400,UPI/HDFC0001234/785812958779/ashwcol@okhdfcbank/ASHWINI COLD CHAIN NOI/INV-2026-000928
BL-000964,AR-INV-2026-001051,matchable,2026-07-04,182968200,UPI/HDFC0001234/104833553896/nalarec@okaxis/NALANDA RE
BL-000965,AP-GST-202607,matchable,2026-07-06,-313818800,NEFT DR UTIB0002233 900000079986 FROM INCOME TAX GST DEPOSITS security deposit INR 3138188
BL-000966,AP-VB-2026-001173,matchable,2026-07-06,-129185000,VB-2026-001173 NEFT DR HDFC0001234 900000060826 FROM LOHIYA LOGISTI advance INR 1291850.00
BL-000967,AP-RENT-202607-0,matchable,2026-07-06,-78000000,NEFT DR UTIB0002233 900000079903 FROM SKYLINE LTD  against inv INR 780000.00 RENT-202607
BL-000968,AP-VB-2026-000700,matchable,2026-07-06,-61027400,UPI/HDFC0001234/861981366806/ashwmac@okaxis/ASHWINI MACHINE P/VB-2026-000700
BL-000969,AP-RT-2026-000946,matchable,2026-07-06,-37201900,UPI/HDFC0001234/641770548029/RT-2026-000946/merihar@ybl/MERIDIAN HARDWARE PRIVATE LIMITED
BL-000970,AP-VB-2026-000750,matchable,2026-07-06,-26159600,NEFT DR HDFC0001234 900000041506 FROM TRINETRA SOLAR EPC GUW against inv INR 261596.00
BL-000971,AP-VB-2026-000768,matchable,2026-07-06,-14960000,UPI/HDFC0001234/945145913714/VB-2026-000768/ashwmac@okaxis/ASHWINI MACHINE PARTS LTD
BL-000972,AP-RT-2026-000681,matchable,2026-07-06,-14631300,UPI/HDFC0001234/445614532966/RT-2026-000681/karmcat@paytm/KARMAN CATERING SERVICES LLP
BL-000973,AP-RT-2026-000886,matchable,2026-07-06,-13307900,RT-2026-000886 NEFT DR SBIN0000921 900000046965 FROM NORTHLINE ROOJING PRODUCTS PVT LTD se
BL-000974,AR-INV-2026-001334,matchable,2026-07-06,2520600,NEFT CR KKBK0000812 900000067891 FROM GOLDCREST WAREHOUSING COMPANY security deposit INR 2
BL-000975,SETL-setl_00000114,gateway_settlement,2026-07-06,5023692,RAZORPAY PAYMENTS GATEWAY SETTLEMENT setl_00000114 UTR 900000005444
BL-000976,AR-INV-2026-000940,matchable,2026-07-06,6689100,UPI/HDFC0001234/269682529516/anancon@ybl/ANANT INFRA CONVEYANCES PVT LTD
BL-000977,SETL-setl_00000113,gateway_settlement,2026-07-06,9523340,RAZORPAY PAYMENTS GATEWAY SETTLEMENT setl_00000113 UTR 900000005365
BL-000978,AR-INV-2026-000918,matchable,2026-07-06,22242500,INV-2026-000918 NEFT CR SBIN0000921 900000048799 FROM ASHWINI CABLE full and final INR 222
BL-000979,AR-INV-2026-000990,matchable,2026-07-06,24060400,UPI/HDFC0001234/508266002966/ashwcol@okaxis/ASHWINI COLD CHAIN C/INV-2026-000990
BL-000980,AR-INV-2026-001208,matchable,2026-07-06,87296300,NEFT CR SBIN0000921 900000062278 FROM PUSHAGR INPUTS material supply INR 872963.00
BL-000981,AR-INV-2026-000911,matchable,2026-07-06,91472700,NEFT CR HDFC0001234 900000048399 FROM TRIVIDATA ROOFING PRODUCTS PRIVATE LIMITED material 
BL-000982,AR-INV-2026-000690,matchable,2026-07-06,99237400,NEFT CR ICIC0000429 900000039422 FROM GOLDCREST SECURITY against inv INR 992374.00 INV-202
BL-000983,AR-INV-2026-001125,matchable,2026-07-06,128728000,NEFT CR ICIC0000429 900000058049 FROM ASHWINI INTE  full and final INR 1287280.00
BL-000984,AR-INV-2026-000919,matchable,2026-07-06,140560900,NEFT CR HDFC0001234 900000048839 FROM VEDIKA FACILITY MANAGEMENT & CO amc renewal INR 1405
BL-000985,AR-INV-2026-000936,matchable,2026-07-06,144454700,UPI/HDFC0001234/977295995849/ashwcol@ybl/ASHWINI COLD CHAIN LTD
BL-000986,AR-INV-2026-000856,matchable,2026-07-06,163301900,RTGS UTIB0002233 900000045776 SHREE BALAJI HARDWARE PRI INR 1633019.00 part payment
BL-000987,AR-INV-2026-001282,matchable,2026-07-06,279667600,INV-2026-001282 NEFT CR SBIN0000921 900000065394 FROM ORBITEX PAPER MILLS PVT LTD mileston
BL-000988,AR-INV-2026-000983,matchable,2026-07-06,308893200,UPI/HDFC0001234/890754643214/INV-2026-000983/ashwcol@ybl/ASHWINI COLD CHAI
BL-000989,AP-VB-2026-000890,matchable,2026-07-07,-55186300,NEFT DR SBIN0000921 900000047228 FROM TRINETRA AGRI INPUTS FAR invoice settlement INR 5518
BL-000990,AP-VB-2026-000828,matchable,2026-07-07,-37365400,NEFT DR ICIC0000429 900000044755 FROM SHREE BALAJIXANALYTICS NOI advance INR 373654.00 VB-
BL-000991,AP-RT-2026-000661,matchable,2026-07-07,-31142300,NEFT DR SBIN0000921 900000038217 FROM TRINETRA SOLAR EPC GUW security deposit INR 311423.0
BL-000992,AP-VB-2026-000965,matchable,2026-07-07,-30042800,CHQ CLG ORBITEX WA 
BL-000993,AP-RT-2026-001006,matchable,2026-07-07,-28783600,UPI/HDFC0001234/450200628535/pragcon@paytm/PRAGATI CONVEYANCES PVT LTD/RT-2026-001006
BL-000994,AP-VB-2026-000575,matchable,2026-07-07,-8943900,VB-2026-000575 NEFT DR ICIC0000429 900000034570 FROM GOLDCREST STEEL  material supply INR 
BL-000995,SETL-setl_00000115,gateway_settlement,2026-07-07,550069,RAZORPAY PAYMENTS GATEWAY SETTLEMENT setl_00000115 UTR 900000005463
BL-000996,AP-RT-2026-000963,matchable,2026-07-08,-59061200,RT-2026-000963 RTGS KKBK0000812 900000051143 VAISHNAVI PIPING SO INR 590612.00 security de
BL-000997,AP-VB-2026-001043,matchable,2026-07-08,-55782500,NEFT DR KKBK0000812 900000054493 FROM NORTALINE ROO milestone 2 INR 557825.00 VB-2026-0010
BL-000998,AP-RT-2026-000520,matchable,2026-07-08,-38021500,NEFT DR HDFC0001234 900000031974 FROM ZENITH ONE TEXTILES PRIVATE LIMITED invoice settleme
BL-000999,AP-VB-2026-000892,matchable,2026-07-08,-34467400,VB-2026-000892 NEFT DR UTIB0002233 900000047390 FROM NORTHLINE ROOFING PRODUCTS LLP agains
BL-001000,AP-VB-2026-000623,matchable,2026-07-08,-14005700,VB-2026-000623 NEFT DR HDFC0001234 900000036784 FROM GOLDCREST STEEL TRADERS COMPANY secur
BL-001001,SETL-setl_00000116,gateway_settlement,2026-07-08,13653541,RAZORPAY PAYMENTS GATEWAY SETTLEMENT setl_00000116 UTR 900000005508
BL-001002,AR-INV-2026-001149,matchable,2026-07-08,37973100,INV-2026-001149 NEFT CR SBIN0000921 900000059429 FROM GOLDCREST STEEL TRADZRS COMPANY invo
BL-001003,AR-INV-2026-000895,matchable,2026-07-08,48491000,UPI/HDFC0001234/743170254677/INV-2026-000895/anancon@paytm/ANANT INFRA CONVEYANCES PVT LTD
BL-001004,AR-INV-2026-000866,matchable,2026-07-08,51845700,INV-2026-000866 NEFT CR KKBK0000812 900000046175 FROM ORBITEX PACKAGING COMPANY material s
BL-001005,AR-INV-2026-001238,matchable,2026-07-08,62754900,INV-2026-001238 NEFT CR ICIC0000429 900000063445 FROM ORBITEX PAPER MILLS PVT LTD material
BL-001006,AR-INV-2026-001274,matchable,2026-07-08,100389000,UPI/HDFC0001234/609920859630/INV-2026-001274/orbidai@paytm/ORBITEX DAIRY 
BL-001007,AR-INV-2026-000825,matchable,2026-07-08,238285800,NEFT CR ICIC0000429 900000044665 FROM ORBITEX PACKAGING PRIVATE LIMITED against inv INR 23
BL-001008,AP-RT-2026-001070,matchable,2026-07-09,-32461000,NEFT DR KKBK0000812 900000055528 FROM TRINETRA AGRI IN security deposit INR 324610.00 RT-2
BL-001009,AP-RT-2026-000618,matchable,2026-07-09,-24065200,NEFT DR HDFC0001234 900000036600 FROM GOJDCREST STEEL TRADERS NAG advance INR 240652.00 RT
BL-001010,AP-RT-2026-000708,matchable,2026-07-09,-24043000,NEFT DR ICIC0000429 900000040085 FROM GOLDCREST STEEL TRADERS COMPANY milestone 2 INR 2404
BL-001011,,expected_unmatched_duplicate,2026-07-09,-24043000,NEFT DR ICIC0000429 900000040085 FROM GOLDCREST STEEL TRADERS COMPANY milestone 2 INR 2404
BL-001012,AP-VB-2026-001009,matchable_amount_mismatch,2026-07-09,-15652100,VB-2026-001009 CHQ CLG ORBITEX WAREHOUSING PVT LTD VB-2026-001009
BL-001013,AP-VB-2026-000976,matchable,2026-07-09,-13840400,UPI/HDFC0001234/591273309032/merihar@okhdfcbank/MERICIAN HARDWARE PRIVATE LIMITED/VB-2026-
BL-001014,SETL-setl_00000117,gateway_settlement,2026-07-09,9231239,RAZORPAY PAYMENTS GATEWAY SETTLEMENT setl_00000117 UTR 900000005522
BL-001015,AR-INV-2026-000841,matchable,2026-07-09,18180400,CHQ CLG TRINETRA PIPING SOLUTIONS LLP INV-2026-000841
BL-001016,AR-INV-2026-000882,matchable,2026-07-09,19584700,UPI/HDFC0001234/310008789622/anancon@ybl/ANANT INFRA CONVEYANCES JAI/INV-2026-000882
BL-001017,AR-INV-2026-001209,matchable,2026-07-09,21259800,NEFT CR KKBK0000812 900000062352 FROM PUSHAGR INPUTS  milestone 2 INR 212598.00 INV-2026-0
BL-001018,,expected_unmatched_duplicate,2026-07-09,21259800,NEFT CR KKBK0000812 900000062352 FROM PUSHAGR INPUTS  milestone 2 INR 212598.00 INV-2026-0
BL-001019,AR-INV-2026-001290,matchable,2026-07-09,22404900,RTGS SBIN0000921 900000065713 SAPTAGIRI ANALYTICS LTD INR 224049.00 amc renewal
BL-001020,AR-INV-2026-001183,matchable,2026-07-09,49371300,NEFT CR KKBK0000812 900000061260 FROM GOLDCREST STEEL TRA against inv INR 493713.00 INV-20
BL-001021,AR-INV-2026-001311,matchable,2026-07-09,51303100,INV-2026-001311 RTGS ICIC0000429 900000066861 SAPTAGIRI ANA INR 513031.00 amc renewal
BL-001022,AP-RT-2026-001042,matchable_amount_mismatch,2026-07-10,-65824000,NEFT DR UTIB0002233 900000054423 FROM TRINETRA AGRI INPUTS COMPANY against inv INR 658240.
BL-001023,AP-VB-2026-001186,matchable,2026-07-10,-19017200,RTGS SBIN0000921 900000061381 SUNDWAT TREATMENT  INR 190172.00 freight charges
BL-001024,AR-INV-2026-001105,matchable,2026-07-10,3617100,NEFT CR HDFC0001234 900000057085 FROM SURYAVANSH CATER full and final INR 36171.00
BL-001025,SETL-setl_00000118,gateway_settlement,2026-07-10,5080654,RAZORPAY PAYMENTS GATEWAY SETTLEMENT setl_00000118 UTR 900000005619
BL-001026,AR-INV-2026-001002,matchable_amount_mismatch,2026-07-10,34291300,UPI/HDFC0001234/475518988949/INV-2026-001002/ashwcol@okaxis/ASHWINI COLD CHAIN LTD
BL-001027,AR-INV-2026-001005,matchable,2026-07-10,39250500,NEFT CR KKBK0000812 900000052742 FROM ASHWINI CAB  security deposit INR 392505.00 INV-2026
BL-001028,AR-INV-2026-000981,matchable,2026-07-10,50808000,NEFT CR SBIN0000921 900000051817 FROM VEDIKA FACILITY MANAGEMENT LLP milestone 2 INR 50808
BL-001029,AR-INV-2026-001244,matchable,2026-07-10,64560600,NEFT CR HDFC0001234 900000063793 FROM ASHWINI INTERI  security deposit INR 645606.00 INV-2
BL-001030,AR-INV-2026-000689,matchable,2026-07-10,86425300,INV-2026-000689 NEFT CR KKBK0000812 900000039415 FROM NALANDA FAB SERVICES PRIVATE LIMITED
BL-001031,AR-INV-2026-001217,matchable,2026-07-10,112150200,UPI/HDFC0001234/355835201774/nalarec@paytm/NALAREC RECYCLERS
BL-001032,AR-INV-2026-001035;AR-INV-2026-001124;AR-INV-2026-001204,matchable_lumpsum,2026-07-10,124198800,NEFT CR ICIC0000429 900000081040 FROM PUSHAGR INPUTS  material supply INR 1241988.00 INV-2
BL-001033,AP-RT-2026-000668,matchable,2026-07-11,-41755900,NEFT DR KKBK0000812 900000038453 FROM SHREE BALAJI part payment INR 417559.00
BL-001034,AP-VB-2026-000712,matchable,2026-07-11,-31786800,VB-2026-000712 NEFT DR SBIN0000921 900000040256 FROM TRINETRA SOLAR EPC LLP against inv IN
BL-001035,AP-VB-2026-000799,matchable,2026-07-11,-22312600,VB-2026-000799 NEFT DR SBIN0000921 900000043669 FROM ZENITH ONE TEXTILES LLP material supp
BL-001036,AP-RT-2026-000770,matchable,2026-07-11,-20058000,UPI/HDFC0001234/563569801572/RT-2026-000770/ashwmac@paytm/ASQWINI MACHINE 
BL-001037,AP-VB-2026-000749,matchable,2026-07-11,-15985300,UPI/HDFC0001234/878055719424/karmcat@paytm/KARMAN CATERONG SERVICES FAR/VB-2026-000749
BL-001038,SETL-setl_00000119,gateway_settlement,2026-07-11,13648226,RAZORPAY PAYMENTS GATEWAY SETTLEMENT setl_00000119 UTR 900000005647
BL-001039,AR-INV-2026-000774,matchable,2026-07-11,164157500,NEFT CR ICIC0000429 900000042534 FROM ORBITEX PACKA material supply INR 1641575.00
BL-001040,AP-RT-2026-001150,matchable,2026-07-13,-114734800,NEFT DR SBIN0000921 900000059446 FROM EVERSTONE RE  security deposit INR 1147348.00 RT-202
BL-001041,AP-VB-2026-001029,matchable_amount_mismatch,2026-07-13,-77879300,RTGS SBIN0000921 900000053914 VAISHNAVI PIPING INR 778793.00 against inv VB-2026-001029
BL-001042,AP-VB-2026-000938,matchable,2026-07-13,-47446900,UPI/HDFC0001234/231328660378/bluecol@okhdfcbank/BLUEPEAK COLD C
BL-001043,AP-RT-2026-001031,matchable,2026-07-13,-44090700,NEFT DR UTIB0002233 900000054007 FROM NORTHLINE ROOFING PRODUCTS RAJ advance INR 440907.00
BL-001044,AP-VB-2026-001138,matchable,2026-07-13,-42779500,UPI/HDFC0001234/249464960234/pragcon@paytm/PRAGATI CONVEYANCES PVT LTD/VB-2026-001138
BL-001045,AP-RT-2026-001019,matchable,2026-07-13,-37756400,NEFT DR ICIC0000429 900000053537 FROM TRINETRA AGRI INPUTS COMPANY part payment INR 377564
BL-001046,AP-VB-2026-000876,matchable,2026-07-13,-36289300,NEFT DR HDFC0001234 900000046662 FROM KARMAN PRINT SOLUTIONS LTD full and final INR 362893
BL-001047,AP-RT-2026-000737,matchable,2026-07-13,-32027200,NEFT DR SBIN0000921 900000041175 FROM SHREE BALAJI ANALYTICS PR against inv INR 320272.00
BL-001048,AP-VB-2026-000975,matchable,2026-07-13,-26582900,UPI/HDFC0001234/910157703935/VB-2026-000975/pragcon@okaxis/PRAGATI CONVEYANCES
BL-001049,,expected_unmatched_duplicate,2026-07-13,-26582900,UPI/HDFC0001234/910157703935/VB-2026-000975/pragcon@okaxis/PRAGATI CONVEYANCES
BL-001050,AP-VB-2026-001072,matchable,2026-07-13,-19768400,VB-2026-001072 CHQ CLG ORBITEX WAREHOUS VB-2026-001072
BL-001051,AP-VB-2026-000730,matchable,2026-07-13,-19097500,UPI/HDFC0001234/185575955379/eversta@ybl/EVERSTONE STAFF/VB-2026-000730
BL-001052,AP-VB-2026-000932,matchable,2026-07-13,-12093600,UPI/HDFC0001234/251872532368/bluecol@ybl/BLUEOEAK COLD CHAIN/VB-2026-000932
BL-001053,AP-RT-2026-000931,matchable,2026-07-13,-11023800,UPI/HDFC0001234/761791295608/bluecol@okhdfcbank/BLUEPEAK COLD CHA/RT-2026-000931
BL-001054,SETL-setl_00000121,gateway_settlement,2026-07-13,1999066,RAZORPAY PAYMENTS GATEWAY SETTLEMENT setl_00000121 UTR 900000005659
BL-001055,SETL-setl_00000120,gateway_settlement,2026-07-13,13784553,RAZORPAY PAYMENTS GATEWAY SETTLEMENT setl_00000120 UTR 900000005658
BL-001056,AR-INV-2026-000923,matchable,2026-07-13,15738400,UPI/HDFC0001234/581394438918/anancon@ybl/ANANT INFRA CONVEKANCES PVT LTD
BL-001057,AR-INV-2026-000805,matchable,2026-07-13,23407000,NEFT CR KKBK0000812 900000044038 FROM NALANDA FAB SERVICES COMPANY full and final INR 2340
BL-001058,AR-INV-2026-000999,matchable,2026-07-13,29070900,NEFT CR HDFC0001234 900000052534 FROM ASHWCAB SLSTEMS part payment INR 290709.00
BL-001059,AR-INV-2026-000814,matchable_amount_mismatch,2026-07-13,55163300,NEFT CR KKBK0000812 900000044302 FROM GOLDCREST SECURITY SYSTEMS & CO security deposit INR
BL-001060,AR-INV-2026-000958,matchable,2026-07-13,56095300,NEFT CR ICIC0000429 900000050847 FROM COPPERLEAF ELECTRICALS PVT LTD milestone 2 INR 56095
BL-001061,AR-INV-2026-000935,matchable,2026-07-13,60032800,NEFT CR SBIN0000921 900000049470 FROM SAHYADRI POLYMERS  freight charges INR 600328.00 INV
BL-001062,AR-INV-2026-001202,matchable,2026-07-13,66289000,INV-2026-001202 NEFT CR ICIC0000429 900000061984 FROM GOLDCREST STE freight charges INR 66
BL-001063,AR-INV-2026-001129,matchable,2026-07-13,79641600,INV-2026-001129 NEFT CR KKBK0000812 900000058301 FROM ASHWINI INTERIORS & CO invoice settl
BL-001064,AR-INV-2026-001180,matchable,2026-07-13,104775400,UPI/HDFC0001234/348464749499/INV-2026-001180/nalarec@okaxis/NALANDA RECYCL
BL-001065,AR-INV-2026-001141,matchable,2026-07-13,135207700,NEFT CR ICIC0000429 900000058864 FROM GOLDCREST STEEL TRADERS P amc renewal INR 1352077.00
BL-001066,AR-INV-2026-001189,matchable,2026-07-13,143796200,UPI/HDFC0001234/477214381761/merilab@ybl/MERIDIAN LA/INV-2026-001189
BL-001067,AR-INV-2026-000754,matchable,2026-07-13,149215700,INV-2026-000754 NEFT CR KKBK0000812 900000041663 FROM GOLDCREST SECU part payment INR 1492
BL-001068,AR-INV-2026-001366,matchable,2026-07-13,224530000,NEFT CR KKBK0000812 900000069166 FROM ORBITEX PAPER full and final INR 2245300.00
BL-001069,AP-RT-2026-001027,matchable,2026-07-14,-131055800,RTGS ICIC0000429 900000053874 VAISHNAVI PIPING SOLUTIONS LTD INR 1310558.00 part payment
BL-001070,AP-VB-2026-000905,matchable,2026-07-14,-86436300,NEFT DR KKBK0000812 900000048079 FROM NORTHLINE ROOFING PRODUCTS PVT LTD milestone 2 INR 8
BL-001071,AP-RT-2026-001213,matchable,2026-07-14,-55849100,NEFT DR KKBK0000812 900000062542 FROM EVERSTONE RECYCLERS & CO full and final INR 558491.0
BL-001072,AP-RT-2026-000731,matchable,2026-07-14,-35794000,NEFT DR UTIB0002233 900000040967 FROM GOLDCREST STEEL TRADERS COMPANY against inv INR 3579
BL-001073,AP-VB-2026-001199,matchable,2026-07-14,-15232200,RTGS KKBK0000812 900000061904 SUNDARA WATER TREATMENT LTD INR 152322.00 freight charges VB
BL-001074,SETL-setl_00000122,gateway_settlement,2026-07-14,665759,RAZORPAY PAYMENTS GATEWAY SETTLEMENT setl_00000122 UTR 900000005715
BL-001075,AR-INV-2026-000867,matchable,2026-07-14,16169200,INV-2026-000867 NEFT CR ICIC0000429 900000046183 FROM NALANDA FAB SERVICES PUN milestone 2
BL-001076,AR-INV-2026-001182,matchable,2026-07-14,24855000,CHQ CLG VEDIKA TEXTILES COMPANY INV-2026-001182
BL-001077,AR-INV-2026-001277,matchable,2026-07-14,25796700,UPI/HDFC0001234/917623190386/merilab@okaxis/MERIDIAN LAB 
BL-001078,AR-INV-2026-000998,matchable,2026-07-14,86312500,NEFT CR KKBK0000812 900000052465 FROM SURYAVANSH invoice settlement INR 863125.00
BL-001079,AP-RT-2026-000790,matchable,2026-07-15,-144511400,NEFT DR UTIB0002233 900000043265 FROM PRAGFAB SERVICES milestone 2 INR 1445114.00 RT-2026-
BL-001080,AP-VB-2026-001102,matchable,2026-07-15,-124697600,VB-2026-001102 NEFT DR HDFC0001234 900000056924 FROM NORTHLINE ROOFIN against inv INR 1246
BL-001081,AP-RT-2026-000743,matchable,2026-07-15,-56795100,RT-2026-000743 NEFT DR UTIB0002233 900000041369 FROM TRINETRA SOLAR EPC LLP material suppl
BL-001082,AP-VB-2026-001224,matchable,2026-07-15,-25160500,VB-2026-001224 NEFT DR KKBK0000812 900000062877 FROM EVERSTONE RECYCLEOS & CO part payment
BL-001083,AP-VB-2026-000723,matchable,2026-07-15,-23243200,VB-2026-000723 NEFT DR HDFC0001234 900000040579 FROM SHREE BALAJI  amc renewal INR 232432.
BL-001084,SETL-setl_00000123,gateway_settlement,2026-07-15,17126256,RAZORPAY PAYMENTS GATEWAY SETTLEMENT setl_00000123 UTR 900000005762
BL-001085,AR-INV-2026-000865,matchable,2026-07-15,24681700,NEFT CR ICIC0000429 900000046170 FROM ORBITEX PACKAGING PR milestone 2 INR 246817.00 INV-2
BL-001086,AR-INV-2026-001012,matchable_amount_mismatch,2026-07-15,26531600,NEFT CR HDFC0001234 900000053160 FROM VEDIKA FACILITY MANAGEMENT & CO part payment INR 265
BL-001087,AR-INV-2026-001255,matchable,2026-07-15,117048300,UPI/HDFC0001234/395102902794/nalarec@okaxis/NALANDA RECYCLERS LLP
BL-001088,AR-INV-2026-000883,matchable,2026-07-15,151867900,NEFT CR HDFC0001234 900000046925 FROM SAHYADRI POLYMERS HUB full and final INR 1518679.00 
BL-001089,AP-VB-2026-001271,matchable_amount_mismatch,2026-07-16,-65111800,NEFT DR HDFC0001234 900000064846 FROM LOHIYA LOGISTICS LTD part payment INR 651118.00
BL-001090,AP-RT-2026-001268,matchable,2026-07-16,-58690400,CHQ CLG ANANT INFRA JLECTRICALS GUW 
BL-001091,AP-RT-2026-001153,matchable,2026-07-16,-50161400,RT-2026-001153 RTGS UTIB0002233 900000059680 VAKSHNAVI PIPING SOLUTIONS LTD INR 501614.00 
BL-001092,AP-RT-2026-001069,matchable,2026-07-16,-16290500,RT-2026-001069 NEFT DR SBIN0000921 900000055476 FROM NORTHLINE ROOFING PRODUCTS PVT LTD fu
BL-001093,AR-INV-2026-001279,matchable,2026-07-16,7952400,UPI/HDFC0001234/767303847662/INV-2026-001279/anancon@paytm/ANANT INFRA CONVEYANCE
BL-001094,SETL-setl_00000124,gateway_settlement,2026-07-16,8536050,RAZORPAY PAYMENTS GATEWAY SETTLEMENT setl_00000124 UTR 900000005784
BL-001095,AR-INV-2026-001024,matchable,2026-07-16,70364000,NEFT CR UTIB0002233 900000053709 FROM SURYAVANSH PETRO CHEMICALS NAG freight charges INR 7
BL-001096,AR-INV-2026-001220,matchable,2026-07-16,100115100,UPI/HDFC0001234/471521388106/INV-2026-001220/nalarec@okhdfcbank/NALANDA RECYCLIRS
BL-001097,AR-INV-2026-001013,matchable,2026-07-16,139568900,INV-2026-001013 NEFT CR SBIN0000921 900000053172 FROM VEDIKA FACILITY MANAGEMENT & CO invo
BL-001098,AR-INV-2026-001023;AR-INV-2026-001066;AR-INV-2026-001093,matchable_lumpsum,2026-07-16,143578600,NEFT CR KKBK0000812 900000080961 FROM VEDIFAC MANAGEMENT part payment INR 1435786.00
BL-001099,AP-VB-2026-000707,matchable,2026-07-17,-47774700,VB-2026-000707 NEFT DR SBIN0000921 900000040056 FROM GOLDCREST STEEL TRADERS NAG milestone
BL-001100,AP-VB-2026-000829,matchable,2026-07-17,-35802500,VB-2026-000829 NEFT DR KKBK0000812 900000044788 FROM SHHEE BALAJI ANALYTICS COMPANY agains
BL-001101,AP-RT-2026-001136,matchable,2026-07-17,-33560600,RTGS UTIB0002233 900000058628 VAISHNAVI PIPING INR 335606.00 advance
BL-001102,AP-RT-2026-000751,matchable,2026-07-17,-32562400,RT-2026-000751 NEFT DR SBIN0000921 900000041554 FROM GOLDCREST STEEL TRADERS LLP invoice s
BL-001103,AP-VB-2026-001305,matchable,2026-07-17,-28628400,VB-2026-001305 NEFT DR UTIB0002233 900000066658 FROM LOHIYA LOGISTICS PUN invoice settleme
BL-001104,AP-VB-2026-001089,matchable,2026-07-17,-28432700,NEFT DR ICIC0000429 900000056253 FROM TRINETRAHAGRI INPUTS COMPANY amc renewal INR 284327.
BL-001105,AP-RT-2026-000854,matchable,2026-07-17,-14655300,UPI/HDFC0001234/286432370852/RT-2026-000854/karmcat@ybl/KARMAN CATERIN
BL-001106,AP-VB-2026-000820,matchable,2026-07-17,-11270900,UPI/HDFC0001234/198150422778/karmcat@okhdfcbank/KARMAN CATERING SERV
BL-001107,SETL-setl_00000125,gateway_settlement,2026-07-17,11040360,RAZORPAY PAYMENTS GATEWAY SETTLEMENT setl_00000125 UTR 900000005834
BL-001108,AR-INV-2026-001240,matchable,2026-07-17,17978000,UPI/HDFC0001234/327038714320/nalarec@okhdfcbank/NALANDA RECYCLERS /INV-2026-001240
BL-001109,AR-INV-2026-001299,matchable,2026-07-17,45474700,UPI/HDFC0001234/206650164830/nalarec@ybl/NALANDA RE/INV-2026-001299
BL-001110,,expected_unmatched_duplicate,2026-07-17,45474700,UPI/HDFC0001234/206650164830/nalarec@ybl/NALANDA RE/INV-2026-001299
BL-001111,AR-INV-2026-000921,matchable,2026-07-17,93615600,NEFT CR SBIN0000921 900000049002 FROM ASHWINI SOLAR EPV PVT LTD invoice settlement INR 936
BL-001112,AP-VB-2026-000833,matchable,2026-07-18,-97227600,UPI/HDFC0001234/810515289198/ashwmac@paytm/ASHWINI MACHINE PARTS LTD
BL-001113,AP-RT-2026-000778,matchable,2026-07-18,-35128100,NEFT DR SBIN0000921 900000042833 FROM SHREE BALAJI ANALYTICS NOI invoice settlement INR 35
BL-001114,AP-VB-2026-000767,matchable,2026-07-18,-24150000,VB-2026-000767 NEFT DR HDFC0001234 900000042324 FROM ZENITH ONE TEXTILES LLP advance INR 2
BL-001115,AP-VB-2026-001175,matchable,2026-07-18,-22566900,NEFT DR HDFC0001234 900000060859 FROM NORTHLINE ROOFING PRODUCTS PRIVATE LIMITED amc renew
BL-001116,AP-VB-2026-001046,matchable,2026-07-18,-20163900,UPI/HDFC0001234/146933847317/bluecol@paytm/BLUEPEAK COLD CHAIN PVT LTD/VB-2026-001046
BL-001117,AP-VB-2026-000888,matchable,2026-07-18,-14786200,UPI/HDFC0001234/819249880531/eversta@ybl/EVERSTONE STAFFING JAI
BL-001118,SETL-setl_00000126,gateway_settlement,2026-07-18,9561403,RAZORPAY PAYMENTS GATEWAY SETTLEMENT setl_00000126 UTR 900000005842
BL-001119,AR-INV-2026-000972,matchable,2026-07-18,22166600,NEFT CR KKBK0000812 900000051462 FROM ASHWCAB SYSTEMS  against inv INR 221666.00
BL-001120,AR-INV-2026-001075,matchable_amount_mismatch,2026-07-18,34039800,UPI/HDFC0001234/194734820565/INV-2026-001075/anancon@okhdfcbank/ANANT INFRA CONVEYAN
BL-001121,AR-INV-2026-001241,matchable,2026-07-18,45598900,CHQ CLG VEDIKA TEXTILES COMPANY INV-2026-001241
BL-001122,,expected_unmatched_duplicate,2026-07-18,45598900,CHQ CLG VEDIKA TEXTILES COMPANY INV-2026-001241
BL-001123,AR-INV-2026-000817,matchable,2026-07-18,46289400,NEFT CR HDFC0001234 900000044394 FROM NALANDA FAB SERVICES LTD invoice settlement INR 4628
BL-001124,AR-INV-2026-001253,matchable,2026-07-18,65067100,UPI/HDFC0001234/553569409309/nalarec@ybl/NALAREC RECYCLERS
BL-001125,AR-INV-2026-001368,matchable,2026-07-18,81673100,RTGS KKBK0000812 900000069238 SAPTANA ANALYTICS INR 816731.00 freight charges
BL-001126,AR-INV-2026-001377,matchable,2026-07-18,105802200,RTGS SBIN0000921 900000069487 SAKTANA ANALYTICS INR 1058022.00 full and final INV-2026-001
BL-001127,AR-INV-2026-000881,matchable,2026-07-18,106340500,NEFT CR UTIB0002233 900000046785 FROM ASHWINI SOLAR EPC PVT LTD part payment INR 1063405.0
BL-001128,AR-INV-2026-000850,matchable,2026-07-18,111824400,NEFT CR SBIN0000921 900000045478 FROM NALANDA FAB SERVICES PRIVATE LIMITED amc renewal INR
BL-001129,AP-VB-2026-001352,matchable,2026-07-20,-497382800,NEFT DR SBIN0000921 900000068581 FROM VRUNDAVAN INTER  advance INR 4973828.00
BL-001130,AP-VB-2026-000902,matchable,2026-07-20,-116842900,NEFT DR SBIN0000921 900000047979 FROM PRAGATI FAB SERVICES COMPANY full and final INR 1168
BL-001131,AP-RT-2026-001375,matchable,2026-07-20,-43618200,NEFT DR HDFC0001234 900000069468 FROM LOHIYA LOGISTICS LTD amc renewal INR 436182.00 RT-20
BL-001132,AP-RT-2026-000978,matchable,2026-07-20,-39030400,NEFT DR KKBK0000812 900000051699 FROM KARMAN PRINT  milestone 2 INR 390304.00
BL-001133,,expected_unmatched_duplicate,2026-07-20,-39030400,NEFT DR KKBK0000812 900000051699 FROM KARMAN PRINT  milestone 2 INR 390304.00
BL-001134,AP-VB-2026-001032,matchable,2026-07-20,-37055100,UPI/HDFC0001234/388276832458/VB-2026-001032/pragcon@okhdfcbank/PRAGATI CONV
BL-001135,AP-RT-2026-000960,matchable,2026-07-20,-28979900,RT-2026-000960 CHQ CLG ORBITEX WAREHOUSING & CO RT-2026-000960
BL-001136,AP-VB-2026-001041,matchable,2026-07-20,-24599200,UPI/HDFC0001234/370044407329/bluecol@paytm/BLUEPEAK COLD CHAIN PVT LTD
BL-001137,AP-VB-2026-001341,matchable,2026-07-20,-21760900,RTGS UTIB0002233 900000068165 SUNDARA WAT INR 217609.00 milestone 2
BL-001138,AP-VB-2026-000913,matchable,2026-07-20,-12904600,NEFT DR SBIN0000921 900000048501 FROM SHREE BALAJI milestone 2 INR 129046.00
BL-001139,AP-VB-2026-000962,matchable,2026-07-20,-12877400,NEFT DR UTIB0002233 900000051094 FROM TRINETRA SOLA advance INR 128774.00
BL-001140,AP-VB-2026-000859,matchable,2026-07-20,-12545100,UPI/HDFC0001234/574600022535/karmcat@okaxis/KARMAN CATERING SERVICES LLP
BL-001141,SETL-setl_00000128,gateway_settlement,2026-07-20,1459406,RAZORPAY PAYMENTS GATEWAY SETTLEMENT setl_00000128 UTR 900000005922
BL-001142,SETL-setl_00000127,gateway_settlement,2026-07-20,9585172,RAZORPAY PAYMENTS GATEWAY SETTLEMENT setl_00000127 UTR 900000005886
BL-001143,AR-INV-2026-001054,matchable_amount_mismatch,2026-07-20,17302500,INV-2026-001054 NEFT CR KKBK0000812 900000054898 FROM SURYAVANSH PETRO CHEMICALS LLP freig
BL-001144,AR-INV-2026-001097,matchable,2026-07-20,17328500,NEFT CR SBIN0000921 900000056689 FROM ASHWINI CABLE SYSTEMS PUN security deposit INR 17328
BL-001145,AR-INV-2026-001092,matchable,2026-07-20,17846800,NEFT CR KKBK0000812 900000056391 FROM SURYAVANSH CATERING freight charges INR 178468.00
BL-001146,AR-INV-2026-001117,matchable,2026-07-20,18389900,NEFT CR ICIC0000429 900000057752 FROM COPPERLEAF ELECTRICALS PV against inv INR 183899.00
BL-001147,AR-INV-2026-001210,matchable,2026-07-20,38738300,UPI/HDFC0001234/385464835954/INV-2026-001210/nalarec@okaxis/NALANDA REC
BL-001148,AR-INV-2026-001332,matchable,2026-07-20,47143000,INV-2026-001332 NEFT CR ICIC0000429 900000067784 FROM PUSHPA METALS AGRI INPUTS PVT LTD fr
BL-001149,AR-INV-2026-001294,matchable,2026-07-20,47579500,CHQ CLG VEDIKA TEXTILES 
BL-001150,AR-INV-2026-000953,matchable,2026-07-20,84711900,NEFT CR HDFC0001234 900000050434 FROM VEDIKA FACILITY MANAGEMENT & CO against inv INR 8471
BL-001151,AR-INV-2026-001326,matchable,2026-07-20,95012000,UPI/HDFC0001234/536492307830/nalarec@okaxis/NALANDA RECYCLERS LLP/INV-2026-001326
BL-001152,AR-INV-2026-001395,matchable,2026-07-20,95448500,UPI/HDFC0001234/442291006329/merilab@paytm/MERIDIAN LAB SUPPLIE/INV-2026-001395
BL-001153,AR-INV-2026-001178,matchable,2026-07-20,127089400,NEFT CR SBIN0000921 900000061030 FROM ASHWINI INT  amc renewal INR 1270894.00 INV-2026-001
BL-001154,AP-RT-2026-001101,matchable,2026-07-21,-35761000,NEFT DR HDFC0001234 900000056900 FROM TRINETRA AGRI INPUT security deposit INR 357610.00 R
BL-001155,AP-VB-2026-000851,matchable,2026-07-21,-25050800,UPI/HDFC0001234/405459870315/ashwmac@paytm/ASHWINI MACHINE PARTS COMPANY
BL-001156,AP-VB-2026-001011,matchable,2026-07-21,-23065900,UPI/HDFC0001234/832193128849/eversta@ybl/EVERSTONE STAFFING & CO/VB-2026-001011
BL-001157,AP-RT-2026-001360,matchable,2026-07-21,-14931600,RTGS KKBK0000812 900000068930 SUNDARA WATER TREATMENT COMPANY INR 149316.00 freight charge
BL-001158,AR-INV-2026-001416,matchable_amount_mismatch,2026-07-21,19622000,NEFT CR ICIC0000429 900000070701 FROM GOLDCREST WAREHOU  part payment INR 196220.00
BL-001159,AR-INV-2026-000943,matchable,2026-07-21,55888400,NEFT CR HDFC0001234 900000049935 FROM NALANDA FAB SERVICES PUN security deposit INR 558884
BL-001160,AR-INV-2026-001263,matchable,2026-07-21,84147200,NEFT CR KKBK0000812 900000064396 FROM GOLDCREST STEEL TRADERS PVT LTD security deposit INR
BL-001161,AR-INV-2026-001081,matchable,2026-07-21,94004300,NEFT CR SBIN0000921 900000055933 FROM COPPERLEAF ELECTRICALS PVT LTD freight charges INR 9
BL-001162,AR-INV-2026-001167,matchable_amount_mismatch,2026-07-21,109940600,NEFT CR SBIN0000921 900000060398 FROM TRIVIDATA ROOF advance INR 1099406.00
BL-001163,AR-INV-2026-001403,matchable,2026-07-21,111475600,RTGS SBIN0000921 900000070512 SAPTAGIRI ANALYTICS KOC INR 1114756.00 freight charges
BL-001164,,expected_unmatched_duplicate,2026-07-21,111475600,RTGS SBIN0000921 900000070512 SAPTAGIRI ANALYTICS KOC INR 1114756.00 freight charges
BL-001165,AP-VB-2026-001084,matchable,2026-07-22,-104739000,RTGS HDFC0001234 900000056075 VAISHNAVI PIPING SOLUTIONS LTD INR 1047390.00 against inv VB
BL-001166,AP-RT-2026-001090,matchable,2026-07-22,-35445000,NEFT DR ICIC0000429 900000056334 FROM TRINETRA AGRI INPUTS FAR freight charges INR 354450.
BL-001167,AP-RT-2026-001008,matchable,2026-07-22,-22269300,NEFT DR HDFC0001234 900000052926 FROM TRINETRA S milestone 2 INR 222693.00 RT-2026-001008
BL-001168,AR-INV-2026-001161,matchable,2026-07-22,5337200,NEFT CR UTIB0002233 900000060061 FROM SURYANANSH CATERING SERVICES COMPANY amc renewal INR
BL-001169,AR-INV-2026-000871,matchable,2026-07-22,7382100,NEFT CR SBIN0000921 900000046372 FROM NALAFAB SE full and final INR 73821.00
BL-001170,SETL-setl_00000129,gateway_settlement,2026-07-22,13051232,RAZORPAY PAYMENTS GATEWAY SETTLEMENT setl_00000129 UTR 900000005974
BL-001171,AR-INV-2026-000926,matchable,2026-07-22,33166300,NEFT CR SBIN0000921 900000049140 FROM GOLDCREST SE amc renewal INR 331663.00 INV-2026-0009
BL-001172,AR-INV-2026-001380,matchable,2026-07-22,57949800,NEFT CR HDFC0001234 900000069634 FROM PUSHPA METALS AGRI INPUTS PVT LTD invoice settlement
BL-001173,AR-INV-2026-001079,matchable_amount_mismatch,2026-07-22,76458900,UPI/HDFC0001234/931133210532/INV-2026-001079/ashwcol@ybl/ASHWINI COLD CHAIN LTD
BL-001174,AR-INV-2026-001116,matchable,2026-07-22,90755400,NEFT CR HDFC0001234 900000057664 FROM TRIVIDATA ROOFING PRODUCTS PVT LTD material supply I
BL-001175,AR-INV-2026-000869,matchable,2026-07-22,108534100,NEFT CR UTIB0002233 900000046310 FROM ORBITEX PACKAGINGGPR  against inv INR 1085341.00
BL-001176,AR-INV-2026-000986,matchable_amount_mismatch,2026-07-22,323016000,NEFT CR SBIN0000921 900000051985 FROM SAHYADRI POLYMERS PVT LTD milestone 2 INR 3230160.00
BL-001177,AP-VB-2026-000802,matchable,2026-07-23,-167205000,UPI/HDFC0001234/273933481149/VB-2026-000802/ashwmac@okhdfcbank/ASHWINI MACHINE PARTS LTD
BL-001178,AP-RT-2026-001434,matchable,2026-07-23,-48344900,RT-2026-001434 CHQ CLG ANANT INFRA ELECTRICALS LTD RT-2026-001434
BL-001179,AP-RT-2026-001356,matchable,2026-07-23,-41736200,RT-2026-001356 CHQ CLG ANANT INFRA ELECTRICALS RT-2026-001356
BL-001180,AP-VB-2026-000949,matchable,2026-07-23,-30164400,UPI/HDFC0001234/493937840049/VB-2026-000949/eversta@okhdfcbank/EVERSTONEQSTAFFING COMPANY 
BL-001181,AP-RT-2026-001085,matchable,2026-07-23,-20773000,UPI/HDFC0001234/399227946051/pragcon@okhdfcbank/PRAGATI CONVEYANCES PVT LTD
BL-001182,AP-VB-2026-001056,matchable_amount_mismatch,2026-07-23,-20482200,UPI/HDFC0001234/831750735311/VB-2026-001056/eversta@okaxis/EVERSTONE STAFFING JAI
BL-001183,SETL-setl_00000130,gateway_settlement,2026-07-23,10803124,RAZORPAY PAYMENTS GATEWAY SETTLEMENT setl_00000130 UTR 900000006053
BL-001184,AR-INV-2026-001327,matchable_amount_mismatch,2026-07-23,13461400,UPI/HDFC0001234/550921246025/anancon@okhdfcbank/ANANCON CONV
BL-001185,AR-INV-2026-001022,matchable,2026-07-23,233157000,INV-2026-001022 RTGS SBIN0000921 900000053696 SHREE BALAJI HARDWARE PRIVATE LI INR 2331570
BL-001186,AP-VB-2026-001196,matchable,2026-07-24,-40419800,RTGS SBIN0000921 900000061780 VAISHNAVIAPIPING SOLUTIONS LTD INR 404198.00 material supply
BL-001187,AP-RT-2026-001197,matchable,2026-07-24,-28744500,CHQ CLG ORBITEX WAREHOUSING & CO RT-2026-001197
BL-001188,AP-RT-2026-001026,matchable,2026-07-24,-16586400,NEFT DR UTIB0002233 900000053816 FROM KARMPRI SOLU security deposit INR 165864.00 RT-2026-
BL-001189,SETL-setl_00000131,gateway_settlement,2026-07-24,4148092,RAZORPAY PAYMENTS GATEWAY SETTLEMENT setl_00000131 UTR 900000006088
BL-001190,AR-INV-2026-001064,matchable_amount_mismatch,2026-07-24,39668200,NEFT CR ICIC0000429 900000055264 FROM ASHWINI CABLEPSYSTEMS PUN amc renewal INR 396682.00 
BL-001191,AR-INV-2026-001113,matchable,2026-07-24,43300000,INV-2026-001113 NEFT CR SBIN0000921 900000057577 FROM ZENITH ONE LOGIS amc renewal INR 433
BL-001192,AR-INV-2026-001128,matchable,2026-07-24,59754400,NEFT CR KKBK0000812 900000058210 FROM COPYERLEAF ELECTRICALS PVT LTD amc renewal INR 59754
BL-001193,AR-INV-2026-001378,matchable,2026-07-24,72493700,NEFT CR HDFC0001234 900000069559 FROM PUSHPA METALS A full and final INR 724937.00
BL-001194,AR-INV-2026-001367,matchable,2026-07-24,81934700,UPI/HDFC0001234/171190456366/INV-2026-001367/nalarec@paytm/NALANDA RECYCLERSGLLP
BL-001195,AR-INV-2026-001497,matchable,2026-07-24,96980900,UPI/HDFC0001234/454162638200/merilab@okhdfcbank/MERIDIAN LAB SUPPLIES & CO/INV-2026-001497
BL-001196,AR-INV-2026-001179,matchable,2026-07-24,153025700,INV-2026-001179 NEFT CR UTIB0002233 900000061116 FROM TRIVIDATA ROOFING PRODUCTS NAG advan
BL-001197,AP-RT-2026-001270,matchable,2026-07-25,-71610500,NEFT DR UTIB0002233 900000064776 FROM VRUNDAVAN INTERIORS NOI freight charges INR 716105.0
BL-001198,AP-RT-2026-001099,matchable,2026-07-25,-39489900,UPI/HDFC0001234/559120138722/RT-2026-001099/pragcon@okhdfcbank/PRAGATI CONV
BL-001199,AP-RT-2026-001071,matchable,2026-07-25,-33602200,NEFT DR UTIB0002233 900000055541 FROM KARMAN PRINT  milestone 2 INR 336022.00
BL-001200,AP-RT-2026-001247,matchable,2026-07-25,-28808500,NEFT DR ICIC0000429 900000063904 FROM EVERSTONE REC full and final INR 288085.00 RT-2026-0
BL-001201,AP-RT-2026-000788,matchable,2026-07-25,-20210800,NEFT DR UTIB0002233 900000043252 FROM TRINETRA SOLAR EPC LLP amc renewal INR 202108.00
BL-001202,AP-RT-2026-001362,matchable,2026-07-25,-13184300,RTGS HDFC0001234 900000069014 SUNDARA WATER TREATMENT LTD INR 131843.00 full and final RT-
BL-001203,AR-INV-2026-000959,matchable,2026-07-25,11537900,NEFT CR KKBK0000812 900000050932 FROM NALANDA FAB SERVICES PRIVATE LIMITED security deposi
BL-001204,SETL-setl_00000132,gateway_settlement,2026-07-25,11555219,RAZORPAY PAYMENTS GATEWAY SETTLEMENT setl_00000132 UTR 900000006147
BL-001205,AR-INV-2026-001194,matchable_amount_mismatch,2026-07-25,19499600,CHQ CLG VEDIKA TEXTIL 
BL-001206,AR-INV-2026-001108,matchable,2026-07-25,73822200,NEFT CR KKBK0000812 900000057219 FROM TRIVIDATA ROOF  part payment INR 738222.00 INV-2026-
BL-001207,AR-INV-2026-000989,matchable,2026-07-25,129002200,INV-2026-000989 RTGS KKBK0000812 900000052161 SHREE BALAJI HARSWARE LTD INR 1290022.00 inv
BL-001208,AR-INV-2026-000782,matchable,2026-07-25,212630300,NEFT CR SBIN0000921 900000042975 FROM ASHWSOL EP against inv INR 2126303.00
BL-001209,AP-VB-2026-001171,matchable_amount_mismatch,2026-07-27,-91531200,VB-2026-001171 NEFT DR HDFC0001234 900000060730 FROM MERIDIAN POAYMERS LTD milestone 2 INR
BL-001210,AP-RT-2026-001216,matchable,2026-07-27,-80126600,CHQ CLG ANANT INFRA ELECTRICALS PVT LTD 
BL-001211,,expected_unmatched_duplicate,2026-07-27,-80126600,CHQ CLG ANANT INFRA ELECTRICALS PVT LTD 
BL-001212,AP-RT-2026-000653,matchable,2026-07-27,-56309400,NEFT DR SBIN0000921 900000037917 FROM TRINETRA SOLAR EPC LLP amc renewal INR 563094.00 RT-
BL-001213,AP-VB-2026-000933,matchable,2026-07-27,-30904400,NEFT DR SBIN0000921 900000049358 FROM SHREE BALAJI ANALYTICS PRIVATE LIMITED advance INR 3
BL-001214,AP-RT-2026-001329,matchable,2026-07-27,-27171600,RTGS HDFC0001234 900000067562 SUNDARA WATER TREATMENT LTD INR 271716.00 freight charges
BL-001215,AP-RT-2026-001068,matchable,2026-07-27,-23354000,NEFT DR ICIC0000429 900000055405 FROM NORKHLINE ROOFING PRODUCTS & CO invoice settlement I
BL-001216,AP-VB-2026-001159,matchable,2026-07-27,-21618700,CHQ CLG ORBITEX WAREHOUSING & CO VB-2026-001159
BL-001217,AP-RT-2026-001408,matchable,2026-07-27,-17151000,RTGS SBIN0000921 900000070612 SUNDARA WA INR 171510.00 part payment RT-2026-001408
BL-001218,AP-VB-2026-001152,matchable,2026-07-27,-16581300,CHQ CLG ORBITEX AAREHOUSING & CO 
BL-001219,AP-RT-2026-000695,matchable,2026-07-27,-14979300,NEFT DR UTIB0002233 900000039692 FROM TRINETRN SOLAR EPC PVT LTD freight charges INR 14979
BL-001220,AP-RT-2026-001246,matchable,2026-07-27,-14283200,CHQ CLG ORBIWAR WW  RT-2026-001246
BL-001221,SETL-setl_00000134,gateway_settlement,2026-07-27,6708092,RAZORPAY PAYMENTS GATEWAY SETTLEMENT setl_00000134 UTR 900000006240
BL-001222,AR-INV-2026-001131,matchable,2026-07-27,9917400,INV-2026-001131 NEFT CR KKBK0000812 900000058407 FROM SURYAVANSH PETRO CHEMICALS NAG miles
BL-001223,SETL-setl_00000133,gateway_settlement,2026-07-27,14728533,RAZORPAY PAYMENTS GATEWAY SETTLEMENT setl_00000133 UTR 900000006162
BL-001224,AR-INV-2026-000877,matchable,2026-07-27,16344100,NEFT CR SBIN0000921 900000046717 FROM ASHWINI SOLAR E material supply INR 163441.00
BL-001225,AR-INV-2026-001349,matchable,2026-07-27,33808100,NEFT CR HDFC0001234 900000068539 FROM GOLDCREST STEEL TRADERS COMPANY amc renewal INR 3380
BL-001226,AR-INV-2026-001206,matchable,2026-07-27,37372100,NEFT CR SBIN0000921 900000062182 FROM TRIVIDATA ROOFING PRODUCTS PRIVATE LIMITED part paym
BL-001227,AR-INV-2026-001354,matchable,2026-07-27,56395900,UPI/HDFC0001234/503541272289/INV-2026-001354/orbidai@okaxis/ORBITEX DAIRY 
BL-001228,AR-INV-2026-000937,matchable,2026-07-27,80595900,INV-2026-000937 NEFT CR HDFC0001234 900000049597 FROM ASHWINI SOLAR EPC PVT LTD full and f
BL-001229,AR-INV-2026-001004,matchable,2026-07-27,99957600,NEFT CR UTIB0002233 900000052720 FROM NALANDA FAB SERVICES PRIVATE LIMITED amc renewal INR
BL-001230,AR-INV-2026-000971;AR-INV-2026-001033;AR-INV-2026-001053,matchable_lumpsum,2026-07-27,243652300,NEFT CR KKBK0000812 900000080912 FROM SURYAVANSH CATERING SERVICES COMPANY advance INR 243
BL-001231,AP-VB-2026-001386,matchable,2026-07-28,-66019200,VB-2026-001386 CHQ CLG ANANT INFRA ELECTRICALS PRIVATE LIMITED VB-2026-001386
BL-001232,AP-RT-2026-001304,matchable_amount_mismatch,2026-07-28,-63306800,RT-2026-001304 RTGS UTIB0002233 900000066571 VAISHNAVI PIPING SOLUTIONS LTD INR 633068.00 
BL-001233,AP-RT-2026-001010,matchable,2026-07-28,-57248800,NEFT DR HDFC0001234 900000053030 FROM SHREE BALAJI ANALYTICS PRI milestone 2 INR 572488.00
BL-001234,,expected_unmatched_duplicate,2026-07-28,-57248800,NEFT DR HDFC0001234 900000053030 FROM SHREE BALAJI ANALYTICS PRI milestone 2 INR 572488.00
BL-001235,AP-VB-2026-001284,matchable,2026-07-28,-55495900,NEFT DR ICIC0000429 900000065472 FROM VRUNDAVAN INTERIORS PVTVLTD part payment INR 554959.
BL-001236,AP-VB-2026-001215,matchable,2026-07-28,-51824000,UPI/HDFC0001234/961289787974/merihar@okhdfcbank/MERIDIAN HARDWARE PVT LTD/VB-2026-001215
BL-001237,AP-RT-2026-000887,matchable,2026-07-28,-29949100,RT-2026-000887 NEFT DR ICIC0000429 900000047046 FROM KARMAN PRINT SO part payment INR 2994
BL-001238,AP-RT-2026-001226,matchable,2026-07-28,-28274200,NEFT DR SBIN0000921 900000063019 FROM TRINETRA AGRI INPUTS COMPANY freight charges INR 282
BL-001239,SETL-setl_00000135,gateway_settlement,2026-07-28,1370317,RAZORPAY PAYMENTS GATEWAY SETTLEMENT setl_00000135 UTR 900000006290
BL-001240,AR-INV-2026-001168,matchable,2026-07-28,11773200,INV-2026-001168 NEFT CR UTIB0002233 900000060491 FROM SURYAVANSH CATERING SERVICES COMPANY
BL-001241,AR-INV-2026-000775,matchable,2026-07-28,27130700,INV-2026-000775 RTGS ICIC0000429 900000042606 SHREMAC PARTS  INR 271307.00 advance
BL-001242,AR-INV-2026-001065,matchable,2026-07-28,31539200,NEFT CR HDFC0001234 900000055289 FROM ANANT INFRA STAFFING PRIVATE LIMITED part payment IN
BL-001243,AR-INV-2026-000855,matchable,2026-07-28,42887700,UPI/HDFC0001234/794023020759/INV-2026-000855/everwat@paytm/EVERSTONE WATER TREATMENT PRIVA
BL-001244,AR-INV-2026-001254,matchable,2026-07-28,51274900,UPI/HDFC0001234/593630731353/INV-2026-001254/nalarec@okhdfcbank/NALANDA RECYCLERS
BL-001245,AR-INV-2026-001494,matchable,2026-07-28,79050800,RTGS SBIN0000921 900000072932 SAPTAGIRI AN INR 790508.00 invoice settlement INV-2026-00149
BL-001246,AR-INV-2026-001148,matchable,2026-07-28,152503500,NEFT CR KKBK0000812 900000059396 FROM SURYAVANSH PETRO CHEMICALS & CO security deposit INR
BL-001247,AP-RT-2026-001306,matchable,2026-07-29,-95169300,UPI/HDFC0001234/772570818338/pragcon@paytm/PRAGATI CONVEYANCES PVT LTD/RT-2026-001306
BL-001248,AP-RT-2026-001134,matchable,2026-07-29,-53799600,RT-2026-001134 RTGS HDFC0001234 900000058562 VAISHNAVI PIPING SOLUTIONS LTD INR 537996.00 
BL-001249,AP-RT-2026-000979,matchable,2026-07-29,-38186300,UPI/HDFC0001234/789758180101/ashwmac@ybl/ASHWINI MACHINE PARTS LTD/RT-2026-000979
BL-001250,AP-VB-2026-000977,matchable,2026-07-29,-29827700,UPI/HDFC0001234/278587037474/VB-2026-000977/ashwmac@okhdfcbank/ASHWINI MA
BL-001251,AP-RT-2026-001222,matchable,2026-07-29,-25875500,RT-2026-001222 RTGS HDFC0001234 900000062738 VAISHNAVI PIPING YOLUTIONS PVT LTD INR 258755
BL-001252,AP-VB-2026-000787,matchable,2026-07-29,-20782100,NEFT DR ICIC0000429 900000043222 FROM ZENITH ONE TEXTILES LLP freight charges INR 207821.0
BL-001253,AR-INV-2026-001239,matchable,2026-07-29,3095400,INV-2026-001239 NEFT CR SBIN0000921 900000063510 FROM SURYAVANSH PRIN freight charges INR 
BL-001254,SETL-setl_00000136,gateway_settlement,2026-07-29,13330376,RAZORPAY PAYMENTS GATEWAY SETTLEMENT setl_00000136 UTR 900000006357
BL-001255,AR-INV-2026-001376,matchable_amount_mismatch,2026-07-29,26409500,CHQ CLG VEDIKA TEXTILES CO INV-2026-001376
BL-001256,AR-INV-2026-001034,matchable,2026-07-29,28349400,CHQ CLG TRINETRA PIPING SOLUTIONS LLP 
BL-001257,,expected_unmatched_duplicate,2026-07-29,28349400,CHQ CLG TRINETRA PIPING SOLUTIONS LLP 
BL-001258,AR-INV-2026-000753,matchable,2026-07-29,34830400,RTGS HDFC0001234 900000041632 SHREMAC PARTS INR 348304.00 part payment
BL-001259,AR-INV-2026-001078;AR-INV-2026-001107;AR-INV-2026-001115,matchable_lumpsum,2026-07-29,54602700,"UPI/HDFC0001234/400052953471/anancon@paytm/ANANT INFRA CONVEYANCES JAI/INV-2026-001078,INV"
BL-001260,AR-INV-2026-000649;AR-INV-2026-000678;AR-INV-2026-000844,matchable_lumpsum,2026-07-29,67759700,"UPI/HDFC0001234/461264609118/INV-2026-000649,INV-2026-000678,INV-2026-000844/everwat@ybl/E"
BL-001261,AR-INV-2026-000837,matchable,2026-07-29,69093900,INV-2026-000837 RTGS SBIN0000921 900000045079 SHREE BALAJI M INR 690939.00 part payment
BL-001262,AR-INV-2026-001080,matchable,2026-07-29,83681400,NEFT CR KKBK0000812 900000055867 FROM COPPERLEAF ELECTRICALS PVT LTD advance INR 836814.00
BL-001263,AR-INV-2026-001001,matchable,2026-07-29,90317300,INV-2026-001001 NEFT CR SBIN0000921 900000052656 FROM ANANT INFRS STAFFING PRIVATE LIMITED
BL-001264,AR-INV-2026-000896,matchable,2026-07-29,133035500,INV-2026-000896 NEFT CR SBIN0000921 900000047677 FROM GOLDCREST SE  against inv INR 133035
BL-001265,AR-INV-2026-001205,matchable,2026-07-29,141817200,INV-2026-001205 NEFT CR HDFC0001234 900000062093 FROM SURYAVANSH BETRO CHEMICALS & CO secu
BL-001266,AP-VB-2026-000992,matchable,2026-07-30,-114449100,NEFT DR ICIC0000429 900000052284 FROM PRAGATI FAB SERVICES LTD invoice settlement INR 1144
BL-001267,AP-VB-2026-001234,matchable,2026-07-30,-35230300,VB-2026-001234 NEFT DR ICIC0000429 900000063293 FROM VRUNDAVAN I  against inv INR 352303.0
BL-001268,SETL-setl_00000137,gateway_settlement,2026-07-30,9394375,RAZORPAY PAYMENTS GATEWAY SETTLEMENT setl_00000137 UTR 900000006419
BL-001269,AR-INV-2026-000842,matchable,2026-07-30,13107700,INV-2026-000842 RTGS ICIC0000429 900000045303 SHREE BALAJI MACHINE PARTS PRIVATE LIMITED I
BL-001270,AR-INV-2026-001191,matchable,2026-07-30,29743300,NEFT CR SBIN0000921 900000061520 FROM ASHWINI CABLE SY security deposit INR 297433.00 INV-
BL-001271,AR-INV-2026-001218,matchable,2026-07-30,40167300,INV-2026-001218 NEFT CR ICIC0000429 900000062708 FROM SURYAVANSH CATERING SERVICES LLP amc
BL-001272,AR-INV-2026-001484,matchable,2026-07-30,40731500,UPI/HDFC0001234/446383146893/orbidai@okaxis/ORBITEX DAIRY FOODS PVT LTD
BL-001273,AR-INV-2026-001130,matchable,2026-07-30,48624100,INV-2026-001130 NEFT CR ICIC0000429 900000058320 FROM SAHYADRI POLYMERS PVT LTD invoice se
BL-001274,AP-SALARY-202608-0,matchable,2026-07-31,-345000000,SALARY-202608 NEFT DR UTIB0002233 900000080083 FROM ACME INDUSTRIES PAYROLL PRIVATE LIMITE
BL-001275,AP-RT-2026-000948,matchable,2026-07-31,-45886200,NEFT DR ICIC0000429 900000050228 FROM KARMAN PRINT SOLUTIGNS LTD invoice settlement INR 45
BL-001276,AP-VB-2026-001321,matchable,2026-07-31,-44223100,NEFT DR HDFC0001234 900000067260 FROM EVERSTONE RE material supply INR 442231.00 VB-2026-0
BL-001277,AP-RT-2026-001426,matchable,2026-07-31,-33639800,NEFT DR KKBK0000812 900000070995 FROM LOHILOG LOGISTICS full and final INR 336398.00
BL-001278,AP-RT-2026-001121,matchable,2026-07-31,-32855300,UPI/HDFC0001234/327587654803/RT-2026-001121/eversta@paytm/EVERSTONE STAF
BL-001279,AR-INV-2026-001459,matchable_amount_mismatch,2026-07-31,6370600,INV-2026-001459 NEFT CR ICIC0000429 900000072031 FROM PUSHPA METALS AGRI INPUTS & CO secur
BL-001280,AR-INV-2026-001192,matchable_amount_mismatch,2026-07-31,9804600,UPI/HDFC0001234/873016771348/anancon@okhdfcbank/ANANCON CONVEYANCES /INV-2026-001192
BL-001281,AR-INV-2026-001293,matchable,2026-07-31,11062900,INV-2026-001293 NEFT CR ICIC0000429 900000065920 FROM ASHWINI INTERIIRS & CO security depo
BL-001282,SETL-setl_00000138,gateway_settlement,2026-07-31,11995774,RAZORPAY PAYMENTS GATEWAY SETTLEMENT setl_00000138 UTR 900000006508
BL-001283,AR-INV-2026-001230,matchable_amount_mismatch,2026-07-31,14467400,UPI/HDFC0001234/758120090751/anancon@paytm/ANANT INFRA CONVEYANCES PVT LTD
BL-001284,AR-INV-2026-001203,matchable,2026-07-31,22955100,UPI/HDFC0001234/775176314710/INV-2026-001203/anancon@paytm/ANANT INFRA CONVE
BL-001285,AR-INV-2026-001188,matchable,2026-07-31,35638300,INV-2026-001188 NEFT CR KKBK0000812 900000061446 FROM ZENITH ONE LOGISTICS COMPANY part pa
BL-001286,AR-INV-2026-001074,matchable,2026-07-31,40835000,NEFT CR HDFC0001234 900000055622 FROM ANCNT INFRA STAFFING PRIVATE LIMITED full and final 
BL-001287,AR-INV-2026-001015,matchable,2026-07-31,53751800,NEFT CR UTIB0002233 900000053310 FROM SAHYADRI POLYMERS PVT LTD invoice settlement INR 537
BL-001288,AR-INV-2026-001184,matchable,2026-07-31,145206100,NEFT CR ICIC0000429 900000061267 FROM SAHYADRI POLYMERS PVT LTD milestone 2 INR 1452061.00
BL-001289,AR-INV-2026-001564,matchable_amount_mismatch,2026-07-31,243923100,NEFT CR ICIC0000429 900000074882 FROM ORBITEX PA invoice settlement INR 2439231.00 INV-202
BL-001290,AP-VB-2026-001435,matchable,2026-08-01,-103596600,NEFT DR UTIB0002233 900000071380 FROM LOHIYA LOGISTICS LTD milestone 2 INR 1035966.00
BL-001291,AP-VB-2026-001228,matchable,2026-08-01,-61839400,UPI/HDFC0001234/112059601390/VB-2026-001228/merihar@okhdfcbank/MERIDIAN HARDWARE COMPANY
BL-001292,AP-VB-2026-001486,matchable_amount_mismatch,2026-08-01,-43173600,VB-2026-001486 CHQ CLG ANANT INFRA ELECTRICALS LTD VB-2026-001486
BL-001293,AP-RT-2026-001266,matchable_amount_mismatch,2026-08-01,-40722700,UPI/HDFC0001234/650276542968/merihar@okaxis/MERIDIAN HARDWARE NOI/RT-2026-001266
BL-001294,AP-RT-2026-001139,matchable,2026-08-01,-40705000,UPI/HDFC0001234/536908492190/bluecol@okhdfcbank/BLUEPEAK COLD CHAIN PVT LTD
BL-001295,AP-VB-2026-000889,matchable,2026-08-01,-32914000,NEFT DR KKBK0000812 900000047144 FROM ZENITH ONE  security deposit INR 329140.00 VB-2026-0
BL-001296,AP-VB-2026-001361,matchable,2026-08-01,-22270100,NEFT DR UTIB0002233 900000068996 FROM VRUNDAVAN INTERI amc renewal INR 222701.00
BL-001297,AP-RT-2026-001421,matchable,2026-08-01,-21246100,RTGS HDFC0001234 900000070747 SUNDARA WATER TREATMENT LTD INR 212461.00 advance RT-2026-00
BL-001298,AP-VB-2026-001223,matchable,2026-08-01,-18402100,UPI/HDFC0001234/374522276150/VB-2026-001223/merihar@okaxis/MERIDIAN HARD 
BL-001299,AP-VB-2026-001067,matchable,2026-08-01,-13648500,UPI/HDFC0001234/970103777763/bluecol@paytm/BLUEPEAK COLD CHAIN KOC/VB-2026-001067
BL-001300,SETL-setl_00000139,gateway_settlement,2026-08-01,10319183,RAZORPAY PAYMENTS GATEWAY SETTLEMENT setl_00000139 UTR 900000006581
BL-001301,AR-INV-2026-001193,matchable,2026-08-01,20479300,NEFT CR KKBK0000812 900000061643 FROM VEDISA FACILITY MANAGEMENT LLP advance INR 204793.00
BL-001302,AR-INV-2026-001442,matchable,2026-08-01,44077200,CHQ CLG VEDIKA TEXTILES COMPANY 
BL-001303,AR-INV-2026-001229,matchable,2026-08-01,59851900,UPI/HDFC0001234/394562383387/INV-2026-001229/ashwcol@paytm/ASHWINI CO 
BL-001304,AR-INV-2026-000868,matchable,2026-08-01,80601200,UPI/HDFC0001234/708349620304/INV-2026-000868/everwat@okhdfcbank/EVERSTONE WATER TREATMENT 
BL-001305,AR-INV-2026-001048,matchable,2026-08-01,128983100,INV-2026-001048 NEFT CR KKBK0000812 900000054752 FROM ORBITEX PACKAGING RAJ advance INR 12
BL-001306,AR-INV-2026-001441;AR-INV-2026-001526;AR-INV-2026-001542,matchable_lumpsum,2026-08-01,289158200,"INV-2026-001441,INV-2026-001526,INV-2026-001542 NEFT CR KKBK0000812 900000081263 FROM ORBI"
BL-001307,AP-VB-2026-001250,matchable,2026-08-03,-148820100,NEFT DR SBIN0000921 900000063956 FROM NORTHLINE R amc renewal INR 1488201.00
BL-001308,AP-EMI-202608-0,matchable,2026-08-03,-125000000,EMI-202608 NEFT DR KKBK0000812 900000080238 FROM STATE BANK EQUIP LOAN  against inv INR 12
BL-001309,AP-RT-2026-000964,matchable,2026-08-03,-91324000,RT-2026-000964 NEFT DR KKBK0000812 900000051177 FROM SHREE BALAJI ANALYTICS PRIVATE LIMITE
BL-001310,AP-VB-2026-000994,matchable,2026-08-03,-79379400,NEFT DR ICIC0000429 900000052403 FROM ZENITH ONE TEXTILES NAG invoice settlement INR 79379
BL-001311,AP-VB-2026-001160,matchable,2026-08-03,-40806400,UPI/HDFC0001234/732817070587/bluecol@okhdfcbank/BLUEPEAK COLD CHAIN PVT LTD/VB-2026-001160
BL-001312,AP-VB-2026-001449,matchable,2026-08-03,-33088500,CHQ CLG ANANT INFR VB-2026-001449
BL-001313,AP-VB-2026-001044,matchable,2026-08-03,-21315600,UPI/HDFC0001234/954578262614/ashwmac@ybl/ASHWINI MACHING PARTS PVT LTD/VB-2026-001044
BL-001314,AP-RT-2026-001394,matchable,2026-08-03,-9686100,RTGS KKBK0000812 900000070161 SUNDARA WATER TREATMENT LTD INR 96861.00 freight charges
BL-001315,SETL-setl_00000141,gateway_settlement,2026-08-03,5656107,RAZORPAY PAYMENTS GATEWAY SETTLEMENT setl_00000141 UTR 900000006690
BL-001316,AR-INV-2026-001523,matchable_amount_mismatch,2026-08-03,13763300,INV-2026-001523 NEFT CR ICIC0000429 900000073861 FROM GOLDCREST WAREHOUSING PRIVATE LIMITE
BL-001317,SETL-setl_00000140,gateway_settlement,2026-08-03,14784677,RAZORPAY PAYMENTS GATEWAY SETTLEMENT setl_00000140 UTR 900000006667
BL-001318,AR-INV-2026-001525,matchable,2026-08-03,53242000,INV-2026-001525 NEFT CR KKBK0000812 900000073984 FROM GOLDCREST STEEL TRADERS QOMPANY part
BL-001319,AR-INV-2026-001336,matchable,2026-08-03,81229800,NEFT CR ICIC0000429 900000068002 FROM ASHWINI INTERIORS amc renewal INR 812298.00
BL-001320,AR-INV-2026-001572,matchable,2026-08-03,83168400,RTGS KKBK0000812 900000075065 SAPTAGIRI ANALYTICS INR 831684.00 amc renewal
BL-001321,AR-INV-2026-001521,matchable,2026-08-03,92903500,INV-2026-001521 RTGS UTIB0002233 900000073744 SAPTAGIRI ANALYTICS LTD INR 929035.00 materi
BL-001322,AR-INV-2026-000988,matchable,2026-08-03,160841600,NEFT CR KKBK0000812 900000052121 FROM ORBITEX PACKAGING PRIVATE LIMITED against inv INR 16
BL-001323,AP-VB-2026-000995,matchable,2026-08-04,-107956000,UPI/HDFC0001234/336951129581/ashwmac@okaxis/ASHWINI MACHINE PARTS COMPANY
BL-001324,AP-RT-2026-001320,matchable_amount_mismatch,2026-08-04,-39587200,NEFT DR KKBK0000812 900000067250 FROM TRINETRA AGRI INP milestone 2 INR 395872.00
BL-001325,AP-RT-2026-001111,matchable,2026-08-04,-15622300,NEFT DR UTIB0002233 900000057478 FROM PRAGATI FAB SER full and final INR 156223.00
BL-001326,AR-INV-2026-000899,matchable,2026-08-04,31915100,UPI/HDFC0001234/289207209019/everwat@okaxis/EVERWAT TREATMENT
BL-001327,AR-INV-2026-000945,matchable,2026-08-04,37049700,NEFT CR ICIC0000429 900000050068 FROM GOLDCREST SECURITY SYSTEMS COMPANY security deposit 
BL-001328,AR-INV-2026-001333,matchable_amount_mismatch,2026-08-04,38989100,NEFT CR SBIN0000921 900000067859 FROM SAHYADRI POLYMERS PVT LTD amc renewal INR 389891.00 
BL-001329,AR-INV-2026-001295,matchable,2026-08-04,40509200,NEFT CR SBIN0000921 900000066075 FROM ASHWINI INTERI advance INR 405092.00
BL-001330,AR-INV-2026-001398,matchable,2026-08-04,64357500,INV-2026-001398 NEFT CR UTIB0002233 900000070346 FROM ASHWINI INTERIORS COI security depos
BL-001331,AR-INV-2026-001207,matchable,2026-08-04,130475100,UPI/HDFC0001234/137873711056/INV-2026-001207/ashwcol@paytm/ASHWINI COLD CHAIN LTD
BL-001332,AP-RENT-202608-0,matchable,2026-08-05,-78000000,RENT-202608 NEFT DR HDFC0001234 900000080173 FROM SKYLINE ESTATESGPVT LTD  milestone 2 INR
BL-001333,AP-VB-2026-000831,matchable,2026-08-05,-47411000,VB-2026-000831 NEFT DR UTIB0002233 900000044867 FROM ZENITH ONE TEXTILES LLP part payment 
BL-001334,AP-RT-2026-001045,matchable,2026-08-05,-22438100,NEFT DR HDFC0001234 900000054636 FROM ZENITH ONE TEXT material supply INR 224381.00 RT-202
BL-001335,AR-INV-2026-001165,matchable,2026-08-05,11685800,INV-2026-001165 CHQ CLG TRINETRA PIPING SOLUTIONS LLP INV-2026-001165
BL-001336,SETL-setl_00000142,gateway_settlement,2026-08-05,12635512,RAZORPAY PAYMENTS GATEWAY SETTLEMENT setl_00000142 UTR 900000006778
BL-001337,AR-INV-2026-001389,matchable,2026-08-05,15943100,NEFT CR SBIN0000921 900000069894 FROM TRIVROO OR advance INR 159431.00
BL-001338,AR-INV-2026-001252,matchable,2026-08-05,27240400,INV-2026-001252 NEFT CR ICIC0000429 900000064062 FROM SURYAVANSH PETRO CHEMICALS PVT LTD i
BL-001339,AR-INV-2026-001444,matchable_amount_mismatch,2026-08-05,72096100,CHQ CLG VEDIKA TEXTILES PRI INV-2026-001444
BL-001340,AP-RT-2026-001249,matchable,2026-08-06,-34285100,RT-2026-001249 NEFT DR UTIB0002233 900000063933 FROM NORTHLINE ROOFING PRODUCTS RAJ amc re
BL-001341,AP-VB-2026-001511,matchable,2026-08-06,-31882100,CHQ CLG ANANT INFRA ELECTRICALS LTD 
BL-001342,AP-RT-2026-001330,matchable,2026-08-06,-26764300,RT-2026-001330 CHQ CLG ORBITEX WAREHO RT-2026-001330
BL-001343,AP-RT-2026-001439,matchable_amount_mismatch,2026-08-06,-12922900,RTGS KKBK0000812 900000071406 SUNDARA WATER TREATMENT PVT LTD INR 129229.00 against inv
BL-001344,AP-VB-2026-001211,matchable,2026-08-06,-11675900,UPI/HDFC0001234/862098472036/merihar@okaxis/MERIDIAN HARDWARE PVT LTD
BL-001345,SETL-setl_00000143,gateway_settlement,2026-08-06,5686343,RAZORPAY PAYMENTS GATEWAY SETTLEMENT setl_00000143 UTR 900000006851
BL-001346,AR-INV-2026-001242,matchable_amount_mismatch,2026-08-06,16328400,NEFT CR UTIB0002233 900000063716 FROM VEDIKA FACILITY MANAGEMENT & CO milestone 2 INR 1632
BL-001347,AR-INV-2026-001458,matchable,2026-08-06,21115300,NEFT CR KKBK0000812 900000071999 FROM GOLDCREST STEEL TRADERS COMPANY material supply INR 
BL-001348,AR-INV-2026-001077,matchable,2026-08-06,22575800,CHQ CLG TRINETRA PIPING SOLUT INV-2026-001077
BL-001349,AR-INV-2026-001491,matchable,2026-08-06,32275500,NEFT CR KKBK0000812 900000072838 FROM PUSHPA METALS AGRI INPUTS PVT LTD amc renewal INR 32
BL-001350,AR-INV-2026-001036,matchable,2026-08-06,80713100,NEFT CR UTIB0002233 900000054150 FROM GOLDCREST SECURITY SYSTEMS & CO full and final INR 8
BL-001351,AR-INV-2026-000984,matchable,2026-08-06,90870800,NEFT CR HDFC0001234 900000051955 FROM ASHWINI SOLAR EPC LTD advance INR 908708.00 INV-2026
BL-001352,AP-RT-2026-000952,matchable_amount_mismatch,2026-08-07,-86833600,RT-2026-000952 NEFT DR UTIB0002233 900000050400 FROM GOLDCREST STEEL TRADERS NAG material 
BL-001353,AP-RT-2026-000930,matchable_amount_mismatch,2026-08-07,-83046400,RT-2026-000930 NEFT DR SBIN0000921 900000049252 FROM TRINETRA SOLAR E amc renewal INR 8304
BL-001354,AP-RT-2026-001309,matchable,2026-08-07,-54922100,RT-2026-001309 RTGS SBIN0000921 900000066816 VAISHNAVI PIPING SOLUTIONS & CO INR 549221.00
BL-001355,AP-RT-2026-001331,matchable,2026-08-07,-42202600,NEFT DR HDFC0001234 900000067708 FROM MERIDIAN POLYMERS  full and final INR 422026.00
BL-001356,AP-RT-2026-001303,matchable,2026-08-07,-22989800,CHQ CLG ORBITEX WAREHOUSING & CO 
BL-001357,AP-VB-2026-001388,matchable,2026-08-07,-20916400,UPI/HDFC0001234/496806359393/pragcon@ybl/PRAGATI CONVEY/VB-2026-001388
BL-001358,AP-RT-2026-001225,matchable,2026-08-07,-20702400,UPI/HDFC0001234/554301426414/RT-2026-001225/bluecol@paytm/BLUEPEAK C 
BL-001359,SETL-setl_00000144,gateway_settlement,2026-08-07,7135010,RAZORPAY PAYMENTS GATEWAY SETTLEMENT setl_00000144 UTR 900000006941
BL-001360,AR-INV-2026-001276,matchable,2026-08-07,21882600,NEFT CR ICIC0000429 900000065058 FROM ASHWINI CABLE SYSTEMS LLP advance INR 218826.00
BL-001361,AR-INV-2026-001063,matchable,2026-08-07,39650500,CHQ CLG TRINETRA PIPING SOLUTIONS PUN 
BL-001362,AR-INV-2026-000969,matchable,2026-08-07,48124700,UPI/HDFC0001234/546794458279/everwat@okaxis/EVERSTONE WATER TREATMENT COMPANY/INV-2026-000
BL-001363,AR-INV-2026-001338,matchable,2026-08-07,55371400,NEFT CR HDFC0001234 900000068065 FROM ASHWINI CABLE SYSTEMS PUN against inv INR 553714.00 
BL-001364,AR-INV-2026-001289,matchable,2026-08-07,68821900,NEFT CR HDFC0001234 900000065711 FROM SURYAVANSH PRINT SOLUTIONS & CO amc renewal INR 6882
BL-001365,AR-INV-2026-001061,matchable,2026-08-07,78277000,NEFT CR SBIN0000921 900000055119 FROM NALANDA FAB SERVICES & CO advance INR 782770.00 INV-
BL-001366,AP-VB-2026-001018,matchable,2026-08-08,-39466000,NEFT DR KKBK0000812 900000053516 FROM GOLDCREST STEEL TRADERS & CO invoice settlement INR 
BL-001367,AP-VB-2026-000974,matchable,2026-08-08,-32881500,NEFT DR UTIB0002233 900000051485 FROM SHREE BALAJI ANALYTICS material supply INR 328815.00
BL-001368,AP-VB-2026-001322,matchable,2026-08-08,-21140900,UPI/HDFC0001234/651799604816/VB-2026-001322/merihar@okaxis/MERIDIAN HARDWARE PRIVATE LIMIT
BL-001369,SETL-setl_00000145,gateway_settlement,2026-08-08,10724423,RAZORPAY PAYMENTS GATEWAY SETTLEMENT setl_00000145 UTR 900000006957
BL-001370,AR-INV-2026-001538,matchable,2026-08-08,11001300,INV-2026-001538 NEFT CR UTIB0002233 900000074363 FROM PUSHPA METALS AGRI INPUTS PVT LTD am
BL-001371,AR-INV-2026-000987,matchable_amount_mismatch,2026-08-08,15715900,NEFT CR ICIC0000429 900000052060 FROM ASHWINI SOLAR EPC PVT LTD against inv INR 157159.00
BL-001372,AR-INV-2026-001109,matchable,2026-08-08,32607300,NEFT CR HDFC0001234 900000057300 FROM ORBITEX PACKAGING PRIVATE LIMITED invoice settlement
BL-001373,AR-INV-2026-001429,matchable,2026-08-08,39234800,UPI/HDFC0001234/562829651075/nalarec@paytm/NALANDA RECYCLERS LLP
BL-001374,AR-INV-2026-001039,matchable,2026-08-08,65859600,NEFT CR KKBK0000812 900000054290 FROM GOLDCREST SECURITY AYSTEMS & CO against inv INR 6585
BL-001375,AR-INV-2026-001347,matchable,2026-08-08,111092700,NEFT CR ICIC0000429 900000068489 FROM ASHWINI INTERIORS & CO advance INR 1110927.00
BL-001376,AR-INV-2026-001382,matchable,2026-08-08,185870300,INV-2026-001382 NEFT CR KKBK0000812 900000069691 FROM TRIVIDATA ROOFING PRODUCTS PV milest
BL-001377,AP-VB-2026-001471,matchable,2026-08-10,-51192200,NEFT DR UTIB0002233 900000072286 FROM LOHIYA LOGISTICS LLP amc renewal INR 511922.00 VB-20
BL-001378,AP-RT-2026-001055,matchable,2026-08-10,-31490200,UPI/HDFC0001234/886180016587/eversta@paytm/EVERSTONE STAFFING & CO
BL-001379,AP-RT-2026-001448,matchable,2026-08-10,-31334200,RT-2026-001448 NEFT DR KKBK0000812 900000071476 FROM EVERREC RECYCLERS against inv INR 313
BL-001380,AP-RT-2026-000914,matchable,2026-08-10,-30295700,NEFT DR HDFC0001234 900000048543 FROM TRINETRA SOLAR EPC LLP part payment INR 302957.00
BL-001381,AP-RT-2026-001163,matchable,2026-08-10,-29290500,RT-2026-001163 NEFT DR SBIN0000921 900000060183 FROM KARMAN PRINT SOLUTIO full and final I
BL-001382,AP-RT-2026-001410,matchable,2026-08-10,-15707900,RT-2026-001410 CHQ CLG ANANT INFRA ELECTRICALS LTD RT-2026-001410
BL-001383,AP-VB-2026-001558,matchable,2026-08-10,-15328500,RTGS HDFC0001234 900000074678 SUNDARA WATER TREATMENT & CO INR 153285.00 material supply
BL-001384,AP-RT-2026-001531,matchable,2026-08-10,-13480600,RT-2026-001531 RTGS ICIC0000429 900000074099 SUNDARA WATER TREATMENT LTD INR 134806.00 fre
BL-001385,AP-RT-2026-001030,matchable,2026-08-10,-11508700,UPI/HDFC0001234/322791747016/karmcat@okhdfcbank/KARMAN CATERING SERVICES FAR
BL-001386,,expected_unmatched_duplicate,2026-08-10,-11508700,UPI/HDFC0001234/322791747016/karmcat@okhdfcbank/KARMAN CATERING SERVICES FAR
BL-001387,AP-VB-2026-000950,matchable,2026-08-10,-7613100,NEFT DR SBIN0000921 900000050315 FROM SHREE BALAJI ANALYTIC advance INR 76131.00
BL-001388,SETL-setl_00000146,gateway_settlement,2026-08-10,9888596,RAZORPAY PAYMENTS GATEWAY SETTLEMENT setl_00000146 UTR 900000007007
BL-001389,AR-INV-2026-001170,matchable,2026-08-10,11014900,INV-2026-001170 NEFT CR KKBK0000812 900000060635 FROM ORBITEX PACKAGING  full and final IN
BL-001390,AR-INV-2026-001257,matchable,2026-08-10,16301100,NEFT CR KKBK0000812 900000064284 FROM ASHWINI CABLE SYSTEMS LLP material supply INR 163011
BL-001391,AR-INV-2026-000966,matchable,2026-08-10,24302200,CHQ CLG TRINETRA PIPING  INV-2026-000966
BL-001392,AR-INV-2026-001319,matchable,2026-08-10,25095900,CHQ CLG TRINETRA PIPING SOLUTIONS PUN INV-2026-001319
BL-001393,AR-INV-2026-000956,matchable,2026-08-10,25108500,INV-2026-000956 RTGS UTIB0002233 900000050695 SHREE BALAJI MACHINE PARTS NOI INR 251085.00
BL-001394,AR-INV-2026-001000,matchable,2026-08-10,28102300,UPI/HDFC0001234/542563792485/INV-2026-001000/everwat@paytm/EVERSTONE WATER TREATMENT COMPA
BL-001395,AR-INV-2026-001540,matchable,2026-08-10,29222300,NEFT CR KKBK0000812 900000074496 FROM PUSHPA MET material supply INR 292223.00 INV-2026-00
BL-001396,,expected_unmatched_duplicate,2026-08-10,29222300,NEFT CR KKBK0000812 900000074496 FROM PUSHPA MET material supply INR 292223.00 INV-2026-00
BL-001397,AR-INV-2026-001251,matchable,2026-08-10,34931400,NEFT CR KKBK0000812 900000064043 FROM VEDIKA FACILITY MANAGEMENT & CO full and final INR 3
BL-001398,AR-INV-2026-001297,matchable,2026-08-10,42348400,INV-2026-001297 NEFT CR ICIC0000429 900000066111 FROM SURYAVANSH PETRO BHEMI part payment 
BL-001399,AR-INV-2026-001559,matchable_amount_mismatch,2026-08-10,44493200,UPI/HDFC0001234/278330850044/merilab@okhdfcbank/MERIDIAN LAB SUPPLIES NAG
BL-001400,AR-INV-2026-000955,matchable,2026-08-10,54931600,NEFT CR HDFC0001234 900000050603 FROM GOLDCREST SECURITY SYSTEMS PRIVATE LIMITED amc renew
BL-001401,AR-INV-2026-001345,matchable,2026-08-10,150432000,NEFT CR SBIN0000921 900000068388 FROM ZENITH ONE  against inv INR 1504320.00
BL-001402,AP-VB-2026-001232,matchable,2026-08-11,-153511300,VB-2026-001232 NEFT DR SBIN0000921 900000063270 FROM NORTHLINE ROOFING PRODUCTS PVT LTD se
BL-001403,AP-VB-2026-001264,matchable,2026-08-11,-135694200,NEFT DR HDFC0001234 900000064414 FROM NORTHLINE ROOFING PRODUCTS RAJ amc renewal INR 13569
BL-001404,AP-RT-2026-001373,matchable,2026-08-11,-51193300,CHQ CLG ORBITEX WARE 
BL-001405,SETL-setl_00000147,gateway_settlement,2026-08-11,2313201,RAZORPAY PAYMENTS GATEWAY SETTLEMENT setl_00000147 UTR 900000007096
BL-001406,AR-INV-2026-001037,matchable,2026-08-11,6893600,UPI/HDFC0001234/679863387764/everwat@okaxis/EVERSTONE WATER TREATMENT PRIVATE LIMITED/INV-
BL-001407,AR-INV-2026-001120,matchable,2026-08-11,71257000,NEFT CR HDFC0001234 900000057866 FROM GOLDCREST SECURITY SYSTE freight charges INR 712570.
BL-001408,AR-INV-2026-000967,matchable,2026-08-11,72823800,NEFT CR HDFC0001234 900000051361 FROM GOLDCREST SECURITY SYSTEMS PRIVATE LIMITED freight c
BL-001409,AR-INV-2026-001475,matchable,2026-08-11,95272000,NEFT CR SBIN0000921 900000072465 FROM GOLDCREST STEEL TRADERS COMPANY amc renewal INR 9527
BL-001410,AP-VB-2026-001391,matchable,2026-08-12,-60568700,NEFT DR HDFC0001234 900000070047 FROM TRINETRA AGRI INPUTS COMPANY milestone 2 INR 605687.
BL-001411,AP-VB-2026-001154,matchable,2026-08-12,-24180800,UPI/HDFC0001234/464311353189/karmcat@paytm/KARMCAT SE
BL-001412,AR-INV-2026-001076,matchable,2026-08-12,12660300,CHQ CLG TRINETRA PIPING SOLUTIONS PUN 
BL-001413,SETL-setl_00000148,gateway_settlement,2026-08-12,14553970,RAZORPAY PAYMENTS GATEWAY SETTLEMENT setl_00000148 UTR 900000007145
BL-001414,AR-INV-2026-001312,matchable,2026-08-12,24198900,INV-2026-001312 NEFT CR KKBK0000812 900000066924 FROM SURYAVANSH PETRO CHEMICALS & CO invo
BL-001415,AR-INV-2026-001243,matchable,2026-08-12,31850800,NEFT CR SBIN0000921 900000063784 FROM VEDIKA FACILITY MANAGEMENT & CO security deposit INR
BL-001416,AR-INV-2026-001580,matchable,2026-08-12,34734500,INV-2026-001580 NEFT CR UTIB0002233 900000075396 FROM GOLDCREST WAREHOUSING PRIVATE LIMITE
BL-001417,AR-INV-2026-001014,matchable,2026-08-12,38939100,UPI/HDFC0001234/897610508972/everwat@okhdfcbank/EVERSTONE WATER TREQTMENT COMPANY/INV-2026
BL-001418,AR-INV-2026-001314,matchable,2026-08-12,42761000,RTGS UTIB0002233 900000066969 SHREE BALAJI HARDWARE PRIVATE LIMITED INR 427610.00 against 
BL-001419,AR-INV-2026-001453,matchable,2026-08-12,47097800,CHQ CLG VEDIKA TEXUILES LTD 
BL-001420,AR-INV-2026-001390,matchable,2026-08-12,72472100,INV-2026-001390 NEFT CR SBIN0000921 900000069968 FROM TRIVIDATA ROOFIN against inv INR 724
BL-001421,AP-RT-2026-001187,matchable_amount_mismatch,2026-08-13,-27389000,RT-2026-001187 NEFT DR ICIC0000429 900000061397 FROM KARMPCI SOLUTIONS  freight charges IN
BL-001422,AP-RT-2026-001516,matchable,2026-08-13,-16067400,RTGS HDFC0001234 900000073515 SUNDARA WATER TREATMENT LTD INR 160674.00 amc renewal RT-202
BL-001423,SETL-setl_00000149,gateway_settlement,2026-08-13,11252231,RAZORPAY PAYMENTS GATEWAY SETTLEMENT setl_00000149 UTR 900000007175
BL-001424,AR-INV-2026-000957,matchable,2026-08-13,13165400,INV-2026-000957 NEFT CR UTIB0002233 900000050783 FROM NALANDA FAB SERVICES PRIVA advance I
BL-001425,AR-INV-2026-001040,matchable,2026-08-13,13218900,UPI/HDFC0001234/570863627342/everwat@okhdfcbank/EVERSTONE WATER TREATMENT JAI
BL-001426,AR-INV-2026-001397,matchable,2026-08-13,23566500,INV-2026-001397 NEFT CR HDFC0001234 900000070264 FROM TRIVIDATA ROOFING PRODUCTS NAG full 
BL-001427,AR-INV-2026-001495,matchable,2026-08-13,30438800,CHQ CLG VEDIKA TEXTILE  INV-2026-001495
BL-001428,AR-INV-2026-001278,matchable,2026-08-13,55888300,NEFT CR SBIN0000921 900000065137 FROM VEDIKA FACILITY milestone 2 INR 558883.00
BL-001429,AR-INV-2026-001536,matchable,2026-08-13,107451200,UPI/HDFC0001234/209232117518/merilab@ybl/MERIDIAN LAB SUPPLIES LLP
BL-001430,AR-INV-2026-001646,matchable,2026-08-13,145427800,UPI/HDFC0001234/574617833277/merilab@paytm/MERIDIAN LAB
BL-001431,AP-VB-2026-001086,matchable,2026-08-14,-43301200,NEFT DR KKBK0000812 900000056189 FROM ZENITH ONE TEXTIL invoice settlement INR 433012.00 V
BL-001432,AP-VB-2026-001340,matchable,2026-08-14,-37247700,UPI/HDFC0001234/211373053568/bluecol@okhdfcbank/BLUEPEAK COLD /VB-2026-001340
BL-001433,AP-RT-2026-001269,matchable,2026-08-14,-15506200,UPI/HDFC0001234/848366761827/bluecol@okaxis/BLUEPEAK COLD CHAIN PVT LTD
BL-001434,SETL-setl_00000150,gateway_settlement,2026-08-14,6791578,RAZORPAY PAYMENTS GATEWAY SETTLEMENT setl_00000150 UTR 900000007239
BL-001435,AR-INV-2026-001597,matchable,2026-08-14,14399500,UPI/HDFC0001234/163952600458/anancon@okhdfcbank/ANANT INFRA CONV/INV-2026-001597
BL-001436,AR-INV-2026-001281,matchable,2026-08-14,25836800,NEFT CR HDFC0001234 900000065301 FROM ZENITH ONE LOGISTI full and final INR 258368.00
BL-001437,AR-INV-2026-001519,matchable,2026-08-14,38102500,CHQ CLG VEDIKA TEXTILES LTD 
BL-001438,AP-VB-2026-001363,matchable,2026-08-17,-202485100,NEFT DR ICIC0000429 900000069073 FROM PRAGATI FAB SERVIC freight charges INR 2024851.00
BL-001439,AP-VB-2026-001025,matchable,2026-08-17,-68449200,NEFT DR KKBK0000812 900000053746 FROM GOLDCREST STEEL T advance INR 684492.00
BL-001440,AP-RT-2026-001028,matchable,2026-08-17,-54714100,NEFT DR UTIB0002233 900000053904 FROM ZENITH ONE  invoice settlement INR 547141.00
BL-001441,AP-RT-2026-001501,matchable,2026-08-17,-47006500,NEFT DR HDFC0001234 900000073153 FROM EVERSTONE RECYCLERS & CO freight charges INR 470065.
BL-001442,AP-VB-2026-001227,matchable,2026-08-17,-30901100,UPI/HDFC0001234/877057041878/eversta@okhdfcbank/EVERSTONE STAFFING P CO
BL-001443,AP-VB-2026-001574,matchable,2026-08-17,-29997300,VB-2026-001574 NEFT DR ICIC0000429 900000075147 FROM EVERSTONE RE part payment INR 299973.
BL-001444,AP-VB-2026-001110,matchable,2026-08-17,-27692800,UPI/HDFC0001234/533296364948/ashwmac@okhdfcbank/ASHWINI MACHINE
BL-001445,AP-VB-2026-001605,matchable,2026-08-17,-27405500,NEFT DR ICIC0000429 900000075985 FROM LOHAYA LOGISTICS LTD part payment INR 274055.00
BL-001446,AP-VB-2026-001272,matchable,2026-08-17,-22221300,NEFT DR HDFC0001234 900000064942 FROM PRAGATI FAB  against inv INR 222213.00
BL-001447,AP-RT-2026-001529,matchable,2026-08-17,-18690200,RT-2026-001529 NEFT DR UTIB0002233 900000074052 FROM TRINAGR INIUTS invoice settlement INR
BL-001448,AP-VB-2026-001235,matchable,2026-08-17,-18621500,NEFT DR HDFC0001234 900000063323 FROM ZENITH ONE TEXTILES LLP material supply INR 186215.0
BL-001449,AP-VB-2026-000947,matchable,2026-08-17,-18438600,NEFT DR HDFC0001234 900000050168 FROM TRINETRA SOLAR full and final INR 184386.00 VB-2026-
BL-001450,AP-VB-2026-001409,matchable,2026-08-17,-14286400,UPI/HDFC0001234/207433950864/VB-2026-001409/merihar@ybl/MERIHIAN HARDWARE
BL-001451,AP-RT-2026-001324,matchable,2026-08-17,-12969900,UPI/HDFC0001234/281902003856/RT-2026-001324/bluecol@okhdfcbank/BLUEPEAK COLD CHAIN PVT LTD
BL-001452,AP-RT-2026-001236,matchable_amount_mismatch,2026-08-17,-10613700,RT-2026-001236 NEFT DR UTIB0002233 900000063366 FROM KARMAN PRINT SOLUTTONS LTD invoice se
BL-001453,AP-VB-2026-001589,matchable,2026-08-17,-7688000,NEFT DR KKBK0000812 900000075596 FROM VRUNDAVAN INTERIORS PRIVATE LIMITED amc renewal INR 
BL-001454,SETL-setl_00000153,gateway_settlement,2026-08-17,7257372,RAZORPAY PAYMENTS GATEWAY SETTLEMENT setl_00000153 UTR 900000007452
BL-001455,AR-INV-2026-001144,matchable,2026-08-17,10126400,CHQ CLG TRINETRA PIPING SOLUTIONS PVT LTD INV-2026-001144
BL-001456,SETL-setl_00000151,gateway_settlement,2026-08-17,15643042,RAZORPAY PAYMENTS GATEWAY SETTLEMENT setl_00000151 UTR 900000007306
BL-001457,SETL-setl_00000152,gateway_settlement,2026-08-17,16080282,RAZORPAY PAYMENTS GATEWAY SETTLEMENT setl_00000152 UTR 900000007356
BL-001458,AR-INV-2026-000954,matchable,2026-08-17,24862700,RTGS KKBK0000812 900000050513 SHREE BALAJI MACHINE INR 248627.00 part payment
BL-001459,AR-INV-2026-001674,matchable,2026-08-17,25573500,INV-2026-001674 RTGS UTIB0002233 900000077315 SAPTAGIRI ANALYTICS LTD INR 255735.00 part p
BL-001460,AR-INV-2026-001103,matchable,2026-08-17,27578100,NEFT CR SBIN0000921 900000056981 FROM GOLDCREST SECURITY SYSTEMS & CO security deposit INR
BL-001461,AR-INV-2026-001452,matchable,2026-08-17,29400300,UPI/HDFC0001234/901898089613/INV-2026-001452/anancon@ybl/ANAPT INFRA CONVEYANCES PVT LTD
BL-001462,AR-INV-2026-001561,matchable,2026-08-17,36910500,UPI/HDFC0001234/368612034789/INV-2026-001561/nalarec@okhdfcbank/NALANDA RECYCLERS LLP
BL-001463,AR-INV-2026-001177,matchable,2026-08-17,43952100,NEFT CR SBIN0000921 900000060984 FROM ANANT INFRA STAFFING advance INR 439521.00 INV-2026-
BL-001464,,expected_unmatched_duplicate,2026-08-17,43952100,NEFT CR SBIN0000921 900000060984 FROM ANANT INFRA STAFFING advance INR 439521.00 INV-2026-
BL-001465,AR-INV-2026-001618,matchable,2026-08-17,60900100,UPI/HDFC0001234/132560273141/merilab@paytm/MERIDIAN LAB SUPPLIES LLP/INV-2026-001618
BL-001466,AR-INV-2026-001317,matchable,2026-08-17,72808700,INV-2026-001317 NEFT CR SBIN0000921 900000067124 FROM SURYAVANSH PETRO CHEMICALS NAG again
BL-001467,AR-INV-2026-001350,matchable,2026-08-17,94788800,NEFT CR KKBK0000812 900000068566 FROM SURYAVANSH PETRO CH against inv INR 947888.00 INV-20
BL-001468,AR-INV-2026-001427,matchable,2026-08-17,124989900,NEFT CR KKBK0000812 900000071067 FROM TRIVIDATA ROOFE part payment INR 1249899.00
BL-001469,AR-INV-2026-001318,matchable,2026-08-17,126319700,RTGS SBIN0000921 900000067198 SHREE BALAJI HARDWARE PRIVATE LIMITED INR 1263197.00 freight
BL-001470,AR-INV-2026-001457,matchable,2026-08-17,130268900,NEFT CR ICIC0000429 900000071934 FROM GOLDCREST S freight charges INR 1302689.00 INV-2026-
BL-001471,AP-RT-2026-001248,matchable,2026-08-18,-110310600,NEFT DR UTIB0002233 900000063920 FROM PRAGATI FAB SERVIC full and final INR 1103106.00
BL-001472,AP-VB-2026-001532,matchable,2026-08-18,-33398900,NEFT DR SBIN0000921 900000074164 FROM EVERSTONE RECYCLERS & CO freight charges INR 333989.
BL-001473,AP-VB-2026-000980,matchable,2026-08-18,-25713700,NEFT DR UTIB0002233 900000051769 FROM GOLDCREST STEEL TRADERS COMPANY milestone 2 INR 2571
BL-001474,AP-RT-2026-001499,matchable,2026-08-18,-23318000,RT-2026-001499 NEFT DR ICIC0000429 900000073047 FROM TRPNETRA AGRI INPUT invoice settlemen
BL-001475,AP-VB-2026-001156,matchable,2026-08-18,-14149300,NEFT DR SBIN0000921 900000059859 FROM SHREE BALAJI ANALYTICS PRIVATE LIMITED milestone 2 I
BL-001476,AP-VB-2026-001424,matchable,2026-08-18,-8777000,UPI/HDFC0001234/120270105299/pragcon@paytm/PRAGATI CONVEYANCES PUN/VB-2026-001424
BL-001477,AP-RT-2026-001198,matchable,2026-08-18,-6546700,UPI/HDFC0001234/186515293127/karmcat@okhdfcbank/KARMAN CATERIN /RT-2026-001198
BL-001478,SETL-setl_00000154,gateway_settlement,2026-08-18,2956891,RAZORPAY PAYMENTS GATEWAY SETTLEMENT setl_00000154 UTR 900000007518
BL-001479,AR-INV-2026-001104,matchable_amount_mismatch,2026-08-18,24086600,UPI/HDFC0001234/844935725266/everwat@okhdfcbank/EVERSTONE WATER TREATMENT COMPANY
BL-001480,AR-INV-2026-001112,matchable,2026-08-18,37338000,NEFT CR UTIB0002233 900000057557 FROM GOLDCREST SECURITY SYSTEMS & CO amc renewal INR 3733
BL-001481,AR-INV-2026-001430,matchable,2026-08-18,40617600,INV-2026-001430 NEFT CR SBIN0000921 900000071205 FROM VEDIKA FACILITY  amc renewal INR 406
BL-001482,AR-INV-2026-001169,matchable,2026-08-18,46165900,NEFT CR UTIB0002233 900000060551 FROM NALANDA FAB SERVICES PUN amc renewal INR 461659.00
BL-001483,AR-INV-2026-001166,matchable,2026-08-18,48899700,RTGS SBIN0000921 900000060374 SHREHAR HARDWARE  INR 488997.00 milestone 2
BL-001484,AR-INV-2026-001400,matchable,2026-08-18,51889900,NEFT CR ICIC0000429 900000070352 FROM TRIVIDATA ROOFING PRODUCTS PVT LTD full and final IN
BL-001485,AR-INV-2026-001335,matchable,2026-08-18,68714200,NEFT CR ICIC0000429 900000067949 FROM COPPERLEAF full and final INR 687142.00 INV-2026-001
BL-001486,AR-INV-2026-001585,matchable,2026-08-18,94194600,UPI/HDFC0001234/585791791696/nalarec@okaxis/NALANDA RECYCLERS LLP/INV-2026-001585
BL-001487,AR-INV-2026-001539,matchable,2026-08-18,100858000,NEFT CR ICIC0000429 900000074437 FROM ASHWINI INTERIORS & CO amc renewal INR 1008580.00
BL-001488,AP-VB-2026-001172,matchable,2026-08-19,-20424700,NEFT DR HDFC0001234 900000060782 FROM SHREE BALAJI ANALYTICS NOI part payment INR 204247.0
BL-001489,AP-RT-2026-001091,matchable_amount_mismatch,2026-08-19,-16628100,RT-2026-001091 NEFT DR ICIC0000429 900000056375 FROM TRINETRA SOLAR EPC LLP amc renewal IN
BL-001490,AR-INV-2026-001095,matchable,2026-08-19,8982000,RTGS ICIC0000429 900000056535 SHREE BALAJI MACHINE PARTS & CO INR 89820.00 against inv
BL-001491,SETL-setl_00000155,gateway_settlement,2026-08-19,13287033,RAZORPAY PAYMENTS GATEWAY SETTLEMENT setl_00000155 UTR 900000007584
BL-001492,AR-INV-2026-001176,matchable,2026-08-19,27202600,CHQ CLG TRINETRA PIPIN INV-2026-001176
BL-001493,AR-INV-2026-001127,matchable,2026-08-19,29412400,INV-2026-001127 NEFT CR UTIB0002233 900000058189 FROM ANANT INFRA SRAFFI full and final IN
BL-001494,AP-VB-2026-001155,matchable,2026-08-20,-120971700,NEFT DR KKBK0000812 900000059843 FROM TRINETRA SOLAR EP security deposit INR 1209717.00
BL-001495,AP-VB-2026-001568,matchable_amount_mismatch,2026-08-20,-46705800,VB-2026-001568 CHQ CLG ANANT INFRA ELECT VB-2026-001568
BL-001496,AP-RT-2026-001195,matchable,2026-08-20,-29549600,NEFT DR HDFC0001234 900000061772 FROM ZENITH ONE T milestone 2 INR 295496.00
BL-001497,SETL-setl_00000156,gateway_settlement,2026-08-20,8902520,RAZORPAY PAYMENTS GATEWAY SETTLEMENT setl_00000156 UTR 900000007678
BL-001498,AR-INV-2026-001562,matchable,2026-08-20,12673100,NEFT CR UTIB0002233 900000074788 FROM ASHWINI CABLE SYSTEMS & CO material supply INR 12673
BL-001499,AR-INV-2026-001474,matchable,2026-08-20,13962500,UPI/HDFC0001234/216503004544/INV-2026-001474/anancon@paytm/ANANT INFRA CONVEYANCES PVT LTD
BL-001500,AR-INV-2026-001493,matchable,2026-08-20,14881000,NEFT CR HDFC0001234 900000072920 FROM TRIVIDATA ROOFING PRODUCTS full and final INR 148810
BL-001501,AR-INV-2026-001571,matchable,2026-08-20,22952200,CHQ CLG VEDIKA TEXTILES COMPANY 
BL-001502,AR-INV-2026-001428,matchable,2026-08-20,31732400,UPI/HDFC0001234/352396315360/INV-2026-001428/anancon@ybl/ANANT INFRA CONVEYANCES PRIVATE L
BL-001503,AR-INV-2026-001379,matchable,2026-08-20,54833400,INV-2026-001379 NEFT CR KKBK0000812 900000069587 FROM COPPERLEAI ELECTRICALS PVT LTD part 
BL-001504,AR-INV-2026-001126,matchable,2026-08-20,66615800,UPI/HDFC0001234/911733136158/INV-2026-001126/everwat@ybl/EVERSTONE WATER TREATMENT COMPANY
BL-001505,AR-INV-2026-001648,matchable,2026-08-20,90414900,NEFT CR UTIB0002233 900000076836 FROM PUSHPA METALS AGRI INPUTS PVT LTD full and final INR
BL-001506,AR-INV-2026-001145,matchable,2026-08-20,138810400,NEFT CR SBIN0000921 900000059155 FROM GOLDCREST SECURITY SYSTEMS PRIVATE LI milestone 2 IN
BL-001507,AP-RT-2026-001135,matchable,2026-08-21,-85794800,UPI/HDFC0001234/547003036055/ashwmac@okaxis/ASHWINI MACHINE PA/RT-2026-001135
BL-001508,AP-VB-2026-001512,matchable,2026-08-21,-38032900,NEFT DR ICIC0000429 900000073297 FROM MERIDIAN POLYMERS LTD invoice settlement INR 380329.
BL-001509,AP-VB-2026-001344,matchable,2026-08-21,-27437100,NEFT DR HDFC0001234 900000068302 FROM PRAGATI FA material supply INR 274371.00
BL-001510,AP-RT-2026-001357,matchable,2026-08-21,-25670500,RT-2026-001357 NEFT DR KKBK0000812 900000068798 FROM NORTHLINE  full and final INR 256705.
BL-001511,AP-VB-2026-001451,matchable,2026-08-21,-25623600,NEFT DR HDFC0001234 900000071636 FROM MERIDIAN POLYMERS LTD material supply INR 256236.00 
BL-001512,AP-RT-2026-001083,matchable,2026-08-21,-13900700,NEFT DR KKBK0000812 900000055985 FROM GOLDCREST STEEL TRADERS COMPANY security deposit INR
BL-001513,AP-VB-2026-001573,matchable,2026-08-21,-4793500,NEFT DR HDFC0001234 900000075108 FROM EVERSTONE RECYCLE material supply INR 47935.00 VB-20
BL-001514,SETL-setl_00000157,gateway_settlement,2026-08-21,7546138,RAZORPAY PAYMENTS GATEWAY SETTLEMENT setl_00000157 UTR 900000007758
BL-001515,AR-INV-2026-001708,matchable,2026-08-21,14440600,NEFT CR SBIN0000921 900000077973 FROM ORBITEX PAPER MILLS PVT LTD advance INR 144406.00 IN
BL-001516,AR-INV-2026-001638,matchable,2026-08-21,38815200,UPI/HDFC0001234/307571627562/nalarec@ybl/NALANDA RE/INV-2026-001638
BL-001517,AR-INV-2026-001789,matchable,2026-08-21,46808600,NEFT CR SBIN0000921 900000078474 FROM ORBITYX PAPER MILLS NOI material supply INR 468086.0
BL-001518,AR-INV-2026-001432,matchable_amount_mismatch,2026-08-21,62073700,UPI/HDFC0001234/210583712790/ashwcol@paytm/ASHWINI COLD CHAIN PRIVATE LIMITED
BL-001519,AR-INV-2026-001629,matchable,2026-08-21,71238800,UPI/HDFC0001234/597197460601/merilab@okhdfcbank/MERILAB SUP /INV-2026-001629
BL-001520,AP-RT-2026-001702,matchable,2026-08-22,-109062400,NEFT DR UTIB0002233 900000077733 FROM LOHIYA LOGISTICS LTD security deposit INR 1090624.00
BL-001521,AP-VB-2026-001450,matchable_amount_mismatch,2026-08-22,-53467700,UPI/HDFC0001234/657222993567/pragcon@okaxis/PRAGATI CONVEYANCES 
BL-001522,AP-RT-2026-001517,matchable,2026-08-22,-44026500,RT-2026-001517 RTGS UTIB0002233 900000073549 VAISHNAVI PIPING SOLUTSONS LTD INR 440265.00 
BL-001523,AP-RT-2026-001323,matchable,2026-08-22,-36530100,NEFT DR SBIN0000921 900000067298 FROM KARMAN PRINT SOLUTIONS PRIVATE LIMITED milestone 2 I
BL-001524,AP-RT-2026-001214,matchable,2026-08-22,-34385100,NEFT DR ICIC0000429 900000062593 FROM GOLDCREST STEEL TRADER material supply INR 343851.00
BL-001525,AP-VB-2026-001664,matchable_amount_mismatch,2026-08-22,-20497800,VB-2026-001664 RTGS UTIB0002233 900000077217 SUNDARA WATER TR INR 204978.00 advance
BL-001526,AP-VB-2026-001162,matchable_amount_mismatch,2026-08-22,-16043500,UPI/HDFC0001234/971562058898/karmcat@paytm/KARMAN CATERING SERVICES LLP/VB-2026-001162
BL-001527,AP-VB-2026-001057,matchable,2026-08-22,-15760200,VB-2026-001057 NEFT DR SBIN0000921 900000055013 FROM SHREE BALAJI ANALYTIC against inv INR
BL-001528,AP-RT-2026-001158,matchable,2026-08-22,-8889200,UPI/HDFC0001234/442393786669/karmcat@okhdfcbank/KARMAN CATERINGLSERVICES /RT-2026-001158
BL-001529,SETL-setl_00000158,gateway_settlement,2026-08-22,13503290,RAZORPAY PAYMENTS GATEWAY SETTLEMENT setl_00000158 UTR 900000007843
BL-001530,AR-INV-2026-001726,matchable,2026-08-22,31504600,UPI/HDFC0001234/805785743460/nalarec@paytm/NALANDA REC/INV-2026-001726
BL-001531,AR-INV-2026-001292,matchable,2026-08-22,48482100,INV-2026-001292 NEFT CR SBIN0000921 900000065875 FROM ORBITEX PACKAGING PRIVATE LIMITED fu
BL-001532,AR-INV-2026-001384,matchable,2026-08-22,50554400,INV-2026-001384 RTGS SBIN0000921 900000069786 SHREE BALAJI HARDWARE PRIVATE LIMITED INR 50
BL-001533,AR-INV-2026-001824,matchable,2026-08-22,62254300,NEFT CR UTIB0002233 900000078648 FROM GOLDCREST WAREHOUSING LLP milestone 2 INR 622543.00
BL-001534,AR-INV-2026-001365,matchable,2026-08-22,68158400,NEFT CR ICIC0000429 900000069107 FROM ORBITEX PAC full and final INR 681584.00 INV-2026-00
BL-001535,AR-INV-2026-001402,matchable,2026-08-22,302479500,NEFT CR HDFC0001234 900000070468 FROM ORBITEX PACKAGING  milestone 2 INR 3024795.00 INV-20
BL-001536,AP-RT-2026-001652,matchable,2026-08-24,-107201700,NEFT DR SBIN0000921 900000076920 FROM VRUNDAVAN INTERIORS PVT LTD invoice settlement INR 1
BL-001537,AP-RT-2026-001342,matchable,2026-08-24,-69632400,NEFT DR KKBK0000812 900000068233 FROM PRAGATI FAB SERVICES LTD amc renewal INR 696324.00
BL-001538,AP-VB-2026-001586,matchable,2026-08-24,-62991000,NEFT DR ICIC0000429 900000075516 FROM EVERSTONE RECYCLER  material supply INR 629910.00
BL-001539,AP-RT-2026-001325,matchable,2026-08-24,-47892800,NEFT DR HDFC0001234 900000067390 FROM PRAGATI FAB S full and final INR 478928.00
BL-001540,AP-RT-2026-001547,matchable,2026-08-24,-46903300,RTGS UTIB0002233 900000074546 VAISHNAVI PIPING SOLUTIONS PRIVATEDLIMITED INR 469033.00 fre
BL-001541,AP-VB-2026-001506,matchable,2026-08-24,-40121600,RTGS ICIC0000429 900000073256 VAISHNAVI PIPING SOLUTIONS LTD INR 401216.00 invoice settlem
BL-001542,AP-VB-2026-001308,matchable,2026-08-24,-40014700,NEFT DR UTIB0002233 900000066798 FROM TRINETRA SOLAR EPC JLP against inv INR 400147.00 VB-
BL-001543,AP-RT-2026-001461,matchable,2026-08-24,-28246400,NEFT DR ICIC0000429 900000072118 FROM MERIDIAN POLYMERS LTD freight charges INR 282464.00 
BL-001544,AP-RT-2026-001592,matchable,2026-08-24,-24880400,RT-2026-001592 NEFT DR UTIB0002233 900000075679 FROM EVERSTONE RRCYC  invoice settlement I
BL-001545,AP-VB-2026-001603,matchable,2026-08-24,-24231100,NEFT DR HDFC0001234 900000075887 FROM EVERSTONE R  amc renewal INR 242311.00
BL-001546,AP-RT-2026-001133,matchable,2026-08-24,-8335000,RT-2026-001133 NEFT DR HDFC0001234 900000058475 FROM GOLDCREST STEEL TRADERS COMPANY full 
BL-001547,SETL-setl_00000160,gateway_settlement,2026-08-24,3707725,RAZORPAY PAYMENTS GATEWAY SETTLEMENT setl_00000160 UTR 900000007930
BL-001548,SETL-setl_00000159,gateway_settlement,2026-08-24,11737756,RAZORPAY PAYMENTS GATEWAY SETTLEMENT setl_00000159 UTR 900000007913
BL-001549,AR-INV-2026-001119,matchable,2026-08-24,14134900,RTGS ICIC0000429 900000057840 SHREE BALAJI MACHINE PARTS PVT LTD INR 141349.00 security de
BL-001550,AR-INV-2026-001353,matchable,2026-08-24,14649800,INV-2026-001353 NEFT CR ICIC0000429 900000068602 FROM ANANT INFRA STAFFING PRIVATE LIMITED
BL-001551,AR-INV-2026-001855,matchable,2026-08-24,19550700,NEFT CR SBIN0000921 900000078829 FROM GOLDCREST WAREHOUSIN invoice settlement INR 195507.0
BL-001552,AR-INV-2026-001401,matchable,2026-08-24,21664800,NEFT CR SBIN0000921 900000070416 FROM ZENITH ONE LOGISTICS NAG amc renewal INR 216648.00
BL-001553,AR-INV-2026-001381,matchable,2026-08-24,24712400,INV-2026-001381 CHQ CLG TRINETRA PIPING SOLUTIONS LLP INV-2026-001381
BL-001554,AR-INV-2026-001404,matchable,2026-08-24,31411500,RTGS KKBK0000812 900000070554 SHREE BALAJI HARDWARE PUN INR 314115.00 full and final
BL-001555,AR-INV-2026-001351,matchable_amount_mismatch,2026-08-24,42503400,RTGS UTIB0002233 900000068567 SHREE BALAJI HARDWARE PRIVATE LIMITED INR 425034.00 freight 
BL-001556,AR-INV-2026-001147,matchable,2026-08-24,47417600,UPI/HDFC0001234/725422791199/everwat@okaxis/EVERSTONE WATER TREA
BL-001557,AR-INV-2026-001577,matchable,2026-08-24,51236800,NEFT CR SBIN0000921 900000075310 FROM ASHWINI INTERIORS & CO advance INR 512368.00 INV-202
BL-001558,AR-INV-2026-001488,matchable,2026-08-24,52546200,NEFT CR SBIN0000921 900000072825 FROM TRIVIDATA ROOFING PRODUCTS PVT LTD against inv INR 5
BL-001559,AR-INV-2026-001743,matchable,2026-08-24,62042200,UPI/HDFC0001234/106750225217/nalarec@okaxis/NALANDA RECYCL 
BL-001560,AR-INV-2026-001628,matchable,2026-08-24,67288500,UPI/HDFC0001234/802705989299/orbidai@okhdfcbank/ORBITEX DAIRY FOODS PVT LTD
BL-001561,AR-INV-2026-001479,matchable,2026-08-24,89065900,UPI/HDFC0001234/450566643142/ashwcol@okhdfcbank/ASHWCOL CHAIN
BL-001562,AR-INV-2026-001699,matchable,2026-08-24,94990100,INV-2026-001699 RTGS UTIB0002233 900000077725 SAPTAGIRI ANALYTICS LTD INR 949901.00 agains
BL-001563,AR-INV-2026-001383;AR-INV-2026-001405;AR-INV-2026-001482,matchable_lumpsum,2026-08-24,108534500,NEFT CR HDFC0001234 900000081214 FROM SURYAVANSH PRINT SOLUTIONS & CO against inv INR 1085
BL-001564,AR-INV-2026-001200;AR-INV-2026-001231;AR-INV-2026-001258,matchable_lumpsum,2026-08-24,145286300,NEFT CR KKBK0000812 900000081147 FROM ORBITEX PACKAGING PRIVATE LIMITED milestone 2 INR 14
BL-001565,AR-INV-2026-001755,matchable_amount_mismatch,2026-08-24,342050700,INV-2026-001755 NEFT CR UTIB0002233 900000078390 FROM ORBITEX PAPER MILLS  freight charges
BL-001566,AP-VB-2026-001588,matchable,2026-08-25,-200372300,NEFT DR KKBK0000812 900000075554 FROM MERIDIAN POLYMERS LTD against inv INR 2003723.00
BL-001567,AP-RT-2026-001505,matchable,2026-08-25,-91565400,RT-2026-001505 NEFT DR UTIB0002233 900000073205 FROM MERIDIAN POLYMERS LTD part payment IN
BL-001568,AP-VB-2026-001515,matchable,2026-08-25,-37930600,CHQ CLG ORBITJX WAREHOUSING & CO 
BL-001569,AP-VB-2026-001528,matchable,2026-08-25,-26080800,UPI/HDFC0001234/388964832625/VB-2026-001528/merihar@okaxis/MERIHAR HARDWARE
BL-001570,SETL-setl_00000161,gateway_settlement,2026-08-25,486727,RAZORPAY PAYMENTS GATEWAY SETTLEMENT setl_00000161 UTR 900000007963
BL-001571,AR-INV-2026-001819,matchable,2026-08-25,9051600,INV-2026-001819 NEFT CR HDFC0001234 900000078606 FROM ORBITEX PAPER MILLS LLP against inv 
BL-001572,AR-INV-2026-001524,matchable,2026-08-25,12080100,NEFT CR ICIC0000429 900000073918 FROM SURYAVANSH CATERING  material supply INR 120801.00
BL-001573,AR-INV-2026-001280,matchable,2026-08-25,25341300,NEFT CR SBIN0000921 900000065264 FROM ORBIPAC PACKAGWNG invoice settlement INR 253413.00 I
BL-001574,AR-INV-2026-001490;AR-INV-2026-001537;AR-INV-2026-001552,matchable_lumpsum,2026-08-25,30873600,NEFT CR KKBK0000812 900000081335 FROM SURYAVANSH PRINT S security deposit INR 308736.00
BL-001575,AR-INV-2026-001142,matchable,2026-08-25,44093400,CHQ CLG TRINETRA PIPING SOLUTIONS LLP INV-2026-001142
BL-001576,AP-VB-2026-001554,matchable_amount_mismatch,2026-08-26,-73153700,NEFT DR HDFC0001234 900000074651 FROM MERIDIAN POQ  against inv INR 731537.00
BL-001577,AP-VB-2026-001212,matchable,2026-08-26,-48667300,NEFT DR SBIN0000921 900000062538 FROM SHREE BALAJI ANALYTICS PRIVATE LIMITED invoice settl
BL-001578,AP-RT-2026-001763,matchable,2026-08-26,-27570800,RT-2026-001763 CHQ CLG ANANT INFRA ELECTRICALS LTD RT-2026-001763
BL-001579,AP-RT-2026-001301,matchable,2026-08-26,-21832900,NEFT DR ICIC0000429 900000066380 FROM PRAGATI FAB SER milestone 2 INR 218329.00 RT-2026-00
BL-001580,AP-RT-2026-001688,matchable,2026-08-26,-17955200,NEFT DR KKBK0000812 900000077583 FROM LOHIYA LOGI material supply INR 179552.00
BL-001581,AP-VB-2026-001151,matchable,2026-08-26,-13108800,UPI/HDFC0001234/494530421090/karmcat@okhdfcbank/KARMAN CAT /VB-2026-001151
BL-001582,SETL-setl_00000162,gateway_settlement,2026-08-26,15032861,RAZORPAY PAYMENTS GATEWAY SETTLEMENT setl_00000162 UTR 900000008040
BL-001583,AR-INV-2026-001346,matchable,2026-08-26,15249300,INV-2026-001346 CHQ CLG TRINETRA PIPIN INV-2026-001346
BL-001584,AR-INV-2026-001315,matchable,2026-08-26,85167200,INV-2026-001315 NEFT CR UTIB0002233 900000067046 FROM ORBITEX PACKAGING PRIVATE LI materia
BL-001585,AR-INV-2026-001455,matchable,2026-08-26,92388800,NEFT CR SBIN0000921 900000071849 FROM ORBITEX PACKAGING PR freight charges INR 923888.00
BL-001586,AR-INV-2026-001767,matchable,2026-08-26,105487600,UPI/HDFC0001234/987305348000/orbidai@okaxis/ORBITEX DAIRY F/INV-2026-001767
BL-001587,AP-VB-2026-001567,matchable,2026-08-27,-29372300,VB-2026-001567 NEFT DR HDFC0001234 900000074903 FROM TRINETRA AGRI INPUTS LTD invoice sett
BL-001588,AP-RT-2026-001550,matchable,2026-08-27,-28246200,RT-2026-001550 NEFT DR ICIC0000429 900000074622 FROM TRINAGR INPUTS material supply INR 28
BL-001589,AP-RT-2026-001706,matchable,2026-08-27,-12607200,RTGS SBIN0000921 900000077867 SUNDARA WATER TREATMENT LTD INR 126072.00 security deposit R
BL-001590,SETL-setl_00000163,gateway_settlement,2026-08-27,11655087,RAZORPAY PAYMENTS GATEWAY SETTLEMENT setl_00000163 UTR 900000008085
BL-001591,AR-INV-2026-001181,matchable,2026-08-27,13488600,UPI/HDFC0001234/139110794253/everwat@paytm/EVERSTONE WATER TREATM
BL-001592,AR-INV-2026-001640,matchable,2026-08-27,28636000,NEFT CR ICIC0000429 900000076577 FROM ASHWINI INTERIORS LTD full and final INR 286360.00
BL-001593,AR-INV-2026-001678,matchable_amount_mismatch,2026-08-27,83771100,UPI/HDFC0001234/595486257700/merilab@ybl/MERIDIAN LABVS /INV-2026-001678
BL-001594,AR-INV-2026-001492,matchable,2026-08-27,124431200,NEFT CR SBIN0000921 900000072914 FROM VEDIKA FACILITY MANAGEMENT & CO advance INR 1244312.
BL-001595,AR-INV-2026-001049;AR-INV-2026-001219;AR-INV-2026-001259,matchable_lumpsum,2026-08-27,175682600,NEFT CR UTIB0002233 900000081113 FROM ASHWINI SOLAR EPC P invoice settlement INR 1756826.0
BL-001596,AP-VB-2026-001267,matchable,2026-08-28,-94800000,NEFT DR KKBK0000812 900000064624 FROM TRINETRA SOLAR EP full and final INR 948000.00 VB-20
BL-001597,AP-VB-2026-001422,matchable,2026-08-28,-45682300,UPI/HDFC0001234/433301963867/VB-2026-001422/bluecol@paytm/BLUEPEAK COLD 
BL-001598,AP-VB-2026-001809,matchable,2026-08-28,-20970000,NEFT DR UTIB0002233 900000078592 FROM LOHILOG LOGISTICS part payment INR 209700.00 VB-2026
BL-001599,AP-RT-2026-001500,matchable,2026-08-28,-16700700,UPI/HDFC0001234/756494405402/bluecol@ybl/BLUEPEAK COLD CHAIN PVT LTD
BL-001600,SETL-setl_00000164,gateway_settlement,2026-08-28,3504428,RAZORPAY PAYMENTS GATEWAY SETTLEMENT setl_00000164 UTR 900000008182
BL-001601,AR-INV-2026-001348,matchable_amount_mismatch,2026-08-28,8107000,INV-2026-001348 NEFT CR SBIN0000921 900000068525 FROM ANANT INFRA STAFFING HUB advance INR
BL-001602,AR-INV-2026-001599,matchable,2026-08-28,30605100,INV-2026-001599 NEFT CR SBIN0000921 900000075816 FROM TRIVIDATA R material supply INR 3060
BL-001603,AR-INV-2026-001260,matchable,2026-08-28,69162100,NEFT CR UTIB0002233 900000064347 FROM GOLDCREST SECURITY SYSTEMS PRIVATE LIMITED amc renew
BL-001604,AR-INV-2026-001805,matchable,2026-08-28,108027100,NEFT CR KKBK0000812 900000078508 FROM PUSHPA METALS AGRI INPUTS PVT LTD material supply IN
BL-001605,AP-VB-2026-001265,matchable,2026-08-29,-84111500,NEFT DR ICIC0000429 900000064507 FROM TRINETRA SOLAR EPC LLP security deposit INR 841115.0
BL-001606,AP-VB-2026-001288,matchable,2026-08-29,-81146100,UPI/HDFC0001234/282346846860/ashwmac@ybl/ASHWINI MACHINE PARTS LTD
BL-001607,AP-RT-2026-001701,matchable,2026-08-29,-60654500,CHQ CLG ANANT INFR 
BL-001608,AP-RT-2026-001463,matchable,2026-08-29,-50619300,UPI/HDFC0001234/440248552839/RT-2026-001463/bluecol@ybl/BLUEPEAK COLD CHAIN PVT LTD
BL-001609,AP-VB-2026-001601,matchable,2026-08-29,-28409000,VB-2026-001601 NEFT DR ICIC0000429 900000075849 FROM MERIDIAN POLYMERS LTD part payment IN
BL-001610,AP-VB-2026-001285,matchable_amount_mismatch,2026-08-29,-26685200,UPI/HDFC0001234/891168816002/VB-2026-001285/eversta@ybl/EVERSTONE STAFFING PRIVATE LIMITED
BL-001611,AP-VB-2026-001358,matchable,2026-08-29,-11746200,UPI/HDFC0001234/415352622641/karmcat@okaxis/KARMAN CATERING SERVICE
BL-001612,AP-RT-2026-001590,matchable,2026-08-29,-10596200,UPI/HDFC0001234/551054959491/pragcon@ybl/PRAGATI CO
BL-001613,SETL-setl_00000165,gateway_settlement,2026-08-29,13254293,RAZORPAY PAYMENTS GATEWAY SETTLEMENT setl_00000165 UTR 900000008197
BL-001614,AR-INV-2026-001630,matchable,2026-08-29,15659600,CHQ CLG VEDIKA TEXTILES INV-2026-001630
BL-001615,AR-INV-2026-001612,matchable,2026-08-29,37838800,INV-2026-001612 NEFT CR ICIC0000429 900000076042 FROM TRIVIDATA ROOFING PRODUCTS PVT LTD m
BL-001616,AR-INV-2026-001273,matchable,2026-08-29,50800300,NEFT CR SBIN0000921 900000064998 FROM ASHWINI SOLAR EPC PVT LTD part payment INR 508003.00
BL-001617,AR-INV-2026-001677,matchable,2026-08-29,116794200,UPI/HDFC0001234/261154846155/nalarec@ybl/NALANDA RECYCLERS LLP
BL-001618,AP-SALARY-202609-0,matchable,2026-08-31,-345000000,NEFT DR UTIB0002233 900000080262 FROM ACME INDUSTRIESXPAYROLL  against inv INR 3450000.00 
BL-001619,AP-VB-2026-001655,matchable,2026-08-31,-95877600,VB-2026-001655 NEFT DR KKBK0000812 900000077016 FROM EVERSTONE RECYCLERS & CO security dep
BL-001620,,expected_unmatched_duplicate,2026-08-31,-95877600,VB-2026-001655 NEFT DR KKBK0000812 900000077016 FROM EVERSTONE RECYCLERS & CO security dep
BL-001621,AP-VB-2026-001371,matchable,2026-08-31,-58084800,VB-2026-001371 NEFT DR SBIN0000921 900000069352 FROM PRAGATI FAB SERVICES LTD material sup
BL-001622,AP-VB-2026-001465,matchable,2026-08-31,-48567000,CHQ CLG ORBITEX WAREHOUS  
BL-001623,AP-VB-2026-001302,matchable,2026-08-31,-40861800,NEFT DR SBIN0000921 900000066469 FROM PRAGATI FAB SERVICES LTD part payment INR 408618.00 
BL-001624,AP-RT-2026-001682,matchable_amount_mismatch,2026-08-31,-40854500,NEFT DR ICIC0000429 900000077513 FROM EVERSTONE RECYCLERS &SCO invoice settlement INR 4085
BL-001625,AP-RT-2026-001423,matchable,2026-08-31,-39682000,NEFT DR KKBK0000812 900000070831 FROM ZENITH ONE TEXTILES LLP full and final INR 396820.00
BL-001626,AP-VB-2026-001616,matchable,2026-08-31,-37382400,NEFT DR SBIN0000921 900000076184 FROM TRINETRA AGRI INPUSS COMPANY invoice settlement INR 
BL-001627,AP-RT-2026-001549,matchable,2026-08-31,-36445200,RTGS UTIB0002233 900000074563 VAISHNAVI PIPING SOLUTIONSULTD INR 364452.00 against inv RT-
BL-001628,AP-VB-2026-001663,matchable,2026-08-31,-31309100,RTGS HDFC0001234 900000077144 VAISHNAVI PIPING  INR 313091.00 milestone 2 VB-2026-001663
BL-001629,AP-VB-2026-001502,matchable,2026-08-31,-31135300,UPI/HDFC0001234/618347857850/pragcon@okaxis/PRAGATI CONVEYANCES PUN/VB-2026-001502
BL-001630,AP-VB-2026-001615,matchable,2026-08-31,-9691700,VB-2026-001615 NEFT DR KKBK0000812 900000076109 FROM MERIDIAN POLYMERS LTD milestone 2 INR
BL-001631,SETL-setl_00000167,gateway_settlement,2026-08-31,857115,RAZORPAY PAYMENTS GATEWAY SETTLEMENT setl_00000167 UTR 900000008266
BL-001632,SETL-setl_00000166,gateway_settlement,2026-08-31,15667963,RAZORPAY PAYMENTS GATEWAY SETTLEMENT setl_00000166 UTR 900000008234
BL-001633,AR-INV-2026-001185,matchable,2026-08-31,34240800,INV-2026-001185 RTGS SBIN0000921 900000061322 SHREE BALAJI M INR 342408.00 milestone 2
BL-001634,AR-INV-2026-001736,matchable,2026-08-31,38199400,INV-2026-001736 NEFT CR HDFC0001234 900000078219 FROM PUSHPA METALS AGRI INPUTP & CO full 
BL-001635,AR-INV-2026-001313,matchable,2026-08-31,61893000,INV-2026-001313 NEFT CR KKBK0000812 900000066930 FROM SAHYADRI POLYM  security deposit INR
BL-001636,AR-INV-2026-001522,matchable,2026-08-31,64996900,RTGS KKBK0000812 900000073829 SHREE BALAJI HARDWARE PRIVATE LIMITED INR 649969.00 full and
BL-001637,AR-INV-2026-001851,matchable,2026-08-31,67143400,RTGS UTIB0002233 900000078772 SAPTAGIRI ANALYTICS LTD INR 671434.00 freight charges
BL-001638,AR-INV-2026-001283,matchable,2026-08-31,83606600,NEFT CR UTIB0002233 900000065444 FROM ASHWSOL EP advance INR 836066.00 INV-2026-001283
BL-001639,AP-VB-2026-001641,matchable,2026-09-01,-49341000,NEFT DR ICIC0000429 900000076582 FROM EVERSTONE REC security deposit INR 493410.00
BL-001640,AP-VB-2026-001575,matchable,2026-09-01,-48172000,NEFT DR HDFC0001234 900000075233 FROM MERIDIAN POLYMERS LTD against inv INR 481720.00
BL-001641,AP-VB-2026-001286,matchable,2026-09-01,-43154700,NEFT DR SBIN0000921 900000065584 FROM ZENITH ONE TEXTILES LLP milestone 2 INR 431547.00 VB
BL-001642,AP-RT-2026-001731,matchable,2026-09-01,-41401800,NEFT DR SBIN0000921 900000078153 FROM EVERSTONE RECYCLERS & CO part payment INR 414018.00 
BL-001643,AP-VB-2026-001233,matchable,2026-09-01,-38982100,VB-2026-001233 NEFT DR UTIB0002233 900000063271 FROM GOLDCREST STEEL TRADERS COMPANY invoi
BL-001644,AP-VB-2026-001703,matchable,2026-09-01,-34338200,CHQ CLG ANANT INFRA ELECTRICALS LTD 
BL-001645,,expected_unmatched_duplicate,2026-09-01,-34338200,CHQ CLG ANANT INFRA ELECTRICALS LTD 
BL-001646,AP-VB-2026-001721,matchable,2026-09-01,-34065800,VB-2026-001721 CHQ CLG ANANT INFRA ELECTRICALS LTD VB-2026-001721
BL-001647,AP-RT-2026-001464,matchable,2026-09-01,-21571200,UPI/HDFC0001234/633722700259/bluecol@okhdfcbank/BLUEPEAK COLD /RT-2026-001464
BL-001648,SETL-setl_00000168,gateway_settlement,2026-09-01,4206962,RAZORPAY PAYMENTS GATEWAY SETTLEMENT setl_00000168 UTR 900000008339
BL-001649,AR-INV-2026-001520,matchable,2026-09-01,27605700,NEFT CR SBIN0000921 900000073706 FROM ASHWINI CABLE SYSTEMS LTD full and final INR 276057.
BL-001650,AR-INV-2026-001143,matchable,2026-09-01,40393000,RTGS HDFC0001234 900000058997 SHREE BALAJI MACHINE PARTS PVT LTD INR 403930.00 freight cha
BL-001651,AR-INV-2026-001672,matchable,2026-09-01,44978300,INV-2026-001672 NEFT CR KKBK0000812 900000077222 FROM ASHWINI INTE  amc renewal INR 449783
BL-001652,AR-INV-2026-001651,matchable,2026-09-01,54184200,NEFT CR HDFC0001234 900000076848 FROM ASHWINI INTERIORS & CO security deposit INR 541842.0
BL-001653,AR-INV-2026-001261,matchable,2026-09-01,70172100,UPI/HDFC0001234/709507120767/everwat@ybl/EVERSTONE WATER/INV-2026-001261
BL-001654,AR-INV-2026-001661,matchable,2026-09-01,101464000,NEFT CR UTIB0002233 900000077053 FROM SURYAVANSH CATERING SERVICES COMPANY security deposi
BL-001655,AP-VB-2026-001407,matchable,2026-09-02,-39506800,UPI/HDFC0001234/948554698045/VB-2026-001407/eversta@okhdfcbank/EVERSTONE STAFFING PVT LTD
BL-001656,AP-RT-2026-001614,matchable,2026-09-02,-22886500,NEFT DR ICIC0000429 900000076108 FROM NORTHLINE ROOFING PRODUCTS COMPANY security deposit 
BL-001657,AP-RT-2026-001857,matchable,2026-09-02,-18465400,CHQ CLG ANANT INFRA ELECTRICALS LTD 
BL-001658,AP-VB-2026-001749,matchable,2026-09-02,-14024500,NEFT DR HDFC0001234 900000078315 FROM LOHYYA LOGISTICS LTD full and final INR 140245.00 VB
BL-001659,SETL-setl_00000169,gateway_settlement,2026-09-02,10794184,RAZORPAY PAYMENTS GATEWAY SETTLEMENT setl_00000169 UTR 900000008350
BL-001660,AR-INV-2026-001480,matchable,2026-09-02,26081200,NEFT CR KKBK0000812 900000072573 FROM SAHYADRI PO material supply INR 260812.00
BL-001661,AR-INV-2026-001610,matchable,2026-09-02,27171100,INV-2026-001610 NEFT CR UTIB0002233 900000076020 FROM ASHWINI CABLE SYSTEMS LTD material s
BL-001662,AR-INV-2026-001291,matchable,2026-09-02,30685100,CHQ CLG TRINETRA PIP  
BL-001663,AR-INV-2026-001478,matchable,2026-09-02,55570200,NEFT CR UTIB0002233 900000072526 FROM SURYAVANSH PETRO CHEMICALS & CO invoice settlement I
BL-001664,AR-INV-2026-001582,matchable,2026-09-02,70583000,INV-2026-001582 NEFT CR UTIB0002233 900000075483 FROM ASHWINI INTERI advance INR 705830.00
BL-001665,AR-INV-2026-001256,matchable,2026-09-02,128371800,UPI/HDFC0001234/628698421261/INV-2026-001256/everwat@okhdfcbank/EVERSTONE WATER TREATMENT 
BL-001666,,expected_unmatched_duplicate,2026-09-02,128371800,UPI/HDFC0001234/628698421261/INV-2026-001256/everwat@okhdfcbank/EVERSTONE WATER TREATMENT 
BL-001667,AP-EMI-202609-0,matchable,2026-09-03,-125000000,NEFT DR HDFC0001234 900000080309 FROM STATEDLOAN  amc renewal INR 1250000.00
BL-001668,AP-RT-2026-001310,matchable,2026-09-03,-66560400,UPI/HDFC0001234/833594061524/RT-2026-001310/ashwmac@okhdfcbank/ASHWINI MACHINE PARTS LTD
BL-001669,AP-VB-2026-001633,matchable,2026-09-03,-44851600,VB-2026-001633 RTGS HDFC0001234 900000076426 VAISHNAVI PIPING SOLUTIONS & CO INR 448516.00
BL-001670,AP-VB-2026-001343,matchable,2026-09-03,-35774000,NEFT DR ICIC0000429 900000068270 FROM ZENITH ONE TEXTILES LLP advance INR 357740.00
BL-001671,AP-RT-2026-001839,matchable,2026-09-03,-24288200,CHQ CLG ANANT INFRA ELECTRICALS LTD RT-2026-001839
BL-001672,AP-VB-2026-001514,matchable,2026-09-03,-20506200,UPI/HDFC0001234/693034139775/pragcon@ybl/PRAGATI CONOE/VB-2026-001514
BL-001673,AP-VB-2026-001604,matchable,2026-09-03,-16974900,NEFT DR SBIN0000921 900000075892 FROM NORTHLINE ROOFING PRODUCTS PVT LTD invoice settlemen
BL-001674,AP-RT-2026-001460,matchable,2026-09-03,-16442400,NEFT DR UTIB0002233 900000072088 FROM KARMPRI SOLUTIONS invoice settlement INR 164424.00
BL-001675,AP-RT-2026-001372,matchable,2026-09-03,-9156700,UPI/HDFC0001234/135744596182/ashwmac@ybl/ASHWINI MACHINE PARTS LTD/RT-2026-001372
BL-001676,SETL-setl_00000170,gateway_settlement,2026-09-03,11595125,RAZORPAY PAYMENTS GATEWAY SETTLEMENT setl_00000170 UTR 900000008423
BL-001677,AR-INV-2026-001454,matchable,2026-09-03,13934100,INV-2026-001454 NEFT CR HDFC0001234 900000071775 FROM NALANDA FAB SERVICES PRIVATE LIMITED
BL-001678,AR-INV-2026-001686,matchable,2026-09-03,18663400,CHQ CLG VEDIKA TEXTIL 
BL-001679,AR-INV-2026-001355,matchable,2026-09-03,19204100,INV-2026-001355 NEFT CR HDFC0001234 900000068666 FROM NALANDA FAB SERVICES LLP invoice set
BL-001680,AR-INV-2026-001909,matchable,2026-09-03,39839700,INV-2026-001909 NEFT CR KKBK0000812 900000078932 FROM ORBITEX PAPER MILLS PRIVATE LIMITED 
BL-001681,AR-INV-2026-001696,matchable,2026-09-03,42500000,CHQ CLG VEDIKA TEXTILES LLP 
BL-001682,AR-INV-2026-001644,matchable,2026-09-03,48757600,NEFT CR ICIC0000429 900000076676 FROM ASHWINI INTERIORS & CO full and final INR 487576.00 
BL-001683,AR-INV-2026-001962,matchable,2026-09-03,77328300,NEFT CR HDFC0001234 900000079051 FROM GOLDCRIST WAREHOUS invoice settlement INR 773283.00
BL-001684,AR-INV-2026-001237,matchable,2026-09-03,268030100,INV-2026-001237 NEFT CR SBIN0000921 900000063430 FROM GOLDSEC SYSTEMS  milestone 2 INR 268
BL-001685,,expected_unmatched_duplicate,2026-09-03,268030100,INV-2026-001237 NEFT CR SBIN0000921 900000063430 FROM GOLDSEC SYSTEMS  milestone 2 INR 268
BL-001686,AP-RT-2026-001393,matchable,2026-09-04,-142840300,UPI/HDFC0001234/225222650771/ashwmac@paytm/ASHWINI MACHINE PARTS NOI/RT-2026-001393
BL-001687,AP-VB-2026-001364,matchable,2026-09-04,-14653900,UPI/HDFC0001234/447733162310/karmcat@okaxis/KARMAN CATERING SERVICES LLP/VB-2026-001364
BL-001688,SETL-setl_00000171,gateway_settlement,2026-09-04,9298626,RAZORPAY PAYMENTS GATEWAY SETTLEMENT setl_00000171 UTR 900000008518
BL-001689,AR-INV-2026-001370,matchable,2026-09-04,10902900,CHQ CLG TRINETRA PIPING SOLUTI INV-2026-001370
BL-001690,AR-INV-2026-001598,matchable,2026-09-04,11202800,INV-2026-001598 NEFT CR SBIN0000921 900000075802 FROM ZENILOG LOGISTICS  freight charges I
BL-001691,AR-INV-2026-001483,matchable,2026-09-04,16552200,INV-2026-001483 NEFT CR KKBK0000812 900000072622 FROM ANANT INFRA S against inv INR 165522
BL-001692,AR-INV-2026-001992,matchable,2026-09-04,22652600,NEFT CR ICIC0000429 900000079064 FROM GOLDCREST WAREHOUSING PRIVATE LIMITED milestone 2 IN
BL-001693,AR-INV-2026-001563,matchable,2026-09-04,50963700,NEFT CR HDFC0001234 900000074839 FROM COPPERLEAF ELECTRIC  material supply INR 509637.00
BL-001694,AP-RENT-202609-0,matchable_amount_mismatch,2026-09-05,-77016100,RENT-202609 NEFT DR KKBK0000812 900000080308 FROM SKYLINE ESTATES PVT LTD LTD freight char
BL-001695,AP-RT-2026-001300,matchable,2026-09-05,-47038900,NEFT DR ICIC0000429 900000066324 FROM ZENITH OBE TEXTILES NAG against inv INR 470389.00 RT
BL-001696,AP-RT-2026-001690,matchable,2026-09-05,-44731300,NEFT DR SBIN0000921 900000077597 FROM VRUNDAVAN INTERIORS COMPANY against inv INR 447313.0
BL-001697,AP-VB-2026-001533,matchable,2026-09-05,-43556900,NEFT DR UTIB0002233 900000074232 FROM PRAGATI FAB SERVICES LTD milestone 2 INR 435569.00 V
BL-001698,AP-VB-2026-001425,matchable,2026-09-05,-18131400,NEFT DR UTIB0002233 900000070907 FROM KARMAN PRINT SOLUTIONS KOC part payment INR 181314.0
BL-001699,AP-RT-2026-001707,matchable,2026-09-05,-9475900,NEFT DR ICIC0000429 900000077945 FROM EVERSTONE RECYCLERS & CO invoice settlement INR 9475
BL-001700,SETL-setl_00000172,gateway_settlement,2026-09-05,11292756,RAZORPAY PAYMENTS GATEWAY SETTLEMENT setl_00000172 UTR 900000008544
BL-001701,AR-INV-2026-001959,matchable,2026-09-05,25373200,NEFT CR HDFC0001234 900000078963 FROM GOLDCREST WAREHOUSING PRLVATE LIMITED security depos
BL-001702,AR-INV-2026-001535,matchable_amount_mismatch,2026-09-05,55495900,NEFT CR HDFC0001234 900000074236 FROM VEDIKA FACILITY FANAGEMENT & CO part payment INR 554
BL-001703,AR-INV-2026-001760,matchable,2026-09-05,57327300,UPI/HDFC0001234/580030693487/nalarec@okaxis/NALANDA RECYCLERS LLP
BL-001704,,expected_unmatched_charge,2026-06-23,-150000,NEFT OUTWARD PROCESSING FEE HDFC0001234
BL-001706,,expected_unmatched_charge,2026-07-07,-295000,SERVICE CHG FOR MONTHLY MAINTAINANCE
BL-001708,,expected_unmatched_interest,2026-06-10,18450000,CREDIT INTEREST ON SAVINGS BALANCE QUARTERLY
BL-001710,,expected_unmatched_charge,2026-07-08,-50000,CHEQUE RETURN CHRG INVALID SIGNATURE
BL-001712,,expected_unmatched_unknown,2026-08-10,25000000,UPI CR @SUNRISEMARTS@YBL 128734567890123 RANDOM
BL-001714,,expected_unmatched_unknown,2026-08-19,100000000,NEFT CR HDFC0001234 991234567890123 FROM UNKNOWN PARTY XZ
