line_id,txn_date,value_date,narration,utr,amount_in,amount_out,account
BL-000001,2026-05-01,2026-05-01,NEFT DR HDFC0001234 900000033498 FROM ACME INDUSTRIES PAYROLL against inv INR 3450000.00 S,900000033498,,3450000.00,HDFC-Current-4421
BL-000002,2026-05-04,2026-05-04,EMI-202605 NEFT DR KKBK0000812 900000033522 FROM STATE BANK EQUIP LOAN  milestone 2 INR 12,900000033522,,1250000.00,HDFC-Current-4421
BL-000003,2026-05-05,2026-05-05,RENT-202605 NEFT DR HDFC0001234 900000033516 FROM SKYLINE ESTATES PVT LTD  invoice settlem,900000033516,,780000.00,HDFC-Current-4421
BL-000004,2026-05-09,2026-05-09,RAZORPAY PAYMENTS GATEWAY SETTLEMENT setl_00000001 UTR 900000000068,900000000068,107028.37,,HDFC-Current-4421
BL-000005,2026-05-11,2026-05-11,RAZORPAY PAYMENTS GATEWAY SETTLEMENT setl_00000003 UTR 900000000159,900000000159,17856.69,,HDFC-Current-4421
BL-000006,2026-05-11,2026-05-11,RAZORPAY PAYMENTS GATEWAY SETTLEMENT setl_00000002 UTR 900000000097,900000000097,141901.15,,HDFC-Current-4421
BL-000007,2026-05-12,2026-05-12,RAZORPAY PAYMENTS GATEWAY SETTLEMENT setl_00000004 UTR 900000000232,900000000232,17440.16,,HDFC-Current-4421
BL-000008,2026-05-13,2026-05-13,RAZORPAY PAYMENTS GATEWAY SETTLEMENT setl_00000005 UTR 900000000284,900000000284,103926.88,,HDFC-Current-4421
BL-000009,2026-05-14,2026-05-14,RAZORPAY PAYMENTS GATEWAY SETTLEMENT setl_00000006 UTR 900000000356,900000000356,134566.03,,HDFC-Current-4421
BL-000010,2026-05-15,2026-05-15,RAZORPAY PAYMENTS GATEWAY SETTLEMENT setl_00000007 UTR 900000000384,900000000384,137155.80,,HDFC-Current-4421
BL-000011,2026-05-16,2026-05-16,RAZORPAY PAYMENTS GATEWAY SETTLEMENT setl_00000008 UTR 900000000477,900000000477,84314.35,,HDFC-Current-4421
BL-000012,2026-05-18,2026-05-18,RAZORPAY PAYMENTS GATEWAY SETTLEMENT setl_00000010 UTR 900000000585,900000000585,13140.21,,HDFC-Current-4421
BL-000013,2026-05-18,2026-05-18,RAZORPAY PAYMENTS GATEWAY SETTLEMENT setl_00000009 UTR 900000000560,900000000560,132079.13,,HDFC-Current-4421
BL-000014,2026-05-18,2026-05-18,UPI/HDFC0001234/867626195476/INV-2026-000002/ramacon@ybl/RAMAN DEEP CONVE,900000005655,1273834.00,,HDFC-Current-4421
BL-000015,2026-05-19,2026-05-19,RAZORPAY PAYMENTS GATEWAY SETTLEMENT setl_00000011 UTR 900000000598,900000000598,27350.21,,HDFC-Current-4421
BL-000016,2026-05-20,2026-05-20,RAZORPAY PAYMENTS GATEWAY SETTLEMENT setl_00000012 UTR 900000000619,900000000619,78575.55,,HDFC-Current-4421
BL-000017,2026-05-20,2026-05-20,NEFT CR ICIC0000429 900000007322 FROM SHREE BALAJI RECYCLERS KOC against inv INR 159068.00,900000007322,159068.00,,HDFC-Current-4421
BL-000018,2026-05-21,2026-05-21,RAZORPAY PAYMENTS GATEWAY SETTLEMENT setl_00000013 UTR 900000000658,900000000658,125305.42,,HDFC-Current-4421
BL-000019,2026-05-22,2026-05-22,RAZORPAY PAYMENTS GATEWAY SETTLEMENT setl_00000014 UTR 900000000693,900000000693,110917.10,,HDFC-Current-4421
BL-000020,2026-05-23,2026-05-23,RAZORPAY PAYMENTS GATEWAY SETTLEMENT setl_00000015 UTR 900000000784,900000000784,125284.61,,HDFC-Current-4421
BL-000021,2026-05-25,2026-05-25,RAZORPAY PAYMENTS GATEWAY SETTLEMENT setl_00000017 UTR 900000000880,900000000880,53897.99,,HDFC-Current-4421
BL-000022,2026-05-25,2026-05-25,RAZORPAY PAYMENTS GATEWAY SETTLEMENT setl_00000016 UTR 900000000802,900000000802,151983.48,,HDFC-Current-4421
BL-000023,2026-05-25,2026-05-25,UPI/HDFC0001234/919736397003/zeniele@ybl/ZENITH ONE ELECTRICALS JAI/INV-2026-000084,900000009374,255975.00,,HDFC-Current-4421
BL-000024,2026-05-27,2026-05-27,RAZORPAY PAYMENTS GATEWAY SETTLEMENT setl_00000018 UTR 900000000886,900000000886,89203.93,,HDFC-Current-4421
BL-000025,2026-05-27,2026-05-27,UPI/HDFC0001234/134158448798/INV-2026-000036/zeniele@okhdfcbank/ZENITH ONE ELECTRICALS COM,900000006924,328550.00,,HDFC-Current-4421
BL-000026,2026-05-28,2026-05-28,RAZORPAY PAYMENTS GATEWAY SETTLEMENT setl_00000019 UTR 900000000966,900000000966,68487.42,,HDFC-Current-4421
BL-000027,2026-05-28,2026-05-28,UPI/HDFC0001234/636221896668/zeniele@paytm/ZENITH ONE ,900000010458,349008.00,,HDFC-Current-4421
BL-000028,2026-05-29,2026-05-29,RAZORPAY PAYMENTS GATEWAY SETTLEMENT setl_00000020 UTR 900000001011,900000001011,121416.04,,HDFC-Current-4421
BL-000029,2026-05-30,2026-05-30,RAZORPAY PAYMENTS GATEWAY SETTLEMENT setl_00000021 UTR 900000001022,900000001022,97419.27,,HDFC-Current-4421
BL-000030,2026-05-30,2026-05-30,INV-2026-000038 RTGS HDFC0001234 900000006988 VAISHNAVI TEXTILES LLP INR 1978625.00 freigh,900000006988,1978625.00,,HDFC-Current-4421
BL-000031,2026-06-01,2026-06-01,SALARY-202606 NEFT DR UTIB0002233 900000033552 FROM ACME INDUSTR full and final INR 345000,900000033552,,3450000.00,HDFC-Current-4421
BL-000032,2026-06-01,2026-06-01,CHQ CLG SAPTAGIRI MACHINE PART VB-2026-000071,900000008628,,264648.00,HDFC-Current-4421
BL-000033,2026-06-01,2026-06-01,NEFT DR SBIN0000921 900000006322 FROM NALANDA RECYCLERS LTD milestone 2 INR 216426.00,900000006322,,216426.00,HDFC-Current-4421
BL-000034,2026-06-01,2026-06-01,RAZORPAY PAYMENTS GATEWAY SETTLEMENT setl_00000023 UTR 900000001114,900000001114,15223.10,,HDFC-Current-4421
BL-000035,2026-06-01,2026-06-01,RAZORPAY PAYMENTS GATEWAY SETTLEMENT setl_00000022 UTR 900000001039,900000001039,105472.06,,HDFC-Current-4421
BL-000036,2026-06-01,2026-06-01,INV-2026-000059 NEFT CR SBIN0000921 900000008170 FROM TRIVIDATA WAREHOUSING LTD freight ch,900000008170,242684.00,,HDFC-Current-4421
BL-000037,2026-06-01,2026-06-01,UPI/HDFC0001234/767715532475/hirahar@okhdfcbank/HIRANYAKA HARDWARE PVT LTD/INV-2026-000025,900000006493,1191903.00,,HDFC-Current-4421
BL-000038,2026-06-01,2026-06-01,RTGS UTIB0002233 900000007414 VAISHNAVI TEXTILES LLP INR 1504132.00 advance,900000007414,1504132.00,,HDFC-Current-4421
BL-000039,2026-06-02,2026-06-02,RAZORPAY PAYMENTS GATEWAY SETTLEMENT setl_00000024 UTR 900000001144,900000001144,40396.38,,HDFC-Current-4421
BL-000040,2026-06-02,2026-06-02,UPI/HDFC0001234/343149035377/INV-2026-000034/ramacon@ybl/RAMAN DEEP CONVEYANCES PRIVATE LI,900000006913,410593.00,,HDFC-Current-4421
BL-000041,2026-06-02,2026-06-02,RTGS HDFC0001234 900000006425 VAISHNAVI TEXTILES JAI INR 594906.00 full and final,900000006425,594906.00,,HDFC-Current-4421
BL-000042,2026-06-03,2026-06-03,NEFT DR HDFC0001234 900000033680 FROM STATE BANK EQUIP LOAN PVT LTD advance INR 1250000.00,900000033680,,1250000.00,HDFC-Current-4421
BL-000043,2026-06-03,2026-06-03,INV-2026-000001 NEFT CR UTIB0002233 900000005620 FROM TANSH MACHINE PARTS LTD against inv ,900000005620,137617.00,,HDFC-Current-4421
BL-000044,2026-06-03,2026-06-03,RAZORPAY PAYMENTS GATEWAY SETTLEMENT setl_00000025 UTR 900000001153,900000001153,156352.37,,HDFC-Current-4421
BL-000045,2026-06-03,2026-06-03,UPI/HDFC0001234/904578169833/ramacon@okhdfcbank/RAMAN DEEP CONVEYANCES PRIVATE LIMITED,900000006049,303168.00,,HDFC-Current-4421
BL-000046,2026-06-03,2026-06-03,NEFT CR UTIB0002233 900000006582 FROM INDUSLOOM ROOFING PRODUCTS LLP material supply INR 8,900000006582,803183.00,,HDFC-Current-4421
BL-000047,2026-06-04,2026-06-04,NEFT DR KKBK0000812 900000008691 FROM RAMAN DEEP POLYMERS COMPANY security deposit INR 500,900000008691,,500091.00,HDFC-Current-4421
BL-000048,2026-06-04,2026-06-04,NEFT DR ICIC0000429 900000007669 FROM NALAREC RECYCLERS part payment INR 207459.00,900000007669,,207459.00,HDFC-Current-4421
BL-000049,2026-06-04,2026-06-04,RAZORPAY PAYMENTS GATEWAY SETTLEMENT setl_00000026 UTR 900000001207,900000001207,144617.63,,HDFC-Current-4421
BL-000050,2026-06-05,2026-06-05,RENT-202606 NEFT DR ICIC0000429 900000033631 FROM SKYLINE ESTATES PVT LTD LTD freight char,900000033631,,780000.00,HDFC-Current-4421
BL-000051,2026-06-05,2026-06-05,NEFT DR UTIB0002233 900000006698 FROM RAMAN DEEP POLYMERS LLP freight charges INR 253103.0,900000006698,,253103.00,HDFC-Current-4421
BL-000052,2026-06-05,2026-06-05,RAZORPAY PAYMENTS GATEWAY SETTLEMENT setl_00000027 UTR 900000001266,900000001266,98299.17,,HDFC-Current-4421
BL-000053,2026-06-05,2026-06-05,INV-2026-000003 NEFT CR SBIN0000921 900000005738 FROM INDUSLOOM ROOFING PRODUCTS PVT LTD m,900000005738,362844.00,,HDFC-Current-4421
BL-000054,2026-06-05,2026-06-05,NEFT CR UTIB0002233 900000006295 FROM EVERSTONE LOGISTICS LTD part payment INR 541008.00,900000006295,541008.00,,HDFC-Current-4421
BL-000055,2026-06-05,2026-06-05,NEFT CR SBIN0000921 900000008460 FROM SAPTAGIRI WATER TREATMENT PVT LTD full and final INR,900000008460,1142705.00,,HDFC-Current-4421
BL-000056,2026-06-06,2026-06-06,RAZORPAY PAYMENTS GATEWAY SETTLEMENT setl_00000028 UTR 900000001342,900000001342,105286.72,,HDFC-Current-4421
BL-000057,2026-06-08,2026-06-08,UPI/HDFC0001234/614358224751/adissol@okhdfcbank/ADISHAKTI SOLAR EPC COMPANY,900000006146,,1113264.00,HDFC-Current-4421
BL-000058,2026-06-08,2026-06-08,UPI/HDFC0001234/968403798829/adissol@paytm/ADISHAKTI SO,900000006363,,445387.00,HDFC-Current-4421
BL-000059,2026-06-08,2026-06-08,RAZORPAY PAYMENTS GATEWAY SETTLEMENT setl_00000030 UTR 900000001411,900000001411,42689.69,,HDFC-Current-4421
BL-000060,2026-06-08,2026-06-08,RAZORPAY PAYMENTS GATEWAY SETTLEMENT setl_00000029 UTR 900000001376,900000001376,116917.55,,HDFC-Current-4421
BL-000061,2026-06-08,2026-06-08,UPI/HDFC0001234/616187588472/hirahar@paytm/HIRAHAR HARDWARE,900000010648,148586.00,,HDFC-Current-4421
BL-000062,2026-06-08,2026-06-08,UPI/HDFC0001234/407479710013/INV-2026-000042/hirahar@ybl/HIRANYAKA HARDWAR,900000007211,214927.00,,HDFC-Current-4421
BL-000063,2026-06-08,2026-06-08,UPI/HDFC0001234/693073923086/zeniele@ybl/ZENITH ONE ELECTRICALS/INV-2026-000177,900000013438,289474.00,,HDFC-Current-4421
BL-000064,2026-06-08,2026-06-08,NEFT CR UTIB0002233 900000005814 FROM TANSH MACH against inv INR 327825.00,900000005814,327825.00,,HDFC-Current-4421
BL-000065,2026-06-08,2026-06-08,NEFT CR ICIC0000429 900000008199 FROM SAPTAGIRI WATER TREATMENT LLP freight charges INR 76,900000008199,760358.00,,HDFC-Current-4421
BL-000066,2026-06-09,2026-06-09,NEFT DR UTIB0002233 900000009463 FROM KARMAN CONVEYANCES PVT LTD advance INR 564517.00 VB-,900000009463,,564517.00,HDFC-Current-4421
BL-000067,2026-06-09,2026-06-09,NEFT DR HDFC0001234 900000007742 FROM RAMAN DEEP POLYMERS COMPANY security deposit INR 147,900000007742,,147766.00,HDFC-Current-4421
BL-000068,2026-06-10,2026-06-10,NEFT DR KKBK0000812 900000006156 FROM VAISHNAVI LOGISTICS KOC amc renewal INR 890654.00 VB,900000006156,,890654.00,HDFC-Current-4421
BL-000069,2026-06-10,2026-06-10,UPI/HDFC0001234/134111000238/VB-2026-000016/adissol@ybl/ADISHAKTI SOLAR EPC COMPANY,900000006222,,249197.00,HDFC-Current-4421
BL-000070,2026-06-10,2026-06-10,NEFT DR ICIC0000429 900000006084 FROM MERIDIAN WATER TREATMENT JAI amc renewal INR 117025.,900000006084,,117025.00,HDFC-Current-4421
BL-000071,2026-06-10,2026-06-10,RAZORPAY PAYMENTS GATEWAY SETTLEMENT setl_00000031 UTR 900000001437,900000001437,113384.20,,HDFC-Current-4421
BL-000072,2026-06-10,2026-06-10,UPI/HDFC0001234/553206929403/ramacon@ybl/RAMAN DEEP CONVEYANCES P/INV-2026-000005,900000005862,1071292.00,,HDFC-Current-4421
BL-000073,2026-06-11,2026-06-11,NEFT CR SBIN0000921 900000009656 FROM TRIVIDATA WAREHOUSING LTD advance INR 99158.00 INV-2,900000009656,99158.00,,HDFC-Current-4421
BL-000074,2026-06-11,2026-06-11,RAZORPAY PAYMENTS GATEWAY SETTLEMENT setl_00000032 UTR 900000001498,900000001498,155571.56,,HDFC-Current-4421
BL-000075,2026-06-11,2026-06-11,NEFT CR UTIB0002233 900000010119 FROM SHREE BALAJI RECYCLERS COMPANY amc renewal INR 37900,900000010119,379005.00,,HDFC-Current-4421
BL-000076,2026-06-12,2026-06-12,UPI/HDFC0001234/840474836697/adissol@paytm/ADISHAKTI SOLAR EPC LTD/VB-2026-000031,900000006789,,255116.00,HDFC-Current-4421
BL-000077,2026-06-12,2026-06-12,RT-2026-000022 CHQ CLG SAPTAGIRI MACHINE PARTS & CO RT-2026-000022,900000006327,,120267.00,HDFC-Current-4421
BL-000078,2026-06-12,2026-06-12,RAZORPAY PAYMENTS GATEWAY SETTLEMENT setl_00000033 UTR 900000001561,900000001561,73181.66,,HDFC-Current-4421
BL-000079,2026-06-12,2026-06-12,UPI/HDFC0001234/316172289250/INV-2026-000082/hirahar@okhdfcbank/HIRANYAKA HARDWARE PVT LTD,900000009326,298642.00,,HDFC-Current-4421
BL-000080,2026-06-13,2026-06-13,RAZORPAY PAYMENTS GATEWAY SETTLEMENT setl_00000034 UTR 900000001604,900000001604,153696.13,,HDFC-Current-4421
BL-000081,2026-06-15,2026-06-15,UPI/HDFC0001234/144279699825/adissol@ybl/ADISHAKTI SOLAR EP,900000008968,,754012.00,HDFC-Current-4421
BL-000082,2026-06-15,2026-06-15,UPI/HDFC0001234/134577612676/RT-2026-000055/adissol@paytm/ADISSOL EPC,900000007923,,557272.00,HDFC-Current-4421
BL-000083,2026-06-15,2026-06-15,NEFT DR SBIN0000921 900000010154 FROM KARMAN CONVEYANCES PVT LTD against inv INR 249179.00,900000010154,,249179.00,HDFC-Current-4421
BL-000084,2026-06-15,2026-06-15,RTGS SBIN0000921 900000006099 SHREE BAMAJI ELECTRICALS PVT LTD INR 150092.00 amc renewal,900000006099,,150092.00,HDFC-Current-4421
BL-000085,2026-06-15,2026-06-15,RAZORPAY PAYMENTS GATEWAY SETTLEMENT setl_00000036 UTR 900000001659,900000001659,78185.86,,HDFC-Current-4421
BL-000086,2026-06-15,2026-06-15,RAZORPAY PAYMENTS GATEWAY SETTLEMENT setl_00000035 UTR 900000001648,900000001648,138129.08,,HDFC-Current-4421
BL-000087,2026-06-15,2026-06-15,NEFT CR HDFC0001234 900000006644 FROM INDUSLOOM ROOFING PRODUCTS PVT LTD material supply I,900000006644,154432.00,,HDFC-Current-4421
BL-000088,2026-06-15,2026-06-15,UPI/HDFC0001234/841319495208/zeniele@okhdfcbank/ZENITH ONE ELECTRICALS COMPANY,900000014711,188021.00,,HDFC-Current-4421
BL-000089,2026-06-15,2026-06-15,UPI/HDFC0001234/461630559012/hirahar@ybl/HIRANYAKA HAR /INV-2026-000156,900000012226,263835.00,,HDFC-Current-4421
BL-000090,2026-06-15,2026-06-15,NEFT CR SBIN0000921 900000007287 FROM EVERSTONE LOGISTICS LTD milestone 2 INR 563199.00 IN,900000007287,563199.00,,HDFC-Current-4421
BL-000091,2026-06-15,2026-06-15,INV-2026-000090 RTGS KKBK0000812 900000009510 VAISHNAVI TEXTILES LLP INR 1367616.00 freigh,900000009510,1367616.00,,HDFC-Current-4421
BL-000092,2026-06-15,2026-06-15,UPI/HDFC0001234/660532300949/INV-2026-000157/ramacon@okaxis/RAMAN DEEP CONVEYANCES PRIVATE,900000012306,3623002.00,,HDFC-Current-4421
BL-000093,2026-06-16,2026-06-16,CHQ CLG SAPTAGIRI MACHINE P ,900000010905,,604631.00,HDFC-Current-4421
BL-000094,2026-06-16,2026-06-16,UPI/HDFC0001234/664308670631/VB-2026-000030/adissol@okhdfcbank/ADISHAKTI SOZAR EPC C,900000006734,,390100.00,HDFC-Current-4421
BL-000095,2026-06-16,2026-06-16,NEFT DR HDFC0001234 900000010995 FROM RAMAN DEEP POLYMERS COMPANY full and final INR 89983,900000010995,,89983.00,HDFC-Current-4421
BL-000096,2026-06-16,2026-06-16,RAZORPAY PAYMENTS GATEWAY SETTLEMENT setl_00000037 UTR 900000001669,900000001669,6456.23,,HDFC-Current-4421
BL-000097,2026-06-16,2026-06-16,NEFT CR ICIC0000429 900000007637 FROM TANSH MACHINE PARTS PUN freight charges INR 207314.0,900000007637,207314.00,,HDFC-Current-4421
BL-000098,2026-06-16,2026-06-16,NEFT CR HDFC0001234 900000009302 FROM EVERSTONE LOGISTICS LTD milestone 2 INR 716085.00 IN,900000009302,716085.00,,HDFC-Current-4421
BL-000099,2026-06-16,2026-06-16,UPI/HDFC0001234/767372603008/ramacon@okhdfcbank/RAMAN DEEP CONVEYANCES LTD/INV-2026-000117,900000010678,3350391.00,,HDFC-Current-4421
BL-000100,2026-06-17,2026-06-17,CHQ CLG SAPTAGIRI MACHINE PARTS COMPANY RT-2026-000063,900000008391,,311431.00,HDFC-Current-4421
BL-000101,2026-06-17,2026-06-17,RAZORPAY PAYMENTS GATEWAY SETTLEMENT setl_00000038 UTR 900000001758,900000001758,118988.48,,HDFC-Current-4421
BL-000102,2026-06-17,2026-06-17,INV-2026-000122 RTGS ICIC0000429 900000010860 VAISHNAVI TEXTILES LLP INR 490316.00 materia,900000010860,490316.00,,HDFC-Current-4421
BL-000103,2026-06-18,2026-06-18,NEFT DR HDFC0001234 900000008425 FROM NALANDA RECYCLERS LTD against inv INR 426804.00 RT-2,900000008425,,426804.00,HDFC-Current-4421
BL-000104,2026-06-18,2026-06-18,RAZORPAY PAYMENTS GATEWAY SETTLEMENT setl_00000039 UTR 900000001794,900000001794,103759.96,,HDFC-Current-4421
BL-000105,2026-06-18,2026-06-18,UPI/HDFC0001234/987899230548/hirahar@okhdfcbank/HIRAHAR HARDWARE,900000015320,161889.00,,HDFC-Current-4421
BL-000106,2026-06-18,2026-06-18,UPI/HDFC0001234/994414727482/ramacon@okhdfcbank/RAMAN DEEP CONVEYA,900000012928,189590.00,,HDFC-Current-4421
BL-000107,2026-06-18,2026-06-18,RTGS KKBK0000812 900000009549 VAISHNAVI TEX INR 580086.00 invoice settlement,900000009549,580086.00,,HDFC-Current-4421
BL-000108,2026-06-18,2026-06-18,INV-2026-000083 NEFT CR SBIN0000921 900000009373 FROM INDUSLOOM RO material supply INR 120,900000009373,1205209.00,,HDFC-Current-4421
BL-000109,2026-06-19,2026-06-19,RAZORPAY PAYMENTS GATEWAY SETTLEMENT setl_00000040 UTR 900000001852,900000001852,76189.15,,HDFC-Current-4421
BL-000110,2026-06-19,2026-06-19,NEFT CR SBIN0000921 900000008022 FROM SHREE BALA amc renewal INR 292343.00 INV-2026-000057,900000008022,292343.00,,HDFC-Current-4421
BL-000111,2026-06-20,2026-06-20,UPI/HDFC0001234/865828003333/adissol@ybl/ADISHAKTI SOLAR EPC COMPANY/RT-2026-000077,900000009054,,396106.00,HDFC-Current-4421
BL-000112,2026-06-20,2026-06-20,NEFT DR KKBK0000812 900000009148 FROM VAISHNAVI LOG  security deposit INR 163653.00,900000009148,,163653.00,HDFC-Current-4421
BL-000113,2026-06-20,2026-06-20,NEFT DR ICIC0000429 900000009199 FROM MERIDIAN WATER TREATMENT & CO full and final INR 921,900000009199,,92140.00,HDFC-Current-4421
BL-000114,2026-06-20,2026-06-20,NEFT DR KKBK0000812 900000009917 FROM RAMAN DEEP POLYMERS C full and final INR 62131.00,900000009917,,62131.00,HDFC-Current-4421
BL-000115,2026-06-20,2026-06-20,RAZORPAY PAYMENTS GATEWAY SETTLEMENT setl_00000041 UTR 900000001944,900000001944,135697.37,,HDFC-Current-4421
BL-000116,2026-06-20,2026-06-20,INV-2026-000131 NEFT CR HDFC0001234 900000011346 FROM TANSH MACHINE  freight charges INR 6,900000011346,685749.00,,HDFC-Current-4421
BL-000117,2026-06-22,2026-06-22,VB-2026-000073 NEFT DR HDFC0001234 900000008767 FROM RAMAPOL POLYMERS material supply INR ,900000008767,,432708.00,HDFC-Current-4421
BL-000118,2026-06-22,2026-06-22,NEFT DR UTIB0002233 900000012696 FROM KARMCON CONVEYANCES security deposit INR 303600.00 R,900000012696,,303600.00,HDFC-Current-4421
BL-000119,2026-06-22,2026-06-22,CHQ CLG SAPTAGIRI MACHINE PART ,900000011900,,182024.00,HDFC-Current-4421
BL-000120,2026-06-22,2026-06-22,UPI/HDFC0001234/700517181408/hirahar@paytm/HIRANYAKA HARDWARE PVT LTD,900000010555,58348.00,,HDFC-Current-4421
BL-000121,2026-06-22,2026-06-22,INV-2026-000199 NEFT CR SBIN0000921 900000014316 FROM SHREREC RECY invoice settlement INR ,900000014316,82595.00,,HDFC-Current-4421
BL-000122,2026-06-22,2026-06-22,RAZORPAY PAYMENTS GATEWAY SETTLEMENT setl_00000042 UTR 900000002038,900000002038,91963.86,,HDFC-Current-4421
BL-000123,2026-06-22,2026-06-22,UPI/HDFC0001234/688828095370/ramacon@paytm/RAMAN DEEP,900000011312,105154.00,,HDFC-Current-4421
BL-000124,2026-06-22,2026-06-22,UPI/HDFC0001234/227858022889/INV-2026-000223/zeniele@okaxis/ZENITH ONE ELECTRICALS & CO,900000015476,243602.00,,HDFC-Current-4421
BL-000125,2026-06-22,2026-06-22,UPI/HDFC0001234/700352968090/hirahar@okaxis/HIRANYAKA HARDWARE PV,900000012880,245711.00,,HDFC-Current-4421
BL-000126,2026-06-22,2026-06-22,UPI/HDFC0001234/350372285060/INV-2026-000315/zeniele@ybl/ZENITH ONE ELECTRICALS & CO,900000019270,261545.00,,HDFC-Current-4421
BL-000127,2026-06-22,2026-06-22,UPI/HDFC0001234/137126949683/zeniele@okaxis/ZENITH ONE ELECTRICAL,900000018195,291515.00,,HDFC-Current-4421
BL-000128,2026-06-22,2026-06-22,NEFT CR KKBK0000812 900000034340 FROM SHREE BALAJI RECYCLERS material supply INR 666874.00,900000034340,666874.00,,HDFC-Current-4421
BL-000129,2026-06-23,2026-06-23,RT-2026-000164 NEFT DR HDFC0001234 900000012752 FROM RAMAN DEQP POLYMERS COMPANY security ,900000012752,,771509.00,HDFC-Current-4421
BL-000130,2026-06-23,2026-06-23,NEFT DR KKBK0000812 900000009264 FROM VAISLOG LOG material supply INR 299258.00,900000009264,,299258.00,HDFC-Current-4421
BL-000131,2026-06-23,2026-06-23,NEFT DR HDFC0001234 900000015029 FROM KARMAN CONVEYANCES PVT LTD milestone 2 INR 272967.00,900000015029,,272967.00,HDFC-Current-4421
BL-000132,2026-06-23,2026-06-23,NEFT DR HDFC0001234 900000011755 FROM RAMAN DEEP P milestone 2 INR 181090.00 VB-2026-00014,900000011755,,181090.00,HDFC-Current-4421
BL-000133,2026-06-23,2026-06-23,NEFT DR SBIN0000921 900000006886 FROM MERIDIAN WATER amc renewal INR 49786.00 VB-2026-0000,900000006886,,49786.00,HDFC-Current-4421
BL-000134,2026-06-23,2026-06-23,RAZORPAY PAYMENTS GATEWAY SETTLEMENT setl_00000043 UTR 900000002046,900000002046,25507.73,,HDFC-Current-4421
BL-000135,2026-06-23,2026-06-23,UPI/HDFC0001234/320606396733/lohipol@ybl/LOHIYA POLYMERS COMPANY,900000007084,158715.00,,HDFC-Current-4421
BL-000136,2026-06-24,2026-06-24,CHQ CLG SAPTAGIRI MACHINE PARTS PRIVATE LIMITED ,900000011210,,608777.00,HDFC-Current-4421
BL-000137,2026-06-24,2026-06-24,UPI/HDFC0001234/509980967850/VB-2026-000111/adissol@ybl/ADISHAKTI SOLAR,900000010396,,309401.00,HDFC-Current-4421
BL-000138,2026-06-24,2026-06-24,NEFT DR ICIC0000429 900000016030 FROM RAMAN DEEP POLYMERS KOC freight charges INR 255426.0,900000016030,,255426.00,HDFC-Current-4421
BL-000139,2026-06-24,2026-06-24,NEFT DR KKBK0000812 900000011977 FROM RAMAN DEEP POLYMERS LTD advance INR 165588.00,900000011977,,165588.00,HDFC-Current-4421
BL-000140,2026-06-24,2026-06-24,NEFT DR SBIN0000921 900000008518 FROM MERIDIAN WATER material supply INR 67004.00 RT-2026-,900000008518,,67004.00,HDFC-Current-4421
BL-000141,2026-06-24,2026-06-24,RAZORPAY PAYMENTS GATEWAY SETTLEMENT setl_00000044 UTR 900000002081,900000002081,114057.87,,HDFC-Current-4421
BL-000142,2026-06-24,2026-06-24,UPI/HDFC0001234/625233969587/lohipol@paytm/LOHIYA POLYMERS/INV-2026-000018,900000006264,142160.00,,HDFC-Current-4421
BL-000143,2026-06-24,2026-06-24,UPI/HDFC0001234/912031327351/hirahar@okhdfcbank/HIRANYAKA HARDWARE PUN/INV-2026-000195,900000014014,491625.00,,HDFC-Current-4421
BL-000144,2026-06-24,2026-06-24,UPI/HDFC0001234/391936515602/INV-2026-000009/anancat@okhdfcbank/ANANT INFRA CATERING SERVI,900000006004,538721.00,,HDFC-Current-4421
BL-000145,2026-06-24,2026-06-24,NEFT CR HDFC0001234 900000034170 FROM TRIVIDATA WAREHOUSING LLP invoice settlement INR 608,900000034170,608247.00,,HDFC-Current-4421
BL-000146,2026-06-24,2026-06-24,UPI/HDFC0001234/880278124887/INV-2026-000121/hirahar@ybl/HIRANYAKA HARDWARE ,900000010773,784500.00,,HDFC-Current-4421
BL-000147,2026-06-25,2026-06-25,RTGS KKBK0000812 900000010736 SHREE BALAJI ELECTRICALS LTD INR 599388.00 full and final,900000010736,,599388.00,HDFC-Current-4421
BL-000148,2026-06-25,2026-06-25,RAZORPAY PAYMENTS GATEWAY SETTLEMENT setl_00000045 UTR 900000002117,900000002117,79005.66,,HDFC-Current-4421
BL-000149,2026-06-25,2026-06-25,NEFT CR UTIB0002233 900000013746 FROM SHREE BALAJI RECYCLERS KOC material supply INR 11455,900000013746,114556.00,,HDFC-Current-4421
BL-000150,2026-06-25,2026-06-25,NEFT CR KKBK0000812 900000014107 FROM TRIVIDATA WAREHOUSING HUB advance INR 388451.00,900000014107,388451.00,,HDFC-Current-4421
BL-000151,2026-06-26,2026-06-26,VB-2026-000012 RTGS UTIB0002233 900000006095 SHREE BALAJI ELECTRICALS & CO INR 1159745.00 ,900000006095,,1159745.00,HDFC-Current-4421
BL-000152,2026-06-26,2026-06-26,UPI/HDFC0001234/281500774400/adissol@ybl/ADISHAKTI SOLAR EPC & CO/VB-2026-000120,900000010750,,308999.00,HDFC-Current-4421
BL-000153,2026-06-26,2026-06-26,RT-2026-000109 NEFT DR SBIN0000921 900000010232 FROM VAISHNAVI  amc renewal INR 84104.00,900000010232,,84104.00,HDFC-Current-4421
BL-000154,2026-06-26,2026-06-26,RAZORPAY PAYMENTS GATEWAY SETTLEMENT setl_00000046 UTR 900000002186,900000002186,78856.35,,HDFC-Current-4421
BL-000155,2026-06-26,2026-06-26,NEFT CR HDFC0001234 900000014405 FROM TRIVIDATA WAREHOUSING HUB invoice settlement INR 935,900000014405,93542.00,,HDFC-Current-4421
BL-000156,2026-06-26,2026-06-26,NEFT CR UTIB0002233 900000013805 FROM SHREE BALAJI  security deposit INR 198977.00 INV-202,900000013805,198977.00,,HDFC-Current-4421
BL-000157,2026-06-26,2026-06-26,UPI/HDFC0001234/651810688734/zeniele@ybl/ZENITH ONE ELECTRIC/INV-2026-000232,900000015789,216750.00,,HDFC-Current-4421
BL-000158,2026-06-26,2026-06-26,NEFT CR KKBK0000812 900000011759 FROM TANSH MACHINE PA against inv INR 219811.00 INV-2026-,900000011759,219811.00,,HDFC-Current-4421
BL-000159,2026-06-26,2026-06-26,UPI/HDFC0001234/101262182433/zeniele@ybl/ZENINH ONE ELECTRICALS & CO/INV-2026-000335,900000020159,401091.00,,HDFC-Current-4421
BL-000160,2026-06-26,2026-06-26,UPI/HDFC0001234/279359744443/ramacon@okaxis/RAMAN DEEP CONVEYANCES HUB,900000012114,745456.00,,HDFC-Current-4421
BL-000161,2026-06-27,2026-06-27,CHQ CLG SAPTAGIRI MACHINE PA ,900000011830,,461052.00,HDFC-Current-4421
BL-000162,2026-06-27,2026-06-27,RAZORPAY PAYMENTS GATEWAY SETTLEMENT setl_00000047 UTR 900000002259,900000002259,135977.64,,HDFC-Current-4421
BL-000163,2026-06-27,2026-06-27,UPI/HDFC0001234/836134507384/INV-2026-000217/zeniele@okaxis/ZENITH ONE ELECTHICALS & CO,900000015124,257203.00,,HDFC-Current-4421
BL-000164,2026-06-27,2026-06-27,UPI/HDFC0001234/162974500086/ramacon@paytm/RAMACON CONVEYANCES,900000013353,5594420.00,,HDFC-Current-4421
BL-000165,2026-06-29,2026-06-29,RT-2026-000146 NEFT DR UTIB0002233 900000012007 FROM VAISHNAVI LOGISTICS LTD advance INR 1,900000012007,,1752961.00,HDFC-Current-4421
BL-000166,2026-06-29,2026-06-29,RT-2026-000062 RTGS UTIB0002233 900000008306 SHREE BALAJI ELECTRICALS JAI INR 432014.00 ma,900000008306,,432014.00,HDFC-Current-4421
BL-000167,2026-06-29,2026-06-29,NEFT DR ICIC0000429 900000005952 FROM RAMAN DEEP HARDWARE PUN against inv INR 418761.00 RT,900000005952,,418761.00,HDFC-Current-4421
BL-000168,2026-06-29,2026-06-29,VB-2026-000273 NEFT DR KKBK0000812 900000017298 FROM KARMAN CONVEYANCES PVT LTD against in,900000017298,,405615.00,HDFC-Current-4421
BL-000169,2026-06-29,2026-06-29,RAZORPAY PAYMENTS GATEWAY SETTLEMENT setl_00000049 UTR 900000002346,900000002346,53238.27,,HDFC-Current-4421
BL-000170,2026-06-29,2026-06-29,UPI/HDFC0001234/710385917357/hirahar@ybl/HIRANYAKA HARDWAR/INV-2026-000204,900000014615,73486.00,,HDFC-Current-4421
BL-000171,2026-06-29,2026-06-29,RAZORPAY PAYMENTS GATEWAY SETTLEMENT setl_00000048 UTR 900000002271,900000002271,183133.53,,HDFC-Current-4421
BL-000172,2026-06-29,2026-06-29,UPI/HDFC0001234/255280058229/INV-2026-000097/hirahar@ybl/HIRANYAKA HARDWARE COMPANY,900000009778,229772.00,,HDFC-Current-4421
BL-000173,2026-06-29,2026-06-29,NEFT CR SBIN0000921 900000014712 FROM TRIVIDATA WAREHOUSING LTD amc renewal INR 241810.00 ,900000014712,241810.00,,HDFC-Current-4421
BL-000174,2026-06-29,2026-06-29,UPI/HDFC0001234/771659201262/zeniele@ybl/ZENITH ONE ELECTRICALS & CO/INV-2026-000207,900000014767,373053.00,,HDFC-Current-4421
BL-000175,2026-06-29,2026-06-29,UPI/HDFC0001234/645710094479/ramacon@ybl/RAMACON CONVEYANCES,900000009507,455047.00,,HDFC-Current-4421
BL-000176,2026-06-29,2026-06-29,INV-2026-000075 NEFT CR HDFC0001234 900000008902 FROM KARMAN PRINT SOLUTIONS COMPANY invoi,900000008902,1076399.00,,HDFC-Current-4421
BL-000177,2026-06-30,2026-06-30,UPI/HDFC0001234/535248802906/INV-2026-000096/anancat@ybl/ANANT INFRA CATERING SERVICES PRI,900000009740,248440.00,,HDFC-Current-4421
BL-000178,2026-06-30,2026-06-30,UPI/HDFC0001234/231305327624/zeniele@okhdfcbank/ZENITH ONE EL,900000019714,267583.00,,HDFC-Current-4421
BL-000179,2026-06-30,2026-06-30,INV-2026-000179 NEFT CR ICIC0000429 900000013574 FROM EVERSTSNE LOGISTICS LTD freight char,900000013574,303995.00,,HDFC-Current-4421
BL-000180,2026-06-30,2026-06-30,NEFT CR ICIC0000429 900000012192 FROM SHREE BALAJ freight charges INR 329710.00 INV-2026-0,900000012192,329710.00,,HDFC-Current-4421
BL-000181,2026-07-01,2026-07-01,NEFT DR SBIN0000921 900000033717 FROM ACME INDUSTRIES PAYROLL against inv INR 3450000.00 S,900000033717,,3450000.00,HDFC-Current-4421
BL-000182,2026-07-01,2026-07-01,RT-2026-000284 NEFT DR KKBK0000812 900000017920 FROM NALANDA RECYCLERS LTD part payment IN,900000017920,,447865.00,HDFC-Current-4421
BL-000183,2026-07-01,2026-07-01,NEFT DR KKBK0000812 900000015109 FROM NAMANDA RECYCLERS LTD amc renewal INR 218158.00,900000015109,,218158.00,HDFC-Current-4421
BL-000184,2026-07-01,2026-07-01,NEFT DR UTIB0002233 900000015652 FROM NALANDA RECYC  part payment INR 144526.00,900000015652,,144526.00,HDFC-Current-4421
BL-000185,2026-07-01,2026-07-01,UPI/HDFC0001234/428159771229/INV-2026-000243/hirahar@ybl/HIRANYAKA HARDWARE LTD,900000016350,137655.00,,HDFC-Current-4421
BL-000186,2026-07-01,2026-07-01,UPI/HDFC0001234/428159771229/INV-2026-000243/hirahar@ybl/HIRANYAKA HARDWARE LTD,900000016350,137655.00,,HDFC-Current-4421
BL-000187,2026-07-01,2026-07-01,RAZORPAY PAYMENTS GATEWAY SETTLEMENT setl_00000050 UTR 900000002373,900000002373,152703.07,,HDFC-Current-4421
BL-000188,2026-07-01,2026-07-01,UPI/HDFC0001234/715089444569/hirahar@okaxis/HIRANYAKA HARDWARE ,900000016429,376435.00,,HDFC-Current-4421
BL-000189,2026-07-01,2026-07-01,UPI/HDFC0001234/447627194123/ramacon@okhdfcbank/RAMAN DERP CONVEYANCES PRIVATE LIMITED/INV,900000013521,1690763.00,,HDFC-Current-4421
BL-000190,2026-07-02,2026-07-02,VB-2026-000006 NEFT DR HDFC0001234 900000005894 FROM RAMAN AEEP HARDWARE PUN part payment ,900000005894,,260111.00,HDFC-Current-4421
BL-000191,2026-07-02,2026-07-02,NEFT DR UTIB0002233 900000018885 FROM RAMAN DEEP  advance INR 250324.00,900000018885,,250324.00,HDFC-Current-4421
BL-000192,2026-07-02,2026-07-02,RAZORPAY PAYMENTS GATEWAY SETTLEMENT setl_00000051 UTR 900000002422,900000002422,126334.37,,HDFC-Current-4421
BL-000193,2026-07-02,2026-07-02,UPI/HDFC0001234/786300033381/zeniele@okhdfcbank/ZENITH ONE ELECTRICALS/INV-2026-000414,900000023394,363935.00,,HDFC-Current-4421
BL-000194,2026-07-02,2026-07-02,NEFT CR UTIB0002233 900000013986 FROM INDUSLOOM ROOFING PRODUCTS PRIVATE LIMITED full and ,900000013986,542094.00,,HDFC-Current-4421
BL-000195,2026-07-02,2026-07-02,UPI/HDFC0001234/130210411725/INV-2026-000241/ramacon@okaxis/RAMAN DEEP CONVEYANCES PRIVATE,900000016293,1080182.00,,HDFC-Current-4421
BL-000196,2026-07-03,2026-07-03,NEFT DR UTIB0002233 900000033820 FROM STATE BANK EQUIP LOAN COMZANY amc renewal INR 125000,900000033820,,1250000.00,HDFC-Current-4421
BL-000197,2026-07-03,2026-07-03,UPI/HDFC0001234/900866151531/adissol@paytm/ADISHAKTI SOLAR EPC LTD/RT-2026-000159,900000012425,,181775.00,HDFC-Current-4421
BL-000198,2026-07-03,2026-07-03,RAZORPAY PAYMENTS GATEWAY SETTLEMENT setl_00000052 UTR 900000002434,900000002434,100821.18,,HDFC-Current-4421
BL-000199,2026-07-03,2026-07-03,NEFT CR SBIN0000921 900000009975 FROM TANSH MACHINE PARTS LTD against inv INR 166959.00,900000009975,166959.00,,HDFC-Current-4421
BL-000200,2026-07-03,2026-07-03,NEFT CR KKBK0000812 900000034198 FROM INDUSLOOM ROOFING PRODUCTS PRIVAT part payment INR 9,900000034198,996949.00,,HDFC-Current-4421
BL-000201,2026-07-04,2026-07-04,RTGS HDFC0001234 900000007437 SHREE BALAJI EL INR 405651.00 security deposit,900000007437,,405651.00,HDFC-Current-4421
BL-000202,2026-07-04,2026-07-04,RTGS UTIB0002233 900000007704 SHREE BALAJI ELECTRICALS & CO INR 315636.00 advance RT-2026-,900000007704,,315636.00,HDFC-Current-4421
BL-000203,2026-07-04,2026-07-04,RTGS ICIC0000429 900000009594 SHREE BALAJI ELECTRICALS & CO INR 191391.00 against inv RT-2,900000009594,,191391.00,HDFC-Current-4421
BL-000204,2026-07-04,2026-07-04,NEFT DR ICIC0000429 900000013163 FROM VAIJHNAVI LOGISTICS LTD full and final INR 126748.00,900000013163,,126748.00,HDFC-Current-4421
BL-000205,2026-07-04,2026-07-04,RAZORPAY PAYMENTS GATEWAY SETTLEMENT setl_00000053 UTR 900000002519,900000002519,107137.33,,HDFC-Current-4421
BL-000206,2026-07-04,2026-07-04,UPI/HDFC0001234/650539130998/INV-2026-000165/ramacon@paytm/RAMAN DEEP CONVEYAN,900000012786,672547.00,,HDFC-Current-4421
BL-000207,2026-07-06,2026-07-06,NEFT DR HDFC0001234 900000033836 FROM INCOME TAX GST DEPOSITS & CO amc renewal INR 3768099,900000033836,,3768099.00,HDFC-Current-4421
BL-000208,2026-07-06,2026-07-06,NEFT DR KKBK0000812 900000033778 FROM SKYLINE ESTATES PVT LTD security deposit INR 780000.,900000033778,,780000.00,HDFC-Current-4421
BL-000209,2026-07-06,2026-07-06,VB-2026-000236 CHQ CLG SAPTAGIRI MACHINE PARTS & CO VB-2026-000236,900000015953,,454984.00,HDFC-Current-4421
BL-000210,2026-07-06,2026-07-06,NEFT DR HDFC0001234 900000014262 FROM NALANDA RE  amc renewal INR 245797.00 VB-2026-000198,900000014262,,245797.00,HDFC-Current-4421
BL-000211,2026-07-06,2026-07-06,VB-2026-000174 NEFT DR ICIC0000429 900000013284 FROM NALANDA RE against inv INR 196126.00,900000013284,,196126.00,HDFC-Current-4421
BL-000212,2026-07-06,2026-07-06,VB-2026-000054 NEFT DR ICIC0000429 900000007852 FROM INDUSLOOM WARE part payment INR 11685,900000007852,,116859.00,HDFC-Current-4421
BL-000213,2026-07-06,2026-07-06,NEFT DR HDFC0001234 900000008581 FROM INDUSLOOM WAREHOUSING LTD freight charges INR 112425,900000008581,,112425.00,HDFC-Current-4421
BL-000214,2026-07-06,2026-07-06,VB-2026-000095 NEFT DR KKBK0000812 900000009717 FROM INDUSLOOMLWAREHOUSIN milestone 2 INR ,900000009717,,69469.00,HDFC-Current-4421
BL-000215,2026-07-06,2026-07-06,NEFT DR UTIB0002233 900000007982 FROM INDUSLOOM WAREHOUSING & CO advance INR 25809.00,900000007982,,25809.00,HDFC-Current-4421
BL-000216,2026-07-06,2026-07-06,RAZORPAY PAYMENTS GATEWAY SETTLEMENT setl_00000055 UTR 900000002580,900000002580,48392.37,,HDFC-Current-4421
BL-000217,2026-07-06,2026-07-06,UPI/HDFC0001234/734740527289/INV-2026-000230/hirahar@paytm/HIRANYAKA HARDWARE PVT LTD,900000015691,122516.00,,HDFC-Current-4421
BL-000218,2026-07-06,2026-07-06,RAZORPAY PAYMENTS GATEWAY SETTLEMENT setl_00000054 UTR 900000002568,900000002568,162619.37,,HDFC-Current-4421
BL-000219,2026-07-06,2026-07-06,NEFT CR KKBK0000812 900000011538 FROM SHREE BALAJI RECYCLE security deposit INR 351875.00,900000011538,351875.00,,HDFC-Current-4421
BL-000220,2026-07-06,2026-07-06,UPI/HDFC0001234/480372531077/INV-2026-000176/ramacon@okaxis/RAMAN DEEP CONVEYANCES PRIVATE,900000013359,642449.00,,HDFC-Current-4421
BL-000221,2026-07-06,2026-07-06,UPI/HDFC0001234/411990989325/ramacon@okhdfcbank/RAMAN DEEP CONVEYANCES,900000022045,643103.00,,HDFC-Current-4421
BL-000222,2026-07-06,2026-07-06,NEFT CR UTIB0002233 900000013990 FROM INDUSLOOM ROO part payment INR 729720.00,900000013990,729720.00,,HDFC-Current-4421
BL-000223,2026-07-06,2026-07-06,INV-2026-000201 NEFT CR HDFC0001234 900000014462 FROM INDUSLOOM ROOFING PRODUCTN PVT LTD f,900000014462,907123.00,,HDFC-Current-4421
BL-000224,2026-07-07,2026-07-07,NEFT DR SBIN0000921 900000013257 FROM VAISHNAVI LOGISTICS LTD advance INR 400337.00 RT-202,900000013257,,400337.00,HDFC-Current-4421
BL-000225,2026-07-07,2026-07-07,VB-2026-000340 NEFT DR ICIC0000429 900000020370 FROM KARMAN CON advance INR 328748.00,900000020370,,328748.00,HDFC-Current-4421
BL-000226,2026-07-07,2026-07-07,NEFT DR ICIC0000429 900000019226 FROM NALANDA RECYCLERS COI against inv INR 190473.00 RT-2,900000019226,,190473.00,HDFC-Current-4421
BL-000227,2026-07-07,2026-07-07,VB-2026-000293 NEFT DR SBIN0000921 900000018350 FROM KARMAN CONVEYANCES PVT LTD full and f,900000018350,,162143.00,HDFC-Current-4421
BL-000228,2026-07-07,2026-07-07,NEFT DR SBIN0000921 900000009450 FROM INDUSLOOM WAREHOUSING & CO part payment INR 114515.0,900000009450,,114515.00,HDFC-Current-4421
BL-000229,2026-07-07,2026-07-07,RAZORPAY PAYMENTS GATEWAY SETTLEMENT setl_00000056 UTR 900000002677,900000002677,31942.65,,HDFC-Current-4421
BL-000230,2026-07-07,2026-07-07,UPI/HDFC0001234/191681314650/zeniele@ybl/ZENITH ONE ELECTRICALS PRIVATE LIMITED,900000021922,360519.00,,HDFC-Current-4421
BL-000231,2026-07-08,2026-07-08,VB-2026-000181 CHQ CLG SAPTAGIRI MACHINE PARTS LLP VB-2026-000181,900000013671,,507591.00,HDFC-Current-4421
BL-000232,2026-07-08,2026-07-08,UPI/HDFC0001234/977629753291/INV-2026-000279/hirahar@paytm/HIRANYAKA HA,900000017609,64262.00,,HDFC-Current-4421
BL-000233,2026-07-08,2026-07-08,RAZORPAY PAYMENTS GATEWAY SETTLEMENT setl_00000057 UTR 900000002683,900000002683,124315.43,,HDFC-Current-4421
BL-000234,2026-07-08,2026-07-08,UPI/HDFC0001234/424422806335/zeniele@paytm/ZENITH ONE ELECTRICALS JAI,900000015264,384074.00,,HDFC-Current-4421
BL-000235,2026-07-08,2026-07-08,UPI/HDFC0001234/569037215726/zeniele@okaxis/ZENITH ONE ELECTRICALS,900000017126,393541.00,,HDFC-Current-4421
BL-000236,2026-07-08,2026-07-08,RTGS ICIC0000429 900000017884 VAISHNAVI TEXTILES LLP INR 602938.00 material supply INV-202,900000017884,602938.00,,HDFC-Current-4421
BL-000237,2026-07-08,2026-07-08,NEFT CR HDFC0001234 900000008090 FROM KARMAN PRINT SOLUTIONS PRIVATE LIMITED milestone 2 I,900000008090,1817491.00,,HDFC-Current-4421
BL-000238,2026-07-08,2026-07-08,INV-2026-000086 NEFT CR UTIB0002233 900000009438 FROM KARMAN PRINT SOLUTIONS PRIVATE LIMIT,900000009438,3009021.00,,HDFC-Current-4421
BL-000239,2026-07-09,2026-07-09,RT-2026-000032 NEFT DR SBIN0000921 900000006833 FROM RAMAN DEEP HARDWARE P part payment IN,900000006833,,475951.00,HDFC-Current-4421
BL-000240,2026-07-09,2026-07-09,UPI/HDFC0001234/163255934001/adissol@okaxis/ADISHAKTI SOLAR EPC PVT LTD/RT-2026-000203,900000014549,,387876.00,HDFC-Current-4421
BL-000241,2026-07-09,2026-07-09,RT-2026-000149 NEFT DR UTIB0002233 900000012109 FROM VAISHNAVI LOGISTICS PRIVATE LIMITED i,900000012109,,363776.00,HDFC-Current-4421
BL-000242,2026-07-09,2026-07-09,CHQ CLG SAPTAGIRI MACHINEQPA VB-2026-000277,900000017513,,176717.00,HDFC-Current-4421
BL-000243,2026-07-09,2026-07-09,NEFT DR KKBK0000812 900000012666 FROM VAISHNAVI LOGISTICS LTD part payment INR 76207.00 VB,900000012666,,76207.00,HDFC-Current-4421
BL-000244,2026-07-09,2026-07-09,UPI/HDFC0001234/391167772509/anancat@ybl/ANANT INFRA CATERING SERVICES PRIVATE LIMITED,900000009793,87955.00,,HDFC-Current-4421
BL-000245,2026-07-09,2026-07-09,RAZORPAY PAYMENTS GATEWAY SETTLEMENT setl_00000058 UTR 900000002691,900000002691,135884.40,,HDFC-Current-4421
BL-000246,2026-07-09,2026-07-09,NEFT CR KKBK0000812 900000014943 FROM TANSH MACHINE P milestone 2 INR 146013.00 INV-2026-0,900000014943,146013.00,,HDFC-Current-4421
BL-000247,2026-07-09,2026-07-09,UPI/HDFC0001234/811972055934/INV-2026-000400/zeniele@ybl/ZENITH ONE ELECTRICALS & CO,900000022835,354864.00,,HDFC-Current-4421
BL-000248,2026-07-09,2026-07-09,UPI/HDFC0001234/944690984959/zeniele@ybl/ZENITH ONE ELECTRICALS/INV-2026-000410,900000023263,834006.00,,HDFC-Current-4421
BL-000249,2026-07-10,2026-07-10,VB-2026-000161 CHQ CLG SAPTAGIRI MACHINE PARTS & CO VB-2026-000161,900000012598,,159159.00,HDFC-Current-4421
BL-000250,2026-07-10,2026-07-10,VB-2026-000139 NEFT DR SBIN0000921 900000011701 FROM MERIDIAN WATER TREATMENT JAI invoice ,900000011701,,48926.00,HDFC-Current-4421
BL-000251,2026-07-10,2026-07-10,RAZORPAY PAYMENTS GATEWAY SETTLEMENT setl_00000059 UTR 900000002740,900000002740,58927.91,,HDFC-Current-4421
BL-000252,2026-07-10,2026-07-10,NEFT CR UTIB0002233 900000020028 FROM SAPTAGIRI WATER TREATMENT LLP invoice settlement INR,900000020028,391613.00,,HDFC-Current-4421
BL-000253,2026-07-11,2026-07-11,NEFT DR KKBK0000812 900000018933 FROM KARMAN CONVEYANCES  freight charges INR 747941.00 RT,900000018933,,747941.00,HDFC-Current-4421
BL-000254,2026-07-11,2026-07-11,RT-2026-000144 RTGS KKBK0000812 900000011936 SHREE BALAJI ELECTRICALS INR 536492.00 invoic,900000011936,,536492.00,HDFC-Current-4421
BL-000255,2026-07-11,2026-07-11,RT-2026-000040 NEFT DR SBIN0000921 900000007148 FROM RAMAN DEEP HARDWARE PRIVATE LIMITED p,900000007148,,490601.00,HDFC-Current-4421
BL-000256,2026-07-11,2026-07-11,VB-2026-000290 NEFT DR UTIB0002233 900000018286 FROM RAMAN DEEP POLYMERS COMPANY part paym,900000018286,,178698.00,HDFC-Current-4421
BL-000257,2026-07-11,2026-07-11,RT-2026-000276 NEFT DR ICIC0000429 900000017440 FROM NALANDA RECYCLERS COMPANY advance INR,900000017440,,176678.00,HDFC-Current-4421
BL-000258,2026-07-11,2026-07-11,VB-2026-000160 NEFT DR ICIC0000429 900000012512 FROM VAISHNAVI LOGISTICS PTD material supp,900000012512,,176453.00,HDFC-Current-4421
BL-000259,2026-07-11,2026-07-11,NEFT DR UTIB0002233 900000010312 FROM INDUSLOOM WAREHOUSING & CO amc renewal INR 75228.00,900000010312,,75228.00,HDFC-Current-4421
BL-000260,2026-07-11,2026-07-11,RAZORPAY PAYMENTS GATEWAY SETTLEMENT setl_00000060 UTR 900000002832,900000002832,138613.24,,HDFC-Current-4421
BL-000261,2026-07-11,2026-07-11,UPI/HDFC0001234/866401106522/ramacon@ybl/RAMAN DEEP CON,900000017210,312214.00,,HDFC-Current-4421
BL-000262,2026-07-11,2026-07-11,NEFT CR ICIC0000429 900000005984 FROM ANANT INFRA SOLAR KPC HUB material supply INR 381471,900000005984,381471.00,,HDFC-Current-4421
BL-000263,2026-07-11,2026-07-11,UPI/HDFC0001234/322359813356/ramacon@paytm/RAMANRDEEP CONVEYANCES PRIVATE LIMITED/INV-2026,900000023376,5642663.00,,HDFC-Current-4421
BL-000264,2026-07-13,2026-07-13,NEFT DR KKBK0000812 900000017007 FROM VAISHNAVI LO freight charges INR 1774407.00,900000017007,,1774407.00,HDFC-Current-4421
BL-000265,2026-07-13,2026-07-13,NEFT DR UTIB0002233 900000021856 FROM KARMCON CONVE freight charges INR 981865.00 RT-2026-,900000021856,,981865.00,HDFC-Current-4421
BL-000266,2026-07-13,2026-07-13,VB-2026-000240 NEFT DR UTIB0002233 900000016197 FROM VAISHNAVI LOGISTICS COXPANY advance I,900000016197,,599167.00,HDFC-Current-4421
BL-000267,2026-07-13,2026-07-13,RT-2026-000238 CHQ CLG SAPTAGIRI MACHINE PARTS & CO RT-2026-000238,900000016072,,445322.00,HDFC-Current-4421
BL-000268,2026-07-13,2026-07-13,NEFT DR SBIN0000921 900000007533 FROM RAMAN DEEP HARDWARE PRIVATE LIMITED freight charges ,900000007533,,372174.00,HDFC-Current-4421
BL-000269,2026-07-13,2026-07-13,VB-2026-000053 NEFT DR ICIC0000429 900000007837 FROM RAMAN DEEP H invoice settlement INR 2,900000007837,,297031.00,HDFC-Current-4421
BL-000270,2026-07-13,2026-07-13,NEFT DR SBIN0000921 900000018440 FROM RAMAN DEEP POLYMERS security deposit INR 138144.00,900000018440,,138144.00,HDFC-Current-4421
BL-000271,2026-07-13,2026-07-13,RAZORPAY PAYMENTS GATEWAY SETTLEMENT setl_00000062 UTR 900000002885,900000002885,3887.38,,HDFC-Current-4421
BL-000272,2026-07-13,2026-07-13,RAZORPAY PAYMENTS GATEWAY SETTLEMENT setl_00000061 UTR 900000002874,900000002874,81691.74,,HDFC-Current-4421
BL-000273,2026-07-13,2026-07-13,INV-2026-000303 NEFT CR HDFC0001234 900000018780 FROM SHREE BALAJI RECYCLE amc renewal INR,900000018780,250174.00,,HDFC-Current-4421
BL-000274,2026-07-13,2026-07-13,NEFT CR ICIC0000429 900000011453 FROM KARMAN PRINT SOLUTIONS PRIVATE LIMITED security depo,900000011453,502963.00,,HDFC-Current-4421
BL-000275,2026-07-13,2026-07-13,"UPI/HDFC0001234/261546371422/INV-2026-000035,INV-2026-000066,INV-2026-000068/anancat@okaxi",900000034071,768664.00,,HDFC-Current-4421
BL-000276,2026-07-13,2026-07-13,NEFT CR HDFC0001234 900000020644 FROM SAPTAGIRI WATER invoice settlement INR 1096304.00 IN,900000020644,1096304.00,,HDFC-Current-4421
BL-000277,2026-07-13,2026-07-13,INV-2026-000272 NEFT CR ICIC0000429 900000017291 FROM SAPTAGIRI WATER TREATMENT LTD securi,900000017291,1465688.00,,HDFC-Current-4421
BL-000278,2026-07-13,2026-07-13,NEFT CR SBIN0000921 900000019203 FROM SAPTAGIRI WATER TREATMENT RAJ advance INR 1764730.00,900000019203,1764730.00,,HDFC-Current-4421
BL-000279,2026-07-13,2026-07-13,NEFT CR UTIB0002233 900000019380 FROM SAPTAGIRI WATER TREATMENT LLP part payment INR 21677,900000019380,2167751.00,,HDFC-Current-4421
BL-000280,2026-07-14,2026-07-14,UPI/HDFC0001234/507231622418/adissol@ybl/ADISHAKTI SOLA/VB-2026-000260,900000016804,,433743.00,HDFC-Current-4421
BL-000281,2026-07-14,2026-07-14,RT-2026-000061 NEFT DR KKBK0000812 900000008238 FROM RAMAN DEEP HARDWARE PRIVATU LIMITED m,900000008238,,311432.00,HDFC-Current-4421
BL-000282,2026-07-14,2026-07-14,CHQ CLG SAPTAGIRI MACHINE PARTS & CO VB-2026-000291,900000018294,,221114.00,HDFC-Current-4421
BL-000283,2026-07-14,2026-07-14,UPI/HDFC0001234/942075677947/adissol@paytm/ADISHAKTI SOLAR EPC COMPANY,900000016680,,216378.00,HDFC-Current-4421
BL-000284,2026-07-14,2026-07-14,VB-2026-000112 NEFT DR ICIC0000429 900000010430 FROM INDUSLOOM WAREHOUSING & CO security d,900000010430,,107229.00,HDFC-Current-4421
BL-000285,2026-07-14,2026-07-14,NEFT DR SBIN0000921 900000020931 FROM NALANDA RECYCLERS LTD part payment INR 91511.00 VB-2,900000020931,,91511.00,HDFC-Current-4421
BL-000286,2026-07-14,2026-07-14,NEFT DR ICIC0000429 900000011129 FROM INDUSLOOM WAREHOUSING & CO against inv INR 64767.00,900000011129,,64767.00,HDFC-Current-4421
BL-000287,2026-07-14,2026-07-14,RAZORPAY PAYMENTS GATEWAY SETTLEMENT setl_00000063 UTR 900000002968,900000002968,14478.71,,HDFC-Current-4421
BL-000288,2026-07-14,2026-07-14,UPI/HDFC0001234/949100285034/zeniele@paytm/ZENITH ONE ELECTRICALS & CO/INV-2026-000345,900000020706,276442.00,,HDFC-Current-4421
BL-000289,2026-07-14,2026-07-14,INV-2026-000299 NEFT CR ICIC0000429 900000018658 FROM SAPTAGIRI WATER TREATMENT LLP milest,900000018658,310384.00,,HDFC-Current-4421
BL-000290,2026-07-14,2026-07-14,NEFT CR UTIB0002233 900000015631 FROM EVERSTONE LOG  security deposit INR 1660080.00 INV-2,900000015631,1660080.00,,HDFC-Current-4421
BL-000291,2026-07-14,2026-07-14,RTGS UTIB0002233 900000034259 VAISHNAVI TEXTILES JAI INR 2098399.00 against inv INV-2026-0,900000034259,2098399.00,,HDFC-Current-4421
BL-000292,2026-07-15,2026-07-15,VB-2026-000148 NEFT DR SBIN0000921 900000012098 FROM VAISHNAVI LO  against inv INR 892204.,900000012098,,892204.00,HDFC-Current-4421
BL-000293,2026-07-15,2026-07-15,NEFT DR HDFC0001234 900000007553 FROM RAMAN DEEP HARDWARE COMPANY freight charges INR 4151,900000007553,,415180.00,HDFC-Current-4421
BL-000294,2026-07-15,2026-07-15,NEFT DR HDFC0001234 900000014180 FROM MERIDIAN WATER TREATMENT & CO security deposit INR 1,900000014180,,184290.00,HDFC-Current-4421
BL-000295,2026-07-15,2026-07-15,VB-2026-000182 NEFT DR HDFC0001234 900000013680 FROM MERIDIAN WATER TREATMENT & CO amc ren,900000013680,,87280.00,HDFC-Current-4421
BL-000296,2026-07-15,2026-07-15,RAZORPAY PAYMENTS GATEWAY SETTLEMENT setl_00000064 UTR 900000003015,900000003015,141137.14,,HDFC-Current-4421
BL-000297,2026-07-15,2026-07-15,NEFT CR KKBK0000812 900000019779 FROM TRIVIDATA WAREHOUSING  freight charges INR 242912.00,900000019779,242912.00,,HDFC-Current-4421
BL-000298,2026-07-15,2026-07-15,UPI/HDFC0001234/803263241665/ramacon@okaxis/RAMAN DEEP CONV,900000022173,371706.00,,HDFC-Current-4421
BL-000299,2026-07-16,2026-07-16,UPI/HDFC0001234/267277865757/VB-2026-000267/adissol@paytm/ADISHAKTI SOLAR,900000017094,,392556.00,HDFC-Current-4421
BL-000300,2026-07-16,2026-07-16,UPI/HDFC0001234/290594963665/adissol@paytm/ADISHAKTI SOLAR /VB-2026-000278,900000017548,,308207.00,HDFC-Current-4421
BL-000301,2026-07-16,2026-07-16,RT-2026-000408 NEFT DR UTIB0002233 900000023225 FROM RAMAN DEEP POLYMERS COMPANY invoice s,900000023225,,279882.00,HDFC-Current-4421
BL-000302,2026-07-16,2026-07-16,NEFT DR SBIN0000921 900000019817 FROM NALANDA RE part payment INR 207654.00 VB-2026-000328,900000019817,,207654.00,HDFC-Current-4421
BL-000303,2026-07-16,2026-07-16,NEFT DR HDFC0001234 900000013095 FROM MERIDIAN WATER advance INR 35389.00,900000013095,,35389.00,HDFC-Current-4421
BL-000304,2026-07-16,2026-07-16,RAZORPAY PAYMENTS GATEWAY SETTLEMENT setl_00000065 UTR 900000003072,900000003072,87987.08,,HDFC-Current-4421
BL-000305,2026-07-16,2026-07-16,NEFT CR UTIB0002233 900000021748 FROM TRIVIDATA WAREHOUS advance INR 173883.00,900000021748,173883.00,,HDFC-Current-4421
BL-000306,2026-07-16,2026-07-16,INV-2026-000450 NEFT CR HDFC0001234 900000025167 FROM SHREE BALAJI RECYGLERS COMPANY full ,900000025167,223140.00,,HDFC-Current-4421
BL-000307,2026-07-16,2026-07-16,NEFT CR HDFC0001234 900000018583 FROM SAPTAGIRI WATER TREJTMENT LLP advance INR 2465155.00,900000018583,2465155.00,,HDFC-Current-4421
BL-000308,2026-07-17,2026-07-17,CHQ CLG SAPTAGIRI MACHINE PARTS RAJ RT-2026-000351,900000020966,,490185.00,HDFC-Current-4421
BL-000309,2026-07-17,2026-07-17,VB-2026-000371 NEFT DR UTIB0002233 900000021739 FROM NALANDA RECYCLERS LTD security deposi,900000021739,,272908.00,HDFC-Current-4421
BL-000310,2026-07-17,2026-07-17,NEFT DR KKBK0000812 900000023097 FROM RAMAN DEEP POLYMERS COMPANY material supply INR 2339,900000023097,,233902.00,HDFC-Current-4421
BL-000311,2026-07-17,2026-07-17,NEFT DR UTIB0002233 900000011633 FROM MERIWAU TREATMENT invoice settlement INR 133829.00,900000011633,,133829.00,HDFC-Current-4421
BL-000312,2026-07-17,2026-07-17,RAZORPAY PAYMENTS GATEWAY SETTLEMENT setl_00000066 UTR 900000003105,900000003105,122749.50,,HDFC-Current-4421
BL-000313,2026-07-17,2026-07-17,UPI/HDFC0001234/695604738833/hirahar@paytm/HIRANYAKA HARDWARE /INV-2026-000399,900000022744,128583.00,,HDFC-Current-4421
BL-000314,2026-07-17,2026-07-17,UPI/HDFC0001234/828653417724/ramacon@okaxis/RAMAN DEEP CONVEYANCES LTD,900000016926,1242352.00,,HDFC-Current-4421
BL-000315,2026-07-18,2026-07-18,RTGS ICIC0000429 900000012014 SHREE BALAJI ELECTRICA INR 460922.00 invoice settlement VB-2,900000012014,,460922.00,HDFC-Current-4421
BL-000316,2026-07-18,2026-07-18,NEFT DR UTIB0002233 900000016549 FROM VAISHNAVI LOGISTICS LTD milestone 2 INR 222043.00,900000016549,,222043.00,HDFC-Current-4421
BL-000317,2026-07-18,2026-07-18,RT-2026-000183 NEFT DR KKBK0000812 900000013708 FROM INDUSLOOM WAREHOUSING & CO invoice se,900000013708,,89883.00,HDFC-Current-4421
BL-000318,2026-07-18,2026-07-18,VB-2026-000138 NEFT DR KKBK0000812 900000011672 FROM MERIDIAN WATER TREATMENT & CO part pa,900000011672,,52846.00,HDFC-Current-4421
BL-000319,2026-07-18,2026-07-18,RAZORPAY PAYMENTS GATEWAY SETTLEMENT setl_00000067 UTR 900000003131,900000003131,123017.66,,HDFC-Current-4421
BL-000320,2026-07-18,2026-07-18,NEFT CR HDFC0001234 900000017681 FROM EVERSTONE  amc renewal INR 296005.00,900000017681,296005.00,,HDFC-Current-4421
BL-000321,2026-07-18,2026-07-18,INV-2026-000334 RTGS KKBK0000812 900000020107 VAISHNAVI TEXTILES LLP INR 607869.00 securit,900000020107,607869.00,,HDFC-Current-4421
BL-000322,2026-07-18,2026-07-18,NEFT CR SBIN0000921 900000021307 FROM SAPTAGIRI WATER TREATMENT LLP freight charges INR 34,900000021307,3498241.00,,HDFC-Current-4421
BL-000323,2026-07-20,2026-07-20,RTGS HDFC0001234 900000016146 SHREE BALAJI ELECTRICALS & CO INR 432097.00 advance,900000016146,,432097.00,HDFC-Current-4421
BL-000324,2026-07-20,2026-07-20,UPI/HDFC0001234/783074792000/adissol@paytm/ADISHAKTI SO /RT-2026-000308,900000019037,,349740.00,HDFC-Current-4421
BL-000325,2026-07-20,2026-07-20,NEFT DR ICIC0000429 900000025545 FROM KARMAN CONVEYANCES FAR advance INR 349678.00,900000025545,,349678.00,HDFC-Current-4421
BL-000326,2026-07-20,2026-07-20,NEFT DR ICIC0000429 900000023044 FROM RAMAN DEEP POLYMERS KOC full and final INR 345769.00,900000023044,,345769.00,HDFC-Current-4421
BL-000327,2026-07-20,2026-07-20,UPI/HDFC0001234/942122443645/adissol@okaxis/ADISZAKTI SO,900000019082,,334209.00,HDFC-Current-4421
BL-000328,2026-07-20,2026-07-20,CHQ CLG SAPTAGIRI MACHINE PARTS & CO RT-2026-000355,900000021118,,267951.00,HDFC-Current-4421
BL-000329,2026-07-20,2026-07-20,RT-2026-000128 NEFT DR ICIC0000429 900000011248 FROM INDUSLOOM WAREHOUSING COI advance INR,900000011248,,67128.00,HDFC-Current-4421
BL-000330,2026-07-20,2026-07-20,RAZORPAY PAYMENTS GATEWAY SETTLEMENT setl_00000069 UTR 900000003205,900000003205,50930.59,,HDFC-Current-4421
BL-000331,2026-07-20,2026-07-20,RAZORPAY PAYMENTS GATEWAY SETTLEMENT setl_00000068 UTR 900000003150,900000003150,111913.54,,HDFC-Current-4421
BL-000332,2026-07-20,2026-07-20,NEFT CR UTIB0002233 900000020212 FROM EVERSTONE LOGISTICS PVT LTD security deposit INR 128,900000020212,128543.00,,HDFC-Current-4421
BL-000333,2026-07-20,2026-07-20,RTGS SBIN0000921 900000023602 VAISHNAVI TEXTILES LLP INR 487734.00 freight charges INV-202,900000023602,487734.00,,HDFC-Current-4421
BL-000334,2026-07-20,2026-07-20,NEFT CR HDFC0001234 900000020290 FROM SAPTAGIRI WATER TREATMENT LLP security deposit INR 1,900000020290,1253426.00,,HDFC-Current-4421
BL-000335,2026-07-21,2026-07-21,NEFT DR KKBK0000812 900000023426 FROM RAMAN DEEP POLYMERS COMPANY full and final INR 10035,900000023426,,1003587.00,HDFC-Current-4421
BL-000336,2026-07-21,2026-07-21,NEFT DR KKBK0000812 900000023010 FROM KARMAN CONVEYANCES FAR milestone 2 INR 527429.00,900000023010,,527429.00,HDFC-Current-4421
BL-000337,2026-07-21,2026-07-21,UPI/HDFC0001234/742497418699/adissol@ybl/ADISSOL EPC,900000019262,,296266.00,HDFC-Current-4421
BL-000338,2026-07-21,2026-07-21,RAZORPAY PAYMENTS GATEWAY SETTLEMENT setl_00000070 UTR 900000003295,900000003295,3250.05,,HDFC-Current-4421
BL-000339,2026-07-21,2026-07-21,INV-2026-000419 NEFT CR UTIB0002233 900000023661 FROM TRIVIDATA WAREHOU  security deposit ,900000023661,138169.00,,HDFC-Current-4421
BL-000340,2026-07-21,2026-07-21,NEFT CR ICIC0000429 900000024522 FROM TRIVIDATA WAREHOUSING PRIVATE LIMITED invoice settle,900000024522,187374.00,,HDFC-Current-4421
BL-000341,2026-07-21,2026-07-21,UPI/HDFC0001234/764689694377/lohipol@okhdfcbank/LOHIYA POLYMERS PUN,900000015186,390789.00,,HDFC-Current-4421
BL-000342,2026-07-22,2026-07-22,UPI/HDFC0001234/108436117981/INV-2026-000116/anancat@ybl/ANANT INFRA CATERING SERVICES RAJ,900000010674,128890.00,,HDFC-Current-4421
BL-000343,2026-07-22,2026-07-22,RAZORPAY PAYMENTS GATEWAY SETTLEMENT setl_00000071 UTR 900000003377,900000003377,140205.62,,HDFC-Current-4421
BL-000344,2026-07-22,2026-07-22,UPI/HDFC0001234/243962083157/INV-2026-000439/ramacon@okhdfcbank/RAMAN MEEP CONVEYAN,900000024443,2598813.00,,HDFC-Current-4421
BL-000345,2026-07-23,2026-07-23,NEFT DR ICIC0000429 900000026100 FROM RAMAN DEEP PO milestone 2 INR 347654.00,900000026100,,347654.00,HDFC-Current-4421
BL-000346,2026-07-23,2026-07-23,NEFT DR UTIB0002233 900000020295 FROM VAISHNAVI LOG invoice settlement INR 316746.00 RT-20,900000020295,,316746.00,HDFC-Current-4421
BL-000347,2026-07-23,2026-07-23,NEFT DR UTIB0002233 900000019530 FROM RAMAN DEEP POLYMERS COMPANY part payment INR 227627.,900000019530,,227627.00,HDFC-Current-4421
BL-000348,2026-07-23,2026-07-23,NEFT DR SBIN0000921 900000021875 FROM RAMAN DEEP POLYMERS COMPANY milestone 2 INR 177958.0,900000021875,,177958.00,HDFC-Current-4421
BL-000349,2026-07-23,2026-07-23,VB-2026-000229 NEFT DR UTIB0002233 900000015657 FROM MERIDIAN WATER TREATMENT & CO freight,900000015657,,111060.00,HDFC-Current-4421
BL-000350,2026-07-23,2026-07-23,RT-2026-000307 CHQ CLG SAPTAGIRI MACHINE PARTS & CO RT-2026-000307,900000018998,,95852.00,HDFC-Current-4421
BL-000351,2026-07-23,2026-07-23,RAZORPAY PAYMENTS GATEWAY SETTLEMENT setl_00000072 UTR 900000003403,900000003403,35868.60,,HDFC-Current-4421
BL-000352,2026-07-23,2026-07-23,UPI/HDFC0001234/503431447588/zeniele@okhdfcbank/ZENITH ONE ELECTRICALS & CO/INV-2026-00043,900000024161,141475.00,,HDFC-Current-4421
BL-000353,2026-07-23,2026-07-23,UPI/HDFC0001234/156705081739/hirahar@okhdfcbank/HIRANYAKA HARDWARE/INV-2026-000452,900000025196,197194.00,,HDFC-Current-4421
BL-000354,2026-07-23,2026-07-23,UPI/HDFC0001234/988875045121/INV-2026-000210/anancat@okhdfcbank/ANANT INFRA CATERING SERVI,900000014849,255482.00,,HDFC-Current-4421
BL-000355,2026-07-23,2026-07-23,NEFT CR KKBK0000812 900000008824 FROM ANANT INFRA SOLAR EPC LTD freight charges INR 314066,900000008824,314066.00,,HDFC-Current-4421
BL-000356,2026-07-23,2026-07-23,UPI/HDFC0001234/316493778361/zeniele@okaxis/ZENIELE EL,900000020922,344952.00,,HDFC-Current-4421
BL-000357,2026-07-23,2026-07-23,UPI/HDFC0001234/612153498464/anancat@paytm/ANANT INFR /INV-2026-000244,900000016356,388130.00,,HDFC-Current-4421
BL-000358,2026-07-23,2026-07-23,NEFT CR KKBK0000812 900000034486 FROM SAPTAGIRI WATER TREATMENT LLP material supply INR 10,900000034486,1059442.00,,HDFC-Current-4421
BL-000359,2026-07-23,2026-07-23,NEFT CR ICIC0000429 900000013605 FROM KARMAN PRINT SOLUTIONS PRIVATE L milestone 2 INR 200,900000013605,2004125.00,,HDFC-Current-4421
BL-000360,2026-07-24,2026-07-24,NEFT DR ICIC0000429 900000025754 FROM RAMAN DEEP POLYMERS COMPANY freight charges INR 3353,900000025754,,335325.00,HDFC-Current-4421
BL-000361,2026-07-24,2026-07-24,NEFT CR HDFC0001234 900000028211 FROM SHREE BALAJI RECYCLERS KOC against inv INR 61278.00 ,900000028211,61278.00,,HDFC-Current-4421
BL-000362,2026-07-24,2026-07-24,RAZORPAY PAYMENTS GATEWAY SETTLEMENT setl_00000073 UTR 900000003480,900000003480,70651.66,,HDFC-Current-4421
BL-000363,2026-07-24,2026-07-24,UPI/HDFC0001234/650274550463/INV-2026-000411/hirahar@okhdfcbank/HIRANYAKA HARDWARE PVT LTD,900000023288,203614.00,,HDFC-Current-4421
BL-000364,2026-07-24,2026-07-24,NEFT CR SBIN0000921 900000019748 FROM TANSH MACHINE PARTS LTD amc renewal INR 227182.00 IN,900000019748,227182.00,,HDFC-Current-4421
BL-000365,2026-07-24,2026-07-24,UPI/HDFC0001234/332634216326/zeniele@paytm/ZENITH ONE ELECTRICALS & CO,900000024037,278579.00,,HDFC-Current-4421
BL-000366,2026-07-24,2026-07-24,UPI/HDFC0001234/742340773250/anancat@okhdfcbank/ANANT INFRA CATERING SERVICES RAJ/INV-2026,900000012139,403760.00,,HDFC-Current-4421
BL-000367,2026-07-24,2026-07-24,UPI/HDFC0001234/238844237356/zeniele@ybl/ZENITH ONE ELECTRICALS LLP,900000027150,498061.00,,HDFC-Current-4421
BL-000368,2026-07-24,2026-07-24,INV-2026-000318 NEFT CR KKBK0000812 900000019393 FROM INDUSLOOM ROOFING part payment INR 5,900000019393,501848.00,,HDFC-Current-4421
BL-000369,2026-07-24,2026-07-24,"UPI/HDFC0001234/567796269890/INV-2026-000065,INV-2026-000105,INV-2026-000194/lohipol@okaxi",900000034132,628254.00,,HDFC-Current-4421
BL-000370,2026-07-24,2026-07-24,UPI/HDFC0001234/336857527184/ramacon@okaxis/RAMAN DEEP CONVEYANCES PRIVATE LIMITED,900000021478,4575368.00,,HDFC-Current-4421
BL-000371,2026-07-25,2026-07-25,RTGS UTIB0002233 900000018012 SHREE BALAJI ELECTRICALS JAI INR 446188.00 security deposit,900000018012,,446188.00,HDFC-Current-4421
BL-000372,2026-07-25,2026-07-25,VB-2026-000386 NEFT DR KKBK0000812 900000022254 FROM KARMAN CONVEYANCES PVT LTD part payme,900000022254,,395143.00,HDFC-Current-4421
BL-000373,2026-07-25,2026-07-25,NEFT DR HDFC0001234 900000020458 FROM VAISHNAVI LOGISTI security deposit INR 143452.00,900000020458,,143452.00,HDFC-Current-4421
BL-000374,2026-07-25,2026-07-25,NEFT DR ICIC0000429 900000015008 FROM MERIDIAN WATER TREATMENT & CO part payment INR 10042,900000015008,,100421.00,HDFC-Current-4421
BL-000375,2026-07-25,2026-07-25,VB-2026-000354 CHQ CLG SAPTAGINI MACHINE PARTS COMPANY VB-2026-000354,900000021088,,96462.00,HDFC-Current-4421
BL-000376,2026-07-25,2026-07-25,RAZORPAY PAYMENTS GATEWAY SETTLEMENT setl_00000074 UTR 900000003566,900000003566,113508.26,,HDFC-Current-4421
BL-000377,2026-07-25,2026-07-25,UPI/HDFC0001234/494937855156/lohipol@ybl/LOHIYA POLYMERS PR/INV-2026-000226,900000015561,132777.00,,HDFC-Current-4421
BL-000378,2026-07-25,2026-07-25,INV-2026-000455 NEFT CR KKBK0000812 900000025392 FROM TRIVIDATA WAREHOUSING LTD full and f,900000025392,164110.00,,HDFC-Current-4421
BL-000379,2026-07-25,2026-07-25,NEFT CR UTIB0002233 900000016433 FROM TANSH MACHINE PART part payment INR 188961.00 INV-20,900000016433,188961.00,,HDFC-Current-4421
BL-000380,2026-07-25,2026-07-25,UPI/HDFC0001234/280310181477/hirahar@ybl/HIRANYAKA HARDWARE PVT LTD,900000020827,346214.00,,HDFC-Current-4421
BL-000381,2026-07-25,2026-07-25,UPI/HDFC0001234/367911469571/zeniele@okhdfcbank/ZENITH ONE ELECTRICALS & CO,900000023777,572876.00,,HDFC-Current-4421
BL-000382,2026-07-25,2026-07-25,UPI/HDFC0001234/517138861530/INV-2026-000503/ramacon@okhdfcbank/RAMAN DEEP CONVEYANCES PRI,900000027191,1012647.00,,HDFC-Current-4421
BL-000383,2026-07-25,2026-07-25,INV-2026-000437 NEFT CR HDFC0001234 900000024378 FROM SAPTAGIRI WATER TREATMENT LLP agains,900000024378,6000000.00,,HDFC-Current-4421
BL-000384,2026-07-27,2026-07-27,NEFT DR SBIN0000921 900000023498 FROM RAMAN DEEP POLYMERS KOC milestone 2 INR 949114.00,900000023498,,949114.00,HDFC-Current-4421
BL-000385,2026-07-27,2026-07-27,NEFT DR KKBK0000812 900000025351 FROM RAMAN DEEP PO against inv INR 684184.00,900000025351,,684184.00,HDFC-Current-4421
BL-000386,2026-07-27,2026-07-27,RTGS HDFC0001234 900000016881 SHREE BALAJI ELECTRICALS LLP INR 649640.00 freight charges,900000016881,,649640.00,HDFC-Current-4421
BL-000387,2026-07-27,2026-07-27,RTGS ICIC0000429 900000016495 SHREE BALAJI ELECTRSCALS JAI INR 608656.00 part payment RT-2,900000016495,,608656.00,HDFC-Current-4421
BL-000388,2026-07-27,2026-07-27,NEFT DR ICIC0000429 900000027043 FROM KARMAN CONVEYANCES PVT LTD against inv INR 306358.00,900000027043,,306358.00,HDFC-Current-4421
BL-000389,2026-07-27,2026-07-27,NEFT DR ICIC0000429 900000009878 FROM RAMAN DEEP HARDWARE PRIVATE LIMITED advance INR 2790,900000009878,,279055.00,HDFC-Current-4421
BL-000390,2026-07-27,2026-07-27,RT-2026-000171 NEFT DR HDFC0001234 900000013115 FROM RAMAN DEEP HARDWARE PRIVATE LIMITED a,900000013115,,265325.00,HDFC-Current-4421
BL-000391,2026-07-27,2026-07-27,NEFT DR HDFC0001234 900000018507 FROM VAISHNAVI LOGISTICS LTD amc renewal INR 206406.00,900000018507,,206406.00,HDFC-Current-4421
BL-000392,2026-07-27,2026-07-27,NEFT DR HDFC0001234 900000024730 FROM NALANDA RECYCLERS LTD freight charges INR 200930.00,900000024730,,200930.00,HDFC-Current-4421
BL-000393,2026-07-27,2026-07-27,CHQ CLG SAPTAGIRI MACHINE PARTS PVT LTD ,900000021406,,183965.00,HDFC-Current-4421
BL-000394,2026-07-27,2026-07-27,NEFT DR HDFC0001234 900000023094 FROM NALANDA RECYCLERSMP  against inv INR 129221.00 RT-20,900000023094,,129221.00,HDFC-Current-4421
BL-000395,2026-07-27,2026-07-27,NEFT DR UTIB0002233 900000015496 FROM INDUSLOOM WAREHOUSING security deposit INR 87499.00,900000015496,,87499.00,HDFC-Current-4421
BL-000396,2026-07-27,2026-07-27,RAZORPAY PAYMENTS GATEWAY SETTLEMENT setl_00000076 UTR 900000003621,900000003621,65616.46,,HDFC-Current-4421
BL-000397,2026-07-27,2026-07-27,UPI/HDFC0001234/143737965402/INV-2026-000222/anancat@okaxis/ANANT INFRA CATERING SERVICUS ,900000015416,87825.00,,HDFC-Current-4421
BL-000398,2026-07-27,2026-07-27,RAZORPAY PAYMENTS GATEWAY SETTLEMENT setl_00000075 UTR 900000003590,900000003590,89958.99,,HDFC-Current-4421
BL-000399,2026-07-27,2026-07-27,UPI/HDFC0001234/223754084622/INV-2026-000253/anancat@okaxis/ANANT INFRA CATERING SERVICES ,900000016568,92919.00,,HDFC-Current-4421
BL-000400,2026-07-27,2026-07-27,UPI/HDFC0001234/568781305426/anancat@okaxis/ANANT INFRA CATERING SERVICES PRIVATE LIMITED/,900000015129,123980.00,,HDFC-Current-4421
BL-000401,2026-07-27,2026-07-27,INV-2026-000451 NEFT CR SBIN0000921 900000025171 FROM SHVEE BALAJI RECYCLERS CO security d,900000025171,140842.00,,HDFC-Current-4421
BL-000402,2026-07-27,2026-07-27,INV-2026-000346 NEFT CR HDFC0001234 900000020749 FROM EVERSTONE LOGISTICS LTD milestone 2 ,900000020749,241032.00,,HDFC-Current-4421
BL-000403,2026-07-27,2026-07-27,INV-2026-000466 NEFT CR KKBK0000812 900000025791 FROM SHREE BALAJI RECYCLERS PRI milestone,900000025791,241703.00,,HDFC-Current-4421
BL-000404,2026-07-27,2026-07-27,NEFT CR KKBK0000812 900000021227 FROM INDUSLOOM ROOFING PRODUCTS against inv INR 394725.00,900000021227,394725.00,,HDFC-Current-4421
BL-000405,2026-07-27,2026-07-27,NEFT CR UTIB0002233 900000018763 FROM INDUSLOOM ROOFING PRODUCTS NAG invoice settlement IN,900000018763,760665.00,,HDFC-Current-4421
BL-000406,2026-07-27,2026-07-27,NEFT CR HDFC0001234 900000021574 FROM EVERLOG LO  security deposit INR 1099725.00,900000021574,1099725.00,,HDFC-Current-4421
BL-000407,2026-07-27,2026-07-27,INV-2026-000460 RTGS UTIB0002233 900000025667 VAISHNAVI TEXTILES LLP INR 1187076.00 agains,900000025667,1187076.00,,HDFC-Current-4421
BL-000408,2026-07-27,2026-07-27,RTGS SBIN0000921 900000021972 VAISHNAVI TEXT INR 2636351.00 amc renewal,900000021972,2636351.00,,HDFC-Current-4421
BL-000409,2026-07-28,2026-07-28,UPI/HDFC0001234/716212030727/adissol@ybl/ADISHAKTI SOLAR EPC COMPANY,900000022240,,611697.00,HDFC-Current-4421
BL-000410,2026-07-28,2026-07-28,UPI/HDFC0001234/512971484754/adissol@ybl/ADISHAKTI SOLA,900000022556,,269765.00,HDFC-Current-4421
BL-000411,2026-07-28,2026-07-28,RAZORPAY PAYMENTS GATEWAY SETTLEMENT setl_00000077 UTR 900000003627,900000003627,41217.64,,HDFC-Current-4421
BL-000412,2026-07-28,2026-07-28,UPI/HDFC0001234/435298358889/INV-2026-000235/lohipol@ybl/LOHIVA POLYMERS & CO,900000015862,83845.00,,HDFC-Current-4421
BL-000413,2026-07-28,2026-07-28,NEFT CR KKBK0000812 900000020160 FROM INDUSLOOM ROOFING milestone 2 INR 538281.00,900000020160,538281.00,,HDFC-Current-4421
BL-000414,2026-07-28,2026-07-28,INV-2026-000085 NEFT CR KKBK0000812 900000009381 FROM ANANT INFRA SOLAR EPC LTD milestone ,900000009381,704566.00,,HDFC-Current-4421
BL-000415,2026-07-28,2026-07-28,RTGS SBIN0000921 900000025832 VAISHNAVI TEXTIL INR 1228788.00 invoice settlement,900000025832,1228788.00,,HDFC-Current-4421
BL-000416,2026-07-29,2026-07-29,UPI/HDFC0001234/924663866876/adissol@okaxis/ADISHAKTI SOLAR/RT-2026-000369,900000021633,,1061036.00,HDFC-Current-4421
BL-000417,2026-07-29,2026-07-29,NEFT DR SBIN0000921 900000011058 FROM RAMAN DEEP HARDWARE PRIVATE LIMITED milestone 2 INR ,900000011058,,409576.00,HDFC-Current-4421
BL-000418,2026-07-29,2026-07-29,RAZORPAY PAYMENTS GATEWAY SETTLEMENT setl_00000078 UTR 900000003717,900000003717,88978.68,,HDFC-Current-4421
BL-000419,2026-07-29,2026-07-29,UPI/HDFC0001234/552767512115/anancat@paytm/ANANT INFRA CATERING SERVICES RAJ/INV-2026-0002,900000016623,116378.00,,HDFC-Current-4421
BL-000420,2026-07-29,2026-07-29,NEFT CR SBIN0000921 900000020559 FROM INDUSLOOM ROOFING PRODUCTS PVT LTD security deposit ,900000020559,243416.00,,HDFC-Current-4421
BL-000421,2026-07-29,2026-07-29,UPI/HDFC0001234/204046867277/zeniele@okaxis/ZENIELE ELEC ,900000027420,259946.00,,HDFC-Current-4421
BL-000422,2026-07-29,2026-07-29,INV-2026-000396 RTGS UTIB0002233 900000022682 VAISHNAVI T INR 311747.00 full and final,900000022682,311747.00,,HDFC-Current-4421
BL-000423,2026-07-29,2026-07-29,INV-2026-000421 NEFT CR UTIB0002233 900000023686 FROM EVERSTONE LOGISTICS LTD security dep,900000023686,426984.00,,HDFC-Current-4421
BL-000424,2026-07-29,2026-07-29,UPI/HDFC0001234/446535759948/INV-2026-000347/ramacon@ybl/RAMAN DEEP CONVEYANCES PRIVATE LI,900000020802,542720.00,,HDFC-Current-4421
BL-000425,2026-07-29,2026-07-29,UPI/HDFC0001234/985838915705/zeniele@paytm/ZENITH ONE ELECTRICALS & CO,900000027417,727466.00,,HDFC-Current-4421
BL-000426,2026-07-29,2026-07-29,NEFT CR HDFC0001234 900000010026 FROM ANANT INFRA SO amc renewal INR 734920.00,900000010026,734920.00,,HDFC-Current-4421
BL-000427,2026-07-29,2026-07-29,RTGS SBIN0000921 900000024132 VAISHNAVI TEXTILES JAI INR 933188.00 amc renewal INV-2026-00,900000024132,933188.00,,HDFC-Current-4421
BL-000428,2026-07-30,2026-07-30,CHQ CLG SAPTAGIRI MACHINE P ,900000017353,,277668.00,HDFC-Current-4421
BL-000429,2026-07-30,2026-07-30,INV-2026-000486 NEFT CR SBIN0000921 900000026540 FROM TRIVIDATA WAREHOUSING LTD against in,900000026540,49364.00,,HDFC-Current-4421
BL-000430,2026-07-30,2026-07-30,RAZORPAY PAYMENTS GATEWAY SETTLEMENT setl_00000079 UTR 900000003748,900000003748,141238.84,,HDFC-Current-4421
BL-000431,2026-07-30,2026-07-30,UPI/HDFC0001234/815626356572/anancat@ybl/ANANT INFRA C,900000016445,153800.00,,HDFC-Current-4421
BL-000432,2026-07-30,2026-07-30,NEFT CR KKBK0000812 900000022614 FROM EVERSTONE LOGIS advance INR 612326.00,900000022614,612326.00,,HDFC-Current-4421
BL-000433,2026-07-30,2026-07-30,RTGS SBIN0000921 900000025814 VAISHNAVI TEXTILOS LLP INR 917553.00 material supply,900000025814,917553.00,,HDFC-Current-4421
BL-000434,2026-07-31,2026-07-31,NEFT DR KKBK0000812 900000033873 FROM ACME INDUSTRIES PAYROLL  part payment INR 3450000.00,900000033873,,3450000.00,HDFC-Current-4421
BL-000435,2026-07-31,2026-07-31,VB-2026-000462 CHQ CLG SAPTAGIRI MACHINE PARTS PRIVATE LIMITED VB-2026-000462,900000025696,,388452.00,HDFC-Current-4421
BL-000436,2026-07-31,2026-07-31,RT-2026-000496 NEFT DR ICIC0000429 900000026965 FROM RAMAN DEEP POLYMERS material supply I,900000026965,,251264.00,HDFC-Current-4421
BL-000437,2026-07-31,2026-07-31,RAZORPAY PAYMENTS GATEWAY SETTLEMENT setl_00000080 UTR 900000003798,900000003798,70623.75,,HDFC-Current-4421
BL-000438,2026-07-31,2026-07-31,UPI/HDFC0001234/780994316522/anancat@ybl/ANANCAT SER ,900000011568,179282.00,,HDFC-Current-4421
BL-000439,2026-07-31,2026-07-31,UPI/HDFC0001234/995388867153/anancat@paytm/ANANT INFRA CATERING SERVICES PRIVATE LIMITED/I,900000013011,589856.00,,HDFC-Current-4421
BL-000440,2026-08-01,2026-08-01,NEFT DR HDFC0001234 900000022417 FROM VAISHNMVI LOGISTICS & CO freight charges INR 395157.,900000022417,,395157.00,HDFC-Current-4421
BL-000441,2026-08-01,2026-08-01,NEFT DR ICIC0000429 900000023954 FROM NALANDA RECYCLERS LTD against inv INR 285184.00,900000023954,,285184.00,HDFC-Current-4421
BL-000442,2026-08-01,2026-08-01,NEFT DR HDFC0001234 900000027322 FROM KARMAN CONVEYANCES PVT LTD security deposit INR 2652,900000027322,,265264.00,HDFC-Current-4421
BL-000443,2026-08-01,2026-08-01,CHQ CLG SAPTAGIRI  ,900000025962,,169873.00,HDFC-Current-4421
BL-000444,2026-08-01,2026-08-01,NEFT DR HDFC0001234 900000013904 FROM RAMAN DEEP HARDWARE PRIVATE L invoice settlement INR,900000013904,,158929.00,HDFC-Current-4421
BL-000445,2026-08-01,2026-08-01,RAZORPAY PAYMENTS GATEWAY SETTLEMENT setl_00000081 UTR 900000003856,900000003856,97781.53,,HDFC-Current-4421
BL-000446,2026-08-01,2026-08-01,UPI/HDFC0001234/995885815528/anancat@okaxis/ANANT INFRA CATERING SERVICES RAJ,900000014783,158603.00,,HDFC-Current-4421
BL-000447,2026-08-01,2026-08-01,UPI/HDFC0001234/373383088386/anancat@okhdfcbank/ANANT INFRA CATERING SERVICES PRIVATE LIMI,900000016607,164558.00,,HDFC-Current-4421
BL-000448,2026-08-01,2026-08-01,UPI/HDFC0001234/255167571775/lohipol@okaxis/LOHIYA POLYMERS PRIVATE LIMITED,900000016967,281618.00,,HDFC-Current-4421
BL-000449,2026-08-01,2026-08-01,UPI/HDFC0001234/780375789255/hirahar@okhdfcbank/HIRANYAKA HARDWAR/INV-2026-000448,900000025047,291968.00,,HDFC-Current-4421
BL-000450,2026-08-01,2026-08-01,UPI/HDFC0001234/893877413750/INV-2026-000298/lohipol@ybl/LOHIYA POL,900000018594,353309.00,,HDFC-Current-4421
BL-000451,2026-08-01,2026-08-01,NEFT CR HDFC0001234 900000016410 FROM KARMAN PRINT SOLUT security deposit INR 2085591.00 I,900000016410,2085591.00,,HDFC-Current-4421
BL-000452,2026-08-03,2026-08-03,NEFT DR ICIC0000429 900000033958 FROM STATE BANK EQU advance INR 1250000.00 EMI-202608,900000033958,,1250000.00,HDFC-Current-4421
BL-000453,2026-08-03,2026-08-03,CHQ CLG SAPTXGIRI MACHINE PARTS & CO VB-2026-000370,900000021689,,997105.00,HDFC-Current-4421
BL-000454,2026-08-03,2026-08-03,NEFT DR HDFC0001234 900000021386 FROM VAISHNAVI LOGIST security deposit INR 654797.00 RT-2,900000021386,,654797.00,HDFC-Current-4421
BL-000455,2026-08-03,2026-08-03,NEFT DR ICIC0000429 900000016729 FROM VAISHNAVI UOGISTICS KOC part payment INR 330181.00 V,900000016729,,330181.00,HDFC-Current-4421
BL-000456,2026-08-03,2026-08-03,VB-2026-000623 NEFT DR UTIB0002233 900000030996 FROM KARMAN CONVEYANCES & CO part payment ,900000030996,,216200.00,HDFC-Current-4421
BL-000457,2026-08-03,2026-08-03,CHQ CLG SAPTAGIRX MACHINE ,900000022854,,203751.00,HDFC-Current-4421
BL-000458,2026-08-03,2026-08-03,NEFT DR ICIC0000429 900000026259 FROM NALAREC RE security deposit INR 104054.00 RT-2026-00,900000026259,,104054.00,HDFC-Current-4421
BL-000459,2026-08-03,2026-08-03,NEFT DR KKBK0000812 900000019886 FROM VAISHNAVI LOGISTICS LTD full and final INR 88886.00,900000019886,,88886.00,HDFC-Current-4421
BL-000460,2026-08-03,2026-08-03,NEFT DR ICIC0000429 900000016644 FROM INDUSLOOM WAREHOUSING PRIVATE LIMITED part payment I,900000016644,,47917.00,HDFC-Current-4421
BL-000461,2026-08-03,2026-08-03,RAZORPAY PAYMENTS GATEWAY SETTLEMENT setl_00000083 UTR 900000003879,900000003879,17143.56,,HDFC-Current-4421
BL-000462,2026-08-03,2026-08-03,UPI/HDFC0001234/128082197366/hirahar@paytm/HIRANYAKA HARDWARE PVT LTD/INV-2026-000513,900000027510,61542.00,,HDFC-Current-4421
BL-000463,2026-08-03,2026-08-03,RAZORPAY PAYMENTS GATEWAY SETTLEMENT setl_00000082 UTR 900000003873,900000003873,132848.45,,HDFC-Current-4421
BL-000464,2026-08-03,2026-08-03,INV-2026-000559 NEFT CR HDFC0001234 900000028802 FROM SHREE BALAJI RECYCLERS COMPANY part ,900000028802,135384.00,,HDFC-Current-4421
BL-000465,2026-08-03,2026-08-03,UPI/HDFC0001234/814048537286/lohipol@ybl/LOHIYA POIYMERS PUN/INV-2026-000282,900000017852,190265.00,,HDFC-Current-4421
BL-000466,2026-08-03,2026-08-03,INV-2026-000132 NEFT CR ICIC0000429 900000011382 FROM ANANT INFRA SOLAR EPC LTD against in,900000011382,365400.00,,HDFC-Current-4421
BL-000467,2026-08-03,2026-08-03,NEFT CR ICIC0000429 900000025467 FROM INDUSLOOM ROOFING full and final INR 619995.00,900000025467,619995.00,,HDFC-Current-4421
BL-000468,2026-08-03,2026-08-03,"INV-2026-000327,INV-2026-000398,INV-2026-000431 NEFT CR SBIN0000921 900000034418 FROM TANS",900000034418,1223762.00,,HDFC-Current-4421
BL-000469,2026-08-04,2026-08-04,UPI/HDFC0001234/982647304596/adissol@ybl/ADISHAKTI SOLAR EPC COMPANY,900000023245,,390690.00,HDFC-Current-4421
BL-000470,2026-08-04,2026-08-04,NEFT DR UTIB0002233 900000024601 FROM RAMAN DEEP POLYMERS COMPANY security deposit INR 205,900000024601,,205596.00,HDFC-Current-4421
BL-000471,2026-08-04,2026-08-04,RT-2026-000332 CHQ CLG SAPTAGIRI MJCHINE PARTS & CO RT-2026-000332,900000020015,,162692.00,HDFC-Current-4421
BL-000472,2026-08-04,2026-08-04,UPI/HDFC0001234/232108956750/adissol@ybl/ADISCAKTI SOLAR EPC LLP/VB-2026-000436,900000024347,,162232.00,HDFC-Current-4421
BL-000473,2026-08-04,2026-08-04,NEFT DR HDFC0001234 900000026014 FROM NALANDA RECYCLERS LTD against inv INR 68835.00 VB-20,900000026014,,68835.00,HDFC-Current-4421
BL-000474,2026-08-04,2026-08-04,RAZORPAY PAYMENTS GATEWAY SETTLEMENT setl_00000084 UTR 900000003926,900000003926,6691.39,,HDFC-Current-4421
BL-000475,2026-08-05,2026-08-05,RENT-202608 NEFT DR UTIB0002233 900000033952 FROM SKYLINE ESTATES PVT LTD  milestone 2 INR,900000033952,,780000.00,HDFC-Current-4421
BL-000476,2026-08-05,2026-08-05,CHQ CLG SAPTAGIRI  VB-2026-000384,900000022199,,570802.00,HDFC-Current-4421
BL-000477,2026-08-05,2026-08-05,RT-2026-000330 NEFT DR ICIC0000429 900000019896 FROM VAISHNAVI LOGIST milestone 2 INR 3346,900000019896,,334664.00,HDFC-Current-4421
BL-000478,2026-08-05,2026-08-05,NEFT DR KKBK0000812 900000030481 FROM KARMAN CONVEYANCES FAR full and final INR 312822.00,900000030481,,312822.00,HDFC-Current-4421
BL-000479,2026-08-05,2026-08-05,NEFT DR SBIN0000921 900000028947 FROM RAMAN DEEP POLYMERS COMPANY invoice settlement INR 2,900000028947,,299919.00,HDFC-Current-4421
BL-000480,2026-08-05,2026-08-05,NEFT DR UTIB0002233 900000028314 FROM KARMAN CONVEYANCES PVT LTD advance INR 245346.00 VB-,900000028314,,245346.00,HDFC-Current-4421
BL-000481,2026-08-05,2026-08-05,VB-2026-000402 CHQ CLG SAPTAGIRI MACHINE PARTS & CO VB-2026-000402,900000022944,,231218.00,HDFC-Current-4421
BL-000482,2026-08-05,2026-08-05,RT-2026-000312 NEFT DR ICIC0000429 900000019223 FROM MERIDIAN WATER TREATMENT LTD amc rene,900000019223,,111566.00,HDFC-Current-4421
BL-000483,2026-08-05,2026-08-05,RT-2026-000259 NEFT DR HDFC0001234 900000016791 FROM INDUSLOOM WAREHOUSING & CO advance IN,900000016791,,53477.00,HDFC-Current-4421
BL-000484,2026-08-05,2026-08-05,RAZORPAY PAYMENTS GATEWAY SETTLEMENT setl_00000085 UTR 900000004000,900000004000,95058.19,,HDFC-Current-4421
BL-000485,2026-08-05,2026-08-05,NEFT CR SBIN0000921 900000024953 FROM TANSH MALHINE PARTS LTD invoice settlement INR 12766,900000024953,127665.00,,HDFC-Current-4421
BL-000486,2026-08-05,2026-08-05,INV-2026-000528 NEFT CR KKBK0000812 900000027850 FROM TRIVIDATA WAREH invoice settlement I,900000027850,196905.00,,HDFC-Current-4421
BL-000487,2026-08-05,2026-08-05,UPI/HDFC0001234/365716138889/lohipol@okhdfcbank/LOHIYA POLY/INV-2026-000289,900000018260,505475.00,,HDFC-Current-4421
BL-000488,2026-08-05,2026-08-05,INV-2026-000470 NEFT CR UTIB0002233 900000025866 FROM TANSH MACHINE PAR material supply IN,900000025866,781580.00,,HDFC-Current-4421
BL-000489,2026-08-05,2026-08-05,INV-2026-000487 NEFT CR ICIC0000429 900000026609 FROM SAPTAGIRI WATER TREATMENT LLP milest,900000026609,1148494.00,,HDFC-Current-4421
BL-000490,2026-08-06,2026-08-06,NEFT DR SBIN0000921 900000028588 FROM KARMAN CONVEYANCES FAR security deposit INR 697123.0,900000028588,,697123.00,HDFC-Current-4421
BL-000491,2026-08-06,2026-08-06,CHQ CLG SAPTAGIRI MACHINE PARTS RAJ RT-2026-000321,900000019618,,647520.00,HDFC-Current-4421
BL-000492,2026-08-06,2026-08-06,RT-2026-000225 NEFT DR KKBK0000812 900000015550 FROM RAMAN DEEP HARDWARE PRIVATE LIMITED i,900000015550,,186455.00,HDFC-Current-4421
BL-000493,2026-08-06,2026-08-06,RAZORPAY PAYMENTS GATEWAY SETTLEMENT setl_00000086 UTR 900000004041,900000004041,148830.95,,HDFC-Current-4421
BL-000494,2026-08-06,2026-08-06,UPI/HDFC0001234/927074933424/zeniele@ybl/ZENITH OOE ELECTRICALS JAI/INV-2026-000586,900000029742,292960.00,,HDFC-Current-4421
BL-000495,2026-08-06,2026-08-06,NEFT CR ICIC0000429 900000022621 FROM INDUSLOOM ROOFING PRODUCTS NAG part payment INR 4037,900000022621,403743.00,,HDFC-Current-4421
BL-000496,2026-08-06,2026-08-06,UPI/HDFC0001234/961217101015/INV-2026-000461/ramacon@okaxis/RAMAN DEEP CONVEYANCES PRIVATE,900000025690,924078.00,,HDFC-Current-4421
BL-000497,2026-08-07,2026-08-07,NEFT DR SBIN0000921 900000029195 FROM KARMAN CONVEYANCE against inv INR 366447.00 RT-2026-,900000029195,,366447.00,HDFC-Current-4421
BL-000498,2026-08-07,2026-08-07,NEFT DR ICIC0000429 900000019986 FROM MERIDIAN WATER TREAT against inv INR 36891.00,900000019986,,36891.00,HDFC-Current-4421
BL-000499,2026-08-07,2026-08-07,RAZORPAY PAYMENTS GATEWAY SETTLEMENT setl_00000087 UTR 900000004116,900000004116,100819.82,,HDFC-Current-4421
BL-000500,2026-08-07,2026-08-07,UPI/HDFC0001234/664580323519/lohipol@okhdfcbank/LOHIYA POLYMERS/INV-2026-000287,900000018154,127786.00,,HDFC-Current-4421
BL-000501,2026-08-07,2026-08-07,NEFT CR ICIC0000429 900000027149 FROM SAPTAGIRI WATER TREATMENT RAJ part payment INR 21834,900000027149,218341.00,,HDFC-Current-4421
BL-000502,2026-08-07,2026-08-07,NEFT CR ICIC0000429 900000025416 FROM TANSH MACHINE PARTS LTD advance INR 249455.00,900000025416,249455.00,,HDFC-Current-4421
BL-000503,2026-08-07,2026-08-07,INV-2026-000367 NEFT CR SBIN0000921 900000021488 FROM KARMAN PRINT SOLUTIONS PRIVATE LIMIT,900000021488,271219.00,,HDFC-Current-4421
BL-000504,2026-08-07,2026-08-07,NEFT CR HDFC0001234 900000011444 FROM ANANT INFRA SOLAR E security deposit INR 688712.00 I,900000011444,688712.00,,HDFC-Current-4421
BL-000505,2026-08-08,2026-08-08,VB-2026-000304 NEFT DR SBIN0000921 900000018865 FROM INDUSLOOM WAREHOUSI  freight charges ,900000018865,,389225.00,HDFC-Current-4421
BL-000506,2026-08-08,2026-08-08,NEFT DR ICIC0000429 900000021009 FROM VAISHNAVI LOGISTICS LTD amc renewal INR 331738.00 VB,900000021009,,331738.00,HDFC-Current-4421
BL-000507,2026-08-08,2026-08-08,UPI/HDFC0001234/347174379195/RT-2026-000445/adissol@okaxis/ADISHAKTI SQ ,900000024795,,283809.00,HDFC-Current-4421
BL-000508,2026-08-08,2026-08-08,UPI/HDFC0001234/646425939634/adissol@ybl/ADISHAKTI SOLAR EPC COMPANY/RT-2026-000453,900000025260,,177632.00,HDFC-Current-4421
BL-000509,2026-08-08,2026-08-08,NEFT DR SBIN0000921 900000027374 FROM NALANDA RECYC amc renewal INR 107695.00,900000027374,,107695.00,HDFC-Current-4421
BL-000510,2026-08-08,2026-08-08,RAZORPAY PAYMENTS GATEWAY SETTLEMENT setl_00000088 UTR 900000004149,900000004149,126622.05,,HDFC-Current-4421
BL-000511,2026-08-08,2026-08-08,NEFT CR SBIN0000921 900000012329 FROM ANANT INFRA SOLAR milestone 2 INR 164313.00,900000012329,164313.00,,HDFC-Current-4421
BL-000512,2026-08-08,2026-08-08,UPI/HDFC0001234/496779727877/anancat@okhdfcbank/ANANT INFRA CATERING SERVICE/INV-2026-0004,900000023986,463722.00,,HDFC-Current-4421
BL-000513,2026-08-10,2026-08-10,NEFT DR KKBK0000812 900000016450 FROM RAMAN DEEP HARDWARE PRIUATE LIMITED material supply ,900000016450,,773025.00,HDFC-Current-4421
BL-000514,2026-08-10,2026-08-10,VB-2026-000214 NEFT DR ICIC0000429 900000015027 FROM RAMAN DEEP HARDWARE PRIVATE LIMITED a,900000015027,,451907.00,HDFC-Current-4421
BL-000515,2026-08-10,2026-08-10,NEFT DR HDFC0001234 900000027704 FROM NALANDA RECYCLERS LTD freight charges INR 249056.00,900000027704,,249056.00,HDFC-Current-4421
BL-000516,2026-08-10,2026-08-10,NEFT DR UTIB0002233 900000014507 FROM MERIDIAN WATER TREATMENT & CO material supply INR 21,900000014507,,213393.00,HDFC-Current-4421
BL-000517,2026-08-10,2026-08-10,NEFT DR HDFC0001234 900000023577 FROM MERIDIAN WATER TREATMENT & CO against inv INR 160414,900000023577,,160414.00,HDFC-Current-4421
BL-000518,2026-08-10,2026-08-10,NEFT DR SBIN0000921 900000021047 FROM MERIDIAN W against inv INR 55265.00,900000021047,,55265.00,HDFC-Current-4421
BL-000519,2026-08-10,2026-08-10,NEFT DR SBIN0000921 900000019300 FROM MERIDIAN WATER TREATMENT JAI milestone 2 INR 37529.0,900000019300,,37529.00,HDFC-Current-4421
BL-000520,2026-08-10,2026-08-10,RAZORPAY PAYMENTS GATEWAY SETTLEMENT setl_00000090 UTR 900000004208,900000004208,68871.55,,HDFC-Current-4421
BL-000521,2026-08-10,2026-08-10,RAZORPAY PAYMENTS GATEWAY SETTLEMENT setl_00000089 UTR 900000004168,900000004168,144649.41,,HDFC-Current-4421
BL-000522,2026-08-10,2026-08-10,UPI/HDFC0001234/974083848338/INV-2026-000300/anancat@okaxis/ANANT INFRA CATERING SERVICES ,900000018733,168034.00,,HDFC-Current-4421
BL-000523,2026-08-10,2026-08-10,UPI/HDFC0001234/839942101747/anancat@ybl/ANANT INFRA CATERING SERVICES LTD/INV-2026-000301,900000018749,229029.00,,HDFC-Current-4421
BL-000524,2026-08-10,2026-08-10,UPI/HDFC0001234/103674227331/zeniele@okhdfcbank/ZENITH ONE ELECTRICALS & CO,900000028383,666451.00,,HDFC-Current-4421
BL-000525,2026-08-10,2026-08-10,NEFT CR SBIN0000921 900000022139 FROM KARMAN PRINT SOL material supply INR 816850.00 INV-2,900000022139,816850.00,,HDFC-Current-4421
BL-000526,2026-08-10,2026-08-10,NEFT CR UTIB0002233 900000019690 FROM KARMAN PRINT SOLUTIONS PRIVATE LIMITED advance INR 1,900000019690,1024959.00,,HDFC-Current-4421
BL-000527,2026-08-10,2026-08-10,"UPI/HDFC0001234/767401190263/INV-2026-000465,INV-2026-000467,INV-2026-000504/hirahar@okaxi",900000034540,1757659.00,,HDFC-Current-4421
BL-000528,2026-08-10,2026-08-10,RTGS SBIN0000921 900000034626 VAISHNAVI TEXTILES LLP INR 1991841.00 milestone 2,900000034626,1991841.00,,HDFC-Current-4421
BL-000529,2026-08-11,2026-08-11,RTGS HDFC0001234 900000022362 SHREE BALAJI ELECTRICALS & CO INR 1058784.00 security deposi,900000022362,,1058784.00,HDFC-Current-4421
BL-000530,2026-08-11,2026-08-11,NEFT DR SBIN0000921 900000028627 FROM RAMAN DEEP PO material supply INR 578912.00,900000028627,,578912.00,HDFC-Current-4421
BL-000531,2026-08-11,2026-08-11,RTGS UTIB0002233 900000026737 SHREE BALAJI ELECTRICALS & CO INR 264645.00 advance,900000026737,,264645.00,HDFC-Current-4421
BL-000532,2026-08-11,2026-08-11,NEFT DR HDFC0001234 900000024876 FROM VAISHNAVI LOGISTICS LTD full and final INR 180536.00,900000024876,,180536.00,HDFC-Current-4421
BL-000533,2026-08-11,2026-08-11,UPI/HDFC0001234/473782825449/RT-2026-000476/adissol@ybl/ADISSOL EPC ,900000026169,,157161.00,HDFC-Current-4421
BL-000534,2026-08-11,2026-08-11,NEFT CR SBIN0000921 900000028125 FROM SHREE BALAJI RECYCLERS COMPANY advance INR 105641.00,900000028125,105641.00,,HDFC-Current-4421
BL-000535,2026-08-11,2026-08-11,NEFT CR UTIB0002233 900000029308 FROM SHREE BALAJI RECYCLERS COMPANY milestone 2 INR 17503,900000029308,175032.00,,HDFC-Current-4421
BL-000536,2026-08-11,2026-08-11,UPI/HDFC0001234/727010512066/INV-2026-000286/anancat@ybl/ANANT INFRA CATERING SERVICES & C,900000018080,224392.00,,HDFC-Current-4421
BL-000537,2026-08-11,2026-08-11,INV-2026-000565 NEFT CR SBIN0000921 900000029106 FROM TRIVIDATA WAREHOUSJNG LTD part payme,900000029106,235675.00,,HDFC-Current-4421
BL-000538,2026-08-11,2026-08-11,"UPI/HDFC0001234/208980969511/hirahar@okhdfcbank/HIRANYAKA HARD /INV-2026-000522,INV-2026-0",900000034768,1039552.00,,HDFC-Current-4421
BL-000539,2026-08-12,2026-08-12,RTGS SBIN0000921 900000024167 SHREE BALAJI ELECTRICALS & CO INR 497928.00 against inv,900000024167,,497928.00,HDFC-Current-4421
BL-000540,2026-08-12,2026-08-12,NEFT CR SBIN0000921 900000014854 FROM ANANT INFRK SOLAR EPC LLP against inv INR 139164.00,900000014854,139164.00,,HDFC-Current-4421
BL-000541,2026-08-12,2026-08-12,RAZORPAY PAYMENTS GATEWAY SETTLEMENT setl_00000091 UTR 900000004300,900000004300,154170.70,,HDFC-Current-4421
BL-000542,2026-08-12,2026-08-12,NEFT CR UTIB0002233 900000013877 FROM ANANT INFRA SOLAR EPC LTD full and final INR 158353.,900000013877,158353.00,,HDFC-Current-4421
BL-000543,2026-08-12,2026-08-12,NEFT CR UTIB0002233 900000021880 FROM KARMAN PRINT SOLUTIONS LLP against inv INR 275606.00,900000021880,275606.00,,HDFC-Current-4421
BL-000544,2026-08-12,2026-08-12,NEFT CR UTIB0002233 900000028725 FROM SAPTAGIRI WATER advance INR 1195070.00 INV-2026-0005,900000028725,1195070.00,,HDFC-Current-4421
BL-000545,2026-08-13,2026-08-13,CHQ CLG SAPTAGIRI MACHINE PARTS & CO ,900000025595,,226647.00,HDFC-Current-4421
BL-000546,2026-08-13,2026-08-13,NEFT DR UTIB0002233 900000030131 FROM NALANDA RECYCLERS LTD milestone 2 INR 80636.00,900000030131,,80636.00,HDFC-Current-4421
BL-000547,2026-08-13,2026-08-13,RT-2026-000292 NEFT DR ICIC0000429 900000018327 FROM INDUSLOOM WAREHOUSING full and final ,900000018327,,41890.00,HDFC-Current-4421
BL-000548,2026-08-13,2026-08-13,RAZORPAY PAYMENTS GATEWAY SETTLEMENT setl_00000092 UTR 900000004349,900000004349,97426.52,,HDFC-Current-4421
BL-000549,2026-08-13,2026-08-13,NEFT CR HDFC0001234 900000026470 FROM TANSMAC PARTS part payment INR 154139.00,900000026470,154139.00,,HDFC-Current-4421
BL-000550,2026-08-13,2026-08-13,NEFT CR UTIB0002233 900000028032 FROM INDUSLOOM ROOFING PRODUCTS PVT LTD security deposit ,900000028032,253283.00,,HDFC-Current-4421
BL-000551,2026-08-13,2026-08-13,NEFT CR KKBK0000812 900000027809 FROM INDUSLOOM ROOFING PR amc renewal INR 269942.00,900000027809,269942.00,,HDFC-Current-4421
BL-000552,2026-08-13,2026-08-13,NEFT CR KKBK0000812 900000027809 FROM INDUSLOOM ROOFING PR amc renewal INR 269942.00,900000027809,269942.00,,HDFC-Current-4421
BL-000553,2026-08-13,2026-08-13,INV-2026-000499 NEFT CR KKBK0000812 900000027085 FROM INDUSLOOM ROOFING PRODUCTS NAG secur,900000027085,441188.00,,HDFC-Current-4421
BL-000554,2026-08-13,2026-08-13,UPI/HDFC0001234/136383367859/zeniele@ybl/ZENITH ONE ELECTR/INV-2026-000577,900000029510,559672.00,,HDFC-Current-4421
BL-000555,2026-08-14,2026-08-14,NEFT DR HDFC0001234 900000031242 FROM NALANDA RE material supply INR 205857.00 VB-2026-000,900000031242,,205857.00,HDFC-Current-4421
BL-000556,2026-08-14,2026-08-14,UPI/HDFC0001234/482782802732/adissol@okhdfcbank/ADISHAKTI SOL,900000027703,,174160.00,HDFC-Current-4421
BL-000557,2026-08-14,2026-08-14,NEFT DR SBIN0000921 900000021806 FROM INDUSLOOM WAREHOUS material supply INR 55939.00 VB-2,900000021806,,55939.00,HDFC-Current-4421
BL-000558,2026-08-14,2026-08-14,RAZORPAY PAYMENTS GATEWAY SETTLEMENT setl_00000093 UTR 900000004395,900000004395,123470.20,,HDFC-Current-4421
BL-000559,2026-08-14,2026-08-14,NEFT CR HDFC0001234 900000027246 FROM TANSH MACHINE PARTS PRIZATE LIMITED material supply ,900000027246,298940.00,,HDFC-Current-4421
BL-000560,2026-08-14,2026-08-14,UPI/HDFC0001234/228623163795/INV-2026-000377/lohipol@ybl/LOHIYA POLYMERS LTD,900000021888,300226.00,,HDFC-Current-4421
BL-000561,2026-08-14,2026-08-14,INV-2026-000529 NEFT CR ICIC0000429 900000027932 FROM INDUSLOOM ROOFING PRODUCTS PVT LTD a,900000027932,389390.00,,HDFC-Current-4421
BL-000562,2026-08-14,2026-08-14,NEFT CR HDFC0001234 900000026449 FROM INDUSLOOM ROOFING advance INR 441211.00 INV-2026-000,900000026449,441211.00,,HDFC-Current-4421
BL-000563,2026-08-14,2026-08-14,NEFT CR UTIB0002233 900000029413 FROM SAPTAGIRI WATER TREATMENT LLP amc renewal INR 513227,900000029413,513227.00,,HDFC-Current-4421
BL-000564,2026-08-17,2026-08-17,NEFT DR UTIB0002233 900000018496 FROM RAMAN DEEP HARDWA milestone 2 INR 922815.00 VB-2026-,900000018496,,922815.00,HDFC-Current-4421
BL-000565,2026-08-17,2026-08-17,NEFT DR HDFC0001234 900000031931 FROM RAMAN DEEP POLYMERS LTD security deposit INR 655865.,900000031931,,655865.00,HDFC-Current-4421
BL-000566,2026-08-17,2026-08-17,NEFT DR ICIC0000429 900000029212 FROM NALANDA RECYCLERS LTD security deposit INR 424389.00,900000029212,,424389.00,HDFC-Current-4421
BL-000567,2026-08-17,2026-08-17,NEFT DR UTIB0002233 900000030431 FROM RAMAN DEEP POLYMERS COMPANY amc renewal INR 344836.0,900000030431,,344836.00,HDFC-Current-4421
BL-000568,2026-08-17,2026-08-17,RT-2026-000578 NEFT DR UTIB0002233 900000029526 FROM VAISHNAVI LOGISTICS LTD advance INR 2,900000029526,,279244.00,HDFC-Current-4421
BL-000569,2026-08-17,2026-08-17,RT-2026-000591 CHQ CLG SAPTAGIRI MACHINE PARTS PVT LTD RT-2026-000591,900000029970,,258542.00,HDFC-Current-4421
BL-000570,2026-08-17,2026-08-17,NEFT DR ICIC0000429 900000030574 FROM RAMAN DEEP POLYMERS freight charges INR 225779.00 RT,900000030574,,225779.00,HDFC-Current-4421
BL-000571,2026-08-17,2026-08-17,RT-2026-000613 NEFT DR KKBK0000812 900000030632 FROM RAMAN DEEP POLYMERS COMPANY advance I,900000030632,,148056.00,HDFC-Current-4421
BL-000572,2026-08-17,2026-08-17,VB-2026-000549 NEFT DR SBIN0000921 900000028478 FROM VAISHNAVI LOGIS material supply INR 1,900000028478,,122917.00,HDFC-Current-4421
BL-000573,2026-08-17,2026-08-17,RAZORPAY PAYMENTS GATEWAY SETTLEMENT setl_00000096 UTR 900000004539,900000004539,2211.60,,HDFC-Current-4421
BL-000574,2026-08-17,2026-08-17,INV-2026-000231 NEFT CR ICIC0000429 900000015774 FROM ANANT INFRA SOLAR KPC LTD advance IN,900000015774,49394.00,,HDFC-Current-4421
BL-000575,2026-08-17,2026-08-17,NEFT CR SBIN0000921 900000028711 FROM EVERSTONE LOGISTICS LTD against inv INR 50516.00,900000028711,50516.00,,HDFC-Current-4421
BL-000576,2026-08-17,2026-08-17,RAZORPAY PAYMENTS GATEWAY SETTLEMENT setl_00000095 UTR 900000004493,900000004493,120484.01,,HDFC-Current-4421
BL-000577,2026-08-17,2026-08-17,RAZORPAY PAYMENTS GATEWAY SETTLEMENT setl_00000094 UTR 900000004441,900000004441,125646.97,,HDFC-Current-4421
BL-000578,2026-08-17,2026-08-17,NEFT CR ICIC0000429 900000031381 FROM SHREREC RECYCLERS  part payment INR 126208.00,900000031381,126208.00,,HDFC-Current-4421
BL-000579,2026-08-17,2026-08-17,UPI/HDFC0001234/700401038054/anancat@ybl/ANANT INFRA CATERING SERVICES LTD/INV-2026-000471,900000025959,178730.00,,HDFC-Current-4421
BL-000580,2026-08-17,2026-08-17,NEFT CR ICIC0000429 900000015851 FROM ANANT INFRA SOLAR EPC PRIVATE LIMITED freight charge,900000015851,222493.00,,HDFC-Current-4421
BL-000581,2026-08-17,2026-08-17,INV-2026-000357 NEFT CR UTIB0002233 900000021147 FROM KARMAN PRINT SOLUTIONS PRIVATE LIMIT,900000021147,242566.00,,HDFC-Current-4421
BL-000582,2026-08-17,2026-08-17,UPI/HDFC0001234/323885713433/lohipol@okaxis/LOHIYA POLYMERS PRIVATE LIMITED,900000021457,286902.00,,HDFC-Current-4421
BL-000583,2026-08-17,2026-08-17,NEFT CR UTIB0002233 900000029317 FROM TANSH MACHINE PART invoice settlement INR 300432.00 ,900000029317,300432.00,,HDFC-Current-4421
BL-000584,2026-08-17,2026-08-17,NEFT CR HDFC0001234 900000028459 FROM EVERSTONE LOGISTICS & CO milestone 2 INR 362222.00 I,900000028459,362222.00,,HDFC-Current-4421
BL-000585,2026-08-17,2026-08-17,INV-2026-000242 NEFT CR KKBK0000812 900000016302 FROM ANANT INFRA SOLAR EPC PVT LTD freigh,900000016302,394770.00,,HDFC-Current-4421
BL-000586,2026-08-17,2026-08-17,NEFT CR ICIC0000429 900000030053 FROM TRIVIDATA WAREHOUSING LTD material supply INR 419135,900000030053,419135.00,,HDFC-Current-4421
BL-000587,2026-08-17,2026-08-17,NEFT CR ICIC0000429 900000030205 FROM SAPTAGIRI WATER TREATMENT LLP full and final INR 419,900000030205,419806.00,,HDFC-Current-4421
BL-000588,2026-08-17,2026-08-17,NEFT CR ICIC0000429 900000026784 FROM EVERSTONE LOGISTICS LTD material supply INR 840229.0,900000026784,840229.00,,HDFC-Current-4421
BL-000589,2026-08-17,2026-08-17,NEFT CR UTIB0002233 900000027983 FROM SAPTAGIRI WATER TREATMENT PVT LTD amc renewal INR 10,900000027983,1055780.00,,HDFC-Current-4421
BL-000590,2026-08-17,2026-08-17,NEFT CR HDFC0001234 900000022729 FROM KARMAN PRINT SOLUTIONSYPR part payment INR 1101002.0,900000022729,1101002.00,,HDFC-Current-4421
BL-000591,2026-08-17,2026-08-17,"INV-2026-000516,INV-2026-000532,INV-2026-000547 NEFT CR UTIB0002233 900000034686 FROM TANS",900000034686,1194274.00,,HDFC-Current-4421
BL-000592,2026-08-17,2026-08-17,UPI/HDFC0001234/960353506983/ramacon@paytm/RAMAN DEEP CONVEYANCE,900000029171,1309567.00,,HDFC-Current-4421
BL-000593,2026-08-17,2026-08-17,INV-2026-000616 NEFT CR SBIN0000921 900000030799 FROM SAPTAGIRI WAT  freight charges INR 6,900000030799,6000000.00,,HDFC-Current-4421
BL-000594,2026-08-18,2026-08-18,NEFT DR SBIN0000921 900000030883 FROM RAMAN DEEP POLYMERS COMPANY advance INR 595777.00,900000030883,,595777.00,HDFC-Current-4421
BL-000595,2026-08-18,2026-08-18,RAZORPAY PAYMENTS GATEWAY SETTLEMENT setl_00000097 UTR 900000004633,900000004633,27439.59,,HDFC-Current-4421
BL-000596,2026-08-18,2026-08-18,NEFT CR SBIN0000921 900000031346 FROM TRIVIDATA WAREHOUSING LTD against inv INR 552602.00,900000031346,552602.00,,HDFC-Current-4421
BL-000597,2026-08-19,2026-08-19,RT-2026-000407 NEFT DR HDFC0001234 900000023191 FROM MERIDIAN WATER TREATMENT & CO part pa,900000023191,,71213.00,HDFC-Current-4421
BL-000598,2026-08-19,2026-08-19,RAZORPAY PAYMENTS GATEWAY SETTLEMENT setl_00000098 UTR 900000004706,900000004706,147673.75,,HDFC-Current-4421
BL-000599,2026-08-19,2026-08-19,NEFT CR ICIC0000429 900000027624 FROM EVERSTONE LOGISTICS material supply INR 177936.00 IN,900000027624,177936.00,,HDFC-Current-4421
BL-000600,2026-08-19,2026-08-19,UPI/HDFC0001234/958053713396/lohipol@okhdfcbank/LOHIYA POLYMERS PRIVATE LIMITED,900000024001,189068.00,,HDFC-Current-4421
BL-000601,2026-08-19,2026-08-19,UPI/HDFC0001234/547216911367/zeniele@ybl/ZENITH ONE/INV-2026-000700,900000032618,341851.00,,HDFC-Current-4421
BL-000602,2026-08-19,2026-08-19,UPI/HDFC0001234/208004632414/zeniele@paytm/ZENITH ONE ELECTRICALS LLP/INV-2026-000671,900000032170,557736.00,,HDFC-Current-4421
BL-000603,2026-08-19,2026-08-19,NEFT CR SBIN0000921 900000029831 FROM SAPTAGIRI WATE part payment INR 1883307.00,900000029831,1883307.00,,HDFC-Current-4421
BL-000604,2026-08-20,2026-08-20,NEFT DR HDFC0001234 900000032311 FROM RAMAN DEEP POLYMERS CO security deposit INR 523801.0,900000032311,,523801.00,HDFC-Current-4421
BL-000605,2026-08-20,2026-08-20,UPI/HDFC0001234/846377957455/adissol@okaxis/ADISHAKTI SOLAR EPC COMPANY,900000028482,,274097.00,HDFC-Current-4421
BL-000606,2026-08-20,2026-08-20,RT-2026-000275 NEFT DR KKBK0000812 900000017390 FROM RAMAN DEEP HARDWARE against inv INR 1,900000017390,,127769.00,HDFC-Current-4421
BL-000607,2026-08-20,2026-08-20,RAZORPAY PAYMENTS GATEWAY SETTLEMENT setl_00000099 UTR 900000004759,900000004759,101018.96,,HDFC-Current-4421
BL-000608,2026-08-20,2026-08-20,UPI/HDFC0001234/592510146352/hirahar@okhdfcbank/HIRANYAKA H,900000032452,101107.00,,HDFC-Current-4421
BL-000609,2026-08-20,2026-08-20,UPI/HDFC0001234/643959849917/ramacon@okaxis/RAMAN DEEP CONVEYANCES & CO,900000024397,236679.00,,HDFC-Current-4421
BL-000610,2026-08-21,2026-08-21,NEFT DR ICIC0000429 900000029607 FROM KARMAN CONVEYANCES LTD against inv INR 712600.00,900000029607,,712600.00,HDFC-Current-4421
BL-000611,2026-08-21,2026-08-21,VB-2026-000342 NEFT DR ICIC0000429 900000020552 FROM RAMAN DEEP HARDWARE PUN against inv I,900000020552,,385961.00,HDFC-Current-4421
BL-000612,2026-08-21,2026-08-21,RT-2026-000600 NEFT DR UTIB0002233 900000030106 FROM NALANDA RECYCLERS LTD against inv INR,900000030106,,314417.00,HDFC-Current-4421
BL-000613,2026-08-21,2026-08-21,NEFT DR HDFC0001234 900000030708 FROM RAMAN DEEP PSLYMERS KOC against inv INR 194294.00,900000030708,,194294.00,HDFC-Current-4421
BL-000614,2026-08-21,2026-08-21,RAZORPAY PAYMENTS GATEWAY SETTLEMENT setl_00000100 UTR 900000004833,900000004833,71282.69,,HDFC-Current-4421
BL-000615,2026-08-21,2026-08-21,NEFT CR UTIB0002233 900000031802 FROM SHREE BALAJI RECYCLERS PVT LTD milestone 2 INR 75333,900000031802,75333.00,,HDFC-Current-4421
BL-000616,2026-08-21,2026-08-21,NEFT CR KKBK0000812 900000017759 FROM ANANT INFRA SOLAR EPC PVT LTD security deposit INR 5,900000017759,546453.00,,HDFC-Current-4421
BL-000617,2026-08-21,2026-08-21,NEFT CR UTIB0002233 900000017233 FROM ANANT INFRA SOLAR EPC LTD advance INR 1326454.00 INV,900000017233,1326454.00,,HDFC-Current-4421
BL-000618,2026-08-22,2026-08-22,RTGS HDFC0001234 900000023791 SHREE BALAJI ELECTRICALS JAI INR 513773.00 amc renewal RT-20,900000023791,,513773.00,HDFC-Current-4421
BL-000619,2026-08-22,2026-08-22,RT-2026-000647 NEFT DR UTIB0002233 900000031535 FROM KARMAN CONVEYANCES LLP full and final,900000031535,,298129.00,HDFC-Current-4421
BL-000620,2026-08-22,2026-08-22,VB-2026-000362 NEFT DR HDFC0001234 900000021373 FROM MERIDIAN WATER TREATMENT & CO materia,900000021373,,240868.00,HDFC-Current-4421
BL-000621,2026-08-22,2026-08-22,RAZORPAY PAYMENTS GATEWAY SETTLEMENT setl_00000101 UTR 900000004912,900000004912,118579.81,,HDFC-Current-4421
BL-000622,2026-08-22,2026-08-22,NEFT CR KKBK0000812 900000029842 FROM TANSH MACHINE PARTS LLP material supply INR 247963.0,900000029842,247963.00,,HDFC-Current-4421
BL-000623,2026-08-22,2026-08-22,UPI/HDFC0001234/655729909473/zeniele@ybl/ZENITH ONEGELECTRICALS & CO/INV-2026-000672,900000032263,629225.00,,HDFC-Current-4421
BL-000624,2026-08-22,2026-08-22,UPI/HDFC0001234/990337200741/INV-2026-000564/ramacon@okaxis/RAMAN DEEP CONVEYANCES PRIVATE,900000029016,1317862.00,,HDFC-Current-4421
BL-000625,2026-08-24,2026-08-24,NEFT DR HDFC0001234 900000028251 FROM RAMAN DEEP  full and final INR 664851.00,900000028251,,664851.00,HDFC-Current-4421
BL-000626,2026-08-24,2026-08-24,NEFT DR KKBK0000812 900000032520 FROM KARMAN CONVEYANCES advance INR 525078.00 RT-2026-000,900000032520,,525078.00,HDFC-Current-4421
BL-000627,2026-08-24,2026-08-24,NEFT DR KKBK0000812 900000031882 FROM RAMAPOL POL  material supply INR 486860.00,900000031882,,486860.00,HDFC-Current-4421
BL-000628,2026-08-24,2026-08-24,NEFT DR UTIB0002233 900000032033 FROM KARMCON CONVEYANCES full and final INR 453353.00 VB-,900000032033,,453353.00,HDFC-Current-4421
BL-000629,2026-08-24,2026-08-24,VB-2026-000488 NEFT DR SBIN0000921 900000026682 FROM VAISHNAVI LO milestone 2 INR 396711.0,900000026682,,396711.00,HDFC-Current-4421
BL-000630,2026-08-24,2026-08-24,RT-2026-000319 NEFT DR HDFC0001234 900000019462 FROM RAMAN DEEP HARDWARE LTD milestone 2 I,900000019462,,375391.00,HDFC-Current-4421
BL-000631,2026-08-24,2026-08-24,UPI/HDFC0001234/295328128593/RT-2026-000580/adissol@okaxis/ADISHAKTI SOLAR EPC COMPANY,900000029556,,308103.00,HDFC-Current-4421
BL-000632,2026-08-24,2026-08-24,CHQ CLG SAPTAGIRI MACHINE PARTS LTD ,900000030975,,196480.00,HDFC-Current-4421
BL-000633,2026-08-24,2026-08-24,UPI/HDFC0001234/947310160225/VB-2026-000571/adissol@paytm/ADISHAKTI SOLAR EPC COMPANY,900000029204,,181761.00,HDFC-Current-4421
BL-000634,2026-08-24,2026-08-24,NEFT DR KKBK0000812 900000024264 FROM INDUSLOOM WAREHOUSING invoice settlement INR 15679.0,900000024264,,15679.00,HDFC-Current-4421
BL-000635,2026-08-24,2026-08-24,RAZORPAY PAYMENTS GATEWAY SETTLEMENT setl_00000103 UTR 900000005019,900000005019,39909.76,,HDFC-Current-4421
BL-000636,2026-08-24,2026-08-24,NEFT CR HDFC0001234 900000032862 FROM TRIVIDATA WAREHOUSING LTD material supply INR 93951.,900000032862,93951.00,,HDFC-Current-4421
BL-000637,2026-08-24,2026-08-24,RAZORPAY PAYMENTS GATEWAY SETTLEMENT setl_00000102 UTR 900000004948,900000004948,142134.11,,HDFC-Current-4421
BL-000638,2026-08-24,2026-08-24,INV-2026-000515 NEFT CR ICIC0000429 900000027549 FROM TANSH MDCHINE PA security deposit IN,900000027549,151465.00,,HDFC-Current-4421
BL-000639,2026-08-24,2026-08-24,INV-2026-000619 NEFT CR SBIN0000921 900000030854 FROM EVERSTONE LOGISTICS RAJ freight char,900000030854,215261.00,,HDFC-Current-4421
BL-000640,2026-08-24,2026-08-24,UPI/HDFC0001234/521544279694/ramacon@paytm/RAMAN DEEP CONVEYANCES,900000028636,374734.00,,HDFC-Current-4421
BL-000641,2026-08-25,2026-08-25,RT-2026-000735 NEFT DR HDFC0001234 900000033166 FROM KARMAN CONVEYA full and final INR 509,900000033166,,509551.00,HDFC-Current-4421
BL-000642,2026-08-25,2026-08-25,RT-2026-000720 NEFT DR SBIN0000921 900000032915 FROM KARMAN CONVEYANC advance INR 456641.0,900000032915,,456641.00,HDFC-Current-4421
BL-000643,2026-08-25,2026-08-25,RAZORPAY PAYMENTS GATEWAY SETTLEMENT setl_00000104 UTR 900000005041,900000005041,28213.75,,HDFC-Current-4421
BL-000644,2026-08-25,2026-08-25,INV-2026-000310 NEFT CR UTIB0002233 900000019155 FROM ANANT INFRA SOLAR EPC HUB freight ch,900000019155,127882.00,,HDFC-Current-4421
BL-000645,2026-08-25,2026-08-25,UPI/HDFC0001234/127201639663/INV-2026-000757/zeniele@okhdfcbank/ZENITH ONE QLECTRICALS JAI,900000033314,292134.00,,HDFC-Current-4421
BL-000646,2026-08-25,2026-08-25,UPI/HDFC0001234/112495143624/zeniele@paytm/ZENITH ONE ELECTRICALS,900000030337,485697.00,,HDFC-Current-4421
BL-000647,2026-08-26,2026-08-26,NEFT DR UTIB0002233 900000027794 FROM VAISHNAVI LOGI against inv INR 514415.00,900000027794,,514415.00,HDFC-Current-4421
BL-000648,2026-08-26,2026-08-26,NEFT DR UTIB0002233 900000028555 FROM VAISHNAVI LOGISTICS LTD full and final INR 178347.00,900000028555,,178347.00,HDFC-Current-4421
BL-000649,2026-08-26,2026-08-26,RAZORPAY PAYMENTS GATEWAY SETTLEMENT setl_00000105 UTR 900000005110,900000005110,129619.31,,HDFC-Current-4421
BL-000650,2026-08-26,2026-08-26,UPI/HDFC0001234/500449528910/INV-2026-000449/lohipol@okaxis/LOHIPOL POLYMERS,900000025091,150538.00,,HDFC-Current-4421
BL-000651,2026-08-26,2026-08-26,UPI/HDFC0001234/381164666628/lohipol@paytm/LOHIYA POL/INV-2026-000430,900000024052,185170.00,,HDFC-Current-4421
BL-000652,2026-08-26,2026-08-26,NEFT CR UTIB0002233 900000032730 FROM TRIVIDATA WAREHOUSING security deposit INR 248434.00,900000032730,248434.00,,HDFC-Current-4421
BL-000653,2026-08-26,2026-08-26,INV-2026-000603 NEFT CR ICIC0000429 900000030240 FROM TANSH MACHINE PARTS LTD freight char,900000030240,558807.00,,HDFC-Current-4421
BL-000654,2026-08-27,2026-08-27,NEFT DR ICIC0000429 900000024663 FROM INDUSLOOM WAREHOUSING & CO material supply INR 14866,900000024663,,148667.00,HDFC-Current-4421
BL-000655,2026-08-27,2026-08-27,NEFT DR HDFC0001234 900000022513 FROM RAMAN DEEP HARDWARE PRIVATE LIMITED against inv INR ,900000022513,,101314.00,HDFC-Current-4421
BL-000656,2026-08-27,2026-08-27,NEFT DR HDFC0001234 900000026017 FROM INDUSLOOM WAREHOUSING LTD against inv INR 57853.00 R,900000026017,,57853.00,HDFC-Current-4421
BL-000657,2026-08-27,2026-08-27,RAZORPAY PAYMENTS GATEWAY SETTLEMENT setl_00000106 UTR 900000005171,900000005171,143992.57,,HDFC-Current-4421
BL-000658,2026-08-27,2026-08-27,NEFT CR HDFC0001234 900000030819 FROM EVERSTONE LOGISAICS LLP milestone 2 INR 222513.00,900000030819,222513.00,,HDFC-Current-4421
BL-000659,2026-08-27,2026-08-27,UPI/HDFC0001234/633273045467/ramacon@okaxis/RAMAN DEEP/INV-2026-000709,900000032680,331414.00,,HDFC-Current-4421
BL-000660,2026-08-27,2026-08-27,RTGS SBIN0000921 900000031662 VAISHNAVI TEXTIL INR 1117456.00 material supply INV-2026-000,900000031662,1117456.00,,HDFC-Current-4421
BL-000661,2026-08-28,2026-08-28,UPI/HDFC0001234/418116580192/VB-2026-000585/adissol@paytm/ADISSOL EP,900000029659,,113217.00,HDFC-Current-4421
BL-000662,2026-08-28,2026-08-28,RT-2026-000387 NEFT DR SBIN0000921 900000022267 FROM MERIDIAN WATER TREA advance INR 86548,900000022267,,86548.00,HDFC-Current-4421
BL-000663,2026-08-28,2026-08-28,RAZORPAY PAYMENTS GATEWAY SETTLEMENT setl_00000107 UTR 900000005246,900000005246,133069.25,,HDFC-Current-4421
BL-000664,2026-08-28,2026-08-28,UPI/HDFC0001234/517292979849/zeniele@ybl/ZENITH ONE ELECTRICALS & CO,900000032542,193525.00,,HDFC-Current-4421
BL-000665,2026-08-28,2026-08-28,INV-2026-000734 NEFT CR SBIN0000921 900000033157 FROM SHREE BALAJI RECYCLERS KOC amc renew,900000033157,201129.00,,HDFC-Current-4421
BL-000666,2026-08-28,2026-08-28,NEFT CR SBIN0000921 900000031275 FROM INDUSLBOM ROOFING PRODUCTS PVT LTD amc renewal INR 3,900000031275,337722.00,,HDFC-Current-4421
BL-000667,2026-08-29,2026-08-29,CHQ CLG SAPTAGIRI MACHINE PARTS & CO ,900000026353,,368287.00,HDFC-Current-4421
BL-000668,2026-08-29,2026-08-29,RTGS HDFC0001234 900000028993 SHREE BALAJI ELECTRICALS & CO INR 326098.00 full and final R,900000028993,,326098.00,HDFC-Current-4421
BL-000669,2026-08-29,2026-08-29,CHQ CLG SAPTAGIRI MACHIN ,900000029205,,284651.00,HDFC-Current-4421
BL-000670,2026-08-29,2026-08-29,RT-2026-000718 NEFT DR KKBK0000812 900000032898 FROM KARMAN CONVEYANCES PVT LTD material s,900000032898,,233159.00,HDFC-Current-4421
BL-000671,2026-08-29,2026-08-29,NEFT DR HDFC0001234 900000026422 FROM INDUSLOOM WAREHOUSING COI full and final INR 162809.,900000026422,,162809.00,HDFC-Current-4421
BL-000672,2026-08-29,2026-08-29,NEFT DR SBIN0000921 900000031198 FROM NALANDA RECYCLERS LTD full and final INR 143949.00 R,900000031198,,143949.00,HDFC-Current-4421
BL-000673,2026-08-29,2026-08-29,NEFT DR ICIC0000429 900000031588 FROM NALAREC RECYCLERS  part payment INR 105327.00 VB-202,900000031588,,105327.00,HDFC-Current-4421
BL-000674,2026-08-29,2026-08-29,NEFT CR UTIB0002233 900000032684 FROM TRIVIDATA WAREHOUSING LTD advance INR 32149.00 INV-2,900000032684,32149.00,,HDFC-Current-4421
BL-000675,2026-08-29,2026-08-29,RAZORPAY PAYMENTS GATEWAY SETTLEMENT setl_00000108 UTR 900000005261,900000005261,104555.34,,HDFC-Current-4421
BL-000676,2026-08-29,2026-08-29,INV-2026-000625 NEFT CR KKBK0000812 900000031084 FROM SAPTAGIRI WATER T advance INR 214268,900000031084,214268.00,,HDFC-Current-4421
BL-000677,2026-08-29,2026-08-29,UPI/HDFC0001234/356290872304/INV-2026-000615/hirahar@ybl/HIRAHAR HARDWARE,900000030710,501728.00,,HDFC-Current-4421
BL-000678,2026-08-29,2026-08-29,RTGS UTIB0002233 900000032580 VAISHNAVI TEXTILES LLP INR 553105.00 advance,900000032580,553105.00,,HDFC-Current-4421
BL-000679,2026-08-29,2026-08-29,RTGS SBIN0000921 900000032105 VAISHNAVI TEXTI INR 644786.00 amc renewal INV-2026-000670,900000032105,644786.00,,HDFC-Current-4421
BL-000680,2026-08-29,2026-08-29,INV-2026-000659 RTGS UTIB0002233 900000031671 VAISHNAVI TEXTILES LLP INR 1346749.00 amc re,900000031671,1346749.00,,HDFC-Current-4421
BL-000681,2026-08-29,2026-08-29,UPI/HDFC0001234/590987956301/INV-2026-000660/zeniele@okaxis/ZENITH ONE ELECTRICALS & CO,900000031717,1366876.00,,HDFC-Current-4421
BL-000682,2026-08-31,2026-08-31,VB-2026-000527 RTGS SBIN0000921 900000027837 SHREE BALAJI ELEC INR 638423.00 material supp,900000027837,,638423.00,HDFC-Current-4421
BL-000683,2026-08-31,2026-08-31,NEFT DR KKBK0000812 900000031995 FROM RAMAPOL POLYMERS against inv INR 545979.00,900000031995,,545979.00,HDFC-Current-4421
BL-000684,2026-08-31,2026-08-31,NEFT DR ICIC0000429 900000031188 FROM RAMAPOL POLYMERS freight charges INR 464085.00,900000031188,,464085.00,HDFC-Current-4421
BL-000685,2026-08-31,2026-08-31,VB-2026-000642 CHQ CLG SAPTAGIRI MACHI VB-2026-000642,900000031464,,220197.00,HDFC-Current-4421
BL-000686,2026-08-31,2026-08-31,UPI/HDFC0001234/195991812119/VB-2026-000630/adissol@paytm/ADISHAKTI SOLAR,900000031135,,143803.00,HDFC-Current-4421
BL-000687,2026-08-31,2026-08-31,NEFT DR ICIC0000429 900000031459 FROM MERIDIAN WATER TREATMENH JAI amc renewal INR 75192.0,900000031459,,75192.00,HDFC-Current-4421
BL-000688,2026-08-31,2026-08-31,RAZORPAY PAYMENTS GATEWAY SETTLEMENT setl_00000110 UTR 900000005406,900000005406,32758.09,,HDFC-Current-4421
BL-000689,2026-08-31,2026-08-31,RAZORPAY PAYMENTS GATEWAY SETTLEMENT setl_00000109 UTR 900000005349,900000005349,145907.79,,HDFC-Current-4421
BL-000690,2026-08-31,2026-08-31,INV-2026-000726 NEFT CR ICIC0000429 900000033016 FROM TRIVIDATA WAREHO security deposit IN,900000033016,167682.00,,HDFC-Current-4421
BL-000691,2026-08-31,2026-08-31,UPI/HDFC0001234/132575210876/INV-2026-000494/anancat@okaxis/ANANT INFRA CATERING SERVICES ,900000026922,200116.00,,HDFC-Current-4421
BL-000692,2026-08-31,2026-08-31,UPI/HDFC0001234/504159504608/INV-2026-000605/ramacon@okaxis/RAMAN DEEP CONVEYA,900000030305,211625.00,,HDFC-Current-4421
BL-000693,2026-08-31,2026-08-31,UPI/HDFC0001234/835419623554/zeniele@okaxis/ZENITH ONE ELECTRICALS & CO/INV-2026-000763,900000033332,385129.00,,HDFC-Current-4421
BL-000694,2026-08-31,2026-08-31,INV-2026-000393 NEFT CR ICIC0000429 900000022557 FROM ANANT INFR material supply INR 40535,900000022557,405358.00,,HDFC-Current-4421
BL-000695,2026-08-31,2026-08-31,INV-2026-000678 RTGS ICIC0000429 900000032375 VAISHNAVI TE  INR 646028.00 part payment,900000032375,646028.00,,HDFC-Current-4421
BL-000696,2026-09-01,2026-09-01,RT-2026-000599 NEFT DR SBIN0000921 900000030054 FROM VAISHNAVI LOGISTICS LTD advance INR 4,900000030054,,491815.00,HDFC-Current-4421
BL-000697,2026-09-01,2026-09-01,NEFT DR HDFC0001234 900000023873 FROM RAMAN DEEPSHARDWARE PRIVATE LIMITED amc renewal INR ,900000023873,,413330.00,HDFC-Current-4421
BL-000698,2026-09-01,2026-09-01,NEFT DR ICIC0000429 900000032809 FROM KARMAN CONVEYANCES PVT LTD material supply INR 23432,900000032809,,234321.00,HDFC-Current-4421
BL-000699,2026-09-01,2026-09-01,NEFT DR KKBK0000812 900000025780 FROM MERIDIAN WATER against inv INR 57275.00 RT-2026-0004,900000025780,,57275.00,HDFC-Current-4421
BL-000700,2026-09-01,2026-09-01,UPI/HDFC0001234/554336446397/INV-2026-000589/zeniele@ybl/ZENITH ONE ELECTRICALS PVT LTD,900000029899,216407.00,,HDFC-Current-4421
BL-000701,2026-09-01,2026-09-01,INV-2026-000359 NEFT CR HDFC0001234 900000021284 FROM ANANT INFRA SOLAR EPC & CO amc renew,900000021284,311969.00,,HDFC-Current-4421
BL-000702,2026-09-02,2026-09-02,NEFT DR UTIB0002233 900000034023 FROM ACME INDUSTRIES PAYROLL PRIVATE LIMITED milestone 2 ,900000034023,,3450000.00,HDFC-Current-4421
BL-000703,2026-09-02,2026-09-02,VB-2026-000561 NEFT DR SBIN0000921 900000028891 FROM VAISHNAVI LOGISTI material supply INR,900000028891,,146316.00,HDFC-Current-4421
BL-000704,2026-09-02,2026-09-02,RAZORPAY PAYMENTS GATEWAY SETTLEMENT setl_00000111 UTR 900000005503,900000005503,84644.31,,HDFC-Current-4421
BL-000705,2026-09-02,2026-09-02,NEFT CR KKBK0000812 900000032637 FROM SHREE BALAJI RECYCLERS COMPANY invoice settlement IN,900000032637,186970.00,,HDFC-Current-4421
BL-000706,2026-09-02,2026-09-02,NEFT CR HDFC0001234 900000026845 FROM KARMAN PRINT SOLUTIONS PRIVATE LIMITED invoice settl,900000026845,435403.00,,HDFC-Current-4421
BL-000707,2026-09-02,2026-09-02,NEFT CR SBIN0000921 900000032103 FROM SAPTAGIRI WATER TREATMENT RAJ material supply INR 46,900000032103,4669550.00,,HDFC-Current-4421
BL-000708,2026-09-03,2026-09-03,NEFT DR ICIC0000429 900000034029 FROM STATE BANK EQUIP LOAN advance INR 1250000.00 EMI-202,900000034029,,1250000.00,HDFC-Current-4421
BL-000709,2026-09-03,2026-09-03,VB-2026-000656 NEFT DR UTIB0002233 900000031652 FROM NALANDA RECYCLERS part payment INR 40,900000031652,,403589.00,HDFC-Current-4421
BL-000710,2026-09-03,2026-09-03,NEFT DR HDFC0001234 900000026204 FROM RAMAN DEEP HARDWARE amc renewal INR 123682.00 RT-202,900000026204,,123682.00,HDFC-Current-4421
BL-000711,2026-09-03,2026-09-03,INV-2026-000785 NEFT CR ICIC0000429 900000033349 FROM SHREE BALNJI RECYCLERS KOC material ,900000033349,63971.00,,HDFC-Current-4421
BL-000712,2026-09-03,2026-09-03,RAZORPAY PAYMENTS GATEWAY SETTLEMENT setl_00000112 UTR 900000005512,900000005512,113659.21,,HDFC-Current-4421
BL-000713,2026-09-03,2026-09-03,UPI/HDFC0001234/935468977235/INV-2026-000741/hirahar@ybl/HIRANYAKA HARDWARE PVT LTD,900000033240,210662.00,,HDFC-Current-4421
BL-000714,2026-09-03,2026-09-03,INV-2026-000646 NEFT CR ICIC0000429 900000031510 FROM EVERSTONE  amc renewal INR 248725.00,900000031510,248725.00,,HDFC-Current-4421
BL-000715,2026-09-03,2026-09-03,INV-2026-000725 NEFT CR ICIC0000429 900000032946 FROM TRIVIDATA WARE against inv INR 32231,900000032946,322315.00,,HDFC-Current-4421
BL-000716,2026-09-03,2026-09-03,INV-2026-000750 NEFT CR KKBK0000812 900000033292 FROM SAPTAGIRI WATER TREATMENT LLP milest,900000033292,1277565.00,,HDFC-Current-4421
BL-000717,2026-09-04,2026-09-04,RT-2026-000730 NEFT DR UTIB0002233 900000033076 FROM RAMAN DEEP POLYMERS KOC advance INR 5,900000033076,,569492.00,HDFC-Current-4421
BL-000718,2026-09-04,2026-09-04,NEFT DR ICIC0000429 900000033404 FROM KARMAN CONVEYANCES PVT LTD against inv INR 378701.00,900000033404,,378701.00,HDFC-Current-4421
BL-000719,2026-09-04,2026-09-04,RAZORPAY PAYMENTS GATEWAY SETTLEMENT setl_00000113 UTR 900000005541,900000005541,90819.54,,HDFC-Current-4421
BL-000720,2026-06-13,2026-06-13,NEFT OUTWARD PROCESSING FEE HDFC0001234,900000034782,,1500.00,HDFC-Current-4421
BL-000722,2026-07-07,2026-07-07,SERVICE CHG FOR MONTHLY MAINTAINANCE,900000034854,,2950.00,HDFC-Current-4421
BL-000724,2026-08-29,2026-08-29,CREDIT INTEREST ON SAVINGS BALANCE QUARTERLY,900000034902,184500.00,,HDFC-Current-4421
BL-000726,2026-08-28,2026-08-28,CHEQUE RETURN CHRG INVALID SIGNATURE,900000034943,,500.00,HDFC-Current-4421
BL-000728,2026-08-04,2026-08-04,UPI CR @SUNRISEMARTS@YBL 128734567890123 RANDOM,900000034953,250000.00,,HDFC-Current-4421
BL-000730,2026-08-01,2026-08-01,NEFT CR HDFC0001234 991234567890123 FROM UNKNOWN PARTY XZ,900000034970,1000000.00,,HDFC-Current-4421
