payment_id,order_id,amount,method,fee,captured_at,status,settlement_id,notes_invoice_no
pay_260507000000,order_260507000,2400.00,upi_apps,48.00,2026-05-07T20:19:00+05:30,captured,setl_00000001,
pay_260507000001,order_260507000,4368.00,wallet,87.36,2026-05-07T20:52:00+05:30,captured,setl_00000001,
pay_260507000002,order_260507000,4469.00,netbanking,40.22,2026-05-07T21:41:00+05:30,captured,setl_00000001,
pay_260507000003,order_260507000,1958.00,wallet,39.16,2026-05-07T08:33:00+05:30,captured,setl_00000001,
pay_260507000004,order_260507000,4376.00,card,87.52,2026-05-07T11:48:00+05:30,captured,setl_00000001,
pay_260507000005,order_260507000,2116.00,upi_apps,42.32,2026-05-07T17:16:00+05:30,captured,setl_00000001,
pay_260507000006,order_260507000,1146.00,upi_apps,22.92,2026-05-07T20:53:00+05:30,captured,setl_00000001,
pay_260507000007,order_260507000,2327.00,upi_apps,46.54,2026-05-07T08:23:00+05:30,captured,setl_00000001,
pay_260507000008,order_260507000,1757.00,upi_apps,35.14,2026-05-07T22:09:00+05:30,captured,setl_00000001,
pay_260507000009,order_260507000,3042.00,upi_apps,60.84,2026-05-07T18:55:00+05:30,captured,setl_00000001,
pay_260507000010,order_260507000,1971.00,upi_apps,39.42,2026-05-07T16:59:00+05:30,captured,setl_00000001,
pay_260507000011,order_260507000,4852.00,upi_apps,97.04,2026-05-07T17:11:00+05:30,captured,setl_00000001,
pay_260507000012,order_260507000,4209.00,netbanking,37.88,2026-05-07T12:23:00+05:30,captured,setl_00000001,
pay_260507000013,order_260507000,2442.00,upi_apps,48.84,2026-05-07T18:26:00+05:30,captured,setl_00000001,
pay_260507000014,order_260507000,3125.00,upi_apps,62.50,2026-05-07T20:37:00+05:30,captured,setl_00000001,
pay_260507000015,order_260507000,1600.00,card,32.00,2026-05-07T11:14:00+05:30,captured,setl_00000001,
pay_260507000016,order_260507000,1056.00,card,21.12,2026-05-07T20:28:00+05:30,captured,setl_00000001,
pay_260507000017,order_260507000,2378.00,wallet,47.56,2026-05-07T15:02:00+05:30,captured,setl_00000001,
pay_260507000018,order_260507000,1822.00,wallet,36.44,2026-05-07T08:27:00+05:30,captured,setl_00000001,
pay_260507000019,order_260507000,1060.00,card,21.20,2026-05-07T10:10:00+05:30,captured,setl_00000001,
pay_260507000020,order_260507000,3743.00,card,74.86,2026-05-07T18:29:00+05:30,captured,setl_00000001,
pay_260507000021,order_260507000,1869.00,netbanking,16.82,2026-05-07T10:37:00+05:30,captured,setl_00000001,
pay_260507000022,order_260507000,723.00,upi_apps,14.46,2026-05-07T12:31:00+05:30,captured,setl_00000001,
pay_260507000023,order_260507000,803.00,upi_apps,16.06,2026-05-07T22:07:00+05:30,captured,setl_00000001,
pay_260507000024,order_260507000,1023.00,upi_apps,20.46,2026-05-07T21:19:00+05:30,captured,setl_00000001,
pay_260507000025,order_260507000,851.00,upi_apps,17.02,2026-05-07T11:09:00+05:30,captured,setl_00000001,
pay_260507000026,order_260507000,1154.00,wallet,23.08,2026-05-07T18:09:00+05:30,captured,setl_00000001,
pay_260507000027,order_260507000,1647.00,upi_apps,32.94,2026-05-07T10:26:00+05:30,captured,setl_00000001,
pay_260507000028,order_260507000,4851.00,card,97.02,2026-05-07T21:36:00+05:30,captured,setl_00000001,
pay_260507000029,order_260507000,1577.00,upi_apps,31.54,2026-05-07T17:19:00+05:30,captured,setl_00000001,
pay_260507000030,order_260507000,4032.00,upi_apps,80.64,2026-05-07T13:07:00+05:30,captured,setl_00000001,
pay_260507000031,order_260507000,5325.00,wallet,106.50,2026-05-07T17:43:00+05:30,captured,setl_00000001,
pay_260507000032,order_260507000,1325.00,upi_apps,26.50,2026-05-07T12:02:00+05:30,captured,setl_00000001,
pay_260507000033,order_260507000,2829.00,upi_apps,56.58,2026-05-07T13:45:00+05:30,captured,setl_00000001,
pay_260507000034,order_260507000,2972.00,netbanking,26.74,2026-05-07T21:05:00+05:30,captured,setl_00000001,
pay_260507000035,order_260507000,3118.00,upi_apps,62.36,2026-05-07T11:11:00+05:30,captured,setl_00000001,
pay_260507000036,order_260507000,1576.00,wallet,31.52,2026-05-07T22:17:00+05:30,captured,setl_00000001,
pay_260507000037,order_260507000,1781.00,upi_apps,35.62,2026-05-07T08:34:00+05:30,captured,setl_00000001,
pay_260507000038,order_260507000,527.00,wallet,10.54,2026-05-07T10:43:00+05:30,captured,setl_00000001,
pay_260507000039,order_260507000,5015.00,upi_apps,100.30,2026-05-07T16:43:00+05:30,captured,setl_00000001,
pay_260507000040,order_260507000,4934.00,upi_apps,98.68,2026-05-07T17:16:00+05:30,captured,setl_00000001,
pay_260507000041,order_260507000,4031.00,netbanking,36.27,2026-05-07T17:46:00+05:30,captured,setl_00000001,
pay_260507000042,order_260507000,4662.00,wallet,93.24,2026-05-07T09:43:00+05:30,captured,setl_00000001,
pay_260507000043,order_260507000,5188.00,upi_apps,103.76,2026-05-07T09:53:00+05:30,captured,setl_00000001,
pay_260507000044,order_260507000,4954.00,upi_apps,99.08,2026-05-07T21:23:00+05:30,captured,setl_00000001,
pay_260508000045,order_260508001,1149.00,netbanking,10.34,2026-05-08T11:41:00+05:30,captured,setl_00000002,
pay_260508000046,order_260508001,4697.00,card,93.94,2026-05-08T20:11:00+05:30,captured,setl_00000002,
pay_260508000047,order_260508001,1998.00,upi_apps,39.96,2026-05-08T15:55:00+05:30,captured,setl_00000002,
pay_260508000048,order_260508001,4824.00,netbanking,43.41,2026-05-08T15:36:00+05:30,captured,setl_00000002,
pay_260508000049,order_260508001,4995.00,upi_apps,99.90,2026-05-08T17:47:00+05:30,captured,setl_00000002,
pay_260508000050,order_260508001,1809.00,netbanking,16.28,2026-05-08T08:47:00+05:30,captured,setl_00000002,
pay_260508000051,order_260508001,1476.00,upi_apps,29.52,2026-05-08T19:00:00+05:30,captured,setl_00000002,
pay_260508000052,order_260508001,890.00,upi_apps,17.80,2026-05-08T20:56:00+05:30,captured,setl_00000002,
pay_260508000053,order_260508001,3404.00,netbanking,30.63,2026-05-08T20:36:00+05:30,captured,setl_00000002,
pay_260508000054,order_260508001,589.00,upi_apps,11.78,2026-05-08T10:21:00+05:30,captured,setl_00000002,
pay_260508000055,order_260508001,4009.00,upi_apps,80.18,2026-05-08T21:42:00+05:30,captured,setl_00000002,
pay_260508000056,order_260508001,3829.00,card,76.58,2026-05-08T21:38:00+05:30,captured,setl_00000002,
pay_260508000057,order_260508001,4361.00,upi_apps,87.22,2026-05-08T12:08:00+05:30,captured,setl_00000002,
pay_260508000058,order_260508001,4686.00,upi_apps,93.72,2026-05-08T12:10:00+05:30,captured,setl_00000002,
pay_260508000059,order_260508001,5022.00,card,100.44,2026-05-08T21:56:00+05:30,captured,setl_00000002,
pay_260508000060,order_260508001,1295.00,card,25.90,2026-05-08T12:16:00+05:30,captured,setl_00000002,
pay_260508000061,order_260508001,3062.00,upi_apps,61.24,2026-05-08T22:14:00+05:30,captured,setl_00000002,
pay_260508000062,order_260508001,2620.00,netbanking,23.58,2026-05-08T08:52:00+05:30,captured,setl_00000002,
pay_260508000063,order_260508001,2478.00,card,49.56,2026-05-08T14:44:00+05:30,captured,setl_00000002,
pay_260508000064,order_260508001,1313.00,wallet,26.26,2026-05-08T15:26:00+05:30,captured,setl_00000002,
pay_260508000065,order_260508001,3120.00,upi_apps,62.40,2026-05-08T22:50:00+05:30,captured,setl_00000002,
pay_260508000066,order_260508001,1235.00,upi_apps,24.70,2026-05-08T19:11:00+05:30,captured,setl_00000002,
pay_260508000067,order_260508001,3940.00,upi_apps,78.80,2026-05-08T13:13:00+05:30,captured,setl_00000002,
pay_260508000068,order_260508001,3381.00,upi_apps,67.62,2026-05-08T10:44:00+05:30,captured,setl_00000002,
pay_260508000069,order_260508001,3664.00,card,73.28,2026-05-08T21:46:00+05:30,captured,setl_00000002,
pay_260508000070,order_260508001,4849.00,upi_apps,96.98,2026-05-08T14:45:00+05:30,captured,setl_00000002,
pay_260508000071,order_260508001,2269.00,wallet,45.38,2026-05-08T15:05:00+05:30,captured,setl_00000002,
pay_260508000072,order_260508001,1475.00,upi_apps,29.50,2026-05-08T20:39:00+05:30,captured,setl_00000002,
pay_260508000073,order_260508001,4716.00,upi_apps,94.32,2026-05-08T21:26:00+05:30,captured,setl_00000002,
pay_260508000074,order_260508001,3361.00,card,67.22,2026-05-08T08:21:00+05:30,captured,setl_00000002,
pay_260508000075,order_260508001,4749.00,card,94.98,2026-05-08T16:30:00+05:30,captured,setl_00000002,
pay_260508000076,order_260508001,4406.00,card,88.12,2026-05-08T19:48:00+05:30,captured,setl_00000002,
pay_260508000077,order_260508001,3679.00,card,73.58,2026-05-08T12:57:00+05:30,captured,setl_00000002,
pay_260508000078,order_260508001,2327.00,card,46.54,2026-05-08T11:13:00+05:30,captured,setl_00000002,
pay_260508000079,order_260508001,1682.00,card,33.64,2026-05-08T08:23:00+05:30,captured,setl_00000002,
pay_260508000080,order_260508001,2650.00,netbanking,23.85,2026-05-08T13:17:00+05:30,captured,setl_00000002,
pay_260508000081,order_260508001,1730.00,card,34.60,2026-05-08T10:46:00+05:30,captured,setl_00000002,
pay_260508000082,order_260508001,515.00,upi_apps,10.30,2026-05-08T10:08:00+05:30,captured,setl_00000002,
pay_260508000083,order_260508001,3536.00,netbanking,31.82,2026-05-08T16:36:00+05:30,captured,setl_00000002,
pay_260508000084,order_260508001,3826.00,card,76.52,2026-05-08T21:19:00+05:30,captured,setl_00000002,
pay_260508000085,order_260508001,2341.00,upi_apps,46.82,2026-05-08T13:10:00+05:30,captured,setl_00000002,
pay_260508000086,order_260508001,2139.00,upi_apps,42.78,2026-05-08T21:27:00+05:30,captured,setl_00000002,
pay_260508000087,order_260508001,1402.00,upi_apps,28.04,2026-05-08T14:59:00+05:30,captured,setl_00000002,
pay_260508000088,order_260508001,3410.00,card,68.20,2026-05-08T17:12:00+05:30,captured,setl_00000002,
pay_260508000089,order_260508001,4448.00,upi_apps,88.96,2026-05-08T15:43:00+05:30,captured,setl_00000002,
pay_260508000090,order_260508001,4808.00,upi_apps,96.16,2026-05-08T21:35:00+05:30,captured,setl_00000002,
pay_260508000091,order_260508001,4568.00,wallet,91.36,2026-05-08T08:54:00+05:30,captured,setl_00000002,
pay_260508000092,order_260508001,3292.00,upi_apps,65.84,2026-05-08T22:23:00+05:30,captured,setl_00000002,
pay_260508000093,order_260508001,2165.00,upi_apps,43.30,2026-05-08T08:25:00+05:30,captured,setl_00000002,
pay_260508000094,order_260508001,889.00,upi_apps,17.78,2026-05-08T13:38:00+05:30,captured,setl_00000002,
pay_260508000095,order_260508001,2556.00,upi_apps,51.12,2026-05-08T21:20:00+05:30,captured,setl_00000002,
pay_260508000096,order_260508001,2378.00,upi_apps,47.56,2026-05-08T09:44:00+05:30,captured,setl_00000002,
pay_260509000097,order_260509002,4690.00,upi_apps,93.80,2026-05-09T19:14:00+05:30,captured,setl_00000003,
pay_260509000098,order_260509002,1852.00,card,37.04,2026-05-09T22:05:00+05:30,captured,setl_00000003,
pay_260509000099,order_260509002,4361.00,netbanking,39.24,2026-05-09T19:49:00+05:30,captured,setl_00000003,
pay_260509000100,order_260509002,4828.00,upi_apps,96.56,2026-05-09T22:22:00+05:30,captured,setl_00000003,
pay_260509000101,order_260509002,2506.00,upi_apps,50.12,2026-05-09T13:27:00+05:30,captured,setl_00000003,
pay_260510000102,order_260510003,3964.00,card,79.28,2026-05-10T18:04:00+05:30,captured,setl_00000004,
pay_260510000103,order_260510003,3171.00,card,63.42,2026-05-10T09:14:00+05:30,captured,setl_00000004,
pay_260510000104,order_260510003,1806.00,upi_apps,36.12,2026-05-10T09:05:00+05:30,captured,setl_00000004,
pay_260510000105,order_260510003,1970.00,upi_apps,39.40,2026-05-10T09:24:00+05:30,captured,setl_00000004,
pay_260510000106,order_260510003,1938.00,netbanking,17.44,2026-05-10T22:02:00+05:30,captured,setl_00000004,
pay_260510000107,order_260510003,2254.00,wallet,45.08,2026-05-10T09:37:00+05:30,captured,setl_00000004,
pay_260510000108,order_260510003,1403.00,card,28.06,2026-05-10T15:31:00+05:30,captured,setl_00000004,
pay_260510000109,order_260510003,1337.00,upi_apps,26.74,2026-05-10T13:14:00+05:30,captured,setl_00000004,
pay_260511000110,order_260511004,1008.00,netbanking,9.07,2026-05-11T09:45:00+05:30,captured,setl_00000005,
pay_260511000111,order_260511004,4917.00,netbanking,44.25,2026-05-11T15:22:00+05:30,captured,setl_00000005,
pay_260511000112,order_260511004,2594.00,card,51.88,2026-05-11T16:52:00+05:30,captured,setl_00000005,
pay_260511000113,order_260511004,4747.00,card,94.94,2026-05-11T22:21:00+05:30,captured,setl_00000005,
pay_260511000114,order_260511004,3576.00,upi_apps,71.52,2026-05-11T21:25:00+05:30,captured,setl_00000005,
pay_260511000115,order_260511004,3851.00,wallet,77.02,2026-05-11T22:12:00+05:30,captured,setl_00000005,
pay_260511000116,order_260511004,2544.00,upi_apps,50.88,2026-05-11T21:03:00+05:30,captured,setl_00000005,
pay_260511000117,order_260511004,3646.00,upi_apps,72.92,2026-05-11T09:49:00+05:30,captured,setl_00000005,
pay_260511000118,order_260511004,1229.00,upi_apps,24.58,2026-05-11T10:19:00+05:30,captured,setl_00000005,
pay_260511000119,order_260511004,3133.00,netbanking,28.19,2026-05-11T08:25:00+05:30,captured,setl_00000005,
pay_260511000120,order_260511004,3937.00,netbanking,35.43,2026-05-11T19:57:00+05:30,captured,setl_00000005,
pay_260511000121,order_260511004,5317.00,card,106.34,2026-05-11T17:47:00+05:30,captured,setl_00000005,
pay_260511000122,order_260511004,1279.00,upi_apps,25.58,2026-05-11T09:24:00+05:30,captured,setl_00000005,
pay_260511000123,order_260511004,1179.00,wallet,23.58,2026-05-11T12:08:00+05:30,captured,setl_00000005,
pay_260511000124,order_260511004,2096.00,card,41.92,2026-05-11T16:44:00+05:30,captured,setl_00000005,
pay_260511000125,order_260511004,2996.00,upi_apps,59.92,2026-05-11T08:10:00+05:30,captured,setl_00000005,
pay_260511000126,order_260511004,1917.00,card,38.34,2026-05-11T15:32:00+05:30,captured,setl_00000005,
pay_260511000127,order_260511004,1686.00,netbanking,15.17,2026-05-11T09:13:00+05:30,captured,setl_00000005,
pay_260511000128,order_260511004,1512.00,upi_apps,30.24,2026-05-11T16:08:00+05:30,captured,setl_00000005,
pay_260511000129,order_260511004,5152.00,upi_apps,103.04,2026-05-11T15:04:00+05:30,captured,setl_00000005,
pay_260511000130,order_260511004,2909.00,card,58.18,2026-05-11T20:23:00+05:30,captured,setl_00000005,
pay_260511000131,order_260511004,4775.00,card,95.50,2026-05-11T08:56:00+05:30,captured,setl_00000005,
pay_260511000132,order_260511004,3289.00,wallet,65.78,2026-05-11T21:41:00+05:30,captured,setl_00000005,
pay_260511000133,order_260511004,741.00,netbanking,6.66,2026-05-11T15:08:00+05:30,captured,setl_00000005,
pay_260511000134,order_260511004,1798.00,card,35.96,2026-05-11T10:41:00+05:30,captured,setl_00000005,
pay_260511000135,order_260511004,3987.00,card,79.74,2026-05-11T18:19:00+05:30,captured,setl_00000005,
pay_260511000136,order_260511004,2186.00,card,43.72,2026-05-11T09:37:00+05:30,captured,setl_00000005,
pay_260511000137,order_260511004,526.00,card,10.52,2026-05-11T09:18:00+05:30,captured,setl_00000005,
pay_260511000138,order_260511004,2485.00,card,49.70,2026-05-11T15:45:00+05:30,captured,setl_00000005,
pay_260511000139,order_260511004,1862.00,upi_apps,37.24,2026-05-11T22:53:00+05:30,captured,setl_00000005,
pay_260511000140,order_260511004,1296.00,wallet,25.92,2026-05-11T11:44:00+05:30,captured,setl_00000005,
pay_260511000141,order_260511004,1971.00,wallet,39.42,2026-05-11T15:47:00+05:30,captured,setl_00000005,
pay_260511000142,order_260511004,2470.00,upi_apps,49.40,2026-05-11T22:15:00+05:30,captured,setl_00000005,
pay_260511000143,order_260511004,1454.00,upi_apps,29.08,2026-05-11T08:22:00+05:30,captured,setl_00000005,
pay_260511000144,order_260511004,5177.00,card,103.54,2026-05-11T10:51:00+05:30,captured,setl_00000005,
pay_260511000145,order_260511004,3540.00,upi_apps,70.80,2026-05-11T22:27:00+05:30,captured,setl_00000005,
pay_260511000146,order_260511004,965.00,upi_apps,19.30,2026-05-11T13:18:00+05:30,captured,setl_00000005,
pay_260511000147,order_260511004,1514.00,card,30.28,2026-05-11T21:57:00+05:30,captured,setl_00000005,
pay_260511000148,order_260511004,1018.00,card,20.36,2026-05-11T09:46:00+05:30,captured,setl_00000005,
pay_260511000149,order_260511004,5063.00,netbanking,45.56,2026-05-11T13:09:00+05:30,captured,setl_00000005,
pay_260512000150,order_260512005,3849.00,card,76.98,2026-05-12T14:24:00+05:30,captured,setl_00000006,
pay_260512000151,order_260512005,2575.00,netbanking,23.17,2026-05-12T15:09:00+05:30,captured,setl_00000006,
pay_260512000152,order_260512005,2070.00,upi_apps,41.40,2026-05-12T13:49:00+05:30,captured,setl_00000006,
pay_260512000153,order_260512005,3235.00,upi_apps,64.70,2026-05-12T22:33:00+05:30,captured,setl_00000006,
pay_260512000154,order_260512005,4582.00,upi_apps,91.64,2026-05-12T13:16:00+05:30,captured,setl_00000006,
pay_260512000155,order_260512005,2398.00,card,47.96,2026-05-12T17:44:00+05:30,captured,setl_00000006,
pay_260512000156,order_260512005,4487.00,card,89.74,2026-05-12T12:51:00+05:30,captured,setl_00000006,
pay_260512000157,order_260512005,4479.00,card,89.58,2026-05-12T13:14:00+05:30,captured,setl_00000006,
pay_260512000158,order_260512005,3336.00,upi_apps,66.72,2026-05-12T21:15:00+05:30,captured,setl_00000006,
pay_260512000159,order_260512005,2868.00,card,57.36,2026-05-12T17:17:00+05:30,captured,setl_00000006,
pay_260512000160,order_260512005,4265.00,upi_apps,85.30,2026-05-12T16:44:00+05:30,captured,setl_00000006,
pay_260512000161,order_260512005,1932.00,wallet,38.64,2026-05-12T09:39:00+05:30,captured,setl_00000006,
pay_260512000162,order_260512005,2834.00,wallet,56.68,2026-05-12T13:58:00+05:30,captured,setl_00000006,
pay_260512000163,order_260512005,3406.00,card,68.12,2026-05-12T11:12:00+05:30,captured,setl_00000006,
pay_260512000164,order_260512005,5325.00,netbanking,47.92,2026-05-12T09:04:00+05:30,captured,setl_00000006,
pay_260512000165,order_260512005,5302.00,upi_apps,106.04,2026-05-12T18:56:00+05:30,captured,setl_00000006,
pay_260512000166,order_260512005,4057.00,upi_apps,81.14,2026-05-12T20:21:00+05:30,captured,setl_00000006,
pay_260512000167,order_260512005,594.00,card,11.88,2026-05-12T12:20:00+05:30,captured,setl_00000006,
pay_260512000168,order_260512005,2291.00,upi_apps,45.82,2026-05-12T12:31:00+05:30,captured,setl_00000006,
pay_260512000169,order_260512005,4332.00,card,86.64,2026-05-12T11:56:00+05:30,captured,setl_00000006,
pay_260512000170,order_260512005,4807.00,upi_apps,96.14,2026-05-12T16:04:00+05:30,captured,setl_00000006,
pay_260512000171,order_260512005,1682.00,card,33.64,2026-05-12T14:18:00+05:30,captured,setl_00000006,
pay_260512000172,order_260512005,2006.00,netbanking,18.05,2026-05-12T16:33:00+05:30,captured,setl_00000006,
pay_260512000173,order_260512005,1369.00,netbanking,12.32,2026-05-12T14:48:00+05:30,captured,setl_00000006,
pay_260512000174,order_260512005,3953.00,card,79.06,2026-05-12T17:49:00+05:30,captured,setl_00000006,
pay_260512000175,order_260512005,1163.00,netbanking,10.46,2026-05-12T21:41:00+05:30,captured,setl_00000006,
pay_260512000176,order_260512005,1424.00,card,28.48,2026-05-12T15:25:00+05:30,captured,setl_00000006,
pay_260512000177,order_260512005,4637.00,upi_apps,92.74,2026-05-12T18:26:00+05:30,captured,setl_00000006,
pay_260512000178,order_260512005,2450.00,card,49.00,2026-05-12T19:48:00+05:30,captured,setl_00000006,
pay_260512000179,order_260512005,3310.00,card,66.20,2026-05-12T10:15:00+05:30,captured,setl_00000006,
pay_260512000180,order_260512005,3841.00,netbanking,34.56,2026-05-12T13:09:00+05:30,captured,setl_00000006,
pay_260512000181,order_260512005,4404.00,netbanking,39.63,2026-05-12T22:18:00+05:30,captured,setl_00000006,
pay_260512000182,order_260512005,1886.00,upi_apps,37.72,2026-05-12T08:18:00+05:30,captured,setl_00000006,
pay_260512000183,order_260512005,2512.00,upi_apps,50.24,2026-05-12T18:15:00+05:30,captured,setl_00000006,
pay_260512000184,order_260512005,3592.00,netbanking,32.32,2026-05-12T17:13:00+05:30,captured,setl_00000006,
pay_260512000185,order_260512005,5246.00,upi_apps,104.92,2026-05-12T22:31:00+05:30,captured,setl_00000006,
pay_260512000186,order_260512005,3243.00,upi_apps,64.86,2026-05-12T10:46:00+05:30,captured,setl_00000006,
pay_260512000187,order_260512005,3518.00,card,70.36,2026-05-12T11:55:00+05:30,captured,setl_00000006,
pay_260512000188,order_260512005,952.00,upi_apps,19.04,2026-05-12T18:10:00+05:30,captured,setl_00000006,
pay_260512000189,order_260512005,1377.00,upi_apps,27.54,2026-05-12T22:07:00+05:30,captured,setl_00000006,
pay_260512000190,order_260512005,1981.00,upi_apps,39.62,2026-05-12T19:38:00+05:30,captured,setl_00000006,
pay_260512000191,order_260512005,2082.00,upi_apps,41.64,2026-05-12T11:53:00+05:30,captured,setl_00000006,
pay_260512000192,order_260512005,556.00,upi_apps,11.12,2026-05-12T18:59:00+05:30,captured,setl_00000006,
pay_260512000193,order_260512005,2602.00,upi_apps,52.04,2026-05-12T10:29:00+05:30,captured,setl_00000006,
pay_260512000194,order_260512005,4603.00,card,92.06,2026-05-12T13:13:00+05:30,captured,setl_00000006,
pay_260512000195,order_260512005,3664.00,upi_apps,73.28,2026-05-12T19:28:00+05:30,captured,setl_00000006,
pay_260513000196,order_260513006,1193.00,upi_apps,23.86,2026-05-13T09:04:00+05:30,captured,setl_00000007,
pay_260513000197,order_260513006,1570.00,upi_apps,31.40,2026-05-13T16:52:00+05:30,captured,setl_00000007,
pay_260513000198,order_260513006,1258.00,upi_apps,25.16,2026-05-13T13:07:00+05:30,captured,setl_00000007,
pay_260513000199,order_260513006,1954.00,netbanking,17.58,2026-05-13T14:24:00+05:30,captured,setl_00000007,
pay_260513000200,order_260513006,2203.00,card,44.06,2026-05-13T22:33:00+05:30,captured,setl_00000007,
pay_260513000201,order_260513006,4375.00,upi_apps,87.50,2026-05-13T20:20:00+05:30,captured,setl_00000007,
pay_260513000202,order_260513006,2459.00,card,49.18,2026-05-13T09:35:00+05:30,captured,setl_00000007,
pay_260513000203,order_260513006,4307.00,upi_apps,86.14,2026-05-13T16:49:00+05:30,captured,setl_00000007,
pay_260513000204,order_260513006,488.00,upi_apps,9.76,2026-05-13T14:03:00+05:30,captured,setl_00000007,
pay_260513000205,order_260513006,1215.00,upi_apps,24.30,2026-05-13T13:12:00+05:30,captured,setl_00000007,
pay_260513000206,order_260513006,4161.00,netbanking,37.44,2026-05-13T18:49:00+05:30,captured,setl_00000007,
pay_260513000207,order_260513006,1033.00,upi_apps,20.66,2026-05-13T17:46:00+05:30,captured,setl_00000007,
pay_260513000208,order_260513006,700.00,netbanking,6.30,2026-05-13T20:31:00+05:30,captured,setl_00000007,
pay_260513000209,order_260513006,2624.00,upi_apps,52.48,2026-05-13T11:15:00+05:30,captured,setl_00000007,
pay_260513000210,order_260513006,3705.00,wallet,74.10,2026-05-13T08:29:00+05:30,captured,setl_00000007,
pay_260513000211,order_260513006,4913.00,card,98.26,2026-05-13T15:59:00+05:30,captured,setl_00000007,
pay_260513000212,order_260513006,5078.00,netbanking,45.70,2026-05-13T21:03:00+05:30,captured,setl_00000007,
pay_260513000213,order_260513006,2684.00,card,53.68,2026-05-13T10:15:00+05:30,captured,setl_00000007,
pay_260513000214,order_260513006,1649.00,netbanking,14.84,2026-05-13T17:23:00+05:30,captured,setl_00000007,
pay_260513000215,order_260513006,4425.00,upi_apps,88.50,2026-05-13T09:50:00+05:30,captured,setl_00000007,
pay_260513000216,order_260513006,2420.00,upi_apps,48.40,2026-05-13T12:13:00+05:30,captured,setl_00000007,
pay_260513000217,order_260513006,1994.00,netbanking,17.94,2026-05-13T15:11:00+05:30,captured,setl_00000007,
pay_260513000218,order_260513006,3613.00,card,72.26,2026-05-13T20:11:00+05:30,captured,setl_00000007,
pay_260513000219,order_260513006,2459.00,card,49.18,2026-05-13T11:31:00+05:30,captured,setl_00000007,
pay_260513000220,order_260513006,5166.00,upi_apps,103.32,2026-05-13T14:57:00+05:30,captured,setl_00000007,
pay_260513000221,order_260513006,4841.00,card,96.82,2026-05-13T15:25:00+05:30,captured,setl_00000007,
pay_260513000222,order_260513006,4076.00,upi_apps,81.52,2026-05-13T14:00:00+05:30,captured,setl_00000007,
pay_260513000223,order_260513006,4879.00,upi_apps,97.58,2026-05-13T21:02:00+05:30,captured,setl_00000007,
pay_260513000224,order_260513006,1247.00,upi_apps,24.94,2026-05-13T20:37:00+05:30,captured,setl_00000007,
pay_260513000225,order_260513006,3387.00,upi_apps,67.74,2026-05-13T10:19:00+05:30,captured,setl_00000007,
pay_260513000226,order_260513006,4728.00,upi_apps,94.56,2026-05-13T11:28:00+05:30,captured,setl_00000007,
pay_260513000227,order_260513006,3347.00,upi_apps,66.94,2026-05-13T15:37:00+05:30,captured,setl_00000007,
pay_260513000228,order_260513006,3298.00,card,65.96,2026-05-13T10:04:00+05:30,captured,setl_00000007,
pay_260513000229,order_260513006,3163.00,upi_apps,63.26,2026-05-13T21:05:00+05:30,captured,setl_00000007,
pay_260513000230,order_260513006,1430.00,card,28.60,2026-05-13T10:36:00+05:30,captured,setl_00000007,
pay_260513000231,order_260513006,3177.00,upi_apps,63.54,2026-05-13T20:14:00+05:30,captured,setl_00000007,
pay_260513000232,order_260513006,1274.00,wallet,25.48,2026-05-13T21:04:00+05:30,captured,setl_00000007,
pay_260513000233,order_260513006,5379.00,upi_apps,107.58,2026-05-13T10:01:00+05:30,captured,setl_00000007,
pay_260513000234,order_260513006,3804.00,upi_apps,76.08,2026-05-13T19:18:00+05:30,captured,setl_00000007,
pay_260513000235,order_260513006,2540.00,card,50.80,2026-05-13T18:48:00+05:30,captured,setl_00000007,
pay_260513000236,order_260513006,1282.00,upi_apps,25.64,2026-05-13T12:06:00+05:30,captured,setl_00000007,
pay_260513000237,order_260513006,1334.00,wallet,26.68,2026-05-13T10:30:00+05:30,captured,setl_00000007,
pay_260513000238,order_260513006,3512.00,wallet,70.24,2026-05-13T18:32:00+05:30,captured,setl_00000007,
pay_260513000239,order_260513006,2120.00,card,42.40,2026-05-13T17:40:00+05:30,captured,setl_00000007,
pay_260513000240,order_260513006,1998.00,upi_apps,39.96,2026-05-13T11:39:00+05:30,captured,setl_00000007,
pay_260513000241,order_260513006,4685.00,card,93.70,2026-05-13T17:44:00+05:30,captured,setl_00000007,
pay_260513000242,order_260513006,1481.00,wallet,29.62,2026-05-13T17:52:00+05:30,captured,setl_00000007,
pay_260513000243,order_260513006,617.00,upi_apps,12.34,2026-05-13T22:58:00+05:30,captured,setl_00000007,
pay_260513000244,order_260513006,2964.00,card,59.28,2026-05-13T09:23:00+05:30,captured,setl_00000007,
pay_260513000245,order_260513006,1086.00,card,21.72,2026-05-13T08:43:00+05:30,captured,setl_00000007,
pay_260513000246,order_260513006,3754.00,upi_apps,75.08,2026-05-13T19:05:00+05:30,captured,setl_00000007,
pay_260514000247,order_260514007,2132.00,upi_apps,42.64,2026-05-14T16:55:00+05:30,captured,setl_00000008,
pay_260514000248,order_260514007,2840.00,netbanking,25.56,2026-05-14T16:53:00+05:30,captured,setl_00000008,
pay_260514000249,order_260514007,4092.00,upi_apps,81.84,2026-05-14T18:51:00+05:30,captured,setl_00000008,
pay_260514000250,order_260514007,3351.00,card,67.02,2026-05-14T12:41:00+05:30,captured,setl_00000008,
pay_260514000251,order_260514007,837.00,upi_apps,16.74,2026-05-14T11:54:00+05:30,captured,setl_00000008,
pay_260514000252,order_260514007,5132.00,upi_apps,102.64,2026-05-14T15:49:00+05:30,captured,setl_00000008,
pay_260514000253,order_260514007,531.00,card,10.62,2026-05-14T21:33:00+05:30,captured,setl_00000008,
pay_260514000254,order_260514007,2221.00,card,44.42,2026-05-14T09:59:00+05:30,captured,setl_00000008,
pay_260514000255,order_260514007,2747.00,upi_apps,54.94,2026-05-14T12:34:00+05:30,captured,setl_00000008,
pay_260514000256,order_260514007,4059.00,upi_apps,81.18,2026-05-14T13:48:00+05:30,captured,setl_00000008,
pay_260514000257,order_260514007,2070.00,wallet,41.40,2026-05-14T14:05:00+05:30,captured,setl_00000008,
pay_260514000258,order_260514007,2597.00,card,51.94,2026-05-14T11:43:00+05:30,captured,setl_00000008,
pay_260514000259,order_260514007,2341.00,upi_apps,46.82,2026-05-14T13:26:00+05:30,captured,setl_00000008,
pay_260514000260,order_260514007,1001.00,netbanking,9.00,2026-05-14T09:20:00+05:30,captured,setl_00000008,
pay_260514000261,order_260514007,3415.00,upi_apps,68.30,2026-05-14T15:36:00+05:30,captured,setl_00000008,
pay_260514000262,order_260514007,3564.00,wallet,71.28,2026-05-14T13:36:00+05:30,captured,setl_00000008,
pay_260514000263,order_260514007,857.00,upi_apps,17.14,2026-05-14T14:05:00+05:30,captured,setl_00000008,
pay_260514000264,order_260514007,1232.00,card,24.64,2026-05-14T18:00:00+05:30,captured,setl_00000008,
pay_260514000265,order_260514007,3184.00,card,63.68,2026-05-14T09:39:00+05:30,captured,setl_00000008,
pay_260514000266,order_260514007,1584.00,netbanking,14.25,2026-05-14T08:35:00+05:30,captured,setl_00000008,
pay_260514000267,order_260514007,2687.00,card,53.74,2026-05-14T14:03:00+05:30,captured,setl_00000008,
pay_260514000268,order_260514007,2567.00,wallet,51.34,2026-05-14T18:20:00+05:30,captured,setl_00000008,
pay_260514000269,order_260514007,4219.00,wallet,84.38,2026-05-14T14:51:00+05:30,captured,setl_00000008,
pay_260514000270,order_260514007,5343.00,netbanking,48.08,2026-05-14T13:02:00+05:30,captured,setl_00000008,
pay_260514000271,order_260514007,4481.00,wallet,89.62,2026-05-14T22:16:00+05:30,captured,setl_00000008,
pay_260514000272,order_260514007,2441.00,wallet,48.82,2026-05-14T12:38:00+05:30,captured,setl_00000008,
pay_260514000273,order_260514007,1819.00,upi_apps,36.38,2026-05-14T20:53:00+05:30,captured,setl_00000008,
pay_260514000274,order_260514007,596.00,wallet,11.92,2026-05-14T22:55:00+05:30,captured,setl_00000008,
pay_260514000275,order_260514007,1780.00,card,35.60,2026-05-14T20:26:00+05:30,captured,setl_00000008,
pay_260514000276,order_260514007,1913.00,upi_apps,38.26,2026-05-14T10:57:00+05:30,captured,setl_00000008,
pay_260514000277,order_260514007,2283.00,upi_apps,45.66,2026-05-14T22:10:00+05:30,captured,setl_00000008,
pay_260514000278,order_260514007,1820.00,upi_apps,36.40,2026-05-14T16:47:00+05:30,captured,setl_00000008,
pay_260514000279,order_260514007,2359.00,upi_apps,47.18,2026-05-14T20:07:00+05:30,captured,setl_00000008,
pay_260514000280,order_260514007,1094.00,card,21.88,2026-05-14T19:32:00+05:30,captured,setl_00000008,
pay_260514000281,order_260514007,1531.00,netbanking,13.77,2026-05-14T14:49:00+05:30,captured,setl_00000008,
pay_260515000282,order_260515008,3427.00,card,68.54,2026-05-15T10:26:00+05:30,captured,setl_00000009,
pay_260515000283,order_260515008,4698.00,netbanking,42.28,2026-05-15T11:54:00+05:30,captured,setl_00000009,
pay_260515000284,order_260515008,5036.00,upi_apps,100.72,2026-05-15T15:11:00+05:30,captured,setl_00000009,
pay_260515000285,order_260515008,1991.00,netbanking,17.91,2026-05-15T12:15:00+05:30,captured,setl_00000009,
pay_260515000286,order_260515008,3096.00,upi_apps,61.92,2026-05-15T09:08:00+05:30,captured,setl_00000009,
pay_260515000287,order_260515008,2959.00,card,59.18,2026-05-15T11:34:00+05:30,captured,setl_00000009,
pay_260515000288,order_260515008,3095.00,card,61.90,2026-05-15T14:23:00+05:30,captured,setl_00000009,
pay_260515000289,order_260515008,1476.00,upi_apps,29.52,2026-05-15T08:32:00+05:30,captured,setl_00000009,
pay_260515000290,order_260515008,4547.00,upi_apps,90.94,2026-05-15T20:43:00+05:30,captured,setl_00000009,
pay_260515000291,order_260515008,4248.00,card,84.96,2026-05-15T15:39:00+05:30,captured,setl_00000009,
pay_260515000292,order_260515008,2530.00,card,50.60,2026-05-15T10:03:00+05:30,captured,setl_00000009,
pay_260515000293,order_260515008,789.00,upi_apps,15.78,2026-05-15T18:27:00+05:30,captured,setl_00000009,
pay_260515000294,order_260515008,1174.00,wallet,23.48,2026-05-15T11:47:00+05:30,captured,setl_00000009,
pay_260515000295,order_260515008,1567.00,upi_apps,31.34,2026-05-15T22:10:00+05:30,captured,setl_00000009,
pay_260515000296,order_260515008,5262.00,card,105.24,2026-05-15T21:31:00+05:30,captured,setl_00000009,
pay_260515000297,order_260515008,995.00,upi_apps,19.90,2026-05-15T16:44:00+05:30,captured,setl_00000009,
pay_260515000298,order_260515008,4430.00,card,88.60,2026-05-15T12:29:00+05:30,captured,setl_00000009,
pay_260515000299,order_260515008,4180.00,card,83.60,2026-05-15T12:46:00+05:30,captured,setl_00000009,
pay_260515000300,order_260515008,1581.00,card,31.62,2026-05-15T12:59:00+05:30,captured,setl_00000009,
pay_260515000301,order_260515008,4534.00,card,90.68,2026-05-15T18:07:00+05:30,captured,setl_00000009,
pay_260515000302,order_260515008,2602.00,upi_apps,52.04,2026-05-15T19:52:00+05:30,captured,setl_00000009,
pay_260515000303,order_260515008,1962.00,upi_apps,39.24,2026-05-15T15:20:00+05:30,captured,setl_00000009,
pay_260515000304,order_260515008,4767.00,wallet,95.34,2026-05-15T22:48:00+05:30,captured,setl_00000009,
pay_260515000305,order_260515008,489.00,upi_apps,9.78,2026-05-15T15:02:00+05:30,captured,setl_00000009,
pay_260515000306,order_260515008,2676.00,upi_apps,53.52,2026-05-15T14:54:00+05:30,captured,setl_00000009,
pay_260515000307,order_260515008,3091.00,upi_apps,61.82,2026-05-15T20:03:00+05:30,captured,setl_00000009,
pay_260515000308,order_260515008,510.00,card,10.20,2026-05-15T20:29:00+05:30,captured,setl_00000009,
pay_260515000309,order_260515008,5277.00,upi_apps,105.54,2026-05-15T13:36:00+05:30,captured,setl_00000009,
pay_260515000310,order_260515008,2587.00,upi_apps,51.74,2026-05-15T12:47:00+05:30,captured,setl_00000009,
pay_260515000311,order_260515008,4549.00,upi_apps,90.98,2026-05-15T08:31:00+05:30,captured,setl_00000009,
pay_260515000312,order_260515008,920.00,wallet,18.40,2026-05-15T08:48:00+05:30,captured,setl_00000009,
pay_260515000313,order_260515008,2913.00,upi_apps,58.26,2026-05-15T16:49:00+05:30,captured,setl_00000009,
pay_260515000314,order_260515008,2149.00,upi_apps,42.98,2026-05-15T14:11:00+05:30,captured,setl_00000009,
pay_260515000315,order_260515008,4087.00,card,81.74,2026-05-15T17:41:00+05:30,captured,setl_00000009,
pay_260515000316,order_260515008,5061.00,upi_apps,101.22,2026-05-15T10:56:00+05:30,captured,setl_00000009,
pay_260515000317,order_260515008,2815.00,card,56.30,2026-05-15T13:12:00+05:30,captured,setl_00000009,
pay_260515000318,order_260515008,549.00,card,10.98,2026-05-15T15:08:00+05:30,captured,setl_00000009,
pay_260515000319,order_260515008,3596.00,card,71.92,2026-05-15T12:33:00+05:30,captured,setl_00000009,
pay_260515000320,order_260515008,5238.00,wallet,104.76,2026-05-15T08:11:00+05:30,captured,setl_00000009,
pay_260515000321,order_260515008,1333.00,upi_apps,26.66,2026-05-15T20:00:00+05:30,captured,setl_00000009,
pay_260515000322,order_260515008,3734.00,upi_apps,74.68,2026-05-15T11:33:00+05:30,captured,setl_00000009,
pay_260515000323,order_260515008,5036.00,netbanking,45.32,2026-05-15T22:07:00+05:30,captured,setl_00000009,
pay_260515000324,order_260515008,1374.00,upi_apps,27.48,2026-05-15T17:09:00+05:30,captured,setl_00000009,
pay_260515000325,order_260515008,790.00,upi_apps,15.80,2026-05-15T22:15:00+05:30,captured,setl_00000009,
pay_260515000326,order_260515008,2452.00,card,49.04,2026-05-15T20:33:00+05:30,captured,setl_00000009,
pay_260515000327,order_260515008,1890.00,upi_apps,37.80,2026-05-15T22:16:00+05:30,captured,setl_00000009,
pay_260515000328,order_260515008,1108.00,upi_apps,22.16,2026-05-15T10:12:00+05:30,captured,setl_00000009,
pay_260516000329,order_260516009,793.00,wallet,15.86,2026-05-16T22:02:00+05:30,captured,setl_00000010,
pay_260516000330,order_260516009,1564.00,upi_apps,31.28,2026-05-16T12:22:00+05:30,captured,setl_00000010,
pay_260516000331,order_260516009,4516.00,wallet,90.32,2026-05-16T16:45:00+05:30,captured,setl_00000010,
pay_260516000332,order_260516009,1058.00,netbanking,9.52,2026-05-16T18:02:00+05:30,captured,setl_00000010,
pay_260516000333,order_260516009,985.00,card,19.70,2026-05-16T16:07:00+05:30,captured,setl_00000010,
pay_260516000334,order_260516009,3191.00,netbanking,28.71,2026-05-16T09:25:00+05:30,captured,setl_00000010,
pay_260516000335,order_260516009,1299.00,upi_apps,25.98,2026-05-16T11:52:00+05:30,captured,setl_00000010,
pay_260517000336,order_260517010,3693.00,upi_apps,73.86,2026-05-17T21:37:00+05:30,captured,setl_00000011,
pay_260517000337,order_260517010,2145.00,upi_apps,42.90,2026-05-17T20:55:00+05:30,captured,setl_00000011,
pay_260517000338,order_260517010,4690.00,wallet,93.80,2026-05-17T15:54:00+05:30,captured,setl_00000011,
pay_260517000339,order_260517010,5329.00,netbanking,47.96,2026-05-17T21:19:00+05:30,captured,setl_00000011,
pay_260517000340,order_260517010,3179.00,upi_apps,63.58,2026-05-17T17:19:00+05:30,captured,setl_00000011,
pay_260517000341,order_260517010,2207.00,wallet,44.14,2026-05-17T19:08:00+05:30,captured,setl_00000011,
pay_260517000342,order_260517010,2227.00,upi_apps,44.54,2026-05-17T08:14:00+05:30,captured,setl_00000011,
pay_260517000343,order_260517010,3250.00,card,65.00,2026-05-17T20:50:00+05:30,captured,setl_00000011,
pay_260517000344,order_260517010,1231.00,card,24.62,2026-05-17T16:33:00+05:30,captured,setl_00000011,
pay_260518000345,order_260518011,1920.00,upi_apps,38.40,2026-05-18T13:42:00+05:30,captured,setl_00000012,
pay_260518000346,order_260518011,1530.00,netbanking,13.77,2026-05-18T15:04:00+05:30,captured,setl_00000012,
pay_260518000347,order_260518011,457.00,card,9.14,2026-05-18T10:56:00+05:30,captured,setl_00000012,
pay_260518000348,order_260518011,2475.00,card,49.50,2026-05-18T21:11:00+05:30,captured,setl_00000012,
pay_260518000349,order_260518011,2980.00,upi_apps,59.60,2026-05-18T11:55:00+05:30,captured,setl_00000012,
pay_260518000350,order_260518011,2079.00,card,41.58,2026-05-18T09:14:00+05:30,captured,setl_00000012,
pay_260518000351,order_260518011,621.00,wallet,12.42,2026-05-18T10:25:00+05:30,captured,setl_00000012,
pay_260518000352,order_260518011,603.00,upi_apps,12.06,2026-05-18T18:43:00+05:30,captured,setl_00000012,
pay_260518000353,order_260518011,2273.00,upi_apps,45.46,2026-05-18T22:26:00+05:30,captured,setl_00000012,
pay_260518000354,order_260518011,5181.00,card,103.62,2026-05-18T15:03:00+05:30,captured,setl_00000012,
pay_260518000355,order_260518011,4059.00,upi_apps,81.18,2026-05-18T10:24:00+05:30,captured,setl_00000012,
pay_260518000356,order_260518011,4439.00,netbanking,39.95,2026-05-18T10:31:00+05:30,captured,setl_00000012,
pay_260518000357,order_260518011,5111.00,netbanking,45.99,2026-05-18T14:44:00+05:30,captured,setl_00000012,
pay_260518000358,order_260518011,595.00,netbanking,5.35,2026-05-18T22:52:00+05:30,captured,setl_00000012,
pay_260518000359,order_260518011,1610.00,netbanking,14.49,2026-05-18T13:18:00+05:30,captured,setl_00000012,
pay_260518000360,order_260518011,1925.00,upi_apps,38.50,2026-05-18T18:15:00+05:30,captured,setl_00000012,
pay_260518000361,order_260518011,1385.00,card,27.70,2026-05-18T22:44:00+05:30,captured,setl_00000012,
pay_260518000362,order_260518011,2251.00,upi_apps,45.02,2026-05-18T22:34:00+05:30,captured,setl_00000012,
pay_260518000363,order_260518011,2868.00,upi_apps,57.36,2026-05-18T13:34:00+05:30,captured,setl_00000012,
pay_260518000364,order_260518011,1127.00,upi_apps,22.54,2026-05-18T08:30:00+05:30,captured,setl_00000012,
pay_260518000365,order_260518011,2756.00,card,55.12,2026-05-18T10:49:00+05:30,captured,setl_00000012,
pay_260518000366,order_260518011,3321.00,upi_apps,66.42,2026-05-18T10:17:00+05:30,captured,setl_00000012,
pay_260518000367,order_260518011,1734.00,upi_apps,34.68,2026-05-18T10:18:00+05:30,captured,setl_00000012,
pay_260518000368,order_260518011,664.00,card,13.28,2026-05-18T22:46:00+05:30,captured,setl_00000012,
pay_260518000369,order_260518011,5069.00,card,101.38,2026-05-18T14:47:00+05:30,captured,setl_00000012,
pay_260518000370,order_260518011,3269.00,upi_apps,65.38,2026-05-18T10:47:00+05:30,captured,setl_00000012,
pay_260518000371,order_260518011,4408.00,upi_apps,88.16,2026-05-18T15:49:00+05:30,captured,setl_00000012,
pay_260518000372,order_260518011,4729.00,upi_apps,94.58,2026-05-18T16:08:00+05:30,captured,setl_00000012,
pay_260518000373,order_260518011,1798.00,card,35.96,2026-05-18T18:00:00+05:30,captured,setl_00000012,
pay_260518000374,order_260518011,4249.00,card,84.98,2026-05-18T10:55:00+05:30,captured,setl_00000012,
pay_260518000375,order_260518011,2843.00,upi_apps,56.86,2026-05-18T18:51:00+05:30,captured,setl_00000012,
pay_260519000376,order_260519012,1494.00,netbanking,13.44,2026-05-19T14:20:00+05:30,captured,setl_00000013,
pay_260519000377,order_260519012,5094.00,card,101.88,2026-05-19T12:11:00+05:30,captured,setl_00000013,
pay_260519000378,order_260519012,3265.00,upi_apps,65.30,2026-05-19T14:17:00+05:30,captured,setl_00000013,
pay_260519000379,order_260519012,4265.00,upi_apps,85.30,2026-05-19T09:46:00+05:30,captured,setl_00000013,
pay_260519000380,order_260519012,2250.00,card,45.00,2026-05-19T21:37:00+05:30,captured,setl_00000013,
pay_260519000381,order_260519012,3731.00,upi_apps,74.62,2026-05-19T12:02:00+05:30,captured,setl_00000013,
pay_260519000382,order_260519012,2259.00,card,45.18,2026-05-19T22:38:00+05:30,captured,setl_00000013,
pay_260519000383,order_260519012,1976.00,wallet,39.52,2026-05-19T15:09:00+05:30,captured,setl_00000013,
pay_260519000384,order_260519012,2073.00,upi_apps,41.46,2026-05-19T22:17:00+05:30,captured,setl_00000013,
pay_260519000385,order_260519012,2470.00,netbanking,22.23,2026-05-19T22:31:00+05:30,captured,setl_00000013,
pay_260519000386,order_260519012,4372.00,upi_apps,87.44,2026-05-19T16:07:00+05:30,captured,setl_00000013,
pay_260519000387,order_260519012,1802.00,card,36.04,2026-05-19T10:16:00+05:30,captured,setl_00000013,
pay_260519000388,order_260519012,2492.00,card,49.84,2026-05-19T11:45:00+05:30,captured,setl_00000013,
pay_260519000389,order_260519012,1460.00,upi_apps,29.20,2026-05-19T18:59:00+05:30,captured,setl_00000013,
pay_260519000390,order_260519012,3219.00,card,64.38,2026-05-19T20:51:00+05:30,captured,setl_00000013,
pay_260519000391,order_260519012,3709.00,card,74.18,2026-05-19T15:44:00+05:30,captured,setl_00000013,
pay_260519000392,order_260519012,1112.00,wallet,22.24,2026-05-19T08:05:00+05:30,captured,setl_00000013,
pay_260519000393,order_260519012,3958.00,upi_apps,79.16,2026-05-19T17:51:00+05:30,captured,setl_00000013,
pay_260519000394,order_260519012,3552.00,card,71.04,2026-05-19T20:15:00+05:30,captured,setl_00000013,
pay_260519000395,order_260519012,4255.00,upi_apps,85.10,2026-05-19T17:04:00+05:30,captured,setl_00000013,
pay_260519000396,order_260519012,3371.00,upi_apps,67.42,2026-05-19T10:42:00+05:30,captured,setl_00000013,
pay_260519000397,order_260519012,3175.00,upi_apps,63.50,2026-05-19T19:34:00+05:30,captured,setl_00000013,
pay_260519000398,order_260519012,1512.00,upi_apps,30.24,2026-05-19T13:06:00+05:30,captured,setl_00000013,
pay_260519000399,order_260519012,2790.00,upi_apps,55.80,2026-05-19T20:17:00+05:30,captured,setl_00000013,
pay_260519000400,order_260519012,4167.00,netbanking,37.50,2026-05-19T22:20:00+05:30,captured,setl_00000013,
pay_260519000401,order_260519012,5374.00,wallet,107.48,2026-05-19T08:43:00+05:30,captured,setl_00000013,
pay_260519000402,order_260519012,3340.00,upi_apps,66.80,2026-05-19T08:48:00+05:30,captured,setl_00000013,
pay_260519000403,order_260519012,4148.00,upi_apps,82.96,2026-05-19T11:30:00+05:30,captured,setl_00000013,
pay_260519000404,order_260519012,5141.00,wallet,102.82,2026-05-19T15:46:00+05:30,captured,setl_00000013,
pay_260519000405,order_260519012,4018.00,netbanking,36.16,2026-05-19T11:42:00+05:30,captured,setl_00000013,
pay_260519000406,order_260519012,4496.00,card,89.92,2026-05-19T08:58:00+05:30,captured,setl_00000013,
pay_260519000407,order_260519012,4928.00,wallet,98.56,2026-05-19T17:28:00+05:30,captured,setl_00000013,
pay_260519000408,order_260519012,1692.00,card,33.84,2026-05-19T15:23:00+05:30,captured,setl_00000013,
pay_260519000409,order_260519012,4246.00,upi_apps,84.92,2026-05-19T15:40:00+05:30,captured,setl_00000013,
pay_260519000410,order_260519012,851.00,wallet,17.02,2026-05-19T22:06:00+05:30,captured,setl_00000013,
pay_260519000411,order_260519012,710.00,upi_apps,14.20,2026-05-19T11:57:00+05:30,captured,setl_00000013,
pay_260519000412,order_260519012,4548.00,upi_apps,90.96,2026-05-19T14:34:00+05:30,captured,setl_00000013,
pay_260519000413,order_260519012,1972.00,upi_apps,39.44,2026-05-19T20:08:00+05:30,captured,setl_00000013,
pay_260519000414,order_260519012,4781.00,wallet,95.62,2026-05-19T12:22:00+05:30,captured,setl_00000013,
pay_260519000415,order_260519012,5067.00,netbanking,45.60,2026-05-19T18:57:00+05:30,captured,setl_00000013,
pay_260520000416,order_260520013,5329.00,card,106.58,2026-05-20T16:23:00+05:30,captured,setl_00000014,
pay_260520000417,order_260520013,3580.00,upi_apps,71.60,2026-05-20T19:00:00+05:30,captured,setl_00000014,
pay_260520000418,order_260520013,1503.00,card,30.06,2026-05-20T22:14:00+05:30,captured,setl_00000014,
pay_260520000419,order_260520013,1227.00,card,24.54,2026-05-20T19:51:00+05:30,captured,setl_00000014,
pay_260520000420,order_260520013,4100.00,upi_apps,82.00,2026-05-20T12:22:00+05:30,captured,setl_00000014,
pay_260520000421,order_260520013,1045.00,upi_apps,20.90,2026-05-20T21:27:00+05:30,captured,setl_00000014,
pay_260520000422,order_260520013,4429.00,upi_apps,88.58,2026-05-20T09:19:00+05:30,captured,setl_00000014,
pay_260520000423,order_260520013,2920.00,upi_apps,58.40,2026-05-20T16:39:00+05:30,captured,setl_00000014,
pay_260520000424,order_260520013,2394.00,upi_apps,47.88,2026-05-20T11:36:00+05:30,captured,setl_00000014,
pay_260520000425,order_260520013,1052.00,card,21.04,2026-05-20T12:55:00+05:30,captured,setl_00000014,
pay_260520000426,order_260520013,1529.00,upi_apps,30.58,2026-05-20T10:35:00+05:30,captured,setl_00000014,
pay_260520000427,order_260520013,705.00,upi_apps,14.10,2026-05-20T19:36:00+05:30,captured,setl_00000014,
pay_260520000428,order_260520013,931.00,wallet,18.62,2026-05-20T09:53:00+05:30,captured,setl_00000014,
pay_260520000429,order_260520013,4315.00,card,86.30,2026-05-20T12:14:00+05:30,captured,setl_00000014,
pay_260520000430,order_260520013,3588.00,upi_apps,71.76,2026-05-20T19:11:00+05:30,captured,setl_00000014,
pay_260520000431,order_260520013,848.00,upi_apps,16.96,2026-05-20T12:15:00+05:30,captured,setl_00000014,
pay_260520000432,order_260520013,5365.00,netbanking,48.28,2026-05-20T22:05:00+05:30,captured,setl_00000014,
pay_260520000433,order_260520013,673.00,card,13.46,2026-05-20T11:56:00+05:30,captured,setl_00000014,
pay_260520000434,order_260520013,1075.00,card,21.50,2026-05-20T22:00:00+05:30,captured,setl_00000014,
pay_260520000435,order_260520013,3265.00,upi_apps,65.30,2026-05-20T18:22:00+05:30,captured,setl_00000014,
pay_260520000436,order_260520013,1412.00,card,28.24,2026-05-20T10:40:00+05:30,captured,setl_00000014,
pay_260520000437,order_260520013,2493.00,netbanking,22.43,2026-05-20T20:31:00+05:30,captured,setl_00000014,
pay_260520000438,order_260520013,1155.00,upi_apps,23.10,2026-05-20T18:55:00+05:30,captured,setl_00000014,
pay_260520000439,order_260520013,4740.00,upi_apps,94.80,2026-05-20T08:21:00+05:30,captured,setl_00000014,
pay_260520000440,order_260520013,1252.00,netbanking,11.26,2026-05-20T09:41:00+05:30,captured,setl_00000014,
pay_260520000441,order_260520013,1007.00,upi_apps,20.14,2026-05-20T15:59:00+05:30,captured,setl_00000014,
pay_260520000442,order_260520013,5103.00,netbanking,45.92,2026-05-20T15:02:00+05:30,captured,setl_00000014,
pay_260520000443,order_260520013,5073.00,card,101.46,2026-05-20T22:46:00+05:30,captured,setl_00000014,
pay_260520000444,order_260520013,4020.00,card,80.40,2026-05-20T08:27:00+05:30,captured,setl_00000014,
pay_260520000445,order_260520013,2073.00,upi_apps,41.46,2026-05-20T12:38:00+05:30,captured,setl_00000014,
pay_260520000446,order_260520013,3835.00,upi_apps,76.70,2026-05-20T15:21:00+05:30,captured,setl_00000014,
pay_260520000447,order_260520013,2320.00,upi_apps,46.40,2026-05-20T14:01:00+05:30,captured,setl_00000014,
pay_260520000448,order_260520013,5124.00,card,102.48,2026-05-20T17:25:00+05:30,captured,setl_00000014,
pay_260520000449,order_260520013,4306.00,upi_apps,86.12,2026-05-20T16:57:00+05:30,captured,setl_00000014,
pay_260520000450,order_260520013,1711.00,netbanking,15.39,2026-05-20T13:07:00+05:30,captured,setl_00000014,
pay_260520000451,order_260520013,3661.00,card,73.22,2026-05-20T21:10:00+05:30,captured,setl_00000014,
pay_260520000452,order_260520013,4100.00,card,82.00,2026-05-20T11:43:00+05:30,captured,setl_00000014,
pay_260520000453,order_260520013,1488.00,upi_apps,29.76,2026-05-20T16:30:00+05:30,captured,setl_00000014,
pay_260520000454,order_260520013,4103.00,card,82.06,2026-05-20T17:46:00+05:30,captured,setl_00000014,
pay_260520000455,order_260520013,3778.00,card,75.56,2026-05-20T17:18:00+05:30,captured,setl_00000014,
pay_260520000456,order_260520013,3879.00,netbanking,34.91,2026-05-20T13:28:00+05:30,captured,setl_00000014,
pay_260521000457,order_260521014,4726.00,netbanking,42.53,2026-05-21T08:45:00+05:30,captured,setl_00000015,
pay_260521000458,order_260521014,1578.00,wallet,31.56,2026-05-21T08:12:00+05:30,captured,setl_00000015,
pay_260521000459,order_260521014,5338.00,upi_apps,106.76,2026-05-21T15:08:00+05:30,captured,setl_00000015,
pay_260521000460,order_260521014,5368.00,netbanking,48.31,2026-05-21T09:45:00+05:30,captured,setl_00000015,
pay_260521000461,order_260521014,3137.00,card,62.74,2026-05-21T17:15:00+05:30,captured,setl_00000015,
pay_260521000462,order_260521014,2490.00,upi_apps,49.80,2026-05-21T21:25:00+05:30,captured,setl_00000015,
pay_260521000463,order_260521014,3192.00,card,63.84,2026-05-21T13:50:00+05:30,captured,setl_00000015,
pay_260521000464,order_260521014,1980.00,card,39.60,2026-05-21T20:53:00+05:30,captured,setl_00000015,
pay_260521000465,order_260521014,724.00,card,14.48,2026-05-21T16:15:00+05:30,captured,setl_00000015,
pay_260521000466,order_260521014,1435.00,upi_apps,28.70,2026-05-21T16:35:00+05:30,captured,setl_00000015,
pay_260521000467,order_260521014,4927.00,wallet,98.54,2026-05-21T22:15:00+05:30,captured,setl_00000015,
pay_260521000468,order_260521014,2861.00,card,57.22,2026-05-21T12:23:00+05:30,captured,setl_00000015,
pay_260521000469,order_260521014,5374.00,upi_apps,107.48,2026-05-21T08:41:00+05:30,captured,setl_00000015,
pay_260521000470,order_260521014,3016.00,card,60.32,2026-05-21T08:14:00+05:30,captured,setl_00000015,
pay_260521000471,order_260521014,776.00,upi_apps,15.52,2026-05-21T14:56:00+05:30,captured,setl_00000015,
pay_260521000472,order_260521014,3610.00,card,72.20,2026-05-21T15:58:00+05:30,captured,setl_00000015,
pay_260521000473,order_260521014,4808.00,upi_apps,96.16,2026-05-21T19:06:00+05:30,captured,setl_00000015,
pay_260521000474,order_260521014,4421.00,card,88.42,2026-05-21T15:45:00+05:30,captured,setl_00000015,
pay_260521000475,order_260521014,1536.00,upi_apps,30.72,2026-05-21T12:05:00+05:30,captured,setl_00000015,
pay_260521000476,order_260521014,4958.00,upi_apps,99.16,2026-05-21T13:00:00+05:30,captured,setl_00000015,
pay_260521000477,order_260521014,5383.00,upi_apps,107.66,2026-05-21T19:43:00+05:30,captured,setl_00000015,
pay_260521000478,order_260521014,773.00,card,15.46,2026-05-21T11:46:00+05:30,captured,setl_00000015,
pay_260521000479,order_260521014,2785.00,upi_apps,55.70,2026-05-21T21:23:00+05:30,captured,setl_00000015,
pay_260521000480,order_260521014,3481.00,card,69.62,2026-05-21T12:36:00+05:30,captured,setl_00000015,
pay_260521000481,order_260521014,2267.00,card,45.34,2026-05-21T10:24:00+05:30,captured,setl_00000015,
pay_260521000482,order_260521014,3996.00,upi_apps,79.92,2026-05-21T10:03:00+05:30,captured,setl_00000015,
pay_260521000483,order_260521014,3043.00,upi_apps,60.86,2026-05-21T17:49:00+05:30,captured,setl_00000015,
pay_260521000484,order_260521014,1920.00,card,38.40,2026-05-21T11:50:00+05:30,captured,setl_00000015,
pay_260521000485,order_260521014,972.00,wallet,19.44,2026-05-21T20:32:00+05:30,captured,setl_00000015,
pay_260521000486,order_260521014,3554.00,card,71.08,2026-05-21T20:50:00+05:30,captured,setl_00000015,
pay_260521000487,order_260521014,916.00,netbanking,8.24,2026-05-21T16:50:00+05:30,captured,setl_00000015,
pay_260521000488,order_260521014,1319.00,card,26.38,2026-05-21T15:13:00+05:30,captured,setl_00000015,
pay_260521000489,order_260521014,2338.00,card,46.76,2026-05-21T11:05:00+05:30,captured,setl_00000015,
pay_260521000490,order_260521014,3329.00,upi_apps,66.58,2026-05-21T09:14:00+05:30,captured,setl_00000015,
pay_260521000491,order_260521014,1066.00,upi_apps,21.32,2026-05-21T16:24:00+05:30,captured,setl_00000015,
pay_260521000492,order_260521014,5381.00,netbanking,48.42,2026-05-21T09:13:00+05:30,captured,setl_00000015,
pay_260521000493,order_260521014,3780.00,upi_apps,75.60,2026-05-21T13:31:00+05:30,captured,setl_00000015,
pay_260521000494,order_260521014,4426.00,upi_apps,88.52,2026-05-21T13:33:00+05:30,captured,setl_00000015,
pay_260521000495,order_260521014,2143.00,card,42.86,2026-05-21T14:47:00+05:30,captured,setl_00000015,
pay_260521000496,order_260521014,3398.00,card,67.96,2026-05-21T17:21:00+05:30,captured,setl_00000015,
pay_260521000497,order_260521014,2085.00,netbanking,18.76,2026-05-21T21:04:00+05:30,captured,setl_00000015,
pay_260521000498,order_260521014,2569.00,upi_apps,51.38,2026-05-21T20:00:00+05:30,captured,setl_00000015,
pay_260521000499,order_260521014,2465.00,card,49.30,2026-05-21T20:14:00+05:30,captured,setl_00000015,
pay_260521000500,order_260521014,2653.00,upi_apps,53.06,2026-05-21T11:28:00+05:30,captured,setl_00000015,
pay_260522000501,order_260522015,3374.00,card,67.48,2026-05-22T11:07:00+05:30,captured,setl_00000016,
pay_260522000502,order_260522015,4665.00,upi_apps,93.30,2026-05-22T20:22:00+05:30,captured,setl_00000016,
pay_260522000503,order_260522015,2804.00,card,56.08,2026-05-22T13:51:00+05:30,captured,setl_00000016,
pay_260522000504,order_260522015,3596.00,card,71.92,2026-05-22T14:47:00+05:30,captured,setl_00000016,
pay_260522000505,order_260522015,1478.00,card,29.56,2026-05-22T09:38:00+05:30,captured,setl_00000016,
pay_260522000506,order_260522015,4872.00,card,97.44,2026-05-22T16:39:00+05:30,captured,setl_00000016,
pay_260522000507,order_260522015,4258.00,netbanking,38.32,2026-05-22T21:57:00+05:30,captured,setl_00000016,
pay_260522000508,order_260522015,3991.00,netbanking,35.91,2026-05-22T17:31:00+05:30,captured,setl_00000016,
pay_260522000509,order_260522015,907.00,card,18.14,2026-05-22T20:48:00+05:30,captured,setl_00000016,
pay_260522000510,order_260522015,5258.00,card,105.16,2026-05-22T18:11:00+05:30,captured,setl_00000016,
pay_260522000511,order_260522015,932.00,upi_apps,18.64,2026-05-22T08:21:00+05:30,captured,setl_00000016,
pay_260522000512,order_260522015,4356.00,wallet,87.12,2026-05-22T10:02:00+05:30,captured,setl_00000016,
pay_260522000513,order_260522015,855.00,card,17.10,2026-05-22T22:20:00+05:30,captured,setl_00000016,
pay_260522000514,order_260522015,3677.00,card,73.54,2026-05-22T15:42:00+05:30,captured,setl_00000016,
pay_260522000515,order_260522015,3289.00,upi_apps,65.78,2026-05-22T13:46:00+05:30,captured,setl_00000016,
pay_260522000516,order_260522015,529.00,upi_apps,10.58,2026-05-22T12:58:00+05:30,captured,setl_00000016,
pay_260522000517,order_260522015,3837.00,card,76.74,2026-05-22T14:23:00+05:30,captured,setl_00000016,
pay_260522000518,order_260522015,594.00,card,11.88,2026-05-22T10:46:00+05:30,captured,setl_00000016,
pay_260522000519,order_260522015,4724.00,upi_apps,94.48,2026-05-22T20:38:00+05:30,captured,setl_00000016,
pay_260522000520,order_260522015,1787.00,card,35.74,2026-05-22T10:28:00+05:30,captured,setl_00000016,
pay_260522000521,order_260522015,3046.00,upi_apps,60.92,2026-05-22T11:06:00+05:30,captured,setl_00000016,
pay_260522000522,order_260522015,2919.00,upi_apps,58.38,2026-05-22T18:08:00+05:30,captured,setl_00000016,
pay_260522000523,order_260522015,3228.00,card,64.56,2026-05-22T20:09:00+05:30,captured,setl_00000016,
pay_260522000524,order_260522015,1370.00,card,27.40,2026-05-22T21:51:00+05:30,captured,setl_00000016,
pay_260522000525,order_260522015,4174.00,card,83.48,2026-05-22T10:38:00+05:30,captured,setl_00000016,
pay_260522000526,order_260522015,5136.00,upi_apps,102.72,2026-05-22T13:48:00+05:30,captured,setl_00000016,
pay_260522000527,order_260522015,3211.00,upi_apps,64.22,2026-05-22T08:16:00+05:30,captured,setl_00000016,
pay_260522000528,order_260522015,3818.00,upi_apps,76.36,2026-05-22T13:00:00+05:30,captured,setl_00000016,
pay_260522000529,order_260522015,3115.00,upi_apps,62.30,2026-05-22T18:40:00+05:30,captured,setl_00000016,
pay_260522000530,order_260522015,1109.00,netbanking,9.98,2026-05-22T14:47:00+05:30,captured,setl_00000016,
pay_260522000531,order_260522015,2860.00,netbanking,25.74,2026-05-22T17:30:00+05:30,captured,setl_00000016,
pay_260522000532,order_260522015,2132.00,upi_apps,42.64,2026-05-22T08:13:00+05:30,captured,setl_00000016,
pay_260522000533,order_260522015,913.00,upi_apps,18.26,2026-05-22T10:46:00+05:30,captured,setl_00000016,
pay_260522000534,order_260522015,1406.00,upi_apps,28.12,2026-05-22T21:43:00+05:30,captured,setl_00000016,
pay_260522000535,order_260522015,3772.00,wallet,75.44,2026-05-22T11:06:00+05:30,captured,setl_00000016,
pay_260522000536,order_260522015,2332.00,card,46.64,2026-05-22T18:00:00+05:30,captured,setl_00000016,
pay_260522000537,order_260522015,1717.00,card,34.34,2026-05-22T08:38:00+05:30,captured,setl_00000016,
pay_260522000538,order_260522015,2750.00,upi_apps,55.00,2026-05-22T09:30:00+05:30,captured,setl_00000016,
pay_260522000539,order_260522015,4448.00,netbanking,40.03,2026-05-22T11:02:00+05:30,captured,setl_00000016,
pay_260522000540,order_260522015,5095.00,netbanking,45.85,2026-05-22T19:55:00+05:30,captured,setl_00000016,
pay_260522000541,order_260522015,2677.00,netbanking,24.09,2026-05-22T11:44:00+05:30,captured,setl_00000016,
pay_260522000542,order_260522015,3321.00,card,66.42,2026-05-22T12:44:00+05:30,captured,setl_00000016,
pay_260522000543,order_260522015,750.00,upi_apps,15.00,2026-05-22T20:26:00+05:30,captured,setl_00000016,
pay_260522000544,order_260522015,1306.00,upi_apps,26.12,2026-05-22T15:48:00+05:30,captured,setl_00000016,
pay_260522000545,order_260522015,1480.00,upi_apps,29.60,2026-05-22T20:55:00+05:30,captured,setl_00000016,
pay_260522000546,order_260522015,3024.00,netbanking,27.21,2026-05-22T19:56:00+05:30,captured,setl_00000016,
pay_260522000547,order_260522015,1401.00,upi_apps,28.02,2026-05-22T18:26:00+05:30,captured,setl_00000016,
pay_260522000548,order_260522015,686.00,upi_apps,13.72,2026-05-22T08:02:00+05:30,captured,setl_00000016,
pay_260522000549,order_260522015,4220.00,upi_apps,84.40,2026-05-22T21:58:00+05:30,captured,setl_00000016,
pay_260522000550,order_260522015,1461.00,upi_apps,29.22,2026-05-22T16:57:00+05:30,captured,setl_00000016,
pay_260522000551,order_260522015,1654.00,upi_apps,33.08,2026-05-22T16:14:00+05:30,captured,setl_00000016,
pay_260522000552,order_260522015,5366.00,upi_apps,107.32,2026-05-22T13:11:00+05:30,captured,setl_00000016,
pay_260522000553,order_260522015,2365.00,wallet,47.30,2026-05-22T20:53:00+05:30,captured,setl_00000016,
pay_260522000554,order_260522015,1730.00,upi_apps,34.60,2026-05-22T19:44:00+05:30,captured,setl_00000016,
pay_260522000555,order_260522015,2085.00,upi_apps,41.70,2026-05-22T16:00:00+05:30,captured,setl_00000016,
pay_260522000556,order_260522015,1465.00,card,29.30,2026-05-22T21:15:00+05:30,captured,setl_00000016,
pay_260522000557,order_260522015,3103.00,wallet,62.06,2026-05-22T21:35:00+05:30,captured,setl_00000016,
pay_260523000558,order_260523016,4303.00,card,86.06,2026-05-23T19:15:00+05:30,captured,setl_00000017,
pay_260523000559,order_260523016,3878.00,upi_apps,77.56,2026-05-23T09:09:00+05:30,captured,setl_00000017,
pay_260523000560,order_260523016,4700.00,upi_apps,94.00,2026-05-23T10:22:00+05:30,captured,setl_00000017,
pay_260523000561,order_260523016,4952.00,upi_apps,99.04,2026-05-23T13:12:00+05:30,captured,setl_00000017,
pay_260523000562,order_260523016,886.00,upi_apps,17.72,2026-05-23T08:26:00+05:30,captured,setl_00000017,
pay_260523000563,order_260523016,3697.00,wallet,73.94,2026-05-23T12:03:00+05:30,captured,setl_00000017,
pay_260523000564,order_260523016,3018.00,card,60.36,2026-05-23T09:48:00+05:30,captured,setl_00000017,
pay_260523000565,order_260523016,1980.00,card,39.60,2026-05-23T08:19:00+05:30,captured,setl_00000017,
pay_260523000566,order_260523016,3162.00,card,63.24,2026-05-23T09:21:00+05:30,captured,setl_00000017,
pay_260523000567,order_260523016,4362.00,card,87.24,2026-05-23T12:57:00+05:30,captured,setl_00000017,
pay_260523000568,order_260523016,2776.00,card,55.52,2026-05-23T21:06:00+05:30,captured,setl_00000017,
pay_260523000569,order_260523016,1114.00,card,22.28,2026-05-23T22:06:00+05:30,captured,setl_00000017,
pay_260523000570,order_260523016,2704.00,upi_apps,54.08,2026-05-23T09:59:00+05:30,captured,setl_00000017,
pay_260523000571,order_260523016,5396.00,card,107.92,2026-05-23T10:04:00+05:30,captured,setl_00000017,
pay_260523000572,order_260523016,3382.00,card,67.64,2026-05-23T21:35:00+05:30,captured,setl_00000017,
pay_260523000573,order_260523016,1085.00,card,21.70,2026-05-23T13:18:00+05:30,captured,setl_00000017,
pay_260523000574,order_260523016,3033.00,card,60.66,2026-05-23T21:15:00+05:30,captured,setl_00000017,
pay_260523000575,order_260523016,796.00,upi_apps,15.92,2026-05-23T09:32:00+05:30,captured,setl_00000017,
pay_260525000576,order_260525017,5329.00,card,106.58,2026-05-25T12:41:00+05:30,captured,setl_00000018,
pay_260525000577,order_260525017,3540.00,upi_apps,70.80,2026-05-25T17:05:00+05:30,captured,setl_00000018,
pay_260525000578,order_260525017,2099.00,card,41.98,2026-05-25T22:37:00+05:30,captured,setl_00000018,
pay_260525000579,order_260525017,2585.00,card,51.70,2026-05-25T08:42:00+05:30,captured,setl_00000018,
pay_260525000580,order_260525017,864.00,upi_apps,17.28,2026-05-25T18:50:00+05:30,captured,setl_00000018,
pay_260525000581,order_260525017,2430.00,netbanking,21.87,2026-05-25T16:41:00+05:30,captured,setl_00000018,
pay_260525000582,order_260525017,3234.00,upi_apps,64.68,2026-05-25T21:44:00+05:30,captured,setl_00000018,
pay_260525000583,order_260525017,1802.00,card,36.04,2026-05-25T16:02:00+05:30,captured,setl_00000018,
pay_260525000584,order_260525017,2565.00,upi_apps,51.30,2026-05-25T09:43:00+05:30,captured,setl_00000018,
pay_260525000585,order_260525017,2967.00,upi_apps,59.34,2026-05-25T22:29:00+05:30,captured,setl_00000018,
pay_260525000586,order_260525017,3813.00,upi_apps,76.26,2026-05-25T19:54:00+05:30,captured,setl_00000018,
pay_260525000587,order_260525017,4660.00,wallet,93.20,2026-05-25T15:18:00+05:30,captured,setl_00000018,
pay_260525000588,order_260525017,3735.00,upi_apps,74.70,2026-05-25T19:59:00+05:30,captured,setl_00000018,
pay_260525000589,order_260525017,4719.00,upi_apps,94.38,2026-05-25T19:19:00+05:30,captured,setl_00000018,
pay_260525000590,order_260525017,4113.00,upi_apps,82.26,2026-05-25T17:42:00+05:30,captured,setl_00000018,
pay_260525000591,order_260525017,1946.00,netbanking,17.51,2026-05-25T20:46:00+05:30,captured,setl_00000018,
pay_260525000592,order_260525017,5044.00,upi_apps,100.88,2026-05-25T13:11:00+05:30,captured,setl_00000018,
pay_260525000593,order_260525017,3194.00,card,63.88,2026-05-25T19:32:00+05:30,captured,setl_00000018,
pay_260525000594,order_260525017,965.00,upi_apps,19.30,2026-05-25T12:40:00+05:30,captured,setl_00000018,
pay_260525000595,order_260525017,2513.00,upi_apps,50.26,2026-05-25T19:47:00+05:30,captured,setl_00000018,
pay_260525000596,order_260525017,4126.00,card,82.52,2026-05-25T12:21:00+05:30,captured,setl_00000018,
pay_260525000597,order_260525017,4342.00,netbanking,39.07,2026-05-25T20:12:00+05:30,captured,setl_00000018,
pay_260525000598,order_260525017,1559.00,upi_apps,31.18,2026-05-25T18:13:00+05:30,captured,setl_00000018,
pay_260525000599,order_260525017,691.00,upi_apps,13.82,2026-05-25T14:30:00+05:30,captured,setl_00000018,
pay_260525000600,order_260525017,3349.00,card,66.98,2026-05-25T11:28:00+05:30,captured,setl_00000018,
pay_260525000601,order_260525017,2740.00,card,54.80,2026-05-25T22:26:00+05:30,captured,setl_00000018,
pay_260525000602,order_260525017,2799.00,upi_apps,55.98,2026-05-25T14:45:00+05:30,captured,setl_00000018,
pay_260525000603,order_260525017,4524.00,wallet,90.48,2026-05-25T19:42:00+05:30,captured,setl_00000018,
pay_260525000604,order_260525017,893.00,upi_apps,17.86,2026-05-25T12:04:00+05:30,captured,setl_00000018,
pay_260525000605,order_260525017,1276.00,wallet,25.52,2026-05-25T18:58:00+05:30,captured,setl_00000018,
pay_260525000606,order_260525017,1345.00,wallet,26.90,2026-05-25T08:01:00+05:30,captured,setl_00000018,
pay_260525000607,order_260525017,1521.00,card,30.42,2026-05-25T19:11:00+05:30,captured,setl_00000018,
pay_260525000608,order_260525017,2701.00,card,54.02,2026-05-25T16:16:00+05:30,captured,setl_00000018,
pay_260525000609,order_260525017,5366.00,netbanking,48.29,2026-05-25T19:22:00+05:30,captured,setl_00000018,
pay_260525000610,order_260525017,2621.00,upi_apps,52.42,2026-05-25T17:47:00+05:30,captured,setl_00000018,
pay_260526000611,order_260526018,2250.00,wallet,45.00,2026-05-26T15:28:00+05:30,captured,setl_00000019,
pay_260526000612,order_260526018,3665.00,netbanking,32.98,2026-05-26T09:47:00+05:30,captured,setl_00000019,
pay_260526000613,order_260526018,1412.00,upi_apps,28.24,2026-05-26T22:56:00+05:30,captured,setl_00000019,
pay_260526000614,order_260526018,5030.00,upi_apps,100.60,2026-05-26T09:57:00+05:30,captured,setl_00000019,
pay_260526000615,order_260526018,3510.00,upi_apps,70.20,2026-05-26T10:10:00+05:30,captured,setl_00000019,
pay_260526000616,order_260526018,5376.00,wallet,107.52,2026-05-26T17:30:00+05:30,captured,setl_00000019,
pay_260526000617,order_260526018,4671.00,upi_apps,93.42,2026-05-26T16:06:00+05:30,captured,setl_00000019,
pay_260526000618,order_260526018,3326.00,upi_apps,66.52,2026-05-26T12:53:00+05:30,captured,setl_00000019,
pay_260526000619,order_260526018,468.00,upi_apps,9.36,2026-05-26T17:22:00+05:30,captured,setl_00000019,
pay_260526000620,order_260526018,922.00,wallet,18.44,2026-05-26T12:38:00+05:30,captured,setl_00000019,
pay_260526000621,order_260526018,521.00,wallet,10.42,2026-05-26T14:11:00+05:30,captured,setl_00000019,
pay_260526000622,order_260526018,1187.00,card,23.74,2026-05-26T18:06:00+05:30,captured,setl_00000019,
pay_260526000623,order_260526018,3376.00,upi_apps,67.52,2026-05-26T19:27:00+05:30,captured,setl_00000019,
pay_260526000624,order_260526018,2683.00,upi_apps,53.66,2026-05-26T21:00:00+05:30,captured,setl_00000019,
pay_260526000625,order_260526018,1051.00,upi_apps,21.02,2026-05-26T15:55:00+05:30,captured,setl_00000019,
pay_260526000626,order_260526018,633.00,upi_apps,12.66,2026-05-26T18:15:00+05:30,captured,setl_00000019,
pay_260526000627,order_260526018,2385.00,card,47.70,2026-05-26T16:52:00+05:30,captured,setl_00000019,
pay_260526000628,order_260526018,1603.00,upi_apps,32.06,2026-05-26T09:17:00+05:30,captured,setl_00000019,
pay_260526000629,order_260526018,931.00,card,18.62,2026-05-26T12:10:00+05:30,captured,setl_00000019,
pay_260526000630,order_260526018,5290.00,card,105.80,2026-05-26T18:49:00+05:30,captured,setl_00000019,
pay_260526000631,order_260526018,5258.00,card,105.16,2026-05-26T10:48:00+05:30,captured,setl_00000019,
pay_260526000632,order_260526018,661.00,upi_apps,13.22,2026-05-26T15:11:00+05:30,captured,setl_00000019,
pay_260526000633,order_260526018,5196.00,netbanking,46.76,2026-05-26T20:56:00+05:30,captured,setl_00000019,
pay_260526000634,order_260526018,1033.00,card,20.66,2026-05-26T12:49:00+05:30,captured,setl_00000019,
pay_260526000635,order_260526018,1091.00,upi_apps,21.82,2026-05-26T16:49:00+05:30,captured,setl_00000019,
pay_260526000636,order_260526018,1498.00,upi_apps,29.96,2026-05-26T21:00:00+05:30,captured,setl_00000019,
pay_260526000637,order_260526018,1233.00,upi_apps,24.66,2026-05-26T22:05:00+05:30,captured,setl_00000019,
pay_260526000638,order_260526018,809.00,card,16.18,2026-05-26T15:12:00+05:30,captured,setl_00000019,
pay_260526000639,order_260526018,2994.00,netbanking,26.94,2026-05-26T13:34:00+05:30,captured,setl_00000019,
pay_260526000640,order_260526018,1816.00,upi_apps,36.32,2026-05-26T09:22:00+05:30,captured,setl_00000019,
pay_260527000641,order_260527019,1763.00,card,35.26,2026-05-27T16:40:00+05:30,captured,setl_00000020,
pay_260527000642,order_260527019,2392.00,card,47.84,2026-05-27T08:50:00+05:30,captured,setl_00000020,
pay_260527000643,order_260527019,1632.00,upi_apps,32.64,2026-05-27T21:27:00+05:30,captured,setl_00000020,
pay_260527000644,order_260527019,3719.00,netbanking,33.47,2026-05-27T13:40:00+05:30,captured,setl_00000020,
pay_260527000645,order_260527019,3734.00,card,74.68,2026-05-27T12:16:00+05:30,captured,setl_00000020,
pay_260527000646,order_260527019,1286.00,upi_apps,25.72,2026-05-27T22:20:00+05:30,captured,setl_00000020,
pay_260527000647,order_260527019,3205.00,wallet,64.10,2026-05-27T19:33:00+05:30,captured,setl_00000020,
pay_260527000648,order_260527019,492.00,upi_apps,9.84,2026-05-27T12:03:00+05:30,captured,setl_00000020,
pay_260527000649,order_260527019,751.00,card,15.02,2026-05-27T21:14:00+05:30,captured,setl_00000020,
pay_260527000650,order_260527019,3361.00,netbanking,30.24,2026-05-27T16:25:00+05:30,captured,setl_00000020,
pay_260527000651,order_260527019,970.00,upi_apps,19.40,2026-05-27T20:16:00+05:30,captured,setl_00000020,
pay_260527000652,order_260527019,590.00,wallet,11.80,2026-05-27T12:07:00+05:30,captured,setl_00000020,
pay_260527000653,order_260527019,2106.00,netbanking,18.95,2026-05-27T16:24:00+05:30,captured,setl_00000020,
pay_260527000654,order_260527019,2233.00,netbanking,20.09,2026-05-27T19:34:00+05:30,captured,setl_00000020,
pay_260527000655,order_260527019,5354.00,upi_apps,107.08,2026-05-27T20:34:00+05:30,captured,setl_00000020,
pay_260527000656,order_260527019,3009.00,wallet,60.18,2026-05-27T09:56:00+05:30,captured,setl_00000020,
pay_260527000657,order_260527019,2611.00,upi_apps,52.22,2026-05-27T09:27:00+05:30,captured,setl_00000020,
pay_260527000658,order_260527019,4084.00,card,81.68,2026-05-27T21:25:00+05:30,captured,setl_00000020,
pay_260527000659,order_260527019,1121.00,upi_apps,22.42,2026-05-27T21:06:00+05:30,captured,setl_00000020,
pay_260527000660,order_260527019,3330.00,card,66.60,2026-05-27T10:00:00+05:30,captured,setl_00000020,
pay_260527000661,order_260527019,5269.00,netbanking,47.42,2026-05-27T18:13:00+05:30,captured,setl_00000020,
pay_260527000662,order_260527019,3539.00,wallet,70.78,2026-05-27T13:05:00+05:30,captured,setl_00000020,
pay_260527000663,order_260527019,4742.00,card,94.84,2026-05-27T22:55:00+05:30,captured,setl_00000020,
pay_260527000664,order_260527019,4798.00,card,95.96,2026-05-27T17:51:00+05:30,captured,setl_00000020,
pay_260527000665,order_260527019,3646.00,upi_apps,72.92,2026-05-27T21:21:00+05:30,captured,setl_00000020,
pay_260527000666,order_260527019,4339.00,card,86.78,2026-05-27T15:11:00+05:30,captured,setl_00000020,
pay_260527000667,order_260527019,2646.00,upi_apps,52.92,2026-05-27T19:09:00+05:30,captured,setl_00000020,
pay_260527000668,order_260527019,5027.00,upi_apps,100.54,2026-05-27T20:58:00+05:30,captured,setl_00000020,
pay_260527000669,order_260527019,3240.00,upi_apps,64.80,2026-05-27T09:45:00+05:30,captured,setl_00000020,
pay_260527000670,order_260527019,3867.00,netbanking,34.80,2026-05-27T20:37:00+05:30,captured,setl_00000020,
pay_260527000671,order_260527019,3081.00,upi_apps,61.62,2026-05-27T09:02:00+05:30,captured,setl_00000020,
pay_260527000672,order_260527019,3296.00,netbanking,29.66,2026-05-27T10:08:00+05:30,captured,setl_00000020,
pay_260527000673,order_260527019,2400.00,netbanking,21.60,2026-05-27T20:41:00+05:30,captured,setl_00000020,
pay_260527000674,order_260527019,1764.00,card,35.28,2026-05-27T18:47:00+05:30,captured,setl_00000020,
pay_260527000675,order_260527019,2300.00,upi_apps,46.00,2026-05-27T17:13:00+05:30,captured,setl_00000020,
pay_260527000676,order_260527019,1778.00,upi_apps,35.56,2026-05-27T12:55:00+05:30,captured,setl_00000020,
pay_260527000677,order_260527019,5364.00,wallet,107.28,2026-05-27T15:19:00+05:30,captured,setl_00000020,
pay_260527000678,order_260527019,5140.00,upi_apps,102.80,2026-05-27T15:11:00+05:30,captured,setl_00000020,
pay_260527000679,order_260527019,5235.00,netbanking,47.11,2026-05-27T18:36:00+05:30,captured,setl_00000020,
pay_260527000680,order_260527019,1396.00,upi_apps,27.92,2026-05-27T15:10:00+05:30,captured,setl_00000020,
pay_260527000681,order_260527019,4489.00,netbanking,40.40,2026-05-27T17:55:00+05:30,captured,setl_00000020,
pay_260527000682,order_260527019,1695.00,wallet,33.90,2026-05-27T15:25:00+05:30,captured,setl_00000020,
pay_260527000683,order_260527019,664.00,upi_apps,13.28,2026-05-27T20:53:00+05:30,captured,setl_00000020,
pay_260528000684,order_260528020,1018.00,upi_apps,20.36,2026-05-28T09:31:00+05:30,captured,setl_00000021,
pay_260528000685,order_260528020,4862.00,wallet,97.24,2026-05-28T20:25:00+05:30,captured,setl_00000021,
pay_260528000686,order_260528020,3898.00,netbanking,35.08,2026-05-28T20:28:00+05:30,captured,setl_00000021,
pay_260528000687,order_260528020,2245.00,upi_apps,44.90,2026-05-28T20:24:00+05:30,captured,setl_00000021,
pay_260528000688,order_260528020,4100.00,wallet,82.00,2026-05-28T18:31:00+05:30,captured,setl_00000021,
pay_260528000689,order_260528020,1730.00,netbanking,15.56,2026-05-28T19:33:00+05:30,captured,setl_00000021,
pay_260528000690,order_260528020,4677.00,card,93.54,2026-05-28T22:12:00+05:30,captured,setl_00000021,
pay_260528000691,order_260528020,481.00,netbanking,4.32,2026-05-28T17:23:00+05:30,captured,setl_00000021,
pay_260528000692,order_260528020,1636.00,netbanking,14.72,2026-05-28T08:46:00+05:30,captured,setl_00000021,
pay_260528000693,order_260528020,1800.00,card,36.00,2026-05-28T16:30:00+05:30,captured,setl_00000021,
pay_260528000694,order_260528020,996.00,card,19.92,2026-05-28T12:21:00+05:30,captured,setl_00000021,
pay_260528000695,order_260528020,1051.00,upi_apps,21.02,2026-05-28T16:51:00+05:30,captured,setl_00000021,
pay_260528000696,order_260528020,3349.00,upi_apps,66.98,2026-05-28T21:16:00+05:30,captured,setl_00000021,
pay_260528000697,order_260528020,1520.00,card,30.40,2026-05-28T19:50:00+05:30,captured,setl_00000021,
pay_260528000698,order_260528020,5316.00,netbanking,47.84,2026-05-28T13:07:00+05:30,captured,setl_00000021,
pay_260528000699,order_260528020,3379.00,card,67.58,2026-05-28T14:18:00+05:30,captured,setl_00000021,
pay_260528000700,order_260528020,3466.00,upi_apps,69.32,2026-05-28T22:21:00+05:30,captured,setl_00000021,
pay_260528000701,order_260528020,2718.00,upi_apps,54.36,2026-05-28T11:47:00+05:30,captured,setl_00000021,
pay_260528000702,order_260528020,4087.00,upi_apps,81.74,2026-05-28T21:44:00+05:30,captured,setl_00000021,
pay_260528000703,order_260528020,2748.00,upi_apps,54.96,2026-05-28T21:14:00+05:30,captured,setl_00000021,
pay_260528000704,order_260528020,2147.00,upi_apps,42.94,2026-05-28T16:21:00+05:30,captured,setl_00000021,
pay_260528000705,order_260528020,3762.00,upi_apps,75.24,2026-05-28T16:05:00+05:30,captured,setl_00000021,
pay_260528000706,order_260528020,2736.00,card,54.72,2026-05-28T08:53:00+05:30,captured,setl_00000021,
pay_260528000707,order_260528020,2056.00,upi_apps,41.12,2026-05-28T12:37:00+05:30,captured,setl_00000021,
pay_260528000708,order_260528020,876.00,netbanking,7.88,2026-05-28T11:45:00+05:30,captured,setl_00000021,
pay_260528000709,order_260528020,3478.00,card,69.56,2026-05-28T11:26:00+05:30,captured,setl_00000021,
pay_260528000710,order_260528020,711.00,upi_apps,14.22,2026-05-28T11:57:00+05:30,captured,setl_00000021,
pay_260528000711,order_260528020,2672.00,netbanking,24.04,2026-05-28T19:14:00+05:30,captured,setl_00000021,
pay_260528000712,order_260528020,1855.00,upi_apps,37.10,2026-05-28T18:24:00+05:30,captured,setl_00000021,
pay_260528000713,order_260528020,643.00,upi_apps,12.86,2026-05-28T09:10:00+05:30,captured,setl_00000021,
pay_260528000714,order_260528020,1756.00,upi_apps,35.12,2026-05-28T18:26:00+05:30,captured,setl_00000021,
pay_260528000715,order_260528020,5303.00,card,106.06,2026-05-28T20:41:00+05:30,captured,setl_00000021,
pay_260528000716,order_260528020,4252.00,upi_apps,85.04,2026-05-28T11:10:00+05:30,captured,setl_00000021,
pay_260528000717,order_260528020,3847.00,upi_apps,76.94,2026-05-28T12:38:00+05:30,captured,setl_00000021,
pay_260528000718,order_260528020,1247.00,card,24.94,2026-05-28T11:01:00+05:30,captured,setl_00000021,
pay_260528000719,order_260528020,911.00,netbanking,8.19,2026-05-28T22:16:00+05:30,captured,setl_00000021,
pay_260528000720,order_260528020,3070.00,wallet,61.40,2026-05-28T22:19:00+05:30,captured,setl_00000021,
pay_260528000721,order_260528020,3180.00,upi_apps,63.60,2026-05-28T20:47:00+05:30,captured,setl_00000021,
pay_260529000722,order_260529021,2646.00,card,52.92,2026-05-29T22:06:00+05:30,captured,setl_00000022,
pay_260529000723,order_260529021,3631.00,upi_apps,72.62,2026-05-29T16:49:00+05:30,captured,setl_00000022,
pay_260529000724,order_260529021,1143.00,wallet,22.86,2026-05-29T21:16:00+05:30,captured,setl_00000022,
pay_260529000725,order_260529021,3753.00,upi_apps,75.06,2026-05-29T16:59:00+05:30,captured,setl_00000022,
pay_260529000726,order_260529021,1887.00,wallet,37.74,2026-05-29T10:37:00+05:30,captured,setl_00000022,
pay_260529000727,order_260529021,4441.00,upi_apps,88.82,2026-05-29T09:16:00+05:30,captured,setl_00000022,
pay_260529000728,order_260529021,4792.00,upi_apps,95.84,2026-05-29T15:14:00+05:30,captured,setl_00000022,
pay_260529000729,order_260529021,4486.00,wallet,89.72,2026-05-29T22:43:00+05:30,captured,setl_00000022,
pay_260529000730,order_260529021,2341.00,upi_apps,46.82,2026-05-29T18:12:00+05:30,captured,setl_00000022,
pay_260529000731,order_260529021,4423.00,netbanking,39.80,2026-05-29T18:49:00+05:30,captured,setl_00000022,
pay_260529000732,order_260529021,934.00,upi_apps,18.68,2026-05-29T08:40:00+05:30,captured,setl_00000022,
pay_260529000733,order_260529021,2822.00,card,56.44,2026-05-29T09:48:00+05:30,captured,setl_00000022,
pay_260529000734,order_260529021,3896.00,upi_apps,77.92,2026-05-29T15:32:00+05:30,captured,setl_00000022,
pay_260529000735,order_260529021,4337.00,upi_apps,86.74,2026-05-29T20:24:00+05:30,captured,setl_00000022,
pay_260529000736,order_260529021,1227.00,upi_apps,24.54,2026-05-29T10:02:00+05:30,captured,setl_00000022,
pay_260529000737,order_260529021,2016.00,netbanking,18.14,2026-05-29T08:20:00+05:30,captured,setl_00000022,
pay_260529000738,order_260529021,568.00,upi_apps,11.36,2026-05-29T22:35:00+05:30,captured,setl_00000022,
pay_260529000739,order_260529021,2407.00,card,48.14,2026-05-29T14:57:00+05:30,captured,setl_00000022,
pay_260529000740,order_260529021,2077.00,netbanking,18.69,2026-05-29T21:37:00+05:30,captured,setl_00000022,
pay_260529000741,order_260529021,3193.00,netbanking,28.73,2026-05-29T15:05:00+05:30,captured,setl_00000022,
pay_260529000742,order_260529021,1855.00,card,37.10,2026-05-29T20:24:00+05:30,captured,setl_00000022,
pay_260529000743,order_260529021,3068.00,card,61.36,2026-05-29T11:38:00+05:30,captured,setl_00000022,
pay_260529000744,order_260529021,3438.00,netbanking,30.94,2026-05-29T12:16:00+05:30,captured,setl_00000022,
pay_260529000745,order_260529021,1436.00,upi_apps,28.72,2026-05-29T20:04:00+05:30,captured,setl_00000022,
pay_260529000746,order_260529021,4606.00,card,92.12,2026-05-29T13:42:00+05:30,captured,setl_00000022,
pay_260529000747,order_260529021,1316.00,upi_apps,26.32,2026-05-29T11:13:00+05:30,captured,setl_00000022,
pay_260529000748,order_260529021,2137.00,upi_apps,42.74,2026-05-29T21:48:00+05:30,captured,setl_00000022,
pay_260529000749,order_260529021,968.00,card,19.36,2026-05-29T18:04:00+05:30,captured,setl_00000022,
pay_260529000750,order_260529021,1967.00,netbanking,17.70,2026-05-29T13:03:00+05:30,captured,setl_00000022,
pay_260529000751,order_260529021,2343.00,card,46.86,2026-05-29T08:53:00+05:30,captured,setl_00000022,
pay_260529000752,order_260529021,2583.00,card,51.66,2026-05-29T18:55:00+05:30,captured,setl_00000022,
pay_260529000753,order_260529021,4138.00,wallet,82.76,2026-05-29T22:58:00+05:30,captured,setl_00000022,
pay_260529000754,order_260529021,1007.00,upi_apps,20.14,2026-05-29T18:36:00+05:30,captured,setl_00000022,
pay_260529000755,order_260529021,3841.00,netbanking,34.56,2026-05-29T22:29:00+05:30,captured,setl_00000022,
pay_260529000756,order_260529021,843.00,card,16.86,2026-05-29T18:24:00+05:30,captured,setl_00000022,
pay_260529000757,order_260529021,895.00,netbanking,8.05,2026-05-29T16:52:00+05:30,captured,setl_00000022,
pay_260529000758,order_260529021,5111.00,card,102.22,2026-05-29T14:40:00+05:30,captured,setl_00000022,
pay_260529000759,order_260529021,4976.00,upi_apps,99.52,2026-05-29T22:31:00+05:30,captured,setl_00000022,
pay_260529000760,order_260529021,4167.00,netbanking,37.50,2026-05-29T14:28:00+05:30,captured,setl_00000022,
pay_260530000761,order_260530022,2922.00,upi_apps,58.44,2026-05-30T21:22:00+05:30,captured,setl_00000023,
pay_260530000762,order_260530022,2645.00,wallet,52.90,2026-05-30T11:29:00+05:30,captured,setl_00000023,
pay_260530000763,order_260530022,3963.00,netbanking,35.66,2026-05-30T09:37:00+05:30,captured,setl_00000023,
pay_260530000764,order_260530022,2445.00,upi_apps,48.90,2026-05-30T17:18:00+05:30,captured,setl_00000023,
pay_260530000765,order_260530022,3569.00,wallet,71.38,2026-05-30T12:06:00+05:30,captured,setl_00000023,
pay_260531000766,order_260531023,2253.00,upi_apps,45.06,2026-05-31T09:14:00+05:30,captured,setl_00000024,
pay_260531000767,order_260531023,4819.00,card,96.38,2026-05-31T16:19:00+05:30,captured,setl_00000024,
pay_260531000768,order_260531023,2707.00,card,54.14,2026-05-31T17:55:00+05:30,captured,setl_00000024,
pay_260531000769,order_260531023,1447.00,upi_apps,28.94,2026-05-31T17:52:00+05:30,captured,setl_00000024,
pay_260531000770,order_260531023,849.00,card,16.98,2026-05-31T15:53:00+05:30,captured,setl_00000024,
pay_260531000771,order_260531023,2818.00,upi_apps,56.36,2026-05-31T18:01:00+05:30,captured,setl_00000024,
pay_260531000772,order_260531023,1685.00,upi_apps,33.70,2026-05-31T08:20:00+05:30,captured,setl_00000024,
pay_260531000773,order_260531023,597.00,card,11.94,2026-05-31T21:13:00+05:30,captured,setl_00000024,
pay_260531000774,order_260531023,4378.00,netbanking,39.40,2026-05-31T16:08:00+05:30,captured,setl_00000024,
pay_260531000775,order_260531023,4771.00,wallet,95.42,2026-05-31T16:17:00+05:30,captured,setl_00000024,
pay_260531000776,order_260531023,4299.00,card,85.98,2026-05-31T21:13:00+05:30,captured,setl_00000024,
pay_260531000777,order_260531023,3301.00,upi_apps,66.02,2026-05-31T22:49:00+05:30,captured,setl_00000024,
pay_260531000778,order_260531023,2693.00,upi_apps,53.86,2026-05-31T19:03:00+05:30,captured,setl_00000024,
pay_260531000779,order_260531023,4714.00,upi_apps,94.28,2026-05-31T11:01:00+05:30,captured,setl_00000024,
pay_260601000780,order_260601024,1756.00,upi_apps,35.12,2026-06-01T16:34:00+05:30,captured,setl_00000025,
pay_260601000781,order_260601024,2295.00,upi_apps,45.90,2026-06-01T11:31:00+05:30,captured,setl_00000025,
pay_260601000782,order_260601024,3360.00,upi_apps,67.20,2026-06-01T19:19:00+05:30,captured,setl_00000025,
pay_260601000783,order_260601024,894.00,upi_apps,17.88,2026-06-01T20:37:00+05:30,captured,setl_00000025,
pay_260601000784,order_260601024,4993.00,card,99.86,2026-06-01T19:50:00+05:30,captured,setl_00000025,
pay_260601000785,order_260601024,2822.00,card,56.44,2026-06-01T08:51:00+05:30,captured,setl_00000025,
pay_260601000786,order_260601024,479.00,upi_apps,9.58,2026-06-01T14:51:00+05:30,captured,setl_00000025,
pay_260601000787,order_260601024,575.00,upi_apps,11.50,2026-06-01T22:10:00+05:30,captured,setl_00000025,
pay_260601000788,order_260601024,3900.00,netbanking,35.09,2026-06-01T15:45:00+05:30,captured,setl_00000025,
pay_260601000789,order_260601024,2835.00,upi_apps,56.70,2026-06-01T17:32:00+05:30,captured,setl_00000025,
pay_260601000790,order_260601024,2811.00,card,56.22,2026-06-01T19:39:00+05:30,captured,setl_00000025,
pay_260601000791,order_260601024,3075.00,upi_apps,61.50,2026-06-01T10:45:00+05:30,captured,setl_00000025,
pay_260601000792,order_260601024,1816.00,card,36.32,2026-06-01T13:08:00+05:30,captured,setl_00000025,
pay_260601000793,order_260601024,4945.00,netbanking,44.50,2026-06-01T14:22:00+05:30,captured,setl_00000025,
pay_260601000794,order_260601024,783.00,card,15.66,2026-06-01T11:59:00+05:30,captured,setl_00000025,
pay_260601000795,order_260601024,4105.00,upi_apps,82.10,2026-06-01T21:54:00+05:30,captured,setl_00000025,
pay_260601000796,order_260601024,2082.00,wallet,41.64,2026-06-01T16:12:00+05:30,captured,setl_00000025,
pay_260601000797,order_260601024,2845.00,upi_apps,56.90,2026-06-01T19:40:00+05:30,captured,setl_00000025,
pay_260601000798,order_260601024,2148.00,card,42.96,2026-06-01T14:10:00+05:30,captured,setl_00000025,
pay_260601000799,order_260601024,474.00,card,9.48,2026-06-01T21:35:00+05:30,captured,setl_00000025,
pay_260601000800,order_260601024,3158.00,upi_apps,63.16,2026-06-01T14:22:00+05:30,captured,setl_00000025,
pay_260601000801,order_260601024,2952.00,upi_apps,59.04,2026-06-01T18:25:00+05:30,captured,setl_00000025,
pay_260601000802,order_260601024,807.00,upi_apps,16.14,2026-06-01T08:21:00+05:30,captured,setl_00000025,
pay_260601000803,order_260601024,3589.00,upi_apps,71.78,2026-06-01T22:38:00+05:30,captured,setl_00000025,
pay_260601000804,order_260601024,3068.00,upi_apps,61.36,2026-06-01T08:50:00+05:30,captured,setl_00000025,
pay_260601000805,order_260601024,2682.00,card,53.64,2026-06-01T22:59:00+05:30,captured,setl_00000025,
pay_260601000806,order_260601024,3844.00,upi_apps,76.88,2026-06-01T20:36:00+05:30,captured,setl_00000025,
pay_260601000807,order_260601024,1519.00,upi_apps,30.38,2026-06-01T15:18:00+05:30,captured,setl_00000025,
pay_260601000808,order_260601024,1617.00,upi_apps,32.34,2026-06-01T09:02:00+05:30,captured,setl_00000025,
pay_260601000809,order_260601024,3432.00,upi_apps,68.64,2026-06-01T16:48:00+05:30,captured,setl_00000025,
pay_260601000810,order_260601024,1534.00,upi_apps,30.68,2026-06-01T11:09:00+05:30,captured,setl_00000025,
pay_260601000811,order_260601024,2408.00,netbanking,21.67,2026-06-01T20:41:00+05:30,captured,setl_00000025,
pay_260601000812,order_260601024,1085.00,card,21.70,2026-06-01T08:53:00+05:30,captured,setl_00000025,
pay_260601000813,order_260601024,2936.00,card,58.72,2026-06-01T11:59:00+05:30,captured,setl_00000025,
pay_260601000814,order_260601024,2304.00,upi_apps,46.08,2026-06-01T20:57:00+05:30,captured,setl_00000025,
pay_260601000815,order_260601024,3681.00,wallet,73.62,2026-06-01T13:27:00+05:30,captured,setl_00000025,
pay_260601000816,order_260601024,5101.00,upi_apps,102.02,2026-06-01T11:34:00+05:30,captured,setl_00000025,
pay_260601000817,order_260601024,4784.00,upi_apps,95.68,2026-06-01T08:33:00+05:30,captured,setl_00000025,
pay_260601000818,order_260601024,801.00,upi_apps,16.02,2026-06-01T16:59:00+05:30,captured,setl_00000025,
pay_260601000819,order_260601024,3036.00,netbanking,27.32,2026-06-01T10:37:00+05:30,captured,setl_00000025,
pay_260601000820,order_260601024,2660.00,card,53.20,2026-06-01T09:20:00+05:30,captured,setl_00000025,
pay_260601000821,order_260601024,3124.00,card,62.48,2026-06-01T13:17:00+05:30,captured,setl_00000025,
pay_260601000822,order_260601024,4310.00,netbanking,38.78,2026-06-01T18:45:00+05:30,captured,setl_00000025,
pay_260601000823,order_260601024,5117.00,card,102.34,2026-06-01T22:06:00+05:30,captured,setl_00000025,
pay_260601000824,order_260601024,3146.00,card,62.92,2026-06-01T14:54:00+05:30,captured,setl_00000025,
pay_260601000825,order_260601024,2405.00,wallet,48.10,2026-06-01T19:16:00+05:30,captured,setl_00000025,
pay_260601000826,order_260601024,2567.00,netbanking,23.10,2026-06-01T22:50:00+05:30,captured,setl_00000025,
pay_260601000827,order_260601024,2793.00,card,55.86,2026-06-01T19:05:00+05:30,captured,setl_00000025,
pay_260601000828,order_260601024,1986.00,netbanking,17.87,2026-06-01T20:55:00+05:30,captured,setl_00000025,
pay_260601000829,order_260601024,1857.00,card,37.14,2026-06-01T16:06:00+05:30,captured,setl_00000025,
pay_260601000830,order_260601024,2528.00,card,50.56,2026-06-01T18:19:00+05:30,captured,setl_00000025,
pay_260601000831,order_260601024,1836.00,upi_apps,36.72,2026-06-01T10:40:00+05:30,captured,setl_00000025,
pay_260601000832,order_260601024,1824.00,card,36.48,2026-06-01T08:20:00+05:30,captured,setl_00000025,
pay_260601000833,order_260601024,1941.00,card,38.82,2026-06-01T19:45:00+05:30,captured,setl_00000025,
pay_260601000834,order_260601024,5179.00,upi_apps,103.58,2026-06-01T20:58:00+05:30,captured,setl_00000025,
pay_260601000835,order_260601024,2312.00,card,46.24,2026-06-01T18:50:00+05:30,captured,setl_00000025,
pay_260601000836,order_260601024,1358.00,upi_apps,27.16,2026-06-01T16:42:00+05:30,captured,setl_00000025,
pay_260601000837,order_260601024,4266.00,upi_apps,85.32,2026-06-01T13:44:00+05:30,captured,setl_00000025,
pay_260601000838,order_260601024,3671.00,upi_apps,73.42,2026-06-01T16:38:00+05:30,captured,setl_00000025,
pay_260601000839,order_260601024,3599.00,upi_apps,71.98,2026-06-01T14:07:00+05:30,captured,setl_00000025,
pay_260601000840,order_260601024,3962.00,wallet,79.24,2026-06-01T11:23:00+05:30,captured,setl_00000025,
pay_260602000841,order_260602025,3267.00,upi_apps,65.34,2026-06-02T20:54:00+05:30,captured,setl_00000026,
pay_260602000842,order_260602025,2917.00,card,58.34,2026-06-02T19:20:00+05:30,captured,setl_00000026,
pay_260602000843,order_260602025,5102.00,card,102.04,2026-06-02T12:45:00+05:30,captured,setl_00000026,
pay_260602000844,order_260602025,4533.00,upi_apps,90.66,2026-06-02T18:02:00+05:30,captured,setl_00000026,
pay_260602000845,order_260602025,5086.00,netbanking,45.77,2026-06-02T16:09:00+05:30,captured,setl_00000026,
pay_260602000846,order_260602025,5289.00,card,105.78,2026-06-02T11:10:00+05:30,captured,setl_00000026,
pay_260602000847,order_260602025,1964.00,upi_apps,39.28,2026-06-02T12:12:00+05:30,captured,setl_00000026,
pay_260602000848,order_260602025,5293.00,upi_apps,105.86,2026-06-02T15:35:00+05:30,captured,setl_00000026,
pay_260602000849,order_260602025,2497.00,card,49.94,2026-06-02T14:46:00+05:30,captured,setl_00000026,
pay_260602000850,order_260602025,2569.00,card,51.38,2026-06-02T15:42:00+05:30,captured,setl_00000026,
pay_260602000851,order_260602025,1521.00,wallet,30.42,2026-06-02T18:44:00+05:30,captured,setl_00000026,
pay_260602000852,order_260602025,2668.00,card,53.36,2026-06-02T17:03:00+05:30,captured,setl_00000026,
pay_260602000853,order_260602025,3197.00,card,63.94,2026-06-02T09:22:00+05:30,captured,setl_00000026,
pay_260602000854,order_260602025,581.00,upi_apps,11.62,2026-06-02T09:09:00+05:30,captured,setl_00000026,
pay_260602000855,order_260602025,4530.00,wallet,90.60,2026-06-02T11:20:00+05:30,captured,setl_00000026,
pay_260602000856,order_260602025,4291.00,upi_apps,85.82,2026-06-02T17:23:00+05:30,captured,setl_00000026,
pay_260602000857,order_260602025,2154.00,upi_apps,43.08,2026-06-02T21:23:00+05:30,captured,setl_00000026,
pay_260602000858,order_260602025,4082.00,card,81.64,2026-06-02T17:01:00+05:30,captured,setl_00000026,
pay_260602000859,order_260602025,4285.00,upi_apps,85.70,2026-06-02T22:36:00+05:30,captured,setl_00000026,
pay_260602000860,order_260602025,5338.00,card,106.76,2026-06-02T20:39:00+05:30,captured,setl_00000026,
pay_260602000861,order_260602025,1879.00,upi_apps,37.58,2026-06-02T20:30:00+05:30,captured,setl_00000026,
pay_260602000862,order_260602025,3779.00,upi_apps,75.58,2026-06-02T21:48:00+05:30,captured,setl_00000026,
pay_260602000863,order_260602025,5085.00,netbanking,45.76,2026-06-02T12:14:00+05:30,captured,setl_00000026,
pay_260602000864,order_260602025,1443.00,wallet,28.86,2026-06-02T12:16:00+05:30,captured,setl_00000026,
pay_260602000865,order_260602025,2614.00,wallet,52.28,2026-06-02T15:49:00+05:30,captured,setl_00000026,
pay_260602000866,order_260602025,3216.00,upi_apps,64.32,2026-06-02T15:40:00+05:30,captured,setl_00000026,
pay_260602000867,order_260602025,2172.00,wallet,43.44,2026-06-02T22:39:00+05:30,captured,setl_00000026,
pay_260602000868,order_260602025,2336.00,card,46.72,2026-06-02T18:08:00+05:30,captured,setl_00000026,
pay_260602000869,order_260602025,1305.00,wallet,26.10,2026-06-02T17:08:00+05:30,captured,setl_00000026,
pay_260602000870,order_260602025,4001.00,netbanking,36.00,2026-06-02T17:11:00+05:30,captured,setl_00000026,
pay_260602000871,order_260602025,5171.00,wallet,103.42,2026-06-02T17:57:00+05:30,captured,setl_00000026,
pay_260602000872,order_260602025,3637.00,wallet,72.74,2026-06-02T11:22:00+05:30,captured,setl_00000026,
pay_260602000873,order_260602025,2563.00,upi_apps,51.26,2026-06-02T11:15:00+05:30,captured,setl_00000026,
pay_260602000874,order_260602025,1436.00,upi_apps,28.72,2026-06-02T11:27:00+05:30,captured,setl_00000026,
pay_260602000875,order_260602025,4922.00,wallet,98.44,2026-06-02T12:48:00+05:30,captured,setl_00000026,
pay_260602000876,order_260602025,3375.00,wallet,67.50,2026-06-02T14:32:00+05:30,captured,setl_00000026,
pay_260602000877,order_260602025,3039.00,upi_apps,60.78,2026-06-02T20:26:00+05:30,captured,setl_00000026,
pay_260602000878,order_260602025,4769.00,wallet,95.38,2026-06-02T21:03:00+05:30,captured,setl_00000026,
pay_260602000879,order_260602025,2433.00,card,48.66,2026-06-02T13:41:00+05:30,captured,setl_00000026,
pay_260602000880,order_260602025,1538.00,upi_apps,30.76,2026-06-02T21:56:00+05:30,captured,setl_00000026,
pay_260602000881,order_260602025,2793.00,wallet,55.86,2026-06-02T12:01:00+05:30,captured,setl_00000026,
pay_260602000882,order_260602025,2500.00,card,50.00,2026-06-02T09:14:00+05:30,captured,setl_00000026,
pay_260602000883,order_260602025,1273.00,card,25.46,2026-06-02T14:48:00+05:30,captured,setl_00000026,
pay_260602000884,order_260602025,3856.00,upi_apps,77.12,2026-06-02T10:10:00+05:30,captured,setl_00000026,
pay_260602000885,order_260602025,4750.00,upi_apps,95.00,2026-06-02T09:34:00+05:30,captured,setl_00000026,
pay_260602000886,order_260602025,2640.00,upi_apps,52.80,2026-06-02T08:54:00+05:30,captured,setl_00000026,
pay_260603000887,order_260603026,2189.00,card,43.78,2026-06-03T15:48:00+05:30,captured,setl_00000027,
pay_260603000888,order_260603026,3224.00,netbanking,29.01,2026-06-03T12:38:00+05:30,captured,setl_00000027,
pay_260603000889,order_260603026,4217.00,upi_apps,84.34,2026-06-03T13:13:00+05:30,captured,setl_00000027,
pay_260603000890,order_260603026,558.00,card,11.16,2026-06-03T11:19:00+05:30,captured,setl_00000027,
pay_260603000891,order_260603026,4601.00,netbanking,41.40,2026-06-03T18:18:00+05:30,captured,setl_00000027,
pay_260603000892,order_260603026,2015.00,netbanking,18.13,2026-06-03T19:14:00+05:30,captured,setl_00000027,
pay_260603000893,order_260603026,526.00,upi_apps,10.52,2026-06-03T10:43:00+05:30,captured,setl_00000027,
pay_260603000894,order_260603026,2912.00,card,58.24,2026-06-03T12:21:00+05:30,captured,setl_00000027,
pay_260603000895,order_260603026,3119.00,upi_apps,62.38,2026-06-03T12:01:00+05:30,captured,setl_00000027,
pay_260603000896,order_260603026,4813.00,upi_apps,96.26,2026-06-03T21:18:00+05:30,captured,setl_00000027,
pay_260603000897,order_260603026,1575.00,upi_apps,31.50,2026-06-03T19:18:00+05:30,captured,setl_00000027,
pay_260603000898,order_260603026,5324.00,upi_apps,106.48,2026-06-03T15:56:00+05:30,captured,setl_00000027,
pay_260603000899,order_260603026,4955.00,netbanking,44.59,2026-06-03T15:34:00+05:30,captured,setl_00000027,
pay_260603000900,order_260603026,2400.00,card,48.00,2026-06-03T08:01:00+05:30,captured,setl_00000027,
pay_260603000901,order_260603026,1755.00,card,35.10,2026-06-03T18:34:00+05:30,captured,setl_00000027,
pay_260603000902,order_260603026,908.00,card,18.16,2026-06-03T09:10:00+05:30,captured,setl_00000027,
pay_260603000903,order_260603026,3936.00,upi_apps,78.72,2026-06-03T11:22:00+05:30,captured,setl_00000027,
pay_260603000904,order_260603026,2211.00,upi_apps,44.22,2026-06-03T17:07:00+05:30,captured,setl_00000027,
pay_260603000905,order_260603026,2219.00,card,44.38,2026-06-03T14:42:00+05:30,captured,setl_00000027,
pay_260603000906,order_260603026,5353.00,upi_apps,107.06,2026-06-03T11:31:00+05:30,captured,setl_00000027,
pay_260603000907,order_260603026,4673.00,wallet,93.46,2026-06-03T22:46:00+05:30,captured,setl_00000027,
pay_260603000908,order_260603026,1448.00,netbanking,13.03,2026-06-03T20:20:00+05:30,captured,setl_00000027,
pay_260603000909,order_260603026,3617.00,card,72.34,2026-06-03T08:05:00+05:30,captured,setl_00000027,
pay_260603000910,order_260603026,4032.00,upi_apps,80.64,2026-06-03T08:21:00+05:30,captured,setl_00000027,
pay_260603000911,order_260603026,840.00,upi_apps,16.80,2026-06-03T08:44:00+05:30,captured,setl_00000027,
pay_260603000912,order_260603026,2377.00,upi_apps,47.54,2026-06-03T16:34:00+05:30,captured,setl_00000027,
pay_260603000913,order_260603026,2137.00,wallet,42.74,2026-06-03T15:49:00+05:30,captured,setl_00000027,
pay_260603000914,order_260603026,962.00,card,19.24,2026-06-03T15:57:00+05:30,captured,setl_00000027,
pay_260603000915,order_260603026,3196.00,card,63.92,2026-06-03T11:41:00+05:30,captured,setl_00000027,
pay_260603000916,order_260603026,2261.00,wallet,45.22,2026-06-03T13:01:00+05:30,captured,setl_00000027,
pay_260603000917,order_260603026,3618.00,upi_apps,72.36,2026-06-03T11:21:00+05:30,captured,setl_00000027,
pay_260603000918,order_260603026,3442.00,card,68.84,2026-06-03T10:07:00+05:30,captured,setl_00000027,
pay_260603000919,order_260603026,4261.00,card,85.22,2026-06-03T15:46:00+05:30,captured,setl_00000027,
pay_260603000920,order_260603026,3767.00,wallet,75.34,2026-06-03T21:38:00+05:30,captured,setl_00000027,
pay_260603000921,order_260603026,1387.00,upi_apps,27.74,2026-06-03T17:15:00+05:30,captured,setl_00000027,
pay_260604000922,order_260604027,4276.00,wallet,85.52,2026-06-04T19:07:00+05:30,captured,setl_00000028,
pay_260604000923,order_260604027,2007.00,card,40.14,2026-06-04T19:57:00+05:30,captured,setl_00000028,
pay_260604000924,order_260604027,3237.00,netbanking,29.13,2026-06-04T10:17:00+05:30,captured,setl_00000028,
pay_260604000925,order_260604027,5354.00,card,107.08,2026-06-04T13:31:00+05:30,captured,setl_00000028,
pay_260604000926,order_260604027,741.00,upi_apps,14.82,2026-06-04T13:24:00+05:30,captured,setl_00000028,
pay_260604000927,order_260604027,5073.00,card,101.46,2026-06-04T16:27:00+05:30,captured,setl_00000028,
pay_260604000928,order_260604027,2997.00,card,59.94,2026-06-04T09:16:00+05:30,captured,setl_00000028,
pay_260604000929,order_260604027,2832.00,upi_apps,56.64,2026-06-04T22:43:00+05:30,captured,setl_00000028,
pay_260604000930,order_260604027,5176.00,upi_apps,103.52,2026-06-04T18:37:00+05:30,captured,setl_00000028,
pay_260604000931,order_260604027,3909.00,netbanking,35.18,2026-06-04T19:01:00+05:30,captured,setl_00000028,
pay_260604000932,order_260604027,2592.00,netbanking,23.32,2026-06-04T14:16:00+05:30,captured,setl_00000028,
pay_260604000933,order_260604027,3936.00,upi_apps,78.72,2026-06-04T08:05:00+05:30,captured,setl_00000028,
pay_260604000934,order_260604027,1939.00,upi_apps,38.78,2026-06-04T22:33:00+05:30,captured,setl_00000028,
pay_260604000935,order_260604027,3409.00,card,68.18,2026-06-04T10:58:00+05:30,captured,setl_00000028,
pay_260604000936,order_260604027,478.00,card,9.56,2026-06-04T11:42:00+05:30,captured,setl_00000028,
pay_260604000937,order_260604027,2566.00,upi_apps,51.32,2026-06-04T09:14:00+05:30,captured,setl_00000028,
pay_260604000938,order_260604027,823.00,upi_apps,16.46,2026-06-04T17:21:00+05:30,captured,setl_00000028,
pay_260604000939,order_260604027,4928.00,card,98.56,2026-06-04T12:24:00+05:30,captured,setl_00000028,
pay_260604000940,order_260604027,503.00,upi_apps,10.06,2026-06-04T18:46:00+05:30,captured,setl_00000028,
pay_260604000941,order_260604027,1318.00,card,26.36,2026-06-04T21:13:00+05:30,captured,setl_00000028,
pay_260604000942,order_260604027,2515.00,upi_apps,50.30,2026-06-04T22:59:00+05:30,captured,setl_00000028,
pay_260604000943,order_260604027,875.00,upi_apps,17.50,2026-06-04T13:30:00+05:30,captured,setl_00000028,
pay_260604000944,order_260604027,1665.00,upi_apps,33.30,2026-06-04T16:56:00+05:30,captured,setl_00000028,
pay_260604000945,order_260604027,4427.00,card,88.54,2026-06-04T20:11:00+05:30,captured,setl_00000028,
pay_260604000946,order_260604027,5207.00,upi_apps,104.14,2026-06-04T21:33:00+05:30,captured,setl_00000028,
pay_260604000947,order_260604027,664.00,upi_apps,13.28,2026-06-04T12:01:00+05:30,captured,setl_00000028,
pay_260604000948,order_260604027,550.00,upi_apps,11.00,2026-06-04T13:12:00+05:30,captured,setl_00000028,
pay_260604000949,order_260604027,2767.00,card,55.34,2026-06-04T13:36:00+05:30,captured,setl_00000028,
pay_260604000950,order_260604027,1543.00,card,30.86,2026-06-04T18:40:00+05:30,captured,setl_00000028,
pay_260604000951,order_260604027,3663.00,card,73.26,2026-06-04T08:30:00+05:30,captured,setl_00000028,
pay_260604000952,order_260604027,3793.00,netbanking,34.13,2026-06-04T15:42:00+05:30,captured,setl_00000028,
pay_260604000953,order_260604027,3468.00,upi_apps,69.36,2026-06-04T10:41:00+05:30,captured,setl_00000028,
pay_260604000954,order_260604027,3305.00,upi_apps,66.10,2026-06-04T20:15:00+05:30,captured,setl_00000028,
pay_260604000955,order_260604027,522.00,card,10.44,2026-06-04T17:27:00+05:30,captured,setl_00000028,
pay_260604000956,order_260604027,3691.00,wallet,73.82,2026-06-04T18:50:00+05:30,captured,setl_00000028,
pay_260604000957,order_260604027,3951.00,card,79.02,2026-06-04T10:57:00+05:30,captured,setl_00000028,
pay_260604000958,order_260604027,2190.00,upi_apps,43.80,2026-06-04T19:58:00+05:30,captured,setl_00000028,
pay_260604000959,order_260604027,2494.00,card,49.88,2026-06-04T18:07:00+05:30,captured,setl_00000028,
pay_260604000960,order_260604027,2310.00,card,46.20,2026-06-04T21:31:00+05:30,captured,setl_00000028,
pay_260605000961,order_260605028,870.00,upi_apps,17.40,2026-06-05T13:31:00+05:30,captured,setl_00000029,
pay_260605000962,order_260605028,1236.00,upi_apps,24.72,2026-06-05T22:22:00+05:30,captured,setl_00000029,
pay_260605000963,order_260605028,4702.00,upi_apps,94.04,2026-06-05T17:41:00+05:30,captured,setl_00000029,
pay_260605000964,order_260605028,2454.00,wallet,49.08,2026-06-05T13:29:00+05:30,captured,setl_00000029,
pay_260605000965,order_260605028,2724.00,card,54.48,2026-06-05T11:54:00+05:30,captured,setl_00000029,
pay_260605000966,order_260605028,2973.00,upi_apps,59.46,2026-06-05T14:03:00+05:30,captured,setl_00000029,
pay_260605000967,order_260605028,2399.00,card,47.98,2026-06-05T12:05:00+05:30,captured,setl_00000029,
pay_260605000968,order_260605028,2933.00,card,58.66,2026-06-05T11:55:00+05:30,captured,setl_00000029,
pay_260605000969,order_260605028,1699.00,card,33.98,2026-06-05T13:24:00+05:30,captured,setl_00000029,
pay_260605000970,order_260605028,5302.00,wallet,106.04,2026-06-05T18:25:00+05:30,captured,setl_00000029,
pay_260605000971,order_260605028,2593.00,netbanking,23.33,2026-06-05T11:09:00+05:30,captured,setl_00000029,
pay_260605000972,order_260605028,3316.00,wallet,66.32,2026-06-05T19:25:00+05:30,captured,setl_00000029,
pay_260605000973,order_260605028,2255.00,card,45.10,2026-06-05T17:57:00+05:30,captured,setl_00000029,
pay_260605000974,order_260605028,4254.00,upi_apps,85.08,2026-06-05T12:04:00+05:30,captured,setl_00000029,
pay_260605000975,order_260605028,577.00,wallet,11.54,2026-06-05T19:59:00+05:30,captured,setl_00000029,
pay_260605000976,order_260605028,5129.00,upi_apps,102.58,2026-06-05T19:34:00+05:30,captured,setl_00000029,
pay_260605000977,order_260605028,4653.00,card,93.06,2026-06-05T17:37:00+05:30,captured,setl_00000029,
pay_260605000978,order_260605028,3281.00,card,65.62,2026-06-05T19:53:00+05:30,captured,setl_00000029,
pay_260605000979,order_260605028,3652.00,upi_apps,73.04,2026-06-05T08:19:00+05:30,captured,setl_00000029,
pay_260605000980,order_260605028,3125.00,netbanking,28.12,2026-06-05T09:26:00+05:30,captured,setl_00000029,
pay_260605000981,order_260605028,1566.00,netbanking,14.09,2026-06-05T09:20:00+05:30,captured,setl_00000029,
pay_260605000982,order_260605028,3904.00,card,78.08,2026-06-05T20:00:00+05:30,captured,setl_00000029,
pay_260605000983,order_260605028,3839.00,upi_apps,76.78,2026-06-05T14:03:00+05:30,captured,setl_00000029,
pay_260605000984,order_260605028,4840.00,upi_apps,96.80,2026-06-05T19:47:00+05:30,captured,setl_00000029,
pay_260605000985,order_260605028,3888.00,upi_apps,77.76,2026-06-05T19:26:00+05:30,captured,setl_00000029,
pay_260605000986,order_260605028,3735.00,wallet,74.70,2026-06-05T14:30:00+05:30,captured,setl_00000029,
pay_260605000987,order_260605028,5057.00,card,101.14,2026-06-05T18:13:00+05:30,captured,setl_00000029,
pay_260605000988,order_260605028,5291.00,upi_apps,105.82,2026-06-05T21:24:00+05:30,captured,setl_00000029,
pay_260605000989,order_260605028,1337.00,upi_apps,26.74,2026-06-05T21:30:00+05:30,captured,setl_00000029,
pay_260605000990,order_260605028,4395.00,upi_apps,87.90,2026-06-05T08:09:00+05:30,captured,setl_00000029,
pay_260605000991,order_260605028,4816.00,wallet,96.32,2026-06-05T10:52:00+05:30,captured,setl_00000029,
pay_260605000992,order_260605028,1567.00,upi_apps,31.34,2026-06-05T14:15:00+05:30,captured,setl_00000029,
pay_260605000993,order_260605028,2125.00,upi_apps,42.50,2026-06-05T16:03:00+05:30,captured,setl_00000029,
pay_260605000994,order_260605028,2860.00,upi_apps,57.20,2026-06-05T12:29:00+05:30,captured,setl_00000029,
pay_260605000995,order_260605028,2329.00,netbanking,20.96,2026-06-05T13:59:00+05:30,captured,setl_00000029,
pay_260605000996,order_260605028,4280.00,card,85.60,2026-06-05T19:03:00+05:30,captured,setl_00000029,
pay_260605000997,order_260605028,3838.00,card,76.76,2026-06-05T09:13:00+05:30,captured,setl_00000029,
pay_260606000998,order_260606029,4212.00,netbanking,37.90,2026-06-06T13:25:00+05:30,captured,setl_00000030,
pay_260606000999,order_260606029,4350.00,upi_apps,87.00,2026-06-06T22:34:00+05:30,captured,setl_00000030,
pay_260606001000,order_260606029,4988.00,upi_apps,99.76,2026-06-06T09:18:00+05:30,captured,setl_00000030,
pay_260606001001,order_260606029,5137.00,upi_apps,102.74,2026-06-06T17:09:00+05:30,captured,setl_00000030,
pay_260606001002,order_260606029,2301.00,upi_apps,46.02,2026-06-06T11:27:00+05:30,captured,setl_00000030,
pay_260606001003,order_260606029,3868.00,upi_apps,77.36,2026-06-06T21:10:00+05:30,captured,setl_00000030,
pay_260606001004,order_260606029,2636.00,wallet,52.72,2026-06-06T19:00:00+05:30,captured,setl_00000030,
pay_260606001005,order_260606029,3915.00,card,78.30,2026-06-06T22:37:00+05:30,captured,setl_00000030,
pay_260606001006,order_260606029,1794.00,card,35.88,2026-06-06T22:45:00+05:30,captured,setl_00000030,
pay_260606001007,order_260606029,5186.00,card,103.72,2026-06-06T08:21:00+05:30,captured,setl_00000030,
pay_260606001008,order_260606029,5122.00,upi_apps,102.44,2026-06-06T12:22:00+05:30,captured,setl_00000030,
pay_260606001009,order_260606029,455.00,netbanking,4.09,2026-06-06T13:20:00+05:30,captured,setl_00000030,
pay_260606001010,order_260606029,1360.00,upi_apps,27.20,2026-06-06T09:42:00+05:30,captured,setl_00000030,
pay_260608001011,order_260608030,4749.00,upi_apps,94.98,2026-06-08T21:01:00+05:30,captured,setl_00000031,
pay_260608001012,order_260608030,4716.00,upi_apps,94.32,2026-06-08T09:26:00+05:30,captured,setl_00000031,
pay_260608001013,order_260608030,5023.00,upi_apps,100.46,2026-06-08T11:31:00+05:30,captured,setl_00000031,
pay_260608001014,order_260608030,2556.00,card,51.12,2026-06-08T14:38:00+05:30,captured,setl_00000031,
pay_260608001015,order_260608030,4068.00,netbanking,36.61,2026-06-08T19:19:00+05:30,captured,setl_00000031,
pay_260608001016,order_260608030,5042.00,card,100.84,2026-06-08T17:24:00+05:30,captured,setl_00000031,
pay_260608001017,order_260608030,4129.00,card,82.58,2026-06-08T11:13:00+05:30,captured,setl_00000031,
pay_260608001018,order_260608030,805.00,upi_apps,16.10,2026-06-08T16:46:00+05:30,captured,setl_00000031,
pay_260608001019,order_260608030,5001.00,card,100.02,2026-06-08T22:17:00+05:30,captured,setl_00000031,
pay_260608001020,order_260608030,3695.00,upi_apps,73.90,2026-06-08T22:33:00+05:30,captured,setl_00000031,
pay_260608001021,order_260608030,5287.00,netbanking,47.58,2026-06-08T14:07:00+05:30,captured,setl_00000031,
pay_260608001022,order_260608030,875.00,upi_apps,17.50,2026-06-08T09:19:00+05:30,captured,setl_00000031,
pay_260608001023,order_260608030,1425.00,upi_apps,28.50,2026-06-08T16:09:00+05:30,captured,setl_00000031,
pay_260608001024,order_260608030,4044.00,card,80.88,2026-06-08T17:38:00+05:30,captured,setl_00000031,
pay_260608001025,order_260608030,1594.00,card,31.88,2026-06-08T11:53:00+05:30,captured,setl_00000031,
pay_260608001026,order_260608030,1322.00,wallet,26.44,2026-06-08T15:18:00+05:30,captured,setl_00000031,
pay_260608001027,order_260608030,990.00,upi_apps,19.80,2026-06-08T15:58:00+05:30,captured,setl_00000031,
pay_260608001028,order_260608030,3220.00,wallet,64.40,2026-06-08T20:33:00+05:30,captured,setl_00000031,
pay_260608001029,order_260608030,693.00,netbanking,6.23,2026-06-08T09:50:00+05:30,captured,setl_00000031,
pay_260608001030,order_260608030,3224.00,upi_apps,64.48,2026-06-08T14:10:00+05:30,captured,setl_00000031,
pay_260608001031,order_260608030,903.00,upi_apps,18.06,2026-06-08T20:11:00+05:30,captured,setl_00000031,
pay_260608001032,order_260608030,3219.00,upi_apps,64.38,2026-06-08T08:12:00+05:30,captured,setl_00000031,
pay_260608001033,order_260608030,2214.00,upi_apps,44.28,2026-06-08T11:34:00+05:30,captured,setl_00000031,
pay_260608001034,order_260608030,3438.00,card,68.76,2026-06-08T11:49:00+05:30,captured,setl_00000031,
pay_260608001035,order_260608030,940.00,card,18.80,2026-06-08T22:57:00+05:30,captured,setl_00000031,
pay_260608001036,order_260608030,3249.00,wallet,64.98,2026-06-08T16:39:00+05:30,captured,setl_00000031,
pay_260608001037,order_260608030,550.00,upi_apps,11.00,2026-06-08T19:38:00+05:30,captured,setl_00000031,
pay_260608001038,order_260608030,779.00,wallet,15.58,2026-06-08T18:58:00+05:30,captured,setl_00000031,
pay_260608001039,order_260608030,1018.00,upi_apps,20.36,2026-06-08T08:13:00+05:30,captured,setl_00000031,
pay_260608001040,order_260608030,3487.00,upi_apps,69.74,2026-06-08T12:16:00+05:30,captured,setl_00000031,
pay_260608001041,order_260608030,831.00,upi_apps,16.62,2026-06-08T21:27:00+05:30,captured,setl_00000031,
pay_260608001042,order_260608030,3820.00,card,76.40,2026-06-08T09:54:00+05:30,captured,setl_00000031,
pay_260608001043,order_260608030,2566.00,upi_apps,51.32,2026-06-08T08:52:00+05:30,captured,setl_00000031,
pay_260608001044,order_260608030,3195.00,upi_apps,63.90,2026-06-08T18:27:00+05:30,captured,setl_00000031,
pay_260608001045,order_260608030,5020.00,card,100.40,2026-06-08T22:15:00+05:30,captured,setl_00000031,
pay_260608001046,order_260608030,3217.00,card,64.34,2026-06-08T17:53:00+05:30,captured,setl_00000031,
pay_260608001047,order_260608030,4221.00,card,84.42,2026-06-08T18:06:00+05:30,captured,setl_00000031,
pay_260608001048,order_260608030,1230.00,upi_apps,24.60,2026-06-08T15:56:00+05:30,captured,setl_00000031,
pay_260608001049,order_260608030,553.00,netbanking,4.97,2026-06-08T16:58:00+05:30,captured,setl_00000031,
pay_260608001050,order_260608030,2028.00,card,40.56,2026-06-08T18:49:00+05:30,captured,setl_00000031,
pay_260608001051,order_260608030,541.00,netbanking,4.86,2026-06-08T15:43:00+05:30,captured,setl_00000031,
pay_260608001052,order_260608030,1115.00,upi_apps,22.30,2026-06-08T15:03:00+05:30,captured,setl_00000031,
pay_260608001053,order_260608030,1645.00,wallet,32.90,2026-06-08T18:02:00+05:30,captured,setl_00000031,
pay_260608001054,order_260608030,3786.00,card,75.72,2026-06-08T12:56:00+05:30,captured,setl_00000031,
pay_260609001055,order_260609031,1193.00,upi_apps,23.86,2026-06-09T14:53:00+05:30,captured,setl_00000032,
pay_260609001056,order_260609031,4546.00,card,90.92,2026-06-09T19:30:00+05:30,captured,setl_00000032,
pay_260609001057,order_260609031,3875.00,upi_apps,77.50,2026-06-09T10:52:00+05:30,captured,setl_00000032,
pay_260609001058,order_260609031,4347.00,upi_apps,86.94,2026-06-09T20:04:00+05:30,captured,setl_00000032,
pay_260609001059,order_260609031,1356.00,card,27.12,2026-06-09T17:08:00+05:30,captured,setl_00000032,
pay_260609001060,order_260609031,4191.00,card,83.82,2026-06-09T11:40:00+05:30,captured,setl_00000032,
pay_260609001061,order_260609031,1992.00,card,39.84,2026-06-09T18:21:00+05:30,captured,setl_00000032,
pay_260609001062,order_260609031,4912.00,upi_apps,98.24,2026-06-09T20:05:00+05:30,captured,setl_00000032,
pay_260609001063,order_260609031,1260.00,card,25.20,2026-06-09T11:21:00+05:30,captured,setl_00000032,
pay_260609001064,order_260609031,2755.00,upi_apps,55.10,2026-06-09T18:51:00+05:30,captured,setl_00000032,
pay_260609001065,order_260609031,1424.00,upi_apps,28.48,2026-06-09T21:26:00+05:30,captured,setl_00000032,
pay_260609001066,order_260609031,5015.00,upi_apps,100.30,2026-06-09T09:21:00+05:30,captured,setl_00000032,
pay_260609001067,order_260609031,3177.00,upi_apps,63.54,2026-06-09T17:51:00+05:30,captured,setl_00000032,
pay_260609001068,order_260609031,4857.00,wallet,97.14,2026-06-09T19:45:00+05:30,captured,setl_00000032,
pay_260609001069,order_260609031,1853.00,upi_apps,37.06,2026-06-09T22:45:00+05:30,captured,setl_00000032,
pay_260609001070,order_260609031,4790.00,wallet,95.80,2026-06-09T08:53:00+05:30,captured,setl_00000032,
pay_260609001071,order_260609031,4229.00,upi_apps,84.58,2026-06-09T08:50:00+05:30,captured,setl_00000032,
pay_260609001072,order_260609031,2984.00,card,59.68,2026-06-09T20:26:00+05:30,captured,setl_00000032,
pay_260609001073,order_260609031,1702.00,upi_apps,34.04,2026-06-09T09:19:00+05:30,captured,setl_00000032,
pay_260609001074,order_260609031,3961.00,upi_apps,79.22,2026-06-09T18:01:00+05:30,captured,setl_00000032,
pay_260609001075,order_260609031,4244.00,upi_apps,84.88,2026-06-09T21:45:00+05:30,captured,setl_00000032,
pay_260609001076,order_260609031,2489.00,upi_apps,49.78,2026-06-09T20:04:00+05:30,captured,setl_00000032,
pay_260609001077,order_260609031,4130.00,card,82.60,2026-06-09T15:09:00+05:30,captured,setl_00000032,
pay_260609001078,order_260609031,629.00,upi_apps,12.58,2026-06-09T14:16:00+05:30,captured,setl_00000032,
pay_260609001079,order_260609031,3202.00,upi_apps,64.04,2026-06-09T15:23:00+05:30,captured,setl_00000032,
pay_260609001080,order_260609031,1495.00,netbanking,13.45,2026-06-09T14:43:00+05:30,captured,setl_00000032,
pay_260609001081,order_260609031,5296.00,card,105.92,2026-06-09T17:39:00+05:30,captured,setl_00000032,
pay_260609001082,order_260609031,2473.00,upi_apps,49.46,2026-06-09T17:39:00+05:30,captured,setl_00000032,
pay_260609001083,order_260609031,4746.00,upi_apps,94.92,2026-06-09T16:48:00+05:30,captured,setl_00000032,
pay_260609001084,order_260609031,2190.00,wallet,43.80,2026-06-09T10:32:00+05:30,captured,setl_00000032,
pay_260609001085,order_260609031,3097.00,wallet,61.94,2026-06-09T13:39:00+05:30,captured,setl_00000032,
pay_260609001086,order_260609031,1099.00,upi_apps,21.98,2026-06-09T21:07:00+05:30,captured,setl_00000032,
pay_260609001087,order_260609031,2053.00,card,41.06,2026-06-09T15:49:00+05:30,captured,setl_00000032,
pay_260609001088,order_260609031,769.00,netbanking,6.92,2026-06-09T17:08:00+05:30,captured,setl_00000032,
pay_260609001089,order_260609031,1998.00,upi_apps,39.96,2026-06-09T10:46:00+05:30,captured,setl_00000032,
pay_260609001090,order_260609031,1468.00,wallet,29.36,2026-06-09T09:05:00+05:30,captured,setl_00000032,
pay_260609001091,order_260609031,2461.00,upi_apps,49.22,2026-06-09T21:24:00+05:30,captured,setl_00000032,
pay_260609001092,order_260609031,4874.00,card,97.48,2026-06-09T17:58:00+05:30,captured,setl_00000032,
pay_260609001093,order_260609031,3601.00,netbanking,32.40,2026-06-09T19:42:00+05:30,captured,setl_00000032,
pay_260609001094,order_260609031,2200.00,upi_apps,44.00,2026-06-09T18:43:00+05:30,captured,setl_00000032,
pay_260609001095,order_260609031,1896.00,upi_apps,37.92,2026-06-09T08:24:00+05:30,captured,setl_00000032,
pay_260609001096,order_260609031,2791.00,upi_apps,55.82,2026-06-09T17:55:00+05:30,captured,setl_00000032,
pay_260609001097,order_260609031,4660.00,netbanking,41.94,2026-06-09T20:40:00+05:30,captured,setl_00000032,
pay_260609001098,order_260609031,604.00,card,12.08,2026-06-09T20:00:00+05:30,captured,setl_00000032,
pay_260609001099,order_260609031,3563.00,upi_apps,71.26,2026-06-09T15:47:00+05:30,captured,setl_00000032,
pay_260609001100,order_260609031,3944.00,wallet,78.88,2026-06-09T19:33:00+05:30,captured,setl_00000032,
pay_260609001101,order_260609031,2451.00,card,49.02,2026-06-09T13:22:00+05:30,captured,setl_00000032,
pay_260609001102,order_260609031,886.00,upi_apps,17.72,2026-06-09T13:50:00+05:30,captured,setl_00000032,
pay_260609001103,order_260609031,2356.00,wallet,47.12,2026-06-09T16:13:00+05:30,captured,setl_00000032,
pay_260609001104,order_260609031,5105.00,card,102.10,2026-06-09T20:54:00+05:30,captured,setl_00000032,
pay_260609001105,order_260609031,2458.00,card,49.16,2026-06-09T09:40:00+05:30,captured,setl_00000032,
pay_260609001106,order_260609031,2173.00,upi_apps,43.46,2026-06-09T16:08:00+05:30,captured,setl_00000032,
pay_260609001107,order_260609031,4711.00,card,94.22,2026-06-09T21:23:00+05:30,captured,setl_00000032,
pay_260609001108,order_260609031,2868.00,wallet,57.36,2026-06-09T15:50:00+05:30,captured,setl_00000032,
pay_260610001109,order_260610032,3865.00,upi_apps,77.30,2026-06-10T14:02:00+05:30,captured,setl_00000033,
pay_260610001110,order_260610032,5397.00,card,107.94,2026-06-10T14:56:00+05:30,captured,setl_00000033,
pay_260610001111,order_260610032,4415.00,netbanking,39.73,2026-06-10T15:07:00+05:30,captured,setl_00000033,
pay_260610001112,order_260610032,3664.00,card,73.28,2026-06-10T13:07:00+05:30,captured,setl_00000033,
pay_260610001113,order_260610032,4788.00,netbanking,43.09,2026-06-10T18:51:00+05:30,captured,setl_00000033,
pay_260610001114,order_260610032,655.00,card,13.10,2026-06-10T21:42:00+05:30,captured,setl_00000033,
pay_260610001115,order_260610032,2505.00,upi_apps,50.10,2026-06-10T08:22:00+05:30,captured,setl_00000033,
pay_260610001116,order_260610032,4074.00,upi_apps,81.48,2026-06-10T13:39:00+05:30,captured,setl_00000033,
pay_260610001117,order_260610032,4067.00,upi_apps,81.34,2026-06-10T17:19:00+05:30,captured,setl_00000033,
pay_260610001118,order_260610032,2208.00,upi_apps,44.16,2026-06-10T10:07:00+05:30,captured,setl_00000033,
pay_260610001119,order_260610032,3174.00,upi_apps,63.48,2026-06-10T20:30:00+05:30,captured,setl_00000033,
pay_260610001120,order_260610032,3889.00,upi_apps,77.78,2026-06-10T14:39:00+05:30,captured,setl_00000033,
pay_260610001121,order_260610032,3309.00,upi_apps,66.18,2026-06-10T21:23:00+05:30,captured,setl_00000033,
pay_260610001122,order_260610032,2713.00,wallet,54.26,2026-06-10T09:20:00+05:30,captured,setl_00000033,
pay_260610001123,order_260610032,2395.00,card,47.90,2026-06-10T18:31:00+05:30,captured,setl_00000033,
pay_260610001124,order_260610032,859.00,netbanking,7.73,2026-06-10T14:38:00+05:30,captured,setl_00000033,
pay_260610001125,order_260610032,3935.00,card,78.70,2026-06-10T16:00:00+05:30,captured,setl_00000033,
pay_260610001126,order_260610032,2993.00,card,59.86,2026-06-10T15:59:00+05:30,captured,setl_00000033,
pay_260610001127,order_260610032,4475.00,upi_apps,89.50,2026-06-10T20:51:00+05:30,captured,setl_00000033,
pay_260610001128,order_260610032,1834.00,upi_apps,36.68,2026-06-10T10:37:00+05:30,captured,setl_00000033,
pay_260610001129,order_260610032,5334.00,upi_apps,106.68,2026-06-10T12:27:00+05:30,captured,setl_00000033,
pay_260610001130,order_260610032,4298.00,card,85.96,2026-06-10T22:50:00+05:30,captured,setl_00000033,
pay_260611001131,order_260611033,5093.00,netbanking,45.83,2026-06-11T08:43:00+05:30,captured,setl_00000034,
pay_260611001132,order_260611033,3566.00,upi_apps,71.32,2026-06-11T20:07:00+05:30,captured,setl_00000034,
pay_260611001133,order_260611033,2246.00,upi_apps,44.92,2026-06-11T21:54:00+05:30,captured,setl_00000034,
pay_260611001134,order_260611033,2065.00,upi_apps,41.30,2026-06-11T20:16:00+05:30,captured,setl_00000034,
pay_260611001135,order_260611033,628.00,upi_apps,12.56,2026-06-11T10:57:00+05:30,captured,setl_00000034,
pay_260611001136,order_260611033,4429.00,card,88.58,2026-06-11T18:08:00+05:30,captured,setl_00000034,
pay_260611001137,order_260611033,911.00,card,18.22,2026-06-11T16:22:00+05:30,captured,setl_00000034,
pay_260611001138,order_260611033,4349.00,card,86.98,2026-06-11T21:31:00+05:30,captured,setl_00000034,
pay_260611001139,order_260611033,2000.00,upi_apps,40.00,2026-06-11T22:05:00+05:30,captured,setl_00000034,
pay_260611001140,order_260611033,4390.00,netbanking,39.50,2026-06-11T17:32:00+05:30,captured,setl_00000034,
pay_260611001141,order_260611033,5213.00,upi_apps,104.26,2026-06-11T21:31:00+05:30,captured,setl_00000034,
pay_260611001142,order_260611033,4920.00,card,98.40,2026-06-11T16:53:00+05:30,captured,setl_00000034,
pay_260611001143,order_260611033,1577.00,card,31.54,2026-06-11T11:22:00+05:30,captured,setl_00000034,
pay_260611001144,order_260611033,2246.00,upi_apps,44.92,2026-06-11T16:44:00+05:30,captured,setl_00000034,
pay_260611001145,order_260611033,3028.00,upi_apps,60.56,2026-06-11T17:03:00+05:30,captured,setl_00000034,
pay_260611001146,order_260611033,556.00,netbanking,5.00,2026-06-11T15:33:00+05:30,captured,setl_00000034,
pay_260611001147,order_260611033,2508.00,upi_apps,50.16,2026-06-11T10:51:00+05:30,captured,setl_00000034,
pay_260611001148,order_260611033,2516.00,netbanking,22.64,2026-06-11T17:09:00+05:30,captured,setl_00000034,
pay_260611001149,order_260611033,3668.00,upi_apps,73.36,2026-06-11T14:13:00+05:30,captured,setl_00000034,
pay_260611001150,order_260611033,1804.00,card,36.08,2026-06-11T17:22:00+05:30,captured,setl_00000034,
pay_260611001151,order_260611033,3577.00,card,71.54,2026-06-11T13:04:00+05:30,captured,setl_00000034,
pay_260611001152,order_260611033,5282.00,netbanking,47.53,2026-06-11T08:17:00+05:30,captured,setl_00000034,
pay_260611001153,order_260611033,4532.00,card,90.64,2026-06-11T18:38:00+05:30,captured,setl_00000034,
pay_260611001154,order_260611033,2127.00,wallet,42.54,2026-06-11T20:22:00+05:30,captured,setl_00000034,
pay_260611001155,order_260611033,1723.00,wallet,34.46,2026-06-11T18:57:00+05:30,captured,setl_00000034,
pay_260611001156,order_260611033,3814.00,upi_apps,76.28,2026-06-11T20:49:00+05:30,captured,setl_00000034,
pay_260611001157,order_260611033,3970.00,upi_apps,79.40,2026-06-11T20:48:00+05:30,captured,setl_00000034,
pay_260611001158,order_260611033,4862.00,upi_apps,97.24,2026-06-11T16:14:00+05:30,captured,setl_00000034,
pay_260611001159,order_260611033,588.00,wallet,11.76,2026-06-11T13:20:00+05:30,captured,setl_00000034,
pay_260611001160,order_260611033,4798.00,upi_apps,95.96,2026-06-11T15:45:00+05:30,captured,setl_00000034,
pay_260611001161,order_260611033,2636.00,netbanking,23.72,2026-06-11T20:49:00+05:30,captured,setl_00000034,
pay_260611001162,order_260611033,2632.00,upi_apps,52.64,2026-06-11T10:10:00+05:30,captured,setl_00000034,
pay_260611001163,order_260611033,3523.00,netbanking,31.70,2026-06-11T17:05:00+05:30,captured,setl_00000034,
pay_260611001164,order_260611033,761.00,card,15.22,2026-06-11T17:50:00+05:30,captured,setl_00000034,
pay_260611001165,order_260611033,2078.00,card,41.56,2026-06-11T12:52:00+05:30,captured,setl_00000034,
pay_260611001166,order_260611033,2189.00,wallet,43.78,2026-06-11T14:35:00+05:30,captured,setl_00000034,
pay_260611001167,order_260611033,1131.00,upi_apps,22.62,2026-06-11T09:32:00+05:30,captured,setl_00000034,
pay_260611001168,order_260611033,1672.00,upi_apps,33.44,2026-06-11T22:27:00+05:30,captured,setl_00000034,
pay_260611001169,order_260611033,2797.00,upi_apps,55.94,2026-06-11T12:13:00+05:30,captured,setl_00000034,
pay_260611001170,order_260611033,1962.00,card,39.24,2026-06-11T17:17:00+05:30,captured,setl_00000034,
pay_260611001171,order_260611033,5131.00,netbanking,46.17,2026-06-11T20:11:00+05:30,captured,setl_00000034,
pay_260611001172,order_260611033,4413.00,upi_apps,88.26,2026-06-11T12:20:00+05:30,captured,setl_00000034,
pay_260611001173,order_260611033,4419.00,card,88.38,2026-06-11T12:16:00+05:30,captured,setl_00000034,
pay_260611001174,order_260611033,665.00,card,13.30,2026-06-11T14:38:00+05:30,captured,setl_00000034,
pay_260611001175,order_260611033,3530.00,netbanking,31.76,2026-06-11T15:01:00+05:30,captured,setl_00000034,
pay_260611001176,order_260611033,2618.00,upi_apps,52.36,2026-06-11T22:22:00+05:30,captured,setl_00000034,
pay_260611001177,order_260611033,1932.00,card,38.64,2026-06-11T17:31:00+05:30,captured,setl_00000034,
pay_260611001178,order_260611033,4214.00,upi_apps,84.28,2026-06-11T18:36:00+05:30,captured,setl_00000034,
pay_260611001179,order_260611033,1878.00,card,37.56,2026-06-11T13:59:00+05:30,captured,setl_00000034,
pay_260611001180,order_260611033,3313.00,card,66.26,2026-06-11T21:10:00+05:30,captured,setl_00000034,
pay_260611001181,order_260611033,1551.00,upi_apps,31.02,2026-06-11T20:38:00+05:30,captured,setl_00000034,
pay_260611001182,order_260611033,4685.00,card,93.70,2026-06-11T08:43:00+05:30,captured,setl_00000034,
pay_260611001183,order_260611033,2931.00,upi_apps,58.62,2026-06-11T20:39:00+05:30,captured,setl_00000034,
pay_260611001184,order_260611033,2782.00,card,55.64,2026-06-11T10:59:00+05:30,captured,setl_00000034,
pay_260612001185,order_260612034,843.00,netbanking,7.58,2026-06-12T17:38:00+05:30,captured,setl_00000035,
pay_260612001186,order_260612034,2023.00,card,40.46,2026-06-12T10:56:00+05:30,captured,setl_00000035,
pay_260612001187,order_260612034,5148.00,upi_apps,102.96,2026-06-12T16:59:00+05:30,captured,setl_00000035,
pay_260612001188,order_260612034,1981.00,upi_apps,39.62,2026-06-12T13:52:00+05:30,captured,setl_00000035,
pay_260612001189,order_260612034,5284.00,upi_apps,105.68,2026-06-12T16:31:00+05:30,captured,setl_00000035,
pay_260612001190,order_260612034,1633.00,upi_apps,32.66,2026-06-12T11:25:00+05:30,captured,setl_00000035,
pay_260612001191,order_260612034,5396.00,netbanking,48.56,2026-06-12T12:31:00+05:30,captured,setl_00000035,
pay_260612001192,order_260612034,794.00,wallet,15.88,2026-06-12T08:19:00+05:30,captured,setl_00000035,
pay_260612001193,order_260612034,3976.00,upi_apps,79.52,2026-06-12T15:14:00+05:30,captured,setl_00000035,
pay_260612001194,order_260612034,1477.00,netbanking,13.29,2026-06-12T11:02:00+05:30,captured,setl_00000035,
pay_260612001195,order_260612034,2786.00,card,55.72,2026-06-12T17:32:00+05:30,captured,setl_00000035,
pay_260612001196,order_260612034,2685.00,card,53.70,2026-06-12T12:56:00+05:30,captured,setl_00000035,
pay_260612001197,order_260612034,3627.00,upi_apps,72.54,2026-06-12T11:26:00+05:30,captured,setl_00000035,
pay_260612001198,order_260612034,4974.00,card,99.48,2026-06-12T14:35:00+05:30,captured,setl_00000035,
pay_260612001199,order_260612034,4783.00,upi_apps,95.66,2026-06-12T14:03:00+05:30,captured,setl_00000035,
pay_260612001200,order_260612034,2453.00,card,49.06,2026-06-12T11:47:00+05:30,captured,setl_00000035,
pay_260612001201,order_260612034,3220.00,card,64.40,2026-06-12T13:24:00+05:30,captured,setl_00000035,
pay_260612001202,order_260612034,4674.00,upi_apps,93.48,2026-06-12T14:37:00+05:30,captured,setl_00000035,
pay_260612001203,order_260612034,4383.00,card,87.66,2026-06-12T20:07:00+05:30,captured,setl_00000035,
pay_260612001204,order_260612034,3404.00,netbanking,30.63,2026-06-12T20:59:00+05:30,captured,setl_00000035,
pay_260612001205,order_260612034,2138.00,upi_apps,42.76,2026-06-12T08:59:00+05:30,captured,setl_00000035,
pay_260612001206,order_260612034,4990.00,card,99.80,2026-06-12T14:01:00+05:30,captured,setl_00000035,
pay_260612001207,order_260612034,1165.00,upi_apps,23.30,2026-06-12T15:44:00+05:30,captured,setl_00000035,
pay_260612001208,order_260612034,5113.00,upi_apps,102.26,2026-06-12T22:53:00+05:30,captured,setl_00000035,
pay_260612001209,order_260612034,852.00,upi_apps,17.04,2026-06-12T16:01:00+05:30,captured,setl_00000035,
pay_260612001210,order_260612034,1082.00,upi_apps,21.64,2026-06-12T14:46:00+05:30,captured,setl_00000035,
pay_260612001211,order_260612034,2462.00,upi_apps,49.24,2026-06-12T22:42:00+05:30,captured,setl_00000035,
pay_260612001212,order_260612034,1090.00,wallet,21.80,2026-06-12T10:36:00+05:30,captured,setl_00000035,
pay_260612001213,order_260612034,557.00,card,11.14,2026-06-12T16:50:00+05:30,captured,setl_00000035,
pay_260612001214,order_260612034,4183.00,upi_apps,83.66,2026-06-12T10:13:00+05:30,captured,setl_00000035,
pay_260612001215,order_260612034,2870.00,netbanking,25.83,2026-06-12T20:17:00+05:30,captured,setl_00000035,
pay_260612001216,order_260612034,2367.00,card,47.34,2026-06-12T12:34:00+05:30,captured,setl_00000035,
pay_260612001217,order_260612034,4705.00,card,94.10,2026-06-12T08:53:00+05:30,captured,setl_00000035,
pay_260612001218,order_260612034,540.00,card,10.80,2026-06-12T13:20:00+05:30,captured,setl_00000035,
pay_260612001219,order_260612034,2258.00,wallet,45.16,2026-06-12T21:49:00+05:30,captured,setl_00000035,
pay_260612001220,order_260612034,2065.00,card,41.30,2026-06-12T14:43:00+05:30,captured,setl_00000035,
pay_260612001221,order_260612034,3580.00,upi_apps,71.60,2026-06-12T22:22:00+05:30,captured,setl_00000035,
pay_260612001222,order_260612034,3173.00,upi_apps,63.46,2026-06-12T15:03:00+05:30,captured,setl_00000035,
pay_260612001223,order_260612034,4655.00,upi_apps,93.10,2026-06-12T19:23:00+05:30,captured,setl_00000035,
pay_260612001224,order_260612034,2268.00,card,45.36,2026-06-12T10:36:00+05:30,captured,setl_00000035,
pay_260612001225,order_260612034,3658.00,upi_apps,73.16,2026-06-12T21:32:00+05:30,captured,setl_00000035,
pay_260612001226,order_260612034,4725.00,upi_apps,94.50,2026-06-12T16:04:00+05:30,captured,setl_00000035,
pay_260612001227,order_260612034,4741.00,card,94.82,2026-06-12T15:46:00+05:30,captured,setl_00000035,
pay_260612001228,order_260612034,1520.00,upi_apps,30.40,2026-06-12T09:15:00+05:30,captured,setl_00000035,
pay_260612001229,order_260612034,1443.00,upi_apps,28.86,2026-06-12T17:21:00+05:30,captured,setl_00000035,
pay_260612001230,order_260612034,1157.00,upi_apps,23.14,2026-06-12T17:39:00+05:30,captured,setl_00000035,
pay_260612001231,order_260612034,2679.00,upi_apps,53.58,2026-06-12T22:09:00+05:30,captured,setl_00000035,
pay_260612001232,order_260612034,875.00,netbanking,7.87,2026-06-12T17:33:00+05:30,captured,setl_00000035,
pay_260612001233,order_260612034,892.00,card,17.84,2026-06-12T15:22:00+05:30,captured,setl_00000035,
pay_260612001234,order_260612034,5030.00,upi_apps,100.60,2026-06-12T16:14:00+05:30,captured,setl_00000035,
pay_260613001235,order_260613035,3858.00,wallet,77.16,2026-06-13T12:55:00+05:30,captured,setl_00000036,
pay_260613001236,order_260613035,1502.00,netbanking,13.51,2026-06-13T15:43:00+05:30,captured,setl_00000036,
pay_260613001237,order_260613035,4900.00,netbanking,44.10,2026-06-13T11:59:00+05:30,captured,setl_00000036,
pay_260613001238,order_260613035,452.00,card,9.04,2026-06-13T20:45:00+05:30,captured,setl_00000036,
pay_260613001239,order_260613035,1932.00,wallet,38.64,2026-06-13T21:05:00+05:30,captured,setl_00000036,
pay_260613001240,order_260613035,2339.00,netbanking,21.05,2026-06-13T11:12:00+05:30,captured,setl_00000036,
pay_260613001241,order_260613035,1992.00,netbanking,17.92,2026-06-13T22:52:00+05:30,captured,setl_00000036,
pay_260613001242,order_260613035,4164.00,upi_apps,83.28,2026-06-13T19:54:00+05:30,captured,setl_00000036,
pay_260613001243,order_260613035,3366.00,card,67.32,2026-06-13T20:13:00+05:30,captured,setl_00000036,
pay_260613001244,order_260613035,3540.00,upi_apps,70.80,2026-06-13T18:30:00+05:30,captured,setl_00000036,
pay_260613001245,order_260613035,5307.00,netbanking,47.76,2026-06-13T16:45:00+05:30,captured,setl_00000036,
pay_260613001246,order_260613035,5357.00,netbanking,48.21,2026-06-13T09:50:00+05:30,captured,setl_00000036,
pay_260613001247,order_260613035,4247.00,upi_apps,84.94,2026-06-13T13:42:00+05:30,captured,setl_00000036,
pay_260613001248,order_260613035,3513.00,card,70.26,2026-06-13T11:51:00+05:30,captured,setl_00000036,
pay_260613001249,order_260613035,806.00,upi_apps,16.12,2026-06-13T21:47:00+05:30,captured,setl_00000036,
pay_260613001250,order_260613035,3290.00,card,65.80,2026-06-13T14:36:00+05:30,captured,setl_00000036,
pay_260613001251,order_260613035,2938.00,card,58.76,2026-06-13T20:29:00+05:30,captured,setl_00000036,
pay_260613001252,order_260613035,597.00,wallet,11.94,2026-06-13T17:21:00+05:30,captured,setl_00000036,
pay_260613001253,order_260613035,2539.00,upi_apps,50.78,2026-06-13T08:31:00+05:30,captured,setl_00000036,
pay_260613001254,order_260613035,2667.00,card,53.34,2026-06-13T14:41:00+05:30,captured,setl_00000036,
pay_260613001255,order_260613035,4340.00,upi_apps,86.80,2026-06-13T12:18:00+05:30,captured,setl_00000036,
pay_260613001256,order_260613035,1985.00,card,39.70,2026-06-13T18:55:00+05:30,captured,setl_00000036,
pay_260613001257,order_260613035,4694.00,card,93.88,2026-06-13T12:01:00+05:30,captured,setl_00000036,
pay_260613001258,order_260613035,3455.00,card,69.10,2026-06-13T09:08:00+05:30,captured,setl_00000036,
pay_260613001259,order_260613035,3651.00,upi_apps,73.02,2026-06-13T21:24:00+05:30,captured,setl_00000036,
pay_260613001260,order_260613035,2389.00,card,47.78,2026-06-13T12:00:00+05:30,captured,setl_00000036,
pay_260614001261,order_260614036,3807.00,netbanking,34.26,2026-06-14T21:43:00+05:30,captured,setl_00000037,
pay_260614001262,order_260614036,4504.00,upi_apps,90.08,2026-06-14T13:05:00+05:30,captured,setl_00000037,
pay_260614001263,order_260614036,1030.00,upi_apps,20.60,2026-06-14T18:43:00+05:30,captured,setl_00000037,
pay_260615001264,order_260615037,3473.00,upi_apps,69.46,2026-06-15T16:05:00+05:30,captured,setl_00000038,
pay_260615001265,order_260615037,1656.00,card,33.12,2026-06-15T20:22:00+05:30,captured,setl_00000038,
pay_260615001266,order_260615037,1506.00,netbanking,13.55,2026-06-15T08:42:00+05:30,captured,setl_00000038,
pay_260615001267,order_260615037,2598.00,card,51.96,2026-06-15T10:25:00+05:30,captured,setl_00000038,
pay_260615001268,order_260615037,2876.00,upi_apps,57.52,2026-06-15T11:51:00+05:30,captured,setl_00000038,
pay_260615001269,order_260615037,782.00,card,15.64,2026-06-15T16:30:00+05:30,captured,setl_00000038,
pay_260615001270,order_260615037,997.00,card,19.94,2026-06-15T20:52:00+05:30,captured,setl_00000038,
pay_260615001271,order_260615037,5104.00,upi_apps,102.08,2026-06-15T11:32:00+05:30,captured,setl_00000038,
pay_260615001272,order_260615037,2831.00,upi_apps,56.62,2026-06-15T13:53:00+05:30,captured,setl_00000038,
pay_260615001273,order_260615037,2227.00,card,44.54,2026-06-15T16:50:00+05:30,captured,setl_00000038,
pay_260615001274,order_260615037,3346.00,upi_apps,66.92,2026-06-15T12:38:00+05:30,captured,setl_00000038,
pay_260615001275,order_260615037,820.00,upi_apps,16.40,2026-06-15T18:51:00+05:30,captured,setl_00000038,
pay_260615001276,order_260615037,4535.00,netbanking,40.81,2026-06-15T11:25:00+05:30,captured,setl_00000038,
pay_260615001277,order_260615037,5283.00,upi_apps,105.66,2026-06-15T18:52:00+05:30,captured,setl_00000038,
pay_260615001278,order_260615037,5281.00,upi_apps,105.62,2026-06-15T10:57:00+05:30,captured,setl_00000038,
pay_260615001279,order_260615037,1022.00,upi_apps,20.44,2026-06-15T17:39:00+05:30,captured,setl_00000038,
pay_260615001280,order_260615037,4406.00,upi_apps,88.12,2026-06-15T13:23:00+05:30,captured,setl_00000038,
pay_260615001281,order_260615037,4528.00,upi_apps,90.56,2026-06-15T08:31:00+05:30,captured,setl_00000038,
pay_260615001282,order_260615037,2453.00,card,49.06,2026-06-15T21:46:00+05:30,captured,setl_00000038,
pay_260615001283,order_260615037,2768.00,card,55.36,2026-06-15T19:16:00+05:30,captured,setl_00000038,
pay_260615001284,order_260615037,3479.00,card,69.58,2026-06-15T10:47:00+05:30,captured,setl_00000038,
pay_260615001285,order_260615037,4458.00,card,89.16,2026-06-15T22:41:00+05:30,captured,setl_00000038,
pay_260615001286,order_260615037,2793.00,card,55.86,2026-06-15T20:54:00+05:30,captured,setl_00000038,
pay_260615001287,order_260615037,1015.00,upi_apps,20.30,2026-06-15T22:31:00+05:30,captured,setl_00000038,
pay_260615001288,order_260615037,1090.00,card,21.80,2026-06-15T11:43:00+05:30,captured,setl_00000038,
pay_260615001289,order_260615037,5143.00,card,102.86,2026-06-15T12:50:00+05:30,captured,setl_00000038,
pay_260615001290,order_260615037,2235.00,upi_apps,44.70,2026-06-15T17:55:00+05:30,captured,setl_00000038,
pay_260615001291,order_260615037,5122.00,upi_apps,102.44,2026-06-15T14:34:00+05:30,captured,setl_00000038,
pay_260615001292,order_260615037,921.00,card,18.42,2026-06-15T20:21:00+05:30,captured,setl_00000038,
pay_260615001293,order_260615037,2821.00,upi_apps,56.42,2026-06-15T13:02:00+05:30,captured,setl_00000038,
pay_260615001294,order_260615037,1603.00,upi_apps,32.06,2026-06-15T09:25:00+05:30,captured,setl_00000038,
pay_260615001295,order_260615037,2455.00,netbanking,22.09,2026-06-15T18:19:00+05:30,captured,setl_00000038,
pay_260615001296,order_260615037,3028.00,card,60.56,2026-06-15T13:59:00+05:30,captured,setl_00000038,
pay_260615001297,order_260615037,4507.00,wallet,90.14,2026-06-15T21:24:00+05:30,captured,setl_00000038,
pay_260615001298,order_260615037,2024.00,card,40.48,2026-06-15T14:38:00+05:30,captured,setl_00000038,
pay_260615001299,order_260615037,3586.00,upi_apps,71.72,2026-06-15T11:37:00+05:30,captured,setl_00000038,
pay_260615001300,order_260615037,5245.00,netbanking,47.20,2026-06-15T11:41:00+05:30,captured,setl_00000038,
pay_260615001301,order_260615037,1567.00,card,31.34,2026-06-15T15:22:00+05:30,captured,setl_00000038,
pay_260615001302,order_260615037,1221.00,card,24.42,2026-06-15T17:40:00+05:30,captured,setl_00000038,
pay_260615001303,order_260615037,1735.00,upi_apps,34.70,2026-06-15T20:36:00+05:30,captured,setl_00000038,
pay_260615001304,order_260615037,2570.00,netbanking,23.13,2026-06-15T10:58:00+05:30,captured,setl_00000038,
pay_260615001305,order_260615037,5042.00,upi_apps,100.84,2026-06-15T14:08:00+05:30,captured,setl_00000038,
pay_260616001306,order_260616038,4140.00,wallet,82.80,2026-06-16T19:02:00+05:30,captured,setl_00000039,
pay_260616001307,order_260616038,3670.00,card,73.40,2026-06-16T19:59:00+05:30,captured,setl_00000039,
pay_260616001308,order_260616038,620.00,card,12.40,2026-06-16T19:36:00+05:30,captured,setl_00000039,
pay_260616001309,order_260616038,1422.00,card,28.44,2026-06-16T12:56:00+05:30,captured,setl_00000039,
pay_260616001310,order_260616038,5106.00,netbanking,45.95,2026-06-16T14:14:00+05:30,captured,setl_00000039,
pay_260616001311,order_260616038,4093.00,netbanking,36.83,2026-06-16T22:44:00+05:30,captured,setl_00000039,
pay_260616001312,order_260616038,2411.00,upi_apps,48.22,2026-06-16T09:30:00+05:30,captured,setl_00000039,
pay_260616001313,order_260616038,855.00,upi_apps,17.10,2026-06-16T09:33:00+05:30,captured,setl_00000039,
pay_260616001314,order_260616038,3253.00,wallet,65.06,2026-06-16T09:51:00+05:30,captured,setl_00000039,
pay_260616001315,order_260616038,2819.00,card,56.38,2026-06-16T15:18:00+05:30,captured,setl_00000039,
pay_260616001316,order_260616038,2824.00,card,56.48,2026-06-16T18:03:00+05:30,captured,setl_00000039,
pay_260616001317,order_260616038,3996.00,upi_apps,79.92,2026-06-16T11:15:00+05:30,captured,setl_00000039,
pay_260616001318,order_260616038,2798.00,upi_apps,55.96,2026-06-16T15:37:00+05:30,captured,setl_00000039,
pay_260616001319,order_260616038,1706.00,upi_apps,34.12,2026-06-16T17:15:00+05:30,captured,setl_00000039,
pay_260616001320,order_260616038,1464.00,upi_apps,29.28,2026-06-16T20:58:00+05:30,captured,setl_00000039,
pay_260616001321,order_260616038,4908.00,wallet,98.16,2026-06-16T16:36:00+05:30,captured,setl_00000039,
pay_260616001322,order_260616038,2888.00,wallet,57.76,2026-06-16T17:33:00+05:30,captured,setl_00000039,
pay_260616001323,order_260616038,3417.00,wallet,68.34,2026-06-16T14:17:00+05:30,captured,setl_00000039,
pay_260616001324,order_260616038,2167.00,upi_apps,43.34,2026-06-16T21:56:00+05:30,captured,setl_00000039,
pay_260616001325,order_260616038,2864.00,upi_apps,57.28,2026-06-16T16:17:00+05:30,captured,setl_00000039,
pay_260616001326,order_260616038,3541.00,card,70.82,2026-06-16T17:32:00+05:30,captured,setl_00000039,
pay_260616001327,order_260616038,1706.00,upi_apps,34.12,2026-06-16T16:39:00+05:30,captured,setl_00000039,
pay_260616001328,order_260616038,2202.00,upi_apps,44.04,2026-06-16T18:07:00+05:30,captured,setl_00000039,
pay_260616001329,order_260616038,535.00,upi_apps,10.70,2026-06-16T15:19:00+05:30,captured,setl_00000039,
pay_260616001330,order_260616038,4231.00,wallet,84.62,2026-06-16T09:26:00+05:30,captured,setl_00000039,
pay_260616001331,order_260616038,3814.00,upi_apps,76.28,2026-06-16T08:57:00+05:30,captured,setl_00000039,
pay_260616001332,order_260616038,991.00,upi_apps,19.82,2026-06-16T19:01:00+05:30,captured,setl_00000039,
pay_260616001333,order_260616038,596.00,netbanking,5.36,2026-06-16T14:04:00+05:30,captured,setl_00000039,
pay_260616001334,order_260616038,1120.00,upi_apps,22.40,2026-06-16T14:56:00+05:30,captured,setl_00000039,
pay_260616001335,order_260616038,3888.00,upi_apps,77.76,2026-06-16T16:54:00+05:30,captured,setl_00000039,
pay_260616001336,order_260616038,804.00,upi_apps,16.08,2026-06-16T12:50:00+05:30,captured,setl_00000039,
pay_260616001337,order_260616038,2062.00,upi_apps,41.24,2026-06-16T19:07:00+05:30,captured,setl_00000039,
pay_260616001338,order_260616038,4663.00,upi_apps,93.26,2026-06-16T10:41:00+05:30,captured,setl_00000039,
pay_260616001339,order_260616038,3725.00,upi_apps,74.50,2026-06-16T10:44:00+05:30,captured,setl_00000039,
pay_260616001340,order_260616038,1328.00,upi_apps,26.56,2026-06-16T13:46:00+05:30,captured,setl_00000039,
pay_260616001341,order_260616038,2376.00,netbanking,21.38,2026-06-16T16:58:00+05:30,captured,setl_00000039,
pay_260616001342,order_260616038,4651.00,upi_apps,93.02,2026-06-16T14:36:00+05:30,captured,setl_00000039,
pay_260616001343,order_260616038,3558.00,netbanking,32.02,2026-06-16T21:09:00+05:30,captured,setl_00000039,
pay_260616001344,order_260616038,3774.00,wallet,75.48,2026-06-16T17:05:00+05:30,captured,setl_00000039,
pay_260617001345,order_260617039,1906.00,upi_apps,38.12,2026-06-17T19:49:00+05:30,captured,setl_00000040,
pay_260617001346,order_260617039,2958.00,card,59.16,2026-06-17T15:32:00+05:30,captured,setl_00000040,
pay_260617001347,order_260617039,2989.00,card,59.78,2026-06-17T20:50:00+05:30,captured,setl_00000040,
pay_260617001348,order_260617039,3665.00,upi_apps,73.30,2026-06-17T22:54:00+05:30,captured,setl_00000040,
pay_260617001349,order_260617039,2238.00,netbanking,20.14,2026-06-17T10:49:00+05:30,captured,setl_00000040,
pay_260617001350,order_260617039,2109.00,netbanking,18.98,2026-06-17T10:18:00+05:30,captured,setl_00000040,
pay_260617001351,order_260617039,3046.00,upi_apps,60.92,2026-06-17T13:23:00+05:30,captured,setl_00000040,
pay_260617001352,order_260617039,1274.00,upi_apps,25.48,2026-06-17T09:45:00+05:30,captured,setl_00000040,
pay_260617001353,order_260617039,1116.00,card,22.32,2026-06-17T15:04:00+05:30,captured,setl_00000040,
pay_260617001354,order_260617039,2736.00,upi_apps,54.72,2026-06-17T14:18:00+05:30,captured,setl_00000040,
pay_260617001355,order_260617039,1411.00,netbanking,12.69,2026-06-17T12:52:00+05:30,captured,setl_00000040,
pay_260617001356,order_260617039,1179.00,card,23.58,2026-06-17T18:53:00+05:30,captured,setl_00000040,
pay_260617001357,order_260617039,1710.00,upi_apps,34.20,2026-06-17T16:09:00+05:30,captured,setl_00000040,
pay_260617001358,order_260617039,1679.00,upi_apps,33.58,2026-06-17T16:35:00+05:30,captured,setl_00000040,
pay_260617001359,order_260617039,5031.00,upi_apps,100.62,2026-06-17T11:12:00+05:30,captured,setl_00000040,
pay_260617001360,order_260617039,2663.00,upi_apps,53.26,2026-06-17T21:08:00+05:30,captured,setl_00000040,
pay_260617001361,order_260617039,3345.00,card,66.90,2026-06-17T11:33:00+05:30,captured,setl_00000040,
pay_260617001362,order_260617039,1666.00,card,33.32,2026-06-17T08:51:00+05:30,captured,setl_00000040,
pay_260617001363,order_260617039,761.00,upi_apps,15.22,2026-06-17T14:37:00+05:30,captured,setl_00000040,
pay_260617001364,order_260617039,746.00,card,14.92,2026-06-17T12:44:00+05:30,captured,setl_00000040,
pay_260617001365,order_260617039,2724.00,upi_apps,54.48,2026-06-17T14:48:00+05:30,captured,setl_00000040,
pay_260617001366,order_260617039,2988.00,netbanking,26.89,2026-06-17T10:13:00+05:30,captured,setl_00000040,
pay_260617001367,order_260617039,4756.00,card,95.12,2026-06-17T13:32:00+05:30,captured,setl_00000040,
pay_260617001368,order_260617039,2755.00,wallet,55.10,2026-06-17T15:34:00+05:30,captured,setl_00000040,
pay_260617001369,order_260617039,2287.00,upi_apps,45.74,2026-06-17T14:11:00+05:30,captured,setl_00000040,
pay_260617001370,order_260617039,2908.00,card,58.16,2026-06-17T15:32:00+05:30,captured,setl_00000040,
pay_260617001371,order_260617039,1418.00,upi_apps,28.36,2026-06-17T15:52:00+05:30,captured,setl_00000040,
pay_260617001372,order_260617039,2623.00,upi_apps,52.46,2026-06-17T15:29:00+05:30,captured,setl_00000040,
pay_260617001373,order_260617039,1173.00,card,23.46,2026-06-17T15:50:00+05:30,captured,setl_00000040,
pay_260617001374,order_260617039,960.00,upi_apps,19.20,2026-06-17T20:38:00+05:30,captured,setl_00000040,
pay_260617001375,order_260617039,640.00,upi_apps,12.80,2026-06-17T13:37:00+05:30,captured,setl_00000040,
pay_260617001376,order_260617039,2009.00,upi_apps,40.18,2026-06-17T21:07:00+05:30,captured,setl_00000040,
pay_260617001377,order_260617039,847.00,upi_apps,16.94,2026-06-17T18:28:00+05:30,captured,setl_00000040,
pay_260617001378,order_260617039,5010.00,card,100.20,2026-06-17T16:08:00+05:30,captured,setl_00000040,
pay_260617001379,order_260617039,611.00,netbanking,5.49,2026-06-17T15:19:00+05:30,captured,setl_00000040,
pay_260618001380,order_260618040,1389.00,card,27.78,2026-06-18T18:38:00+05:30,captured,setl_00000041,
pay_260618001381,order_260618040,4538.00,netbanking,40.84,2026-06-18T16:02:00+05:30,captured,setl_00000041,
pay_260618001382,order_260618040,4739.00,upi_apps,94.78,2026-06-18T21:17:00+05:30,captured,setl_00000041,
pay_260618001383,order_260618040,782.00,upi_apps,15.64,2026-06-18T12:03:00+05:30,captured,setl_00000041,
pay_260618001384,order_260618040,1224.00,card,24.48,2026-06-18T15:01:00+05:30,captured,setl_00000041,
pay_260618001385,order_260618040,1222.00,upi_apps,24.44,2026-06-18T20:10:00+05:30,captured,setl_00000041,
pay_260618001386,order_260618040,4699.00,card,93.98,2026-06-18T18:15:00+05:30,captured,setl_00000041,
pay_260618001387,order_260618040,4816.00,upi_apps,96.32,2026-06-18T11:15:00+05:30,captured,setl_00000041,
pay_260618001388,order_260618040,2613.00,upi_apps,52.26,2026-06-18T11:26:00+05:30,captured,setl_00000041,
pay_260618001389,order_260618040,1867.00,upi_apps,37.34,2026-06-18T17:15:00+05:30,captured,setl_00000041,
pay_260618001390,order_260618040,1120.00,upi_apps,22.40,2026-06-18T20:37:00+05:30,captured,setl_00000041,
pay_260618001391,order_260618040,917.00,upi_apps,18.34,2026-06-18T20:33:00+05:30,captured,setl_00000041,
pay_260618001392,order_260618040,2431.00,upi_apps,48.62,2026-06-18T09:03:00+05:30,captured,setl_00000041,
pay_260618001393,order_260618040,2477.00,netbanking,22.29,2026-06-18T12:06:00+05:30,captured,setl_00000041,
pay_260618001394,order_260618040,2362.00,upi_apps,47.24,2026-06-18T15:28:00+05:30,captured,setl_00000041,
pay_260618001395,order_260618040,1254.00,upi_apps,25.08,2026-06-18T18:29:00+05:30,captured,setl_00000041,
pay_260618001396,order_260618040,2525.00,card,50.50,2026-06-18T18:14:00+05:30,captured,setl_00000041,
pay_260618001397,order_260618040,3064.00,upi_apps,61.28,2026-06-18T15:38:00+05:30,captured,setl_00000041,
pay_260618001398,order_260618040,5268.00,upi_apps,105.36,2026-06-18T22:21:00+05:30,captured,setl_00000041,
pay_260618001399,order_260618040,900.00,card,18.00,2026-06-18T08:32:00+05:30,captured,setl_00000041,
pay_260618001400,order_260618040,1539.00,upi_apps,30.78,2026-06-18T14:24:00+05:30,captured,setl_00000041,
pay_260618001401,order_260618040,4676.00,upi_apps,93.52,2026-06-18T10:12:00+05:30,captured,setl_00000041,
pay_260618001402,order_260618040,3529.00,upi_apps,70.58,2026-06-18T13:20:00+05:30,captured,setl_00000041,
pay_260618001403,order_260618040,3405.00,upi_apps,68.10,2026-06-18T09:38:00+05:30,captured,setl_00000041,
pay_260618001404,order_260618040,5160.00,upi_apps,103.20,2026-06-18T20:00:00+05:30,captured,setl_00000041,
pay_260618001405,order_260618040,650.00,netbanking,5.85,2026-06-18T15:42:00+05:30,captured,setl_00000041,
pay_260618001406,order_260618040,2861.00,upi_apps,57.22,2026-06-18T19:54:00+05:30,captured,setl_00000041,
pay_260618001407,order_260618040,3991.00,upi_apps,79.82,2026-06-18T15:10:00+05:30,captured,setl_00000041,
pay_260618001408,order_260618040,1093.00,card,21.86,2026-06-18T09:53:00+05:30,captured,setl_00000041,
pay_260618001409,order_260618040,1392.00,card,27.84,2026-06-18T12:52:00+05:30,captured,setl_00000041,
pay_260618001410,order_260618040,3308.00,upi_apps,66.16,2026-06-18T13:22:00+05:30,captured,setl_00000041,
pay_260618001411,order_260618040,691.00,upi_apps,13.82,2026-06-18T14:25:00+05:30,captured,setl_00000041,
pay_260618001412,order_260618040,2188.00,upi_apps,43.76,2026-06-18T14:04:00+05:30,captured,setl_00000041,
pay_260618001413,order_260618040,3210.00,upi_apps,64.20,2026-06-18T09:15:00+05:30,captured,setl_00000041,
pay_260618001414,order_260618040,2144.00,wallet,42.88,2026-06-18T08:59:00+05:30,captured,setl_00000041,
pay_260618001415,order_260618040,4293.00,card,85.86,2026-06-18T17:42:00+05:30,captured,setl_00000041,
pay_260618001416,order_260618040,2120.00,upi_apps,42.40,2026-06-18T10:20:00+05:30,captured,setl_00000041,
pay_260618001417,order_260618040,4483.00,card,89.66,2026-06-18T12:18:00+05:30,captured,setl_00000041,
pay_260618001418,order_260618040,3648.00,upi_apps,72.96,2026-06-18T22:42:00+05:30,captured,setl_00000041,
pay_260618001419,order_260618040,2976.00,upi_apps,59.52,2026-06-18T08:49:00+05:30,captured,setl_00000041,
pay_260618001420,order_260618040,4940.00,card,98.80,2026-06-18T11:14:00+05:30,captured,setl_00000041,
pay_260618001421,order_260618040,4808.00,card,96.16,2026-06-18T21:35:00+05:30,captured,setl_00000041,
pay_260618001422,order_260618040,3273.00,card,65.46,2026-06-18T22:59:00+05:30,captured,setl_00000041,
pay_260618001423,order_260618040,3238.00,upi_apps,64.76,2026-06-18T20:25:00+05:30,captured,setl_00000041,
pay_260618001424,order_260618040,3712.00,upi_apps,74.24,2026-06-18T15:06:00+05:30,captured,setl_00000041,
pay_260618001425,order_260618040,3869.00,upi_apps,77.38,2026-06-18T21:02:00+05:30,captured,setl_00000041,
pay_260618001426,order_260618040,3679.00,card,73.58,2026-06-18T09:50:00+05:30,captured,setl_00000041,
pay_260618001427,order_260618040,3303.00,upi_apps,66.06,2026-06-18T09:40:00+05:30,captured,setl_00000041,
pay_260618001428,order_260618040,5042.00,upi_apps,100.84,2026-06-18T19:27:00+05:30,captured,setl_00000041,
pay_260619001429,order_260619041,3139.00,upi_apps,62.78,2026-06-19T21:49:00+05:30,captured,setl_00000042,
pay_260619001430,order_260619041,2019.00,upi_apps,40.38,2026-06-19T14:42:00+05:30,captured,setl_00000042,
pay_260619001431,order_260619041,3173.00,card,63.46,2026-06-19T16:27:00+05:30,captured,setl_00000042,
pay_260619001432,order_260619041,3006.00,card,60.12,2026-06-19T10:48:00+05:30,captured,setl_00000042,
pay_260619001433,order_260619041,4760.00,card,95.20,2026-06-19T09:56:00+05:30,captured,setl_00000042,
pay_260619001434,order_260619041,2717.00,netbanking,24.45,2026-06-19T10:51:00+05:30,captured,setl_00000042,
pay_260619001435,order_260619041,1295.00,upi_apps,25.90,2026-06-19T15:07:00+05:30,captured,setl_00000042,
pay_260619001436,order_260619041,3414.00,upi_apps,68.28,2026-06-19T19:12:00+05:30,captured,setl_00000042,
pay_260619001437,order_260619041,2969.00,upi_apps,59.38,2026-06-19T16:43:00+05:30,captured,setl_00000042,
pay_260619001438,order_260619041,2170.00,upi_apps,43.40,2026-06-19T12:18:00+05:30,captured,setl_00000042,
pay_260619001439,order_260619041,887.00,upi_apps,17.74,2026-06-19T14:23:00+05:30,captured,setl_00000042,
pay_260619001440,order_260619041,1595.00,card,31.90,2026-06-19T13:33:00+05:30,captured,setl_00000042,
pay_260619001441,order_260619041,2781.00,upi_apps,55.62,2026-06-19T19:02:00+05:30,captured,setl_00000042,
pay_260619001442,order_260619041,1100.00,card,22.00,2026-06-19T20:24:00+05:30,captured,setl_00000042,
pay_260619001443,order_260619041,4475.00,netbanking,40.27,2026-06-19T19:29:00+05:30,captured,setl_00000042,
pay_260619001444,order_260619041,1057.00,upi_apps,21.14,2026-06-19T13:03:00+05:30,captured,setl_00000042,
pay_260619001445,order_260619041,1575.00,wallet,31.50,2026-06-19T12:11:00+05:30,captured,setl_00000042,
pay_260619001446,order_260619041,750.00,card,15.00,2026-06-19T10:56:00+05:30,captured,setl_00000042,
pay_260619001447,order_260619041,3629.00,card,72.58,2026-06-19T09:14:00+05:30,captured,setl_00000042,
pay_260619001448,order_260619041,3277.00,card,65.54,2026-06-19T22:59:00+05:30,captured,setl_00000042,
pay_260619001449,order_260619041,5258.00,card,105.16,2026-06-19T16:38:00+05:30,captured,setl_00000042,
pay_260619001450,order_260619041,3707.00,upi_apps,74.14,2026-06-19T22:35:00+05:30,captured,setl_00000042,
pay_260619001451,order_260619041,5345.00,netbanking,48.10,2026-06-19T12:57:00+05:30,captured,setl_00000042,
pay_260619001452,order_260619041,909.00,card,18.18,2026-06-19T10:10:00+05:30,captured,setl_00000042,
pay_260619001453,order_260619041,1268.00,upi_apps,25.36,2026-06-19T13:04:00+05:30,captured,setl_00000042,
pay_260619001454,order_260619041,468.00,netbanking,4.21,2026-06-19T10:25:00+05:30,captured,setl_00000042,
pay_260619001455,order_260619041,2346.00,card,46.92,2026-06-19T14:11:00+05:30,captured,setl_00000042,
pay_260619001456,order_260619041,2658.00,upi_apps,53.16,2026-06-19T16:07:00+05:30,captured,setl_00000042,
pay_260619001457,order_260619041,4621.00,card,92.42,2026-06-19T16:50:00+05:30,captured,setl_00000042,
pay_260619001458,order_260619041,5104.00,upi_apps,102.08,2026-06-19T14:29:00+05:30,captured,setl_00000042,
pay_260619001459,order_260619041,1548.00,netbanking,13.93,2026-06-19T15:38:00+05:30,captured,setl_00000042,
pay_260619001460,order_260619041,1620.00,card,32.40,2026-06-19T22:44:00+05:30,captured,setl_00000042,
pay_260619001461,order_260619041,4292.00,upi_apps,85.84,2026-06-19T15:09:00+05:30,captured,setl_00000042,
pay_260619001462,order_260619041,5286.00,upi_apps,105.72,2026-06-19T11:58:00+05:30,captured,setl_00000042,
pay_260619001463,order_260619041,757.00,upi_apps,15.14,2026-06-19T14:02:00+05:30,captured,setl_00000042,
pay_260621001464,order_260621042,2277.00,upi_apps,45.54,2026-06-21T13:51:00+05:30,captured,setl_00000043,
pay_260621001465,order_260621042,754.00,card,15.08,2026-06-21T12:44:00+05:30,captured,setl_00000043,
pay_260621001466,order_260621042,1872.00,wallet,37.44,2026-06-21T20:31:00+05:30,captured,setl_00000043,
pay_260621001467,order_260621042,4803.00,card,96.06,2026-06-21T13:43:00+05:30,captured,setl_00000043,
pay_260621001468,order_260621042,4250.00,card,85.00,2026-06-21T20:53:00+05:30,captured,setl_00000043,
pay_260621001469,order_260621042,2314.00,upi_apps,46.28,2026-06-21T09:10:00+05:30,captured,setl_00000043,
pay_260621001470,order_260621042,1813.00,upi_apps,36.26,2026-06-21T18:00:00+05:30,captured,setl_00000043,
pay_260621001471,order_260621042,2123.00,upi_apps,42.46,2026-06-21T14:31:00+05:30,captured,setl_00000043,
pay_260621001472,order_260621042,3025.00,upi_apps,60.50,2026-06-21T22:36:00+05:30,captured,setl_00000043,
pay_260621001473,order_260621042,1942.00,netbanking,17.47,2026-06-21T16:18:00+05:30,captured,setl_00000043,
pay_260621001474,order_260621042,936.00,upi_apps,18.72,2026-06-21T11:33:00+05:30,captured,setl_00000043,
pay_260622001475,order_260622043,1298.00,upi_apps,25.96,2026-06-22T20:45:00+05:30,captured,setl_00000044,
pay_260622001476,order_260622043,1596.00,upi_apps,31.92,2026-06-22T11:01:00+05:30,captured,setl_00000044,
pay_260622001477,order_260622043,3676.00,netbanking,33.08,2026-06-22T17:37:00+05:30,captured,setl_00000044,
pay_260622001478,order_260622043,1357.00,upi_apps,27.14,2026-06-22T19:40:00+05:30,captured,setl_00000044,
pay_260622001479,order_260622043,1817.00,upi_apps,36.34,2026-06-22T21:49:00+05:30,captured,setl_00000044,
pay_260622001480,order_260622043,2754.00,card,55.08,2026-06-22T16:14:00+05:30,captured,setl_00000044,
pay_260622001481,order_260622043,2166.00,card,43.32,2026-06-22T12:20:00+05:30,captured,setl_00000044,
pay_260622001482,order_260622043,1939.00,wallet,38.78,2026-06-22T08:16:00+05:30,captured,setl_00000044,
pay_260622001483,order_260622043,2205.00,netbanking,19.84,2026-06-22T13:43:00+05:30,captured,setl_00000044,
pay_260622001484,order_260622043,473.00,card,9.46,2026-06-22T17:14:00+05:30,captured,setl_00000044,
pay_260622001485,order_260622043,2748.00,upi_apps,54.96,2026-06-22T15:12:00+05:30,captured,setl_00000044,
pay_260622001486,order_260622043,2407.00,upi_apps,48.14,2026-06-22T15:31:00+05:30,captured,setl_00000044,
pay_260622001487,order_260622043,1835.00,upi_apps,36.70,2026-06-22T14:49:00+05:30,captured,setl_00000044,
pay_260622001488,order_260622043,2673.00,upi_apps,53.46,2026-06-22T09:04:00+05:30,captured,setl_00000044,
pay_260622001489,order_260622043,2462.00,upi_apps,49.24,2026-06-22T16:38:00+05:30,captured,setl_00000044,
pay_260622001490,order_260622043,4628.00,card,92.56,2026-06-22T14:12:00+05:30,captured,setl_00000044,
pay_260622001491,order_260622043,4113.00,upi_apps,82.26,2026-06-22T18:09:00+05:30,captured,setl_00000044,
pay_260622001492,order_260622043,2797.00,card,55.94,2026-06-22T13:56:00+05:30,captured,setl_00000044,
pay_260622001493,order_260622043,4732.00,upi_apps,94.64,2026-06-22T17:27:00+05:30,captured,setl_00000044,
pay_260622001494,order_260622043,3729.00,wallet,74.58,2026-06-22T09:57:00+05:30,captured,setl_00000044,
pay_260622001495,order_260622043,551.00,card,11.02,2026-06-22T09:30:00+05:30,captured,setl_00000044,
pay_260622001496,order_260622043,4544.00,wallet,90.88,2026-06-22T12:48:00+05:30,captured,setl_00000044,
pay_260622001497,order_260622043,1612.00,card,32.24,2026-06-22T12:03:00+05:30,captured,setl_00000044,
pay_260622001498,order_260622043,1029.00,card,20.58,2026-06-22T13:03:00+05:30,captured,setl_00000044,
pay_260622001499,order_260622043,4996.00,upi_apps,99.92,2026-06-22T21:16:00+05:30,captured,setl_00000044,
pay_260622001500,order_260622043,749.00,upi_apps,14.98,2026-06-22T17:21:00+05:30,captured,setl_00000044,
pay_260622001501,order_260622043,2279.00,upi_apps,45.58,2026-06-22T15:30:00+05:30,captured,setl_00000044,
pay_260622001502,order_260622043,2998.00,upi_apps,59.96,2026-06-22T19:07:00+05:30,captured,setl_00000044,
pay_260622001503,order_260622043,3796.00,card,75.92,2026-06-22T21:34:00+05:30,captured,setl_00000044,
pay_260622001504,order_260622043,986.00,card,19.72,2026-06-22T14:41:00+05:30,captured,setl_00000044,
pay_260622001505,order_260622043,3347.00,wallet,66.94,2026-06-22T12:25:00+05:30,captured,setl_00000044,
pay_260622001506,order_260622043,4700.00,upi_apps,94.00,2026-06-22T09:17:00+05:30,captured,setl_00000044,
pay_260622001507,order_260622043,3862.00,netbanking,34.75,2026-06-22T15:19:00+05:30,captured,setl_00000044,
pay_260622001508,order_260622043,4493.00,upi_apps,89.86,2026-06-22T20:10:00+05:30,captured,setl_00000044,
pay_260622001509,order_260622043,4606.00,netbanking,41.45,2026-06-22T13:52:00+05:30,captured,setl_00000044,
pay_260622001510,order_260622043,4769.00,upi_apps,95.38,2026-06-22T19:54:00+05:30,captured,setl_00000044,
pay_260622001511,order_260622043,2557.00,upi_apps,51.14,2026-06-22T20:49:00+05:30,captured,setl_00000044,
pay_260622001512,order_260622043,3479.00,wallet,69.58,2026-06-22T19:12:00+05:30,captured,setl_00000044,
pay_260622001513,order_260622043,3420.00,card,68.40,2026-06-22T20:59:00+05:30,captured,setl_00000044,
pay_260622001514,order_260622043,4753.00,upi_apps,95.06,2026-06-22T13:38:00+05:30,captured,setl_00000044,
pay_260622001515,order_260622043,2654.00,netbanking,23.88,2026-06-22T16:39:00+05:30,captured,setl_00000044,
pay_260623001516,order_260623044,875.00,upi_apps,17.50,2026-06-23T08:19:00+05:30,captured,setl_00000045,
pay_260623001517,order_260623044,2919.00,upi_apps,58.38,2026-06-23T09:43:00+05:30,captured,setl_00000045,
pay_260623001518,order_260623044,5156.00,upi_apps,103.12,2026-06-23T17:10:00+05:30,captured,setl_00000045,
pay_260623001519,order_260623044,3176.00,upi_apps,63.52,2026-06-23T15:58:00+05:30,captured,setl_00000045,
pay_260623001520,order_260623044,2878.00,upi_apps,57.56,2026-06-23T11:09:00+05:30,captured,setl_00000045,
pay_260623001521,order_260623044,1337.00,card,26.74,2026-06-23T19:39:00+05:30,captured,setl_00000045,
pay_260623001522,order_260623044,5343.00,upi_apps,106.86,2026-06-23T20:27:00+05:30,captured,setl_00000045,
pay_260623001523,order_260623044,2432.00,upi_apps,48.64,2026-06-23T19:16:00+05:30,captured,setl_00000045,
pay_260623001524,order_260623044,3501.00,netbanking,31.50,2026-06-23T11:37:00+05:30,captured,setl_00000045,
pay_260623001525,order_260623044,3504.00,upi_apps,70.08,2026-06-23T14:59:00+05:30,captured,setl_00000045,
pay_260623001526,order_260623044,2686.00,upi_apps,53.72,2026-06-23T13:09:00+05:30,captured,setl_00000045,
pay_260623001527,order_260623044,2625.00,upi_apps,52.50,2026-06-23T16:58:00+05:30,captured,setl_00000045,
pay_260623001528,order_260623044,2671.00,upi_apps,53.42,2026-06-23T21:39:00+05:30,captured,setl_00000045,
pay_260623001529,order_260623044,2574.00,netbanking,23.16,2026-06-23T21:59:00+05:30,captured,setl_00000045,
pay_260623001530,order_260623044,1514.00,netbanking,13.62,2026-06-23T08:19:00+05:30,captured,setl_00000045,
pay_260623001531,order_260623044,454.00,card,9.08,2026-06-23T17:11:00+05:30,captured,setl_00000045,
pay_260623001532,order_260623044,4154.00,card,83.08,2026-06-23T13:25:00+05:30,captured,setl_00000045,
pay_260623001533,order_260623044,1258.00,card,25.16,2026-06-23T08:42:00+05:30,captured,setl_00000045,
pay_260623001534,order_260623044,1819.00,upi_apps,36.38,2026-06-23T19:48:00+05:30,captured,setl_00000045,
pay_260623001535,order_260623044,3138.00,netbanking,28.24,2026-06-23T13:40:00+05:30,captured,setl_00000045,
pay_260623001536,order_260623044,2314.00,upi_apps,46.28,2026-06-23T12:27:00+05:30,captured,setl_00000045,
pay_260623001537,order_260623044,3515.00,wallet,70.30,2026-06-23T17:24:00+05:30,captured,setl_00000045,
pay_260623001538,order_260623044,3955.00,netbanking,35.59,2026-06-23T19:43:00+05:30,captured,setl_00000045,
pay_260623001539,order_260623044,4222.00,netbanking,37.99,2026-06-23T10:37:00+05:30,captured,setl_00000045,
pay_260623001540,order_260623044,3001.00,netbanking,27.00,2026-06-23T13:30:00+05:30,captured,setl_00000045,
pay_260623001541,order_260623044,3749.00,upi_apps,74.98,2026-06-23T20:08:00+05:30,captured,setl_00000045,
pay_260623001542,order_260623044,1939.00,upi_apps,38.78,2026-06-23T09:31:00+05:30,captured,setl_00000045,
pay_260623001543,order_260623044,4416.00,upi_apps,88.32,2026-06-23T11:51:00+05:30,captured,setl_00000045,
pay_260623001544,order_260623044,1056.00,wallet,21.12,2026-06-23T12:16:00+05:30,captured,setl_00000045,
pay_260623001545,order_260623044,2905.00,card,58.10,2026-06-23T22:59:00+05:30,captured,setl_00000045,
pay_260623001546,order_260623044,1973.00,netbanking,17.75,2026-06-23T22:41:00+05:30,captured,setl_00000045,
pay_260623001547,order_260623044,2967.00,upi_apps,59.34,2026-06-23T16:11:00+05:30,captured,setl_00000045,
pay_260624001548,order_260624045,3630.00,upi_apps,72.60,2026-06-24T10:37:00+05:30,captured,setl_00000046,
pay_260624001549,order_260624045,2533.00,card,50.66,2026-06-24T15:06:00+05:30,captured,setl_00000046,
pay_260624001550,order_260624045,1589.00,upi_apps,31.78,2026-06-24T11:54:00+05:30,captured,setl_00000046,
pay_260624001551,order_260624045,1503.00,card,30.06,2026-06-24T19:45:00+05:30,captured,setl_00000046,
pay_260624001552,order_260624045,4740.00,wallet,94.80,2026-06-24T17:06:00+05:30,captured,setl_00000046,
pay_260624001553,order_260624045,2403.00,upi_apps,48.06,2026-06-24T15:04:00+05:30,captured,setl_00000046,
pay_260624001554,order_260624045,2567.00,upi_apps,51.34,2026-06-24T22:30:00+05:30,captured,setl_00000046,
pay_260624001555,order_260624045,4962.00,card,99.24,2026-06-24T08:05:00+05:30,captured,setl_00000046,
pay_260624001556,order_260624045,2893.00,upi_apps,57.86,2026-06-24T08:46:00+05:30,captured,setl_00000046,
pay_260624001557,order_260624045,790.00,wallet,15.80,2026-06-24T18:05:00+05:30,captured,setl_00000046,
pay_260624001558,order_260624045,3811.00,netbanking,34.29,2026-06-24T19:06:00+05:30,captured,setl_00000046,
pay_260624001559,order_260624045,839.00,card,16.78,2026-06-24T15:46:00+05:30,captured,setl_00000046,
pay_260624001560,order_260624045,2416.00,upi_apps,48.32,2026-06-24T19:15:00+05:30,captured,setl_00000046,
pay_260624001561,order_260624045,2396.00,upi_apps,47.92,2026-06-24T21:02:00+05:30,captured,setl_00000046,
pay_260624001562,order_260624045,4924.00,upi_apps,98.48,2026-06-24T09:14:00+05:30,captured,setl_00000046,
pay_260624001563,order_260624045,968.00,card,19.36,2026-06-24T10:28:00+05:30,captured,setl_00000046,
pay_260624001564,order_260624045,683.00,upi_apps,13.66,2026-06-24T20:56:00+05:30,captured,setl_00000046,
pay_260624001565,order_260624045,2513.00,wallet,50.26,2026-06-24T10:16:00+05:30,captured,setl_00000046,
pay_260624001566,order_260624045,5322.00,card,106.44,2026-06-24T13:00:00+05:30,captured,setl_00000046,
pay_260624001567,order_260624045,4784.00,wallet,95.68,2026-06-24T08:31:00+05:30,captured,setl_00000046,
pay_260624001568,order_260624045,1143.00,upi_apps,22.86,2026-06-24T22:02:00+05:30,captured,setl_00000046,
pay_260624001569,order_260624045,1617.00,upi_apps,32.34,2026-06-24T14:07:00+05:30,captured,setl_00000046,
pay_260624001570,order_260624045,4207.00,upi_apps,84.14,2026-06-24T11:30:00+05:30,captured,setl_00000046,
pay_260624001571,order_260624045,1214.00,upi_apps,24.28,2026-06-24T11:11:00+05:30,captured,setl_00000046,
pay_260624001572,order_260624045,1171.00,upi_apps,23.42,2026-06-24T08:01:00+05:30,captured,setl_00000046,
pay_260624001573,order_260624045,3765.00,upi_apps,75.30,2026-06-24T12:58:00+05:30,captured,setl_00000046,
pay_260624001574,order_260624045,3257.00,card,65.14,2026-06-24T09:07:00+05:30,captured,setl_00000046,
pay_260624001575,order_260624045,1763.00,netbanking,15.86,2026-06-24T17:45:00+05:30,captured,setl_00000046,
pay_260624001576,order_260624045,977.00,upi_apps,19.54,2026-06-24T11:00:00+05:30,captured,setl_00000046,
pay_260624001577,order_260624045,3310.00,upi_apps,66.20,2026-06-24T14:36:00+05:30,captured,setl_00000046,
pay_260624001578,order_260624045,2031.00,upi_apps,40.62,2026-06-24T21:15:00+05:30,captured,setl_00000046,
pay_260625001579,order_260625046,3052.00,upi_apps,61.04,2026-06-25T18:16:00+05:30,captured,setl_00000047,
pay_260625001580,order_260625046,2130.00,upi_apps,42.60,2026-06-25T21:40:00+05:30,captured,setl_00000047,
pay_260625001581,order_260625046,4352.00,upi_apps,87.04,2026-06-25T17:44:00+05:30,captured,setl_00000047,
pay_260625001582,order_260625046,3035.00,upi_apps,60.70,2026-06-25T15:13:00+05:30,captured,setl_00000047,
pay_260625001583,order_260625046,5391.00,upi_apps,107.82,2026-06-25T17:59:00+05:30,captured,setl_00000047,
pay_260625001584,order_260625046,4992.00,upi_apps,99.84,2026-06-25T22:28:00+05:30,captured,setl_00000047,
pay_260625001585,order_260625046,4293.00,wallet,85.86,2026-06-25T10:15:00+05:30,captured,setl_00000047,
pay_260625001586,order_260625046,4465.00,upi_apps,89.30,2026-06-25T17:03:00+05:30,captured,setl_00000047,
pay_260625001587,order_260625046,1550.00,upi_apps,31.00,2026-06-25T12:23:00+05:30,captured,setl_00000047,
pay_260625001588,order_260625046,3844.00,upi_apps,76.88,2026-06-25T20:01:00+05:30,captured,setl_00000047,
pay_260625001589,order_260625046,929.00,upi_apps,18.58,2026-06-25T17:39:00+05:30,captured,setl_00000047,
pay_260625001590,order_260625046,4271.00,card,85.42,2026-06-25T16:08:00+05:30,captured,setl_00000047,
pay_260625001591,order_260625046,1509.00,card,30.18,2026-06-25T22:31:00+05:30,captured,setl_00000047,
pay_260625001592,order_260625046,4729.00,card,94.58,2026-06-25T15:19:00+05:30,captured,setl_00000047,
pay_260625001593,order_260625046,517.00,upi_apps,10.34,2026-06-25T20:20:00+05:30,captured,setl_00000047,
pay_260625001594,order_260625046,3220.00,upi_apps,64.40,2026-06-25T10:21:00+05:30,captured,setl_00000047,
pay_260625001595,order_260625046,2293.00,upi_apps,45.86,2026-06-25T18:51:00+05:30,captured,setl_00000047,
pay_260625001596,order_260625046,5155.00,upi_apps,103.10,2026-06-25T13:17:00+05:30,captured,setl_00000047,
pay_260625001597,order_260625046,4193.00,card,83.86,2026-06-25T21:01:00+05:30,captured,setl_00000047,
pay_260625001598,order_260625046,4776.00,netbanking,42.98,2026-06-25T12:10:00+05:30,captured,setl_00000047,
pay_260625001599,order_260625046,5215.00,wallet,104.30,2026-06-25T10:03:00+05:30,captured,setl_00000047,
pay_260625001600,order_260625046,5125.00,upi_apps,102.50,2026-06-25T22:00:00+05:30,captured,setl_00000047,
pay_260625001601,order_260625046,3109.00,upi_apps,62.18,2026-06-25T15:26:00+05:30,captured,setl_00000047,
pay_260625001602,order_260625046,5241.00,upi_apps,104.82,2026-06-25T22:50:00+05:30,captured,setl_00000047,
pay_260625001603,order_260625046,1089.00,card,21.78,2026-06-25T08:43:00+05:30,captured,setl_00000047,
pay_260625001604,order_260625046,2055.00,wallet,41.10,2026-06-25T17:47:00+05:30,captured,setl_00000047,
pay_260625001605,order_260625046,862.00,netbanking,7.75,2026-06-25T15:40:00+05:30,captured,setl_00000047,
pay_260625001606,order_260625046,1521.00,card,30.42,2026-06-25T22:34:00+05:30,captured,setl_00000047,
pay_260625001607,order_260625046,612.00,netbanking,5.50,2026-06-25T22:50:00+05:30,captured,setl_00000047,
pay_260625001608,order_260625046,1868.00,netbanking,16.81,2026-06-25T14:32:00+05:30,captured,setl_00000047,
pay_260625001609,order_260625046,4098.00,upi_apps,81.96,2026-06-25T18:32:00+05:30,captured,setl_00000047,
pay_260625001610,order_260625046,3218.00,upi_apps,64.36,2026-06-25T09:11:00+05:30,captured,setl_00000047,
pay_260625001611,order_260625046,4739.00,wallet,94.78,2026-06-25T13:28:00+05:30,captured,setl_00000047,
pay_260625001612,order_260625046,3902.00,upi_apps,78.04,2026-06-25T20:17:00+05:30,captured,setl_00000047,
pay_260625001613,order_260625046,2881.00,wallet,57.62,2026-06-25T09:28:00+05:30,captured,setl_00000047,
pay_260625001614,order_260625046,2207.00,wallet,44.14,2026-06-25T11:03:00+05:30,captured,setl_00000047,
pay_260625001615,order_260625046,3131.00,netbanking,28.17,2026-06-25T11:40:00+05:30,captured,setl_00000047,
pay_260625001616,order_260625046,4283.00,upi_apps,85.66,2026-06-25T10:46:00+05:30,captured,setl_00000047,
pay_260625001617,order_260625046,5311.00,wallet,106.22,2026-06-25T21:20:00+05:30,captured,setl_00000047,
pay_260625001618,order_260625046,4983.00,netbanking,44.84,2026-06-25T19:56:00+05:30,captured,setl_00000047,
pay_260625001619,order_260625046,742.00,card,14.84,2026-06-25T10:11:00+05:30,captured,setl_00000047,
pay_260625001620,order_260625046,1330.00,wallet,26.60,2026-06-25T13:21:00+05:30,captured,setl_00000047,
pay_260625001621,order_260625046,1820.00,card,36.40,2026-06-25T09:41:00+05:30,captured,setl_00000047,
pay_260625001622,order_260625046,2033.00,card,40.66,2026-06-25T13:40:00+05:30,captured,setl_00000047,
pay_260625001623,order_260625046,3102.00,upi_apps,62.04,2026-06-25T15:57:00+05:30,captured,setl_00000047,
pay_260626001624,order_260626047,2426.00,netbanking,21.83,2026-06-26T11:50:00+05:30,captured,setl_00000048,
pay_260626001625,order_260626047,2991.00,upi_apps,59.82,2026-06-26T08:02:00+05:30,captured,setl_00000048,
pay_260626001626,order_260626047,5127.00,netbanking,46.14,2026-06-26T19:27:00+05:30,captured,setl_00000048,
pay_260626001627,order_260626047,5226.00,card,104.52,2026-06-26T19:54:00+05:30,captured,setl_00000048,
pay_260626001628,order_260626047,1736.00,netbanking,15.62,2026-06-26T12:14:00+05:30,captured,setl_00000048,
pay_260626001629,order_260626047,2673.00,card,53.46,2026-06-26T20:50:00+05:30,captured,setl_00000048,
pay_260626001630,order_260626047,3409.00,card,68.18,2026-06-26T09:57:00+05:30,captured,setl_00000048,
pay_260626001631,order_260626047,1161.00,card,23.22,2026-06-26T22:39:00+05:30,captured,setl_00000048,
pay_260626001632,order_260626047,1797.00,upi_apps,35.94,2026-06-26T20:36:00+05:30,captured,setl_00000048,
pay_260626001633,order_260626047,3542.00,upi_apps,70.84,2026-06-26T18:25:00+05:30,captured,setl_00000048,
pay_260626001634,order_260626047,2222.00,upi_apps,44.44,2026-06-26T16:50:00+05:30,captured,setl_00000048,
pay_260626001635,order_260626047,4585.00,upi_apps,91.70,2026-06-26T10:02:00+05:30,captured,setl_00000048,
pay_260626001636,order_260626047,3115.00,wallet,62.30,2026-06-26T09:51:00+05:30,captured,setl_00000048,
pay_260626001637,order_260626047,2008.00,upi_apps,40.16,2026-06-26T20:18:00+05:30,captured,setl_00000048,
pay_260626001638,order_260626047,2336.00,wallet,46.72,2026-06-26T19:25:00+05:30,captured,setl_00000048,
pay_260626001639,order_260626047,4164.00,upi_apps,83.28,2026-06-26T14:22:00+05:30,captured,setl_00000048,
pay_260626001640,order_260626047,2493.00,wallet,49.86,2026-06-26T14:02:00+05:30,captured,setl_00000048,
pay_260626001641,order_260626047,2955.00,card,59.10,2026-06-26T15:51:00+05:30,captured,setl_00000048,
pay_260626001642,order_260626047,3552.00,upi_apps,71.04,2026-06-26T10:13:00+05:30,captured,setl_00000048,
pay_260626001643,order_260626047,4554.00,wallet,91.08,2026-06-26T21:57:00+05:30,captured,setl_00000048,
pay_260626001644,order_260626047,3677.00,upi_apps,73.54,2026-06-26T08:40:00+05:30,captured,setl_00000048,
pay_260626001645,order_260626047,1855.00,card,37.10,2026-06-26T22:16:00+05:30,captured,setl_00000048,
pay_260626001646,order_260626047,1378.00,upi_apps,27.56,2026-06-26T09:49:00+05:30,captured,setl_00000048,
pay_260626001647,order_260626047,4053.00,wallet,81.06,2026-06-26T21:54:00+05:30,captured,setl_00000048,
pay_260626001648,order_260626047,1594.00,upi_apps,31.88,2026-06-26T20:52:00+05:30,captured,setl_00000048,
pay_260626001649,order_260626047,3847.00,upi_apps,76.94,2026-06-26T21:45:00+05:30,captured,setl_00000048,
pay_260626001650,order_260626047,2585.00,netbanking,23.26,2026-06-26T20:47:00+05:30,captured,setl_00000048,
pay_260626001651,order_260626047,5307.00,upi_apps,106.14,2026-06-26T15:05:00+05:30,captured,setl_00000048,
pay_260626001652,order_260626047,3341.00,upi_apps,66.82,2026-06-26T10:46:00+05:30,captured,setl_00000048,
pay_260626001653,order_260626047,5125.00,upi_apps,102.50,2026-06-26T09:27:00+05:30,captured,setl_00000048,
pay_260626001654,order_260626047,5367.00,card,107.34,2026-06-26T11:29:00+05:30,captured,setl_00000048,
pay_260626001655,order_260626047,2890.00,netbanking,26.01,2026-06-26T16:24:00+05:30,captured,setl_00000048,
pay_260626001656,order_260626047,2120.00,wallet,42.40,2026-06-26T20:18:00+05:30,captured,setl_00000048,
pay_260626001657,order_260626047,1307.00,upi_apps,26.14,2026-06-26T15:30:00+05:30,captured,setl_00000048,
pay_260626001658,order_260626047,4788.00,upi_apps,95.76,2026-06-26T21:30:00+05:30,captured,setl_00000048,
pay_260626001659,order_260626047,4860.00,upi_apps,97.20,2026-06-26T10:15:00+05:30,captured,setl_00000048,
pay_260626001660,order_260626047,4798.00,card,95.96,2026-06-26T15:32:00+05:30,captured,setl_00000048,
pay_260626001661,order_260626047,877.00,wallet,17.54,2026-06-26T20:34:00+05:30,captured,setl_00000048,
pay_260626001662,order_260626047,4273.00,wallet,85.46,2026-06-26T17:14:00+05:30,captured,setl_00000048,
pay_260626001663,order_260626047,1261.00,netbanking,11.34,2026-06-26T11:01:00+05:30,captured,setl_00000048,
pay_260626001664,order_260626047,2143.00,upi_apps,42.86,2026-06-26T11:16:00+05:30,captured,setl_00000048,
pay_260626001665,order_260626047,3053.00,upi_apps,61.06,2026-06-26T20:07:00+05:30,captured,setl_00000048,
pay_260626001666,order_260626047,1899.00,upi_apps,37.98,2026-06-26T14:04:00+05:30,captured,setl_00000048,
pay_260626001667,order_260626047,3924.00,upi_apps,78.48,2026-06-26T08:17:00+05:30,captured,setl_00000048,
pay_260626001668,order_260626047,3291.00,upi_apps,65.82,2026-06-26T10:42:00+05:30,captured,setl_00000048,
pay_260626001669,order_260626047,1471.00,upi_apps,29.42,2026-06-26T13:27:00+05:30,captured,setl_00000048,
pay_260626001670,order_260626047,3413.00,upi_apps,68.26,2026-06-26T11:24:00+05:30,captured,setl_00000048,
pay_260626001671,order_260626047,2276.00,upi_apps,45.52,2026-06-26T10:36:00+05:30,captured,setl_00000048,
pay_260626001672,order_260626047,3994.00,wallet,79.88,2026-06-26T10:02:00+05:30,captured,setl_00000048,
pay_260626001673,order_260626047,1525.00,upi_apps,30.50,2026-06-26T19:40:00+05:30,captured,setl_00000048,
pay_260626001674,order_260626047,2536.00,upi_apps,50.72,2026-06-26T09:25:00+05:30,captured,setl_00000048,
pay_260626001675,order_260626047,3958.00,card,79.16,2026-06-26T14:56:00+05:30,captured,setl_00000048,
pay_260626001676,order_260626047,3083.00,card,61.66,2026-06-26T19:22:00+05:30,captured,setl_00000048,
pay_260626001677,order_260626047,4598.00,wallet,91.96,2026-06-26T19:57:00+05:30,captured,setl_00000048,
pay_260626001678,order_260626047,4558.00,upi_apps,91.16,2026-06-26T20:31:00+05:30,captured,setl_00000048,
pay_260626001679,order_260626047,679.00,upi_apps,13.58,2026-06-26T12:19:00+05:30,captured,setl_00000048,
pay_260626001680,order_260626047,676.00,upi_apps,13.52,2026-06-26T19:46:00+05:30,captured,setl_00000048,
pay_260626001681,order_260626047,3542.00,card,70.84,2026-06-26T18:40:00+05:30,captured,setl_00000048,
pay_260626001682,order_260626047,3353.00,upi_apps,67.06,2026-06-26T22:05:00+05:30,captured,setl_00000048,
pay_260626001683,order_260626047,3130.00,upi_apps,62.60,2026-06-26T20:19:00+05:30,captured,setl_00000048,
pay_260626001684,order_260626047,2838.00,card,56.76,2026-06-26T21:45:00+05:30,captured,setl_00000048,
pay_260626001685,order_260626047,5022.00,card,100.44,2026-06-26T22:57:00+05:30,captured,setl_00000048,
pay_260627001686,order_260627048,650.00,wallet,13.00,2026-06-27T12:38:00+05:30,captured,setl_00000049,
pay_260627001687,order_260627048,2439.00,upi_apps,48.78,2026-06-27T18:57:00+05:30,captured,setl_00000049,
pay_260627001688,order_260627048,1625.00,wallet,32.50,2026-06-27T15:05:00+05:30,captured,setl_00000049,
pay_260627001689,order_260627048,1022.00,card,20.44,2026-06-27T14:45:00+05:30,captured,setl_00000049,
pay_260627001690,order_260627048,2936.00,upi_apps,58.72,2026-06-27T14:50:00+05:30,captured,setl_00000049,
pay_260627001691,order_260627048,3778.00,upi_apps,75.56,2026-06-27T08:05:00+05:30,captured,setl_00000049,
pay_260627001692,order_260627048,1522.00,upi_apps,30.44,2026-06-27T13:32:00+05:30,captured,setl_00000049,
pay_260627001693,order_260627048,3395.00,upi_apps,67.90,2026-06-27T10:56:00+05:30,captured,setl_00000049,
pay_260627001694,order_260627048,4789.00,card,95.78,2026-06-27T22:14:00+05:30,captured,setl_00000049,
pay_260627001695,order_260627048,3959.00,upi_apps,79.18,2026-06-27T20:20:00+05:30,captured,setl_00000049,
pay_260627001696,order_260627048,3120.00,upi_apps,62.40,2026-06-27T16:23:00+05:30,captured,setl_00000049,
pay_260627001697,order_260627048,3770.00,wallet,75.40,2026-06-27T20:51:00+05:30,captured,setl_00000049,
pay_260627001698,order_260627048,3119.00,wallet,62.38,2026-06-27T18:51:00+05:30,captured,setl_00000049,
pay_260627001699,order_260627048,4064.00,upi_apps,81.28,2026-06-27T10:09:00+05:30,captured,setl_00000049,
pay_260627001700,order_260627048,4218.00,netbanking,37.96,2026-06-27T18:47:00+05:30,captured,setl_00000049,
pay_260627001701,order_260627048,3316.00,card,66.32,2026-06-27T18:04:00+05:30,captured,setl_00000049,
pay_260627001702,order_260627048,3941.00,wallet,78.82,2026-06-27T12:10:00+05:30,captured,setl_00000049,
pay_260627001703,order_260627048,1189.00,wallet,23.78,2026-06-27T20:08:00+05:30,captured,setl_00000049,
pay_260627001704,order_260627048,1639.00,upi_apps,32.78,2026-06-27T14:37:00+05:30,captured,setl_00000049,
pay_260629001705,order_260629049,564.00,wallet,11.28,2026-06-29T11:37:00+05:30,captured,setl_00000050,
pay_260629001706,order_260629049,1210.00,wallet,24.20,2026-06-29T20:14:00+05:30,captured,setl_00000050,
pay_260629001707,order_260629049,3442.00,card,68.84,2026-06-29T17:03:00+05:30,captured,setl_00000050,
pay_260629001708,order_260629049,2372.00,card,47.44,2026-06-29T18:29:00+05:30,captured,setl_00000050,
pay_260629001709,order_260629049,1853.00,upi_apps,37.06,2026-06-29T22:06:00+05:30,captured,setl_00000050,
pay_260629001710,order_260629049,4236.00,netbanking,38.12,2026-06-29T14:56:00+05:30,captured,setl_00000050,
pay_260629001711,order_260629049,4212.00,upi_apps,84.24,2026-06-29T09:35:00+05:30,captured,setl_00000050,
pay_260629001712,order_260629049,2595.00,card,51.90,2026-06-29T22:26:00+05:30,captured,setl_00000050,
pay_260629001713,order_260629049,2624.00,upi_apps,52.48,2026-06-29T21:55:00+05:30,captured,setl_00000050,
pay_260629001714,order_260629049,5068.00,card,101.36,2026-06-29T20:33:00+05:30,captured,setl_00000050,
pay_260629001715,order_260629049,3596.00,wallet,71.92,2026-06-29T19:17:00+05:30,captured,setl_00000050,
pay_260629001716,order_260629049,2972.00,card,59.44,2026-06-29T08:40:00+05:30,captured,setl_00000050,
pay_260629001717,order_260629049,3065.00,card,61.30,2026-06-29T13:49:00+05:30,captured,setl_00000050,
pay_260629001718,order_260629049,3067.00,card,61.34,2026-06-29T15:25:00+05:30,captured,setl_00000050,
pay_260629001719,order_260629049,4767.00,upi_apps,95.34,2026-06-29T08:53:00+05:30,captured,setl_00000050,
pay_260629001720,order_260629049,2117.00,upi_apps,42.34,2026-06-29T18:55:00+05:30,captured,setl_00000050,
pay_260629001721,order_260629049,3134.00,wallet,62.68,2026-06-29T19:45:00+05:30,captured,setl_00000050,
pay_260629001722,order_260629049,3502.00,upi_apps,70.04,2026-06-29T19:24:00+05:30,captured,setl_00000050,
pay_260629001723,order_260629049,973.00,card,19.46,2026-06-29T22:43:00+05:30,captured,setl_00000050,
pay_260629001724,order_260629049,3559.00,wallet,71.18,2026-06-29T17:07:00+05:30,captured,setl_00000050,
pay_260629001725,order_260629049,4906.00,upi_apps,98.12,2026-06-29T18:58:00+05:30,captured,setl_00000050,
pay_260629001726,order_260629049,732.00,upi_apps,14.64,2026-06-29T11:22:00+05:30,captured,setl_00000050,
pay_260629001727,order_260629049,3582.00,upi_apps,71.64,2026-06-29T08:59:00+05:30,captured,setl_00000050,
pay_260629001728,order_260629049,1276.00,netbanking,11.48,2026-06-29T10:51:00+05:30,captured,setl_00000050,
pay_260629001729,order_260629049,2538.00,card,50.76,2026-06-29T14:15:00+05:30,captured,setl_00000050,
pay_260629001730,order_260629049,1127.00,card,22.54,2026-06-29T14:06:00+05:30,captured,setl_00000050,
pay_260629001731,order_260629049,4191.00,card,83.82,2026-06-29T11:04:00+05:30,captured,setl_00000050,
pay_260629001732,order_260629049,993.00,card,19.86,2026-06-29T09:38:00+05:30,captured,setl_00000050,
pay_260629001733,order_260629049,3414.00,netbanking,30.72,2026-06-29T20:34:00+05:30,captured,setl_00000050,
pay_260629001734,order_260629049,1752.00,card,35.04,2026-06-29T09:31:00+05:30,captured,setl_00000050,
pay_260629001735,order_260629049,2145.00,card,42.90,2026-06-29T14:38:00+05:30,captured,setl_00000050,
pay_260629001736,order_260629049,2058.00,upi_apps,41.16,2026-06-29T13:07:00+05:30,captured,setl_00000050,
pay_260629001737,order_260629049,1834.00,upi_apps,36.68,2026-06-29T16:09:00+05:30,captured,setl_00000050,
pay_260629001738,order_260629049,2521.00,upi_apps,50.42,2026-06-29T13:17:00+05:30,captured,setl_00000050,
pay_260629001739,order_260629049,4879.00,wallet,97.58,2026-06-29T12:58:00+05:30,captured,setl_00000050,
pay_260629001740,order_260629049,3719.00,upi_apps,74.38,2026-06-29T09:09:00+05:30,captured,setl_00000050,
pay_260629001741,order_260629049,3042.00,upi_apps,60.84,2026-06-29T13:23:00+05:30,captured,setl_00000050,
pay_260629001742,order_260629049,2766.00,upi_apps,55.32,2026-06-29T10:11:00+05:30,captured,setl_00000050,
pay_260629001743,order_260629049,3278.00,upi_apps,65.56,2026-06-29T13:59:00+05:30,captured,setl_00000050,
pay_260629001744,order_260629049,2046.00,upi_apps,40.92,2026-06-29T22:05:00+05:30,captured,setl_00000050,
pay_260629001745,order_260629049,2468.00,upi_apps,49.36,2026-06-29T08:16:00+05:30,captured,setl_00000050,
pay_260629001746,order_260629049,5193.00,wallet,103.86,2026-06-29T21:25:00+05:30,captured,setl_00000050,
pay_260629001747,order_260629049,933.00,upi_apps,18.66,2026-06-29T22:52:00+05:30,captured,setl_00000050,
pay_260629001748,order_260629049,3331.00,card,66.62,2026-06-29T21:33:00+05:30,captured,setl_00000050,
pay_260629001749,order_260629049,2153.00,wallet,43.06,2026-06-29T11:25:00+05:30,captured,setl_00000050,
pay_260629001750,order_260629049,2862.00,upi_apps,57.24,2026-06-29T11:49:00+05:30,captured,setl_00000050,
pay_260629001751,order_260629049,4911.00,card,98.22,2026-06-29T18:07:00+05:30,captured,setl_00000050,
pay_260629001752,order_260629049,4747.00,card,94.94,2026-06-29T09:18:00+05:30,captured,setl_00000050,
pay_260629001753,order_260629049,476.00,card,9.52,2026-06-29T12:37:00+05:30,captured,setl_00000050,
pay_260629001754,order_260629049,4969.00,wallet,99.38,2026-06-29T20:29:00+05:30,captured,setl_00000050,
pay_260629001755,order_260629049,3074.00,upi_apps,61.48,2026-06-29T17:48:00+05:30,captured,setl_00000050,
pay_260629001756,order_260629049,1647.00,netbanking,14.82,2026-06-29T17:17:00+05:30,captured,setl_00000050,
pay_260629001757,order_260629049,3591.00,card,71.82,2026-06-29T10:07:00+05:30,captured,setl_00000050,
pay_260629001758,order_260629049,4655.00,netbanking,41.89,2026-06-29T22:24:00+05:30,captured,setl_00000050,
pay_260629001759,order_260629049,3421.00,card,68.42,2026-06-29T17:44:00+05:30,captured,setl_00000050,
pay_260629001760,order_260629049,2312.00,upi_apps,46.24,2026-06-29T16:01:00+05:30,captured,setl_00000050,
pay_260630001761,order_260630050,4018.00,upi_apps,80.36,2026-06-30T10:22:00+05:30,captured,setl_00000051,
pay_260630001762,order_260630050,3067.00,upi_apps,61.34,2026-06-30T22:39:00+05:30,captured,setl_00000051,
pay_260630001763,order_260630050,2483.00,upi_apps,49.66,2026-06-30T12:32:00+05:30,captured,setl_00000051,
pay_260630001764,order_260630050,757.00,netbanking,6.81,2026-06-30T11:46:00+05:30,captured,setl_00000051,
pay_260630001765,order_260630050,2278.00,upi_apps,45.56,2026-06-30T08:49:00+05:30,captured,setl_00000051,
pay_260630001766,order_260630050,2121.00,upi_apps,42.42,2026-06-30T21:31:00+05:30,captured,setl_00000051,
pay_260630001767,order_260630050,2824.00,wallet,56.48,2026-06-30T08:18:00+05:30,captured,setl_00000051,
pay_260630001768,order_260630050,894.00,wallet,17.88,2026-06-30T10:59:00+05:30,captured,setl_00000051,
pay_260630001769,order_260630050,4844.00,upi_apps,96.88,2026-06-30T19:40:00+05:30,captured,setl_00000051,
pay_260630001770,order_260630050,2402.00,card,48.04,2026-06-30T18:23:00+05:30,captured,setl_00000051,
pay_260630001771,order_260630050,790.00,wallet,15.80,2026-06-30T15:07:00+05:30,captured,setl_00000051,
pay_260630001772,order_260630050,840.00,upi_apps,16.80,2026-06-30T17:27:00+05:30,captured,setl_00000051,
pay_260630001773,order_260630050,2986.00,wallet,59.72,2026-06-30T16:21:00+05:30,captured,setl_00000051,
pay_260630001774,order_260630050,3559.00,netbanking,32.03,2026-06-30T19:45:00+05:30,captured,setl_00000051,
pay_260630001775,order_260630050,1789.00,card,35.78,2026-06-30T13:00:00+05:30,captured,setl_00000051,
pay_260630001776,order_260630050,1765.00,wallet,35.30,2026-06-30T17:34:00+05:30,captured,setl_00000051,
pay_260630001777,order_260630050,876.00,upi_apps,17.52,2026-06-30T11:50:00+05:30,captured,setl_00000051,
pay_260630001778,order_260630050,5035.00,netbanking,45.31,2026-06-30T11:02:00+05:30,captured,setl_00000051,
pay_260630001779,order_260630050,3366.00,card,67.32,2026-06-30T20:12:00+05:30,captured,setl_00000051,
pay_260630001780,order_260630050,1038.00,upi_apps,20.76,2026-06-30T15:07:00+05:30,captured,setl_00000051,
pay_260630001781,order_260630050,3694.00,upi_apps,73.88,2026-06-30T19:42:00+05:30,captured,setl_00000051,
pay_260630001782,order_260630050,4905.00,card,98.10,2026-06-30T11:42:00+05:30,captured,setl_00000051,
pay_260630001783,order_260630050,4461.00,wallet,89.22,2026-06-30T21:26:00+05:30,captured,setl_00000051,
pay_260630001784,order_260630050,801.00,card,16.02,2026-06-30T14:22:00+05:30,captured,setl_00000051,
pay_260630001785,order_260630050,2429.00,card,48.58,2026-06-30T10:22:00+05:30,captured,setl_00000051,
pay_260630001786,order_260630050,2346.00,upi_apps,46.92,2026-06-30T22:21:00+05:30,captured,setl_00000051,
pay_260630001787,order_260630050,3575.00,upi_apps,71.50,2026-06-30T12:14:00+05:30,captured,setl_00000051,
pay_260630001788,order_260630050,4121.00,upi_apps,82.42,2026-06-30T18:14:00+05:30,captured,setl_00000051,
pay_260630001789,order_260630050,4271.00,wallet,85.42,2026-06-30T09:04:00+05:30,captured,setl_00000051,
pay_260630001790,order_260630050,3461.00,netbanking,31.14,2026-06-30T12:49:00+05:30,captured,setl_00000051,
pay_260630001791,order_260630050,1592.00,wallet,31.84,2026-06-30T22:04:00+05:30,captured,setl_00000051,
pay_260630001792,order_260630050,2789.00,upi_apps,55.78,2026-06-30T11:29:00+05:30,captured,setl_00000051,
pay_260630001793,order_260630050,1416.00,upi_apps,28.32,2026-06-30T10:47:00+05:30,captured,setl_00000051,
pay_260630001794,order_260630050,1130.00,upi_apps,22.60,2026-06-30T14:12:00+05:30,captured,setl_00000051,
pay_260630001795,order_260630050,1036.00,netbanking,9.32,2026-06-30T16:43:00+05:30,captured,setl_00000051,
pay_260630001796,order_260630050,945.00,upi_apps,18.90,2026-06-30T15:26:00+05:30,captured,setl_00000051,
pay_260630001797,order_260630050,4482.00,wallet,89.64,2026-06-30T21:43:00+05:30,captured,setl_00000051,
pay_260630001798,order_260630050,4661.00,netbanking,41.94,2026-06-30T22:31:00+05:30,captured,setl_00000051,
pay_260630001799,order_260630050,2324.00,upi_apps,46.48,2026-06-30T08:10:00+05:30,captured,setl_00000051,
pay_260630001800,order_260630050,2850.00,upi_apps,57.00,2026-06-30T08:42:00+05:30,captured,setl_00000051,
pay_260630001801,order_260630050,1428.00,upi_apps,28.56,2026-06-30T09:15:00+05:30,captured,setl_00000051,
pay_260630001802,order_260630050,1908.00,upi_apps,38.16,2026-06-30T14:06:00+05:30,captured,setl_00000051,
pay_260630001803,order_260630050,2988.00,upi_apps,59.76,2026-06-30T18:12:00+05:30,captured,setl_00000051,
pay_260630001804,order_260630050,3906.00,card,78.12,2026-06-30T19:16:00+05:30,captured,setl_00000051,
pay_260630001805,order_260630050,1156.00,upi_apps,23.12,2026-06-30T16:57:00+05:30,captured,setl_00000051,
pay_260630001806,order_260630050,4801.00,upi_apps,96.02,2026-06-30T20:57:00+05:30,captured,setl_00000051,
pay_260630001807,order_260630050,3568.00,card,71.36,2026-06-30T11:31:00+05:30,captured,setl_00000051,
pay_260630001808,order_260630050,4962.00,wallet,99.24,2026-06-30T15:33:00+05:30,captured,setl_00000051,
pay_260630001809,order_260630050,5393.00,upi_apps,107.86,2026-06-30T14:19:00+05:30,captured,setl_00000051,
pay_260630001810,order_260630050,4800.00,upi_apps,96.00,2026-06-30T14:27:00+05:30,captured,setl_00000051,
pay_260630001811,order_260630050,2136.00,netbanking,19.22,2026-06-30T19:19:00+05:30,captured,setl_00000051,
pay_260701001812,order_260701051,2866.00,upi_apps,57.32,2026-07-01T12:14:00+05:30,captured,setl_00000052,
pay_260701001813,order_260701051,3575.00,upi_apps,71.50,2026-07-01T13:20:00+05:30,captured,setl_00000052,
pay_260701001814,order_260701051,5093.00,upi_apps,101.86,2026-07-01T13:18:00+05:30,captured,setl_00000052,
pay_260701001815,order_260701051,714.00,upi_apps,14.28,2026-07-01T18:03:00+05:30,captured,setl_00000052,
pay_260701001816,order_260701051,3384.00,upi_apps,67.68,2026-07-01T14:01:00+05:30,captured,setl_00000052,
pay_260701001817,order_260701051,2531.00,upi_apps,50.62,2026-07-01T13:56:00+05:30,captured,setl_00000052,
pay_260701001818,order_260701051,2110.00,wallet,42.20,2026-07-01T11:56:00+05:30,captured,setl_00000052,
pay_260701001819,order_260701051,3516.00,card,70.32,2026-07-01T10:52:00+05:30,captured,setl_00000052,
pay_260701001820,order_260701051,3876.00,card,77.52,2026-07-01T16:57:00+05:30,captured,setl_00000052,
pay_260701001821,order_260701051,1235.00,netbanking,11.11,2026-07-01T10:16:00+05:30,captured,setl_00000052,
pay_260701001822,order_260701051,793.00,wallet,15.86,2026-07-01T15:37:00+05:30,captured,setl_00000052,
pay_260701001823,order_260701051,5100.00,upi_apps,102.00,2026-07-01T13:57:00+05:30,captured,setl_00000052,
pay_260701001824,order_260701051,4384.00,netbanking,39.45,2026-07-01T12:35:00+05:30,captured,setl_00000052,
pay_260701001825,order_260701051,3205.00,upi_apps,64.10,2026-07-01T12:54:00+05:30,captured,setl_00000052,
pay_260701001826,order_260701051,3710.00,upi_apps,74.20,2026-07-01T11:05:00+05:30,captured,setl_00000052,
pay_260701001827,order_260701051,1018.00,card,20.36,2026-07-01T22:51:00+05:30,captured,setl_00000052,
pay_260701001828,order_260701051,1657.00,upi_apps,33.14,2026-07-01T21:36:00+05:30,captured,setl_00000052,
pay_260701001829,order_260701051,1486.00,netbanking,13.37,2026-07-01T22:13:00+05:30,captured,setl_00000052,
pay_260701001830,order_260701051,3051.00,upi_apps,61.02,2026-07-01T10:05:00+05:30,captured,setl_00000052,
pay_260701001831,order_260701051,5031.00,upi_apps,100.62,2026-07-01T11:35:00+05:30,captured,setl_00000052,
pay_260701001832,order_260701051,5102.00,wallet,102.04,2026-07-01T20:02:00+05:30,captured,setl_00000052,
pay_260701001833,order_260701051,5185.00,card,103.70,2026-07-01T16:44:00+05:30,captured,setl_00000052,
pay_260701001834,order_260701051,2809.00,card,56.18,2026-07-01T17:42:00+05:30,captured,setl_00000052,
pay_260701001835,order_260701051,2920.00,upi_apps,58.40,2026-07-01T22:26:00+05:30,captured,setl_00000052,
pay_260701001836,order_260701051,674.00,upi_apps,13.48,2026-07-01T15:10:00+05:30,captured,setl_00000052,
pay_260701001837,order_260701051,2042.00,wallet,40.84,2026-07-01T15:59:00+05:30,captured,setl_00000052,
pay_260701001838,order_260701051,2292.00,upi_apps,45.84,2026-07-01T13:34:00+05:30,captured,setl_00000052,
pay_260701001839,order_260701051,3549.00,upi_apps,70.98,2026-07-01T10:50:00+05:30,captured,setl_00000052,
pay_260701001840,order_260701051,2672.00,card,53.44,2026-07-01T14:49:00+05:30,captured,setl_00000052,
pay_260701001841,order_260701051,5093.00,wallet,101.86,2026-07-01T14:35:00+05:30,captured,setl_00000052,
pay_260701001842,order_260701051,773.00,card,15.46,2026-07-01T21:40:00+05:30,captured,setl_00000052,
pay_260701001843,order_260701051,655.00,card,13.10,2026-07-01T11:11:00+05:30,captured,setl_00000052,
pay_260701001844,order_260701051,3021.00,upi_apps,60.42,2026-07-01T17:10:00+05:30,captured,setl_00000052,
pay_260701001845,order_260701051,5121.00,card,102.42,2026-07-01T08:18:00+05:30,captured,setl_00000052,
pay_260701001846,order_260701051,1343.00,upi_apps,26.86,2026-07-01T15:21:00+05:30,captured,setl_00000052,
pay_260701001847,order_260701051,5118.00,upi_apps,102.36,2026-07-01T17:12:00+05:30,captured,setl_00000052,
pay_260702001848,order_260702052,4689.00,upi_apps,93.78,2026-07-02T19:47:00+05:30,captured,setl_00000053,
pay_260702001849,order_260702052,1565.00,wallet,31.30,2026-07-02T13:47:00+05:30,captured,setl_00000053,
pay_260702001850,order_260702052,4621.00,card,92.42,2026-07-02T15:49:00+05:30,captured,setl_00000053,
pay_260702001851,order_260702052,2720.00,upi_apps,54.40,2026-07-02T21:08:00+05:30,captured,setl_00000053,
pay_260702001852,order_260702052,4396.00,wallet,87.92,2026-07-02T18:30:00+05:30,captured,setl_00000053,
pay_260702001853,order_260702052,1715.00,card,34.30,2026-07-02T14:05:00+05:30,captured,setl_00000053,
pay_260702001854,order_260702052,644.00,upi_apps,12.88,2026-07-02T14:12:00+05:30,captured,setl_00000053,
pay_260702001855,order_260702052,1674.00,wallet,33.48,2026-07-02T13:57:00+05:30,captured,setl_00000053,
pay_260702001856,order_260702052,4903.00,upi_apps,98.06,2026-07-02T20:37:00+05:30,captured,setl_00000053,
pay_260702001857,order_260702052,4153.00,card,83.06,2026-07-02T12:54:00+05:30,captured,setl_00000053,
pay_260702001858,order_260702052,2538.00,upi_apps,50.76,2026-07-02T09:27:00+05:30,captured,setl_00000053,
pay_260702001859,order_260702052,5184.00,upi_apps,103.68,2026-07-02T15:18:00+05:30,captured,setl_00000053,
pay_260702001860,order_260702052,727.00,upi_apps,14.54,2026-07-02T21:54:00+05:30,captured,setl_00000053,
pay_260702001861,order_260702052,3021.00,upi_apps,60.42,2026-07-02T15:45:00+05:30,captured,setl_00000053,
pay_260702001862,order_260702052,5282.00,wallet,105.64,2026-07-02T10:31:00+05:30,captured,setl_00000053,
pay_260702001863,order_260702052,5185.00,upi_apps,103.70,2026-07-02T15:33:00+05:30,captured,setl_00000053,
pay_260702001864,order_260702052,2397.00,netbanking,21.57,2026-07-02T08:24:00+05:30,captured,setl_00000053,
pay_260702001865,order_260702052,3186.00,upi_apps,63.72,2026-07-02T11:12:00+05:30,captured,setl_00000053,
pay_260702001866,order_260702052,839.00,netbanking,7.55,2026-07-02T20:47:00+05:30,captured,setl_00000053,
pay_260702001867,order_260702052,3533.00,netbanking,31.79,2026-07-02T17:31:00+05:30,captured,setl_00000053,
pay_260702001868,order_260702052,2027.00,upi_apps,40.54,2026-07-02T09:41:00+05:30,captured,setl_00000053,
pay_260702001869,order_260702052,998.00,upi_apps,19.96,2026-07-02T16:12:00+05:30,captured,setl_00000053,
pay_260702001870,order_260702052,2879.00,wallet,57.58,2026-07-02T13:25:00+05:30,captured,setl_00000053,
pay_260702001871,order_260702052,4731.00,upi_apps,94.62,2026-07-02T20:02:00+05:30,captured,setl_00000053,
pay_260702001872,order_260702052,3688.00,upi_apps,73.76,2026-07-02T22:35:00+05:30,captured,setl_00000053,
pay_260702001873,order_260702052,1457.00,upi_apps,29.14,2026-07-02T22:23:00+05:30,captured,setl_00000053,
pay_260702001874,order_260702052,1395.00,card,27.90,2026-07-02T20:07:00+05:30,captured,setl_00000053,
pay_260702001875,order_260702052,3212.00,upi_apps,64.24,2026-07-02T22:44:00+05:30,captured,setl_00000053,
pay_260702001876,order_260702052,4533.00,upi_apps,90.66,2026-07-02T12:13:00+05:30,captured,setl_00000053,
pay_260702001877,order_260702052,2132.00,card,42.64,2026-07-02T08:55:00+05:30,captured,setl_00000053,
pay_260702001878,order_260702052,3230.00,wallet,64.60,2026-07-02T13:21:00+05:30,captured,setl_00000053,
pay_260702001879,order_260702052,5369.00,wallet,107.38,2026-07-02T10:33:00+05:30,captured,setl_00000053,
pay_260702001880,order_260702052,3557.00,upi_apps,71.14,2026-07-02T20:44:00+05:30,captured,setl_00000053,
pay_260702001881,order_260702052,1201.00,card,24.02,2026-07-02T20:26:00+05:30,captured,setl_00000053,
pay_260702001882,order_260702052,1790.00,card,35.80,2026-07-02T10:48:00+05:30,captured,setl_00000053,
pay_260702001883,order_260702052,4311.00,upi_apps,86.22,2026-07-02T10:15:00+05:30,captured,setl_00000053,
pay_260702001884,order_260702052,1995.00,card,39.90,2026-07-02T10:38:00+05:30,captured,setl_00000053,
pay_260703001885,order_260703053,3006.00,upi_apps,60.12,2026-07-03T08:02:00+05:30,captured,setl_00000054,
pay_260703001886,order_260703053,5177.00,card,103.54,2026-07-03T14:09:00+05:30,captured,setl_00000054,
pay_260703001887,order_260703053,3618.00,upi_apps,72.36,2026-07-03T21:04:00+05:30,captured,setl_00000054,
pay_260703001888,order_260703053,637.00,netbanking,5.73,2026-07-03T17:27:00+05:30,captured,setl_00000054,
pay_260703001889,order_260703053,1279.00,upi_apps,25.58,2026-07-03T17:05:00+05:30,captured,setl_00000054,
pay_260703001890,order_260703053,2032.00,card,40.64,2026-07-03T19:54:00+05:30,captured,setl_00000054,
pay_260703001891,order_260703053,1780.00,card,35.60,2026-07-03T10:03:00+05:30,captured,setl_00000054,
pay_260703001892,order_260703053,1990.00,upi_apps,39.80,2026-07-03T16:21:00+05:30,captured,setl_00000054,
pay_260703001893,order_260703053,4772.00,netbanking,42.94,2026-07-03T14:46:00+05:30,captured,setl_00000054,
pay_260703001894,order_260703053,805.00,upi_apps,16.10,2026-07-03T13:44:00+05:30,captured,setl_00000054,
pay_260703001895,order_260703053,2848.00,wallet,56.96,2026-07-03T09:14:00+05:30,captured,setl_00000054,
pay_260703001896,order_260703053,2447.00,upi_apps,48.94,2026-07-03T17:24:00+05:30,captured,setl_00000054,
pay_260703001897,order_260703053,4539.00,card,90.78,2026-07-03T11:08:00+05:30,captured,setl_00000054,
pay_260703001898,order_260703053,5316.00,card,106.32,2026-07-03T16:06:00+05:30,captured,setl_00000054,
pay_260703001899,order_260703053,3249.00,card,64.98,2026-07-03T12:53:00+05:30,captured,setl_00000054,
pay_260703001900,order_260703053,1317.00,upi_apps,26.34,2026-07-03T18:03:00+05:30,captured,setl_00000054,
pay_260703001901,order_260703053,5199.00,upi_apps,103.98,2026-07-03T09:34:00+05:30,captured,setl_00000054,
pay_260703001902,order_260703053,2864.00,wallet,57.28,2026-07-03T21:21:00+05:30,captured,setl_00000054,
pay_260703001903,order_260703053,3616.00,netbanking,32.54,2026-07-03T22:31:00+05:30,captured,setl_00000054,
pay_260703001904,order_260703053,2756.00,upi_apps,55.12,2026-07-03T14:22:00+05:30,captured,setl_00000054,
pay_260703001905,order_260703053,5269.00,upi_apps,105.38,2026-07-03T13:01:00+05:30,captured,setl_00000054,
pay_260703001906,order_260703053,3960.00,card,79.20,2026-07-03T21:19:00+05:30,captured,setl_00000054,
pay_260703001907,order_260703053,1071.00,upi_apps,21.42,2026-07-03T22:22:00+05:30,captured,setl_00000054,
pay_260703001908,order_260703053,1900.00,card,38.00,2026-07-03T10:04:00+05:30,captured,setl_00000054,
pay_260703001909,order_260703053,649.00,card,12.98,2026-07-03T20:52:00+05:30,captured,setl_00000054,
pay_260703001910,order_260703053,1824.00,upi_apps,36.48,2026-07-03T11:51:00+05:30,captured,setl_00000054,
pay_260703001911,order_260703053,1080.00,card,21.60,2026-07-03T11:28:00+05:30,captured,setl_00000054,
pay_260703001912,order_260703053,854.00,upi_apps,17.08,2026-07-03T14:30:00+05:30,captured,setl_00000054,
pay_260703001913,order_260703053,2214.00,upi_apps,44.28,2026-07-03T13:37:00+05:30,captured,setl_00000054,
pay_260703001914,order_260703053,4909.00,upi_apps,98.18,2026-07-03T15:49:00+05:30,captured,setl_00000054,
pay_260703001915,order_260703053,3004.00,card,60.08,2026-07-03T08:22:00+05:30,captured,setl_00000054,
pay_260703001916,order_260703053,1116.00,netbanking,10.04,2026-07-03T09:29:00+05:30,captured,setl_00000054,
pay_260703001917,order_260703053,2474.00,upi_apps,49.48,2026-07-03T22:17:00+05:30,captured,setl_00000054,
pay_260703001918,order_260703053,1002.00,upi_apps,20.04,2026-07-03T16:40:00+05:30,captured,setl_00000054,
pay_260703001919,order_260703053,4972.00,card,99.44,2026-07-03T19:17:00+05:30,captured,setl_00000054,
pay_260703001920,order_260703053,2803.00,netbanking,25.22,2026-07-03T16:05:00+05:30,captured,setl_00000054,
pay_260703001921,order_260703053,4268.00,card,85.36,2026-07-03T18:05:00+05:30,captured,setl_00000054,
pay_260703001922,order_260703053,3315.00,upi_apps,66.30,2026-07-03T12:55:00+05:30,captured,setl_00000054,
pay_260703001923,order_260703053,4893.00,netbanking,44.03,2026-07-03T18:34:00+05:30,captured,setl_00000054,
pay_260703001924,order_260703053,3204.00,upi_apps,64.08,2026-07-03T13:12:00+05:30,captured,setl_00000054,
pay_260703001925,order_260703053,2671.00,upi_apps,53.42,2026-07-03T15:41:00+05:30,captured,setl_00000054,
pay_260703001926,order_260703053,4428.00,upi_apps,88.56,2026-07-03T17:02:00+05:30,captured,setl_00000054,
pay_260703001927,order_260703053,5184.00,card,103.68,2026-07-03T11:38:00+05:30,captured,setl_00000054,
pay_260703001928,order_260703053,742.00,netbanking,6.67,2026-07-03T18:02:00+05:30,captured,setl_00000054,
pay_260703001929,order_260703053,3440.00,card,68.80,2026-07-03T19:03:00+05:30,captured,setl_00000054,
pay_260703001930,order_260703053,1353.00,card,27.06,2026-07-03T18:45:00+05:30,captured,setl_00000054,
pay_260703001931,order_260703053,3564.00,netbanking,32.07,2026-07-03T18:34:00+05:30,captured,setl_00000054,
pay_260703001932,order_260703053,992.00,upi_apps,19.84,2026-07-03T22:21:00+05:30,captured,setl_00000054,
pay_260703001933,order_260703053,4137.00,upi_apps,82.74,2026-07-03T11:58:00+05:30,captured,setl_00000054,
pay_260703001934,order_260703053,3351.00,card,67.02,2026-07-03T09:44:00+05:30,captured,setl_00000054,
pay_260703001935,order_260703053,3989.00,upi_apps,79.78,2026-07-03T08:36:00+05:30,captured,setl_00000054,
pay_260703001936,order_260703053,4723.00,upi_apps,94.46,2026-07-03T21:34:00+05:30,captured,setl_00000054,
pay_260703001937,order_260703053,2566.00,netbanking,23.09,2026-07-03T14:31:00+05:30,captured,setl_00000054,
pay_260703001938,order_260703053,1276.00,upi_apps,25.52,2026-07-03T15:27:00+05:30,captured,setl_00000054,
pay_260703001939,order_260703053,3026.00,upi_apps,60.52,2026-07-03T22:07:00+05:30,captured,setl_00000054,
pay_260703001940,order_260703053,5182.00,upi_apps,103.64,2026-07-03T22:21:00+05:30,captured,setl_00000054,
pay_260703001941,order_260703053,2367.00,card,47.34,2026-07-03T15:16:00+05:30,captured,setl_00000054,
pay_260703001942,order_260703053,1396.00,card,27.92,2026-07-03T19:45:00+05:30,captured,setl_00000054,
pay_260704001943,order_260704054,3519.00,upi_apps,70.38,2026-07-04T17:27:00+05:30,captured,setl_00000055,
pay_260704001944,order_260704054,3090.00,netbanking,27.81,2026-07-04T16:32:00+05:30,captured,setl_00000055,
pay_260704001945,order_260704054,818.00,wallet,16.36,2026-07-04T20:13:00+05:30,captured,setl_00000055,
pay_260704001946,order_260704054,4845.00,upi_apps,96.90,2026-07-04T17:51:00+05:30,captured,setl_00000055,
pay_260704001947,order_260704054,3854.00,netbanking,34.68,2026-07-04T09:56:00+05:30,captured,setl_00000055,
pay_260704001948,order_260704054,4322.00,card,86.44,2026-07-04T21:20:00+05:30,captured,setl_00000055,
pay_260704001949,order_260704054,1143.00,upi_apps,22.86,2026-07-04T13:43:00+05:30,captured,setl_00000055,
pay_260704001950,order_260704054,1986.00,upi_apps,39.72,2026-07-04T12:01:00+05:30,captured,setl_00000055,
pay_260704001951,order_260704054,1554.00,card,31.08,2026-07-04T12:01:00+05:30,captured,setl_00000055,
pay_260704001952,order_260704054,2647.00,upi_apps,52.94,2026-07-04T11:41:00+05:30,captured,setl_00000055,
pay_260704001953,order_260704054,4141.00,upi_apps,82.82,2026-07-04T14:22:00+05:30,captured,setl_00000055,
pay_260704001954,order_260704054,679.00,upi_apps,13.58,2026-07-04T18:52:00+05:30,captured,setl_00000055,
pay_260704001955,order_260704054,4289.00,upi_apps,85.78,2026-07-04T10:47:00+05:30,captured,setl_00000055,
pay_260704001956,order_260704054,2649.00,upi_apps,52.98,2026-07-04T18:31:00+05:30,captured,setl_00000055,
pay_260704001957,order_260704054,1991.00,wallet,39.82,2026-07-04T12:53:00+05:30,captured,setl_00000055,
pay_260704001958,order_260704054,3223.00,wallet,64.46,2026-07-04T08:35:00+05:30,captured,setl_00000055,
pay_260704001959,order_260704054,776.00,upi_apps,15.52,2026-07-04T19:15:00+05:30,captured,setl_00000055,
pay_260704001960,order_260704054,3963.00,card,79.26,2026-07-04T20:59:00+05:30,captured,setl_00000055,
pay_260705001961,order_260705055,4632.00,upi_apps,92.64,2026-07-05T20:07:00+05:30,captured,setl_00000056,
pay_260705001962,order_260705055,2821.00,netbanking,25.38,2026-07-05T09:43:00+05:30,captured,setl_00000056,
pay_260705001963,order_260705055,1162.00,card,23.24,2026-07-05T11:21:00+05:30,captured,setl_00000056,
pay_260705001964,order_260705055,1832.00,upi_apps,36.64,2026-07-05T12:45:00+05:30,captured,setl_00000056,
pay_260705001965,order_260705055,3922.00,wallet,78.44,2026-07-05T15:42:00+05:30,captured,setl_00000056,
pay_260705001966,order_260705055,3474.00,upi_apps,69.48,2026-07-05T10:13:00+05:30,captured,setl_00000056,
pay_260705001967,order_260705055,986.00,netbanking,8.87,2026-07-05T19:59:00+05:30,captured,setl_00000056,
pay_260705001968,order_260705055,3858.00,upi_apps,77.16,2026-07-05T12:44:00+05:30,captured,setl_00000056,
pay_260705001969,order_260705055,2377.00,upi_apps,47.54,2026-07-05T19:53:00+05:30,captured,setl_00000056,
pay_260705001970,order_260705055,5397.00,netbanking,48.57,2026-07-05T19:40:00+05:30,captured,setl_00000056,
pay_260705001971,order_260705055,2143.00,card,42.86,2026-07-05T18:26:00+05:30,captured,setl_00000056,
pay_260706001972,order_260706056,4963.00,upi_apps,99.26,2026-07-06T09:10:00+05:30,captured,setl_00000057,
pay_260706001973,order_260706056,1985.00,upi_apps,39.70,2026-07-06T09:15:00+05:30,captured,setl_00000057,
pay_260706001974,order_260706056,2726.00,card,54.52,2026-07-06T08:17:00+05:30,captured,setl_00000057,
pay_260706001975,order_260706056,2146.00,card,42.92,2026-07-06T15:56:00+05:30,captured,setl_00000057,
pay_260706001976,order_260706056,4858.00,upi_apps,97.16,2026-07-06T21:11:00+05:30,captured,setl_00000057,
pay_260706001977,order_260706056,4716.00,upi_apps,94.32,2026-07-06T20:41:00+05:30,captured,setl_00000057,
pay_260706001978,order_260706056,749.00,upi_apps,14.98,2026-07-06T15:37:00+05:30,captured,setl_00000057,
pay_260706001979,order_260706056,4665.00,upi_apps,93.30,2026-07-06T17:10:00+05:30,captured,setl_00000057,
pay_260706001980,order_260706056,4088.00,upi_apps,81.76,2026-07-06T15:41:00+05:30,captured,setl_00000057,
pay_260706001981,order_260706056,2570.00,card,51.40,2026-07-06T15:56:00+05:30,captured,setl_00000057,
pay_260706001982,order_260706056,2982.00,card,59.64,2026-07-06T11:11:00+05:30,captured,setl_00000057,
pay_260706001983,order_260706056,4329.00,upi_apps,86.58,2026-07-06T10:06:00+05:30,captured,setl_00000057,
pay_260706001984,order_260706056,3180.00,upi_apps,63.60,2026-07-06T19:42:00+05:30,captured,setl_00000057,
pay_260706001985,order_260706056,2920.00,card,58.40,2026-07-06T20:17:00+05:30,captured,setl_00000057,
pay_260706001986,order_260706056,3345.00,upi_apps,66.90,2026-07-06T16:50:00+05:30,captured,setl_00000057,
pay_260706001987,order_260706056,790.00,upi_apps,15.80,2026-07-06T10:18:00+05:30,captured,setl_00000057,
pay_260706001988,order_260706056,651.00,card,13.02,2026-07-06T19:36:00+05:30,captured,setl_00000057,
pay_260706001989,order_260706056,5213.00,upi_apps,104.26,2026-07-06T20:46:00+05:30,captured,setl_00000057,
pay_260706001990,order_260706056,2974.00,wallet,59.48,2026-07-06T16:15:00+05:30,captured,setl_00000057,
pay_260706001991,order_260706056,1106.00,upi_apps,22.12,2026-07-06T22:47:00+05:30,captured,setl_00000057,
pay_260706001992,order_260706056,4018.00,card,80.36,2026-07-06T15:48:00+05:30,captured,setl_00000057,
pay_260706001993,order_260706056,4808.00,netbanking,43.27,2026-07-06T08:05:00+05:30,captured,setl_00000057,
pay_260706001994,order_260706056,2904.00,card,58.08,2026-07-06T20:19:00+05:30,captured,setl_00000057,
pay_260706001995,order_260706056,4230.00,upi_apps,84.60,2026-07-06T14:56:00+05:30,captured,setl_00000057,
pay_260706001996,order_260706056,2616.00,upi_apps,52.32,2026-07-06T08:30:00+05:30,captured,setl_00000057,
pay_260706001997,order_260706056,3179.00,upi_apps,63.58,2026-07-06T09:32:00+05:30,captured,setl_00000057,
pay_260706001998,order_260706056,2592.00,wallet,51.84,2026-07-06T11:04:00+05:30,captured,setl_00000057,
pay_260706001999,order_260706056,1247.00,netbanking,11.22,2026-07-06T19:33:00+05:30,captured,setl_00000057,
pay_260706002000,order_260706056,2685.00,upi_apps,53.70,2026-07-06T08:49:00+05:30,captured,setl_00000057,
pay_260706002001,order_260706056,3283.00,netbanking,29.54,2026-07-06T11:28:00+05:30,captured,setl_00000057,
pay_260706002002,order_260706056,2940.00,upi_apps,58.80,2026-07-06T14:22:00+05:30,captured,setl_00000057,
pay_260706002003,order_260706056,492.00,netbanking,4.42,2026-07-06T12:29:00+05:30,captured,setl_00000057,
pay_260706002004,order_260706056,5357.00,card,107.14,2026-07-06T20:51:00+05:30,captured,setl_00000057,
pay_260706002005,order_260706056,885.00,netbanking,7.96,2026-07-06T21:12:00+05:30,captured,setl_00000057,
pay_260706002006,order_260706056,2028.00,wallet,40.56,2026-07-06T12:24:00+05:30,captured,setl_00000057,
pay_260706002007,order_260706056,4372.00,card,87.44,2026-07-06T19:44:00+05:30,captured,setl_00000057,
pay_260706002008,order_260706056,3753.00,upi_apps,75.06,2026-07-06T19:19:00+05:30,captured,setl_00000057,
pay_260706002009,order_260706056,3321.00,wallet,66.42,2026-07-06T21:18:00+05:30,captured,setl_00000057,
pay_260706002010,order_260706056,644.00,card,12.88,2026-07-06T13:28:00+05:30,captured,setl_00000057,
pay_260706002011,order_260706056,4756.00,wallet,95.12,2026-07-06T08:15:00+05:30,captured,setl_00000057,
pay_260706002012,order_260706056,1584.00,card,31.68,2026-07-06T09:04:00+05:30,captured,setl_00000057,
pay_260706002013,order_260706056,712.00,upi_apps,14.24,2026-07-06T19:07:00+05:30,captured,setl_00000057,
pay_260706002014,order_260706056,1290.00,netbanking,11.61,2026-07-06T21:46:00+05:30,captured,setl_00000057,
pay_260706002015,order_260706056,3073.00,upi_apps,61.46,2026-07-06T11:52:00+05:30,captured,setl_00000057,
pay_260707002016,order_260707057,2060.00,card,41.20,2026-07-07T12:32:00+05:30,captured,setl_00000058,
pay_260707002017,order_260707057,4854.00,card,97.08,2026-07-07T16:31:00+05:30,captured,setl_00000058,
pay_260707002018,order_260707057,1342.00,card,26.84,2026-07-07T12:00:00+05:30,captured,setl_00000058,
pay_260707002019,order_260707057,4616.00,card,92.32,2026-07-07T17:31:00+05:30,captured,setl_00000058,
pay_260707002020,order_260707057,1196.00,upi_apps,23.92,2026-07-07T12:58:00+05:30,captured,setl_00000058,
pay_260707002021,order_260707057,1775.00,netbanking,15.97,2026-07-07T19:45:00+05:30,captured,setl_00000058,
pay_260707002022,order_260707057,1527.00,upi_apps,30.54,2026-07-07T09:21:00+05:30,captured,setl_00000058,
pay_260707002023,order_260707057,3002.00,upi_apps,60.04,2026-07-07T08:58:00+05:30,captured,setl_00000058,
pay_260707002024,order_260707057,3648.00,upi_apps,72.96,2026-07-07T12:22:00+05:30,captured,setl_00000058,
pay_260707002025,order_260707057,1360.00,netbanking,12.24,2026-07-07T09:07:00+05:30,captured,setl_00000058,
pay_260707002026,order_260707057,2640.00,upi_apps,52.80,2026-07-07T11:25:00+05:30,captured,setl_00000058,
pay_260707002027,order_260707057,1483.00,wallet,29.66,2026-07-07T12:53:00+05:30,captured,setl_00000058,
pay_260707002028,order_260707057,1996.00,netbanking,17.96,2026-07-07T13:07:00+05:30,captured,setl_00000058,
pay_260707002029,order_260707057,4493.00,upi_apps,89.86,2026-07-07T09:32:00+05:30,captured,setl_00000058,
pay_260707002030,order_260707057,4820.00,card,96.40,2026-07-07T20:08:00+05:30,captured,setl_00000058,
pay_260707002031,order_260707057,4135.00,card,82.70,2026-07-07T21:06:00+05:30,captured,setl_00000058,
pay_260707002032,order_260707057,3088.00,upi_apps,61.76,2026-07-07T21:00:00+05:30,captured,setl_00000058,
pay_260707002033,order_260707057,4308.00,upi_apps,86.16,2026-07-07T19:31:00+05:30,captured,setl_00000058,
pay_260707002034,order_260707057,3166.00,upi_apps,63.32,2026-07-07T09:35:00+05:30,captured,setl_00000058,
pay_260707002035,order_260707057,1224.00,card,24.48,2026-07-07T15:41:00+05:30,captured,setl_00000058,
pay_260707002036,order_260707057,4530.00,card,90.60,2026-07-07T19:29:00+05:30,captured,setl_00000058,
pay_260707002037,order_260707057,1833.00,wallet,36.66,2026-07-07T14:05:00+05:30,captured,setl_00000058,
pay_260707002038,order_260707057,3241.00,upi_apps,64.82,2026-07-07T11:07:00+05:30,captured,setl_00000058,
pay_260707002039,order_260707057,4498.00,upi_apps,89.96,2026-07-07T15:42:00+05:30,captured,setl_00000058,
pay_260707002040,order_260707057,929.00,wallet,18.58,2026-07-07T15:24:00+05:30,captured,setl_00000058,
pay_260707002041,order_260707057,2975.00,netbanking,26.77,2026-07-07T11:00:00+05:30,captured,setl_00000058,
pay_260707002042,order_260707057,4337.00,netbanking,39.03,2026-07-07T08:08:00+05:30,captured,setl_00000058,
pay_260707002043,order_260707057,3771.00,wallet,75.42,2026-07-07T13:08:00+05:30,captured,setl_00000058,
pay_260707002044,order_260707057,2592.00,upi_apps,51.84,2026-07-07T14:24:00+05:30,captured,setl_00000058,
pay_260707002045,order_260707057,2414.00,card,48.28,2026-07-07T08:16:00+05:30,captured,setl_00000058,
pay_260707002046,order_260707057,5001.00,card,100.02,2026-07-07T19:12:00+05:30,captured,setl_00000058,
pay_260707002047,order_260707057,2371.00,card,47.42,2026-07-07T19:52:00+05:30,captured,setl_00000058,
pay_260707002048,order_260707057,783.00,card,15.66,2026-07-07T08:59:00+05:30,captured,setl_00000058,
pay_260707002049,order_260707057,530.00,netbanking,4.76,2026-07-07T13:32:00+05:30,captured,setl_00000058,
pay_260707002050,order_260707057,3833.00,card,76.66,2026-07-07T11:50:00+05:30,captured,setl_00000058,
pay_260707002051,order_260707057,1933.00,upi_apps,38.66,2026-07-07T20:05:00+05:30,captured,setl_00000058,
pay_260707002052,order_260707057,3461.00,wallet,69.22,2026-07-07T08:05:00+05:30,captured,setl_00000058,
pay_260707002053,order_260707057,2601.00,upi_apps,52.02,2026-07-07T13:09:00+05:30,captured,setl_00000058,
pay_260707002054,order_260707057,1006.00,upi_apps,20.12,2026-07-07T13:35:00+05:30,captured,setl_00000058,
pay_260707002055,order_260707057,2264.00,upi_apps,45.28,2026-07-07T11:13:00+05:30,captured,setl_00000058,
pay_260707002056,order_260707057,5327.00,wallet,106.54,2026-07-07T21:13:00+05:30,captured,setl_00000058,
pay_260707002057,order_260707057,2830.00,wallet,56.60,2026-07-07T18:40:00+05:30,captured,setl_00000058,
pay_260707002058,order_260707057,2419.00,wallet,48.38,2026-07-07T19:17:00+05:30,captured,setl_00000058,
pay_260707002059,order_260707057,4541.00,wallet,90.82,2026-07-07T17:31:00+05:30,captured,setl_00000058,
pay_260707002060,order_260707057,4662.00,upi_apps,93.24,2026-07-07T16:24:00+05:30,captured,setl_00000058,
pay_260707002061,order_260707057,3356.00,wallet,67.12,2026-07-07T19:38:00+05:30,captured,setl_00000058,
pay_260707002062,order_260707057,4281.00,card,85.62,2026-07-07T16:24:00+05:30,captured,setl_00000058,
pay_260708002063,order_260708058,3577.00,netbanking,32.19,2026-07-08T22:48:00+05:30,captured,setl_00000059,
pay_260708002064,order_260708058,1861.00,upi_apps,37.22,2026-07-08T13:47:00+05:30,captured,setl_00000059,
pay_260708002065,order_260708058,1517.00,card,30.34,2026-07-08T19:25:00+05:30,captured,setl_00000059,
pay_260708002066,order_260708058,4246.00,wallet,84.92,2026-07-08T21:36:00+05:30,captured,setl_00000059,
pay_260708002067,order_260708058,1878.00,card,37.56,2026-07-08T08:02:00+05:30,captured,setl_00000059,
pay_260708002068,order_260708058,2264.00,netbanking,20.37,2026-07-08T09:43:00+05:30,captured,setl_00000059,
pay_260708002069,order_260708058,453.00,card,9.06,2026-07-08T11:03:00+05:30,captured,setl_00000059,
pay_260708002070,order_260708058,3017.00,upi_apps,60.34,2026-07-08T09:15:00+05:30,captured,setl_00000059,
pay_260708002071,order_260708058,1610.00,upi_apps,32.20,2026-07-08T21:41:00+05:30,captured,setl_00000059,
pay_260708002072,order_260708058,1693.00,wallet,33.86,2026-07-08T13:38:00+05:30,captured,setl_00000059,
pay_260708002073,order_260708058,5073.00,card,101.46,2026-07-08T22:35:00+05:30,captured,setl_00000059,
pay_260708002074,order_260708058,2500.00,wallet,50.00,2026-07-08T20:27:00+05:30,captured,setl_00000059,
pay_260708002075,order_260708058,3430.00,upi_apps,68.60,2026-07-08T20:41:00+05:30,captured,setl_00000059,
pay_260708002076,order_260708058,4071.00,upi_apps,81.42,2026-07-08T12:24:00+05:30,captured,setl_00000059,
pay_260708002077,order_260708058,4527.00,upi_apps,90.54,2026-07-08T18:49:00+05:30,captured,setl_00000059,
pay_260708002078,order_260708058,3304.00,netbanking,29.73,2026-07-08T15:54:00+05:30,captured,setl_00000059,
pay_260708002079,order_260708058,895.00,card,17.90,2026-07-08T19:55:00+05:30,captured,setl_00000059,
pay_260708002080,order_260708058,2796.00,wallet,55.92,2026-07-08T21:19:00+05:30,captured,setl_00000059,
pay_260708002081,order_260708058,658.00,upi_apps,13.16,2026-07-08T15:33:00+05:30,captured,setl_00000059,
pay_260708002082,order_260708058,4447.00,netbanking,40.02,2026-07-08T16:23:00+05:30,captured,setl_00000059,
pay_260708002083,order_260708058,714.00,upi_apps,14.28,2026-07-08T11:43:00+05:30,captured,setl_00000059,
pay_260708002084,order_260708058,3837.00,netbanking,34.53,2026-07-08T21:58:00+05:30,captured,setl_00000059,
pay_260708002085,order_260708058,3099.00,wallet,61.98,2026-07-08T18:04:00+05:30,captured,setl_00000059,
pay_260709002086,order_260709059,1990.00,netbanking,17.90,2026-07-09T18:01:00+05:30,captured,setl_00000060,
pay_260709002087,order_260709059,3684.00,upi_apps,73.68,2026-07-09T20:06:00+05:30,captured,setl_00000060,
pay_260709002088,order_260709059,4912.00,upi_apps,98.24,2026-07-09T14:39:00+05:30,captured,setl_00000060,
pay_260709002089,order_260709059,1043.00,upi_apps,20.86,2026-07-09T22:48:00+05:30,captured,setl_00000060,
pay_260709002090,order_260709059,3893.00,upi_apps,77.86,2026-07-09T20:48:00+05:30,captured,setl_00000060,
pay_260709002091,order_260709059,4293.00,netbanking,38.63,2026-07-09T12:44:00+05:30,captured,setl_00000060,
pay_260709002092,order_260709059,5294.00,card,105.88,2026-07-09T21:33:00+05:30,captured,setl_00000060,
pay_260709002093,order_260709059,563.00,card,11.26,2026-07-09T20:42:00+05:30,captured,setl_00000060,
pay_260709002094,order_260709059,3472.00,netbanking,31.24,2026-07-09T09:18:00+05:30,captured,setl_00000060,
pay_260709002095,order_260709059,4196.00,upi_apps,83.92,2026-07-09T08:14:00+05:30,captured,setl_00000060,
pay_260709002096,order_260709059,3670.00,upi_apps,73.40,2026-07-09T13:02:00+05:30,captured,setl_00000060,
pay_260709002097,order_260709059,581.00,upi_apps,11.62,2026-07-09T19:05:00+05:30,captured,setl_00000060,
pay_260709002098,order_260709059,607.00,upi_apps,12.14,2026-07-09T08:42:00+05:30,captured,setl_00000060,
pay_260709002099,order_260709059,4503.00,netbanking,40.52,2026-07-09T15:53:00+05:30,captured,setl_00000060,
pay_260709002100,order_260709059,1558.00,card,31.16,2026-07-09T22:32:00+05:30,captured,setl_00000060,
pay_260709002101,order_260709059,3059.00,upi_apps,61.18,2026-07-09T22:20:00+05:30,captured,setl_00000060,
pay_260709002102,order_260709059,2574.00,upi_apps,51.48,2026-07-09T12:50:00+05:30,captured,setl_00000060,
pay_260709002103,order_260709059,4195.00,netbanking,37.75,2026-07-09T14:35:00+05:30,captured,setl_00000060,
pay_260709002104,order_260709059,3193.00,netbanking,28.73,2026-07-09T16:37:00+05:30,captured,setl_00000060,
pay_260709002105,order_260709059,744.00,wallet,14.88,2026-07-09T20:08:00+05:30,captured,setl_00000060,
pay_260709002106,order_260709059,2494.00,upi_apps,49.88,2026-07-09T13:53:00+05:30,captured,setl_00000060,
pay_260709002107,order_260709059,3899.00,card,77.98,2026-07-09T19:06:00+05:30,captured,setl_00000060,
pay_260709002108,order_260709059,3874.00,card,77.48,2026-07-09T13:49:00+05:30,captured,setl_00000060,
pay_260709002109,order_260709059,2716.00,upi_apps,54.32,2026-07-09T12:36:00+05:30,captured,setl_00000060,
pay_260709002110,order_260709059,3578.00,card,71.56,2026-07-09T22:55:00+05:30,captured,setl_00000060,
pay_260709002111,order_260709059,3467.00,card,69.34,2026-07-09T20:05:00+05:30,captured,setl_00000060,
pay_260709002112,order_260709059,3949.00,wallet,78.98,2026-07-09T20:53:00+05:30,captured,setl_00000060,
pay_260709002113,order_260709059,2136.00,upi_apps,42.72,2026-07-09T08:16:00+05:30,captured,setl_00000060,
pay_260709002114,order_260709059,3465.00,card,69.30,2026-07-09T08:11:00+05:30,captured,setl_00000060,
pay_260709002115,order_260709059,1565.00,upi_apps,31.30,2026-07-09T10:43:00+05:30,captured,setl_00000060,
pay_260709002116,order_260709059,3758.00,upi_apps,75.16,2026-07-09T11:28:00+05:30,captured,setl_00000060,
pay_260709002117,order_260709059,4122.00,upi_apps,82.44,2026-07-09T15:05:00+05:30,captured,setl_00000060,
pay_260709002118,order_260709059,4014.00,upi_apps,80.28,2026-07-09T12:06:00+05:30,captured,setl_00000060,
pay_260709002119,order_260709059,2471.00,netbanking,22.23,2026-07-09T09:23:00+05:30,captured,setl_00000060,
pay_260709002120,order_260709059,3552.00,wallet,71.04,2026-07-09T18:36:00+05:30,captured,setl_00000060,
pay_260709002121,order_260709059,4567.00,card,91.34,2026-07-09T09:18:00+05:30,captured,setl_00000060,
pay_260709002122,order_260709059,4532.00,upi_apps,90.64,2026-07-09T22:34:00+05:30,captured,setl_00000060,
pay_260709002123,order_260709059,3063.00,wallet,61.26,2026-07-09T13:58:00+05:30,captured,setl_00000060,
pay_260709002124,order_260709059,2480.00,card,49.60,2026-07-09T18:51:00+05:30,captured,setl_00000060,
pay_260709002125,order_260709059,5189.00,card,103.78,2026-07-09T20:23:00+05:30,captured,setl_00000060,
pay_260709002126,order_260709059,4852.00,upi_apps,97.04,2026-07-09T19:00:00+05:30,captured,setl_00000060,
pay_260709002127,order_260709059,2968.00,netbanking,26.71,2026-07-09T08:13:00+05:30,captured,setl_00000060,
pay_260709002128,order_260709059,1354.00,upi_apps,27.08,2026-07-09T10:37:00+05:30,captured,setl_00000060,
pay_260709002129,order_260709059,509.00,card,10.18,2026-07-09T14:22:00+05:30,captured,setl_00000060,
pay_260709002130,order_260709059,1661.00,upi_apps,33.22,2026-07-09T17:53:00+05:30,captured,setl_00000060,
pay_260709002131,order_260709059,4052.00,upi_apps,81.04,2026-07-09T12:32:00+05:30,captured,setl_00000060,
pay_260710002132,order_260710060,2247.00,upi_apps,44.94,2026-07-10T12:21:00+05:30,captured,setl_00000061,
pay_260710002133,order_260710060,3740.00,card,74.80,2026-07-10T12:40:00+05:30,captured,setl_00000061,
pay_260710002134,order_260710060,3512.00,card,70.24,2026-07-10T14:51:00+05:30,captured,setl_00000061,
pay_260710002135,order_260710060,5373.00,upi_apps,107.46,2026-07-10T21:47:00+05:30,captured,setl_00000061,
pay_260710002136,order_260710060,3064.00,upi_apps,61.28,2026-07-10T13:55:00+05:30,captured,setl_00000061,
pay_260710002137,order_260710060,4342.00,upi_apps,86.84,2026-07-10T20:00:00+05:30,captured,setl_00000061,
pay_260710002138,order_260710060,1221.00,wallet,24.42,2026-07-10T12:47:00+05:30,captured,setl_00000061,
pay_260710002139,order_260710060,5103.00,wallet,102.06,2026-07-10T10:09:00+05:30,captured,setl_00000061,
pay_260710002140,order_260710060,4205.00,card,84.10,2026-07-10T16:03:00+05:30,captured,setl_00000061,
pay_260710002141,order_260710060,1013.00,netbanking,9.11,2026-07-10T16:36:00+05:30,captured,setl_00000061,
pay_260710002142,order_260710060,4638.00,card,92.76,2026-07-10T15:43:00+05:30,captured,setl_00000061,
pay_260710002143,order_260710060,1135.00,wallet,22.70,2026-07-10T11:37:00+05:30,captured,setl_00000061,
pay_260710002144,order_260710060,2090.00,upi_apps,41.80,2026-07-10T15:48:00+05:30,captured,setl_00000061,
pay_260710002145,order_260710060,928.00,upi_apps,18.56,2026-07-10T10:44:00+05:30,captured,setl_00000061,
pay_260710002146,order_260710060,3998.00,card,79.96,2026-07-10T16:30:00+05:30,captured,setl_00000061,
pay_260710002147,order_260710060,1716.00,upi_apps,34.32,2026-07-10T12:29:00+05:30,captured,setl_00000061,
pay_260710002148,order_260710060,855.00,upi_apps,17.10,2026-07-10T14:36:00+05:30,captured,setl_00000061,
pay_260710002149,order_260710060,2844.00,netbanking,25.59,2026-07-10T14:15:00+05:30,captured,setl_00000061,
pay_260710002150,order_260710060,3956.00,netbanking,35.60,2026-07-10T16:07:00+05:30,captured,setl_00000061,
pay_260710002151,order_260710060,2726.00,upi_apps,54.52,2026-07-10T15:51:00+05:30,captured,setl_00000061,
pay_260710002152,order_260710060,4535.00,card,90.70,2026-07-10T17:05:00+05:30,captured,setl_00000061,
pay_260710002153,order_260710060,2540.00,wallet,50.80,2026-07-10T15:36:00+05:30,captured,setl_00000061,
pay_260710002154,order_260710060,4813.00,upi_apps,96.26,2026-07-10T16:20:00+05:30,captured,setl_00000061,
pay_260710002155,order_260710060,3519.00,upi_apps,70.38,2026-07-10T19:09:00+05:30,captured,setl_00000061,
pay_260710002156,order_260710060,2348.00,card,46.96,2026-07-10T18:27:00+05:30,captured,setl_00000061,
pay_260710002157,order_260710060,817.00,card,16.34,2026-07-10T22:10:00+05:30,captured,setl_00000061,
pay_260710002158,order_260710060,4250.00,wallet,85.00,2026-07-10T21:22:00+05:30,captured,setl_00000061,
pay_260710002159,order_260710060,3456.00,card,69.12,2026-07-10T21:40:00+05:30,captured,setl_00000061,
pay_260710002160,order_260710060,1777.00,upi_apps,35.54,2026-07-10T16:47:00+05:30,captured,setl_00000061,
pay_260710002161,order_260710060,1390.00,upi_apps,27.80,2026-07-10T11:12:00+05:30,captured,setl_00000061,
pay_260710002162,order_260710060,787.00,upi_apps,15.74,2026-07-10T19:04:00+05:30,captured,setl_00000061,
pay_260711002163,order_260711061,515.00,upi_apps,10.30,2026-07-11T12:14:00+05:30,captured,setl_00000062,
pay_260711002164,order_260711061,3468.00,upi_apps,69.36,2026-07-11T12:21:00+05:30,captured,setl_00000062,
pay_260712002165,order_260712062,2423.00,upi_apps,48.46,2026-07-12T18:50:00+05:30,captured,setl_00000063,
pay_260712002166,order_260712062,4577.00,netbanking,41.19,2026-07-12T16:48:00+05:30,captured,setl_00000063,
pay_260712002167,order_260712062,2421.00,card,48.42,2026-07-12T18:10:00+05:30,captured,setl_00000063,
pay_260712002168,order_260712062,5352.00,upi_apps,107.04,2026-07-12T18:40:00+05:30,captured,setl_00000063,
pay_260713002169,order_260713063,1845.00,netbanking,16.60,2026-07-13T22:19:00+05:30,captured,setl_00000064,
pay_260713002170,order_260713063,1080.00,upi_apps,21.60,2026-07-13T15:37:00+05:30,captured,setl_00000064,
pay_260713002171,order_260713063,1211.00,card,24.22,2026-07-13T13:51:00+05:30,captured,setl_00000064,
pay_260713002172,order_260713063,4732.00,upi_apps,94.64,2026-07-13T17:57:00+05:30,captured,setl_00000064,
pay_260713002173,order_260713063,5179.00,wallet,103.58,2026-07-13T16:19:00+05:30,captured,setl_00000064,
pay_260713002174,order_260713063,3877.00,card,77.54,2026-07-13T12:02:00+05:30,captured,setl_00000064,
pay_260713002175,order_260713063,4747.00,upi_apps,94.94,2026-07-13T16:47:00+05:30,captured,setl_00000064,
pay_260713002176,order_260713063,4105.00,card,82.10,2026-07-13T16:27:00+05:30,captured,setl_00000064,
pay_260713002177,order_260713063,3544.00,card,70.88,2026-07-13T18:30:00+05:30,captured,setl_00000064,
pay_260713002178,order_260713063,1799.00,upi_apps,35.98,2026-07-13T13:33:00+05:30,captured,setl_00000064,
pay_260713002179,order_260713063,5103.00,wallet,102.06,2026-07-13T08:06:00+05:30,captured,setl_00000064,
pay_260713002180,order_260713063,3736.00,upi_apps,74.72,2026-07-13T17:43:00+05:30,captured,setl_00000064,
pay_260713002181,order_260713063,2616.00,wallet,52.32,2026-07-13T17:12:00+05:30,captured,setl_00000064,
pay_260713002182,order_260713063,3993.00,upi_apps,79.86,2026-07-13T09:51:00+05:30,captured,setl_00000064,
pay_260713002183,order_260713063,1816.00,card,36.32,2026-07-13T22:14:00+05:30,captured,setl_00000064,
pay_260713002184,order_260713063,3998.00,netbanking,35.98,2026-07-13T13:14:00+05:30,captured,setl_00000064,
pay_260713002185,order_260713063,2383.00,upi_apps,47.66,2026-07-13T10:21:00+05:30,captured,setl_00000064,
pay_260713002186,order_260713063,4880.00,card,97.60,2026-07-13T22:39:00+05:30,captured,setl_00000064,
pay_260713002187,order_260713063,3509.00,card,70.18,2026-07-13T13:17:00+05:30,captured,setl_00000064,
pay_260713002188,order_260713063,1829.00,card,36.58,2026-07-13T09:46:00+05:30,captured,setl_00000064,
pay_260713002189,order_260713063,924.00,upi_apps,18.48,2026-07-13T21:55:00+05:30,captured,setl_00000064,
pay_260713002190,order_260713063,2824.00,netbanking,25.41,2026-07-13T18:16:00+05:30,captured,setl_00000064,
pay_260713002191,order_260713063,5027.00,upi_apps,100.54,2026-07-13T20:04:00+05:30,captured,setl_00000064,
pay_260713002192,order_260713063,3256.00,upi_apps,65.12,2026-07-13T21:56:00+05:30,captured,setl_00000064,
pay_260713002193,order_260713063,911.00,upi_apps,18.22,2026-07-13T13:17:00+05:30,captured,setl_00000064,
pay_260713002194,order_260713063,3406.00,upi_apps,68.12,2026-07-13T16:39:00+05:30,captured,setl_00000064,
pay_260713002195,order_260713063,2079.00,card,41.58,2026-07-13T18:16:00+05:30,captured,setl_00000064,
pay_260713002196,order_260713063,4355.00,wallet,87.10,2026-07-13T12:32:00+05:30,captured,setl_00000064,
pay_260713002197,order_260713063,2418.00,upi_apps,48.36,2026-07-13T14:58:00+05:30,captured,setl_00000064,
pay_260713002198,order_260713063,4787.00,upi_apps,95.74,2026-07-13T22:46:00+05:30,captured,setl_00000064,
pay_260713002199,order_260713063,2653.00,card,53.06,2026-07-13T22:02:00+05:30,captured,setl_00000064,
pay_260713002200,order_260713063,2457.00,card,49.14,2026-07-13T11:12:00+05:30,captured,setl_00000064,
pay_260713002201,order_260713063,4002.00,upi_apps,80.04,2026-07-13T16:09:00+05:30,captured,setl_00000064,
pay_260713002202,order_260713063,4640.00,upi_apps,92.80,2026-07-13T14:17:00+05:30,captured,setl_00000064,
pay_260713002203,order_260713063,2553.00,card,51.06,2026-07-13T19:00:00+05:30,captured,setl_00000064,
pay_260713002204,order_260713063,1498.00,card,29.96,2026-07-13T09:17:00+05:30,captured,setl_00000064,
pay_260713002205,order_260713063,3330.00,card,66.60,2026-07-13T09:59:00+05:30,captured,setl_00000064,
pay_260713002206,order_260713063,1980.00,upi_apps,39.60,2026-07-13T08:02:00+05:30,captured,setl_00000064,
pay_260713002207,order_260713063,2148.00,card,42.96,2026-07-13T10:38:00+05:30,captured,setl_00000064,
pay_260713002208,order_260713063,5383.00,card,107.66,2026-07-13T20:56:00+05:30,captured,setl_00000064,
pay_260713002209,order_260713063,2143.00,card,42.86,2026-07-13T13:00:00+05:30,captured,setl_00000064,
pay_260713002210,order_260713063,932.00,card,18.64,2026-07-13T09:53:00+05:30,captured,setl_00000064,
pay_260713002211,order_260713063,2866.00,card,57.32,2026-07-13T13:51:00+05:30,captured,setl_00000064,
pay_260713002212,order_260713063,4075.00,upi_apps,81.50,2026-07-13T19:28:00+05:30,captured,setl_00000064,
pay_260713002213,order_260713063,2884.00,netbanking,25.95,2026-07-13T16:35:00+05:30,captured,setl_00000064,
pay_260713002214,order_260713063,5143.00,upi_apps,102.86,2026-07-13T10:54:00+05:30,captured,setl_00000064,
pay_260713002215,order_260713063,1086.00,card,21.72,2026-07-13T17:32:00+05:30,captured,setl_00000064,
pay_260714002216,order_260714064,859.00,card,17.18,2026-07-14T18:18:00+05:30,captured,setl_00000065,
pay_260714002217,order_260714064,3107.00,upi_apps,62.14,2026-07-14T09:24:00+05:30,captured,setl_00000065,
pay_260714002218,order_260714064,5371.00,upi_apps,107.42,2026-07-14T10:12:00+05:30,captured,setl_00000065,
pay_260714002219,order_260714064,1787.00,wallet,35.74,2026-07-14T16:45:00+05:30,captured,setl_00000065,
pay_260714002220,order_260714064,3357.00,upi_apps,67.14,2026-07-14T09:50:00+05:30,captured,setl_00000065,
pay_260714002221,order_260714064,4976.00,upi_apps,99.52,2026-07-14T11:58:00+05:30,captured,setl_00000065,
pay_260714002222,order_260714064,3262.00,netbanking,29.35,2026-07-14T11:00:00+05:30,captured,setl_00000065,
pay_260714002223,order_260714064,4055.00,upi_apps,81.10,2026-07-14T11:19:00+05:30,captured,setl_00000065,
pay_260714002224,order_260714064,4762.00,card,95.24,2026-07-14T18:48:00+05:30,captured,setl_00000065,
pay_260714002225,order_260714064,3565.00,upi_apps,71.30,2026-07-14T17:42:00+05:30,captured,setl_00000065,
pay_260714002226,order_260714064,1591.00,upi_apps,31.82,2026-07-14T20:43:00+05:30,captured,setl_00000065,
pay_260714002227,order_260714064,2779.00,upi_apps,55.58,2026-07-14T13:00:00+05:30,captured,setl_00000065,
pay_260714002228,order_260714064,4529.00,card,90.58,2026-07-14T12:02:00+05:30,captured,setl_00000065,
pay_260714002229,order_260714064,2481.00,wallet,49.62,2026-07-14T20:51:00+05:30,captured,setl_00000065,
pay_260714002230,order_260714064,2886.00,upi_apps,57.72,2026-07-14T09:19:00+05:30,captured,setl_00000065,
pay_260714002231,order_260714064,2733.00,upi_apps,54.66,2026-07-14T20:50:00+05:30,captured,setl_00000065,
pay_260714002232,order_260714064,5253.00,netbanking,47.27,2026-07-14T12:58:00+05:30,captured,setl_00000065,
pay_260714002233,order_260714064,2804.00,upi_apps,56.08,2026-07-14T20:43:00+05:30,captured,setl_00000065,
pay_260714002234,order_260714064,4577.00,card,91.54,2026-07-14T22:52:00+05:30,captured,setl_00000065,
pay_260714002235,order_260714064,2387.00,upi_apps,47.74,2026-07-14T14:47:00+05:30,captured,setl_00000065,
pay_260714002236,order_260714064,1800.00,netbanking,16.19,2026-07-14T11:54:00+05:30,captured,setl_00000065,
pay_260714002237,order_260714064,2676.00,upi_apps,53.52,2026-07-14T16:29:00+05:30,captured,setl_00000065,
pay_260714002238,order_260714064,2830.00,upi_apps,56.60,2026-07-14T10:41:00+05:30,captured,setl_00000065,
pay_260714002239,order_260714064,2312.00,upi_apps,46.24,2026-07-14T16:50:00+05:30,captured,setl_00000065,
pay_260714002240,order_260714064,1078.00,upi_apps,21.56,2026-07-14T18:19:00+05:30,captured,setl_00000065,
pay_260714002241,order_260714064,3405.00,wallet,68.10,2026-07-14T13:51:00+05:30,captured,setl_00000065,
pay_260714002242,order_260714064,4231.00,netbanking,38.07,2026-07-14T09:14:00+05:30,captured,setl_00000065,
pay_260714002243,order_260714064,3343.00,upi_apps,66.86,2026-07-14T19:27:00+05:30,captured,setl_00000065,
pay_260714002244,order_260714064,1159.00,upi_apps,23.18,2026-07-14T20:11:00+05:30,captured,setl_00000065,
pay_260715002245,order_260715065,1435.00,upi_apps,28.70,2026-07-15T12:28:00+05:30,captured,setl_00000066,
pay_260715002246,order_260715065,5010.00,card,100.20,2026-07-15T20:51:00+05:30,captured,setl_00000066,
pay_260715002247,order_260715065,968.00,upi_apps,19.36,2026-07-15T20:18:00+05:30,captured,setl_00000066,
pay_260715002248,order_260715065,4930.00,netbanking,44.37,2026-07-15T21:44:00+05:30,captured,setl_00000066,
pay_260715002249,order_260715065,1257.00,card,25.14,2026-07-15T21:25:00+05:30,captured,setl_00000066,
pay_260715002250,order_260715065,568.00,upi_apps,11.36,2026-07-15T18:56:00+05:30,captured,setl_00000066,
pay_260715002251,order_260715065,3421.00,upi_apps,68.42,2026-07-15T11:08:00+05:30,captured,setl_00000066,
pay_260715002252,order_260715065,5254.00,wallet,105.08,2026-07-15T12:45:00+05:30,captured,setl_00000066,
pay_260715002253,order_260715065,4532.00,card,90.64,2026-07-15T18:38:00+05:30,captured,setl_00000066,
pay_260715002254,order_260715065,4747.00,netbanking,42.72,2026-07-15T22:38:00+05:30,captured,setl_00000066,
pay_260715002255,order_260715065,1492.00,upi_apps,29.84,2026-07-15T09:27:00+05:30,captured,setl_00000066,
pay_260715002256,order_260715065,1522.00,card,30.44,2026-07-15T14:46:00+05:30,captured,setl_00000066,
pay_260715002257,order_260715065,2643.00,netbanking,23.78,2026-07-15T22:40:00+05:30,captured,setl_00000066,
pay_260715002258,order_260715065,5047.00,wallet,100.94,2026-07-15T19:32:00+05:30,captured,setl_00000066,
pay_260715002259,order_260715065,2156.00,card,43.12,2026-07-15T17:20:00+05:30,captured,setl_00000066,
pay_260715002260,order_260715065,1613.00,upi_apps,32.26,2026-07-15T11:34:00+05:30,captured,setl_00000066,
pay_260715002261,order_260715065,3489.00,netbanking,31.40,2026-07-15T17:15:00+05:30,captured,setl_00000066,
pay_260715002262,order_260715065,1373.00,upi_apps,27.46,2026-07-15T15:29:00+05:30,captured,setl_00000066,
pay_260715002263,order_260715065,1864.00,upi_apps,37.28,2026-07-15T18:38:00+05:30,captured,setl_00000066,
pay_260715002264,order_260715065,2433.00,upi_apps,48.66,2026-07-15T09:31:00+05:30,captured,setl_00000066,
pay_260715002265,order_260715065,2874.00,upi_apps,57.48,2026-07-15T13:49:00+05:30,captured,setl_00000066,
pay_260715002266,order_260715065,4654.00,wallet,93.08,2026-07-15T18:39:00+05:30,captured,setl_00000066,
pay_260715002267,order_260715065,5139.00,upi_apps,102.78,2026-07-15T13:55:00+05:30,captured,setl_00000066,
pay_260715002268,order_260715065,4602.00,wallet,92.04,2026-07-15T12:19:00+05:30,captured,setl_00000066,
pay_260715002269,order_260715065,2626.00,wallet,52.52,2026-07-15T12:30:00+05:30,captured,setl_00000066,
pay_260715002270,order_260715065,799.00,card,15.98,2026-07-15T09:40:00+05:30,captured,setl_00000066,
pay_260715002271,order_260715065,4108.00,upi_apps,82.16,2026-07-15T19:09:00+05:30,captured,setl_00000066,
pay_260715002272,order_260715065,3445.00,upi_apps,68.90,2026-07-15T16:42:00+05:30,captured,setl_00000066,
pay_260715002273,order_260715065,4421.00,card,88.42,2026-07-15T08:55:00+05:30,captured,setl_00000066,
pay_260715002274,order_260715065,756.00,card,15.12,2026-07-15T16:12:00+05:30,captured,setl_00000066,
pay_260715002275,order_260715065,4393.00,card,87.86,2026-07-15T08:08:00+05:30,captured,setl_00000066,
pay_260715002276,order_260715065,1088.00,card,21.76,2026-07-15T21:39:00+05:30,captured,setl_00000066,
pay_260715002277,order_260715065,5002.00,wallet,100.04,2026-07-15T13:04:00+05:30,captured,setl_00000066,
pay_260715002278,order_260715065,2429.00,upi_apps,48.58,2026-07-15T08:25:00+05:30,captured,setl_00000066,
pay_260715002279,order_260715065,2646.00,card,52.92,2026-07-15T21:36:00+05:30,captured,setl_00000066,
pay_260715002280,order_260715065,4691.00,card,93.82,2026-07-15T08:54:00+05:30,captured,setl_00000066,
pay_260715002281,order_260715065,2894.00,netbanking,26.04,2026-07-15T17:51:00+05:30,captured,setl_00000066,
pay_260715002282,order_260715065,1268.00,card,25.36,2026-07-15T09:24:00+05:30,captured,setl_00000066,
pay_260715002283,order_260715065,4928.00,card,98.56,2026-07-15T10:15:00+05:30,captured,setl_00000066,
pay_260715002284,order_260715065,1856.00,upi_apps,37.12,2026-07-15T08:04:00+05:30,captured,setl_00000066,
pay_260715002285,order_260715065,2327.00,wallet,46.54,2026-07-15T21:24:00+05:30,captured,setl_00000066,
pay_260715002286,order_260715065,3185.00,card,63.70,2026-07-15T13:25:00+05:30,captured,setl_00000066,
pay_260716002287,order_260716066,3844.00,card,76.88,2026-07-16T12:10:00+05:30,captured,setl_00000067,
pay_260716002288,order_260716066,3039.00,card,60.78,2026-07-16T20:53:00+05:30,captured,setl_00000067,
pay_260716002289,order_260716066,3564.00,upi_apps,71.28,2026-07-16T13:31:00+05:30,captured,setl_00000067,
pay_260716002290,order_260716066,3467.00,upi_apps,69.34,2026-07-16T18:50:00+05:30,captured,setl_00000067,
pay_260716002291,order_260716066,972.00,upi_apps,19.44,2026-07-16T14:23:00+05:30,captured,setl_00000067,
pay_260716002292,order_260716066,993.00,wallet,19.86,2026-07-16T14:21:00+05:30,captured,setl_00000067,
pay_260716002293,order_260716066,3509.00,upi_apps,70.18,2026-07-16T17:38:00+05:30,captured,setl_00000067,
pay_260716002294,order_260716066,2288.00,upi_apps,45.76,2026-07-16T18:29:00+05:30,captured,setl_00000067,
pay_260716002295,order_260716066,4483.00,card,89.66,2026-07-16T15:49:00+05:30,captured,setl_00000067,
pay_260716002296,order_260716066,3737.00,upi_apps,74.74,2026-07-16T18:40:00+05:30,captured,setl_00000067,
pay_260716002297,order_260716066,4911.00,upi_apps,98.22,2026-07-16T21:41:00+05:30,captured,setl_00000067,
pay_260716002298,order_260716066,2246.00,upi_apps,44.92,2026-07-16T08:34:00+05:30,captured,setl_00000067,
pay_260716002299,order_260716066,3672.00,netbanking,33.04,2026-07-16T19:07:00+05:30,captured,setl_00000067,
pay_260716002300,order_260716066,5168.00,upi_apps,103.36,2026-07-16T19:38:00+05:30,captured,setl_00000067,
pay_260716002301,order_260716066,3057.00,upi_apps,61.14,2026-07-16T12:08:00+05:30,captured,setl_00000067,
pay_260716002302,order_260716066,4105.00,upi_apps,82.10,2026-07-16T18:25:00+05:30,captured,setl_00000067,
pay_260716002303,order_260716066,2821.00,card,56.42,2026-07-16T12:39:00+05:30,captured,setl_00000067,
pay_260716002304,order_260716066,1648.00,card,32.96,2026-07-16T21:06:00+05:30,captured,setl_00000067,
pay_260716002305,order_260716066,575.00,netbanking,5.17,2026-07-16T18:25:00+05:30,captured,setl_00000067,
pay_260716002306,order_260716066,4402.00,upi_apps,88.04,2026-07-16T08:12:00+05:30,captured,setl_00000067,
pay_260716002307,order_260716066,2702.00,upi_apps,54.04,2026-07-16T10:50:00+05:30,captured,setl_00000067,
pay_260716002308,order_260716066,2792.00,upi_apps,55.84,2026-07-16T16:31:00+05:30,captured,setl_00000067,
pay_260716002309,order_260716066,4013.00,upi_apps,80.26,2026-07-16T13:09:00+05:30,captured,setl_00000067,
pay_260716002310,order_260716066,1665.00,upi_apps,33.30,2026-07-16T09:33:00+05:30,captured,setl_00000067,
pay_260716002311,order_260716066,2353.00,upi_apps,47.06,2026-07-16T11:44:00+05:30,captured,setl_00000067,
pay_260716002312,order_260716066,4971.00,wallet,99.42,2026-07-16T11:02:00+05:30,captured,setl_00000067,
pay_260716002313,order_260716066,3893.00,wallet,77.86,2026-07-16T18:31:00+05:30,captured,setl_00000067,
pay_260716002314,order_260716066,4930.00,wallet,98.60,2026-07-16T09:51:00+05:30,captured,setl_00000067,
pay_260716002315,order_260716066,4612.00,upi_apps,92.24,2026-07-16T17:28:00+05:30,captured,setl_00000067,
pay_260716002316,order_260716066,4070.00,upi_apps,81.40,2026-07-16T11:11:00+05:30,captured,setl_00000067,
pay_260716002317,order_260716066,3777.00,wallet,75.54,2026-07-16T11:49:00+05:30,captured,setl_00000067,
pay_260716002318,order_260716066,5092.00,upi_apps,101.84,2026-07-16T21:30:00+05:30,captured,setl_00000067,
pay_260716002319,order_260716066,4073.00,card,81.46,2026-07-16T09:53:00+05:30,captured,setl_00000067,
pay_260716002320,order_260716066,2160.00,card,43.20,2026-07-16T16:25:00+05:30,captured,setl_00000067,
pay_260716002321,order_260716066,2705.00,upi_apps,54.10,2026-07-16T12:35:00+05:30,captured,setl_00000067,
pay_260716002322,order_260716066,2641.00,netbanking,23.76,2026-07-16T13:05:00+05:30,captured,setl_00000067,
pay_260716002323,order_260716066,3827.00,upi_apps,76.54,2026-07-16T08:24:00+05:30,captured,setl_00000067,
pay_260716002324,order_260716066,3174.00,card,63.48,2026-07-16T12:36:00+05:30,captured,setl_00000067,
pay_260717002325,order_260717067,1640.00,card,32.80,2026-07-17T19:05:00+05:30,captured,setl_00000068,
pay_260717002326,order_260717067,4791.00,netbanking,43.11,2026-07-17T16:50:00+05:30,captured,setl_00000068,
pay_260717002327,order_260717067,881.00,upi_apps,17.62,2026-07-17T22:33:00+05:30,captured,setl_00000068,
pay_260717002328,order_260717067,4927.00,card,98.54,2026-07-17T16:19:00+05:30,captured,setl_00000068,
pay_260717002329,order_260717067,3407.00,card,68.14,2026-07-17T13:20:00+05:30,captured,setl_00000068,
pay_260717002330,order_260717067,1190.00,upi_apps,23.80,2026-07-17T17:32:00+05:30,captured,setl_00000068,
pay_260717002331,order_260717067,3814.00,card,76.28,2026-07-17T15:37:00+05:30,captured,setl_00000068,
pay_260717002332,order_260717067,1085.00,card,21.70,2026-07-17T09:03:00+05:30,captured,setl_00000068,
pay_260717002333,order_260717067,3640.00,upi_apps,72.80,2026-07-17T22:16:00+05:30,captured,setl_00000068,
pay_260717002334,order_260717067,1919.00,netbanking,17.27,2026-07-17T10:58:00+05:30,captured,setl_00000068,
pay_260717002335,order_260717067,4119.00,netbanking,37.07,2026-07-17T18:01:00+05:30,captured,setl_00000068,
pay_260717002336,order_260717067,2607.00,upi_apps,52.14,2026-07-17T13:32:00+05:30,captured,setl_00000068,
pay_260717002337,order_260717067,762.00,upi_apps,15.24,2026-07-17T20:17:00+05:30,captured,setl_00000068,
pay_260717002338,order_260717067,619.00,upi_apps,12.38,2026-07-17T11:14:00+05:30,captured,setl_00000068,
pay_260717002339,order_260717067,3908.00,upi_apps,78.16,2026-07-17T20:37:00+05:30,captured,setl_00000068,
pay_260717002340,order_260717067,5305.00,card,106.10,2026-07-17T08:07:00+05:30,captured,setl_00000068,
pay_260717002341,order_260717067,5395.00,card,107.90,2026-07-17T08:35:00+05:30,captured,setl_00000068,
pay_260717002342,order_260717067,742.00,upi_apps,14.84,2026-07-17T17:07:00+05:30,captured,setl_00000068,
pay_260717002343,order_260717067,3472.00,upi_apps,69.44,2026-07-17T10:05:00+05:30,captured,setl_00000068,
pay_260717002344,order_260717067,5234.00,upi_apps,104.68,2026-07-17T21:41:00+05:30,captured,setl_00000068,
pay_260717002345,order_260717067,511.00,netbanking,4.59,2026-07-17T22:41:00+05:30,captured,setl_00000068,
pay_260717002346,order_260717067,2293.00,wallet,45.86,2026-07-17T16:12:00+05:30,captured,setl_00000068,
pay_260717002347,order_260717067,672.00,card,13.44,2026-07-17T08:30:00+05:30,captured,setl_00000068,
pay_260717002348,order_260717067,1781.00,wallet,35.62,2026-07-17T17:16:00+05:30,captured,setl_00000068,
pay_260717002349,order_260717067,2300.00,upi_apps,46.00,2026-07-17T10:44:00+05:30,captured,setl_00000068,
pay_260717002350,order_260717067,3755.00,upi_apps,75.10,2026-07-17T21:53:00+05:30,captured,setl_00000068,
pay_260717002351,order_260717067,2541.00,card,50.82,2026-07-17T08:33:00+05:30,captured,setl_00000068,
pay_260717002352,order_260717067,2550.00,upi_apps,51.00,2026-07-17T12:08:00+05:30,captured,setl_00000068,
pay_260717002353,order_260717067,2665.00,wallet,53.30,2026-07-17T10:51:00+05:30,captured,setl_00000068,
pay_260717002354,order_260717067,2260.00,card,45.20,2026-07-17T20:25:00+05:30,captured,setl_00000068,
pay_260717002355,order_260717067,822.00,upi_apps,16.44,2026-07-17T17:21:00+05:30,captured,setl_00000068,
pay_260717002356,order_260717067,3858.00,card,77.16,2026-07-17T11:48:00+05:30,captured,setl_00000068,
pay_260717002357,order_260717067,2174.00,netbanking,19.56,2026-07-17T14:24:00+05:30,captured,setl_00000068,
pay_260717002358,order_260717067,1588.00,upi_apps,31.76,2026-07-17T08:50:00+05:30,captured,setl_00000068,
pay_260717002359,order_260717067,4868.00,card,97.36,2026-07-17T11:39:00+05:30,captured,setl_00000068,
pay_260717002360,order_260717067,2073.00,upi_apps,41.46,2026-07-17T22:22:00+05:30,captured,setl_00000068,
pay_260717002361,order_260717067,570.00,upi_apps,11.40,2026-07-17T14:03:00+05:30,captured,setl_00000068,
pay_260717002362,order_260717067,5033.00,netbanking,45.29,2026-07-17T09:18:00+05:30,captured,setl_00000068,
pay_260717002363,order_260717067,968.00,upi_apps,19.36,2026-07-17T20:12:00+05:30,captured,setl_00000068,
pay_260717002364,order_260717067,4794.00,upi_apps,95.88,2026-07-17T19:01:00+05:30,captured,setl_00000068,
pay_260717002365,order_260717067,4011.00,card,80.22,2026-07-17T20:13:00+05:30,captured,setl_00000068,
pay_260717002366,order_260717067,2872.00,upi_apps,57.44,2026-07-17T21:44:00+05:30,captured,setl_00000068,
pay_260718002367,order_260718068,520.00,upi_apps,10.40,2026-07-18T08:26:00+05:30,captured,setl_00000069,
pay_260718002368,order_260718068,490.00,upi_apps,9.80,2026-07-18T10:27:00+05:30,captured,setl_00000069,
pay_260718002369,order_260718068,3367.00,wallet,67.34,2026-07-18T09:19:00+05:30,captured,setl_00000069,
pay_260718002370,order_260718068,5095.00,upi_apps,101.90,2026-07-18T15:24:00+05:30,captured,setl_00000069,
pay_260718002371,order_260718068,2581.00,card,51.62,2026-07-18T14:06:00+05:30,captured,setl_00000069,
pay_260718002372,order_260718068,1182.00,upi_apps,23.64,2026-07-18T09:57:00+05:30,captured,setl_00000069,
pay_260718002373,order_260718068,4623.00,upi_apps,92.46,2026-07-18T22:18:00+05:30,captured,setl_00000069,
pay_260718002374,order_260718068,1403.00,upi_apps,28.06,2026-07-18T08:43:00+05:30,captured,setl_00000069,
pay_260718002375,order_260718068,3662.00,netbanking,32.95,2026-07-18T11:48:00+05:30,captured,setl_00000069,
pay_260718002376,order_260718068,1738.00,netbanking,15.64,2026-07-18T15:01:00+05:30,captured,setl_00000069,
pay_260718002377,order_260718068,5333.00,card,106.66,2026-07-18T18:28:00+05:30,captured,setl_00000069,
pay_260718002378,order_260718068,2007.00,upi_apps,40.14,2026-07-18T08:36:00+05:30,captured,setl_00000069,
pay_260718002379,order_260718068,812.00,upi_apps,16.24,2026-07-18T21:06:00+05:30,captured,setl_00000069,
pay_260718002380,order_260718068,5375.00,upi_apps,107.50,2026-07-18T08:32:00+05:30,captured,setl_00000069,
pay_260718002381,order_260718068,3277.00,upi_apps,65.54,2026-07-18T22:51:00+05:30,captured,setl_00000069,
pay_260718002382,order_260718068,1447.00,netbanking,13.02,2026-07-18T17:50:00+05:30,captured,setl_00000069,
pay_260718002383,order_260718068,4402.00,upi_apps,88.04,2026-07-18T17:41:00+05:30,captured,setl_00000069,
pay_260718002384,order_260718068,478.00,upi_apps,9.56,2026-07-18T14:39:00+05:30,captured,setl_00000069,
pay_260718002385,order_260718068,5063.00,card,101.26,2026-07-18T18:45:00+05:30,captured,setl_00000069,
pay_260718002386,order_260718068,1025.00,upi_apps,20.50,2026-07-18T14:22:00+05:30,captured,setl_00000069,
pay_260719002387,order_260719069,2458.00,upi_apps,49.16,2026-07-19T16:58:00+05:30,captured,setl_00000070,
pay_260719002388,order_260719069,872.00,upi_apps,17.44,2026-07-19T20:21:00+05:30,captured,setl_00000070,
pay_260720002389,order_260720070,4601.00,wallet,92.02,2026-07-20T12:43:00+05:30,captured,setl_00000071,
pay_260720002390,order_260720070,3564.00,card,71.28,2026-07-20T16:33:00+05:30,captured,setl_00000071,
pay_260720002391,order_260720070,1636.00,upi_apps,32.72,2026-07-20T21:08:00+05:30,captured,setl_00000071,
pay_260720002392,order_260720070,1111.00,upi_apps,22.22,2026-07-20T20:53:00+05:30,captured,setl_00000071,
pay_260720002393,order_260720070,3839.00,upi_apps,76.78,2026-07-20T09:51:00+05:30,captured,setl_00000071,
pay_260720002394,order_260720070,2303.00,card,46.06,2026-07-20T20:56:00+05:30,captured,setl_00000071,
pay_260720002395,order_260720070,2534.00,card,50.68,2026-07-20T19:41:00+05:30,captured,setl_00000071,
pay_260720002396,order_260720070,906.00,upi_apps,18.12,2026-07-20T22:23:00+05:30,captured,setl_00000071,
pay_260720002397,order_260720070,5180.00,card,103.60,2026-07-20T14:14:00+05:30,captured,setl_00000071,
pay_260720002398,order_260720070,5171.00,netbanking,46.53,2026-07-20T21:03:00+05:30,captured,setl_00000071,
pay_260720002399,order_260720070,2577.00,netbanking,23.19,2026-07-20T10:14:00+05:30,captured,setl_00000071,
pay_260720002400,order_260720070,588.00,upi_apps,11.76,2026-07-20T17:04:00+05:30,captured,setl_00000071,
pay_260720002401,order_260720070,4221.00,upi_apps,84.42,2026-07-20T09:00:00+05:30,captured,setl_00000071,
pay_260720002402,order_260720070,2032.00,card,40.64,2026-07-20T14:31:00+05:30,captured,setl_00000071,
pay_260720002403,order_260720070,5381.00,card,107.62,2026-07-20T22:44:00+05:30,captured,setl_00000071,
pay_260720002404,order_260720070,568.00,upi_apps,11.36,2026-07-20T12:20:00+05:30,captured,setl_00000071,
pay_260720002405,order_260720070,3594.00,upi_apps,71.88,2026-07-20T21:56:00+05:30,captured,setl_00000071,
pay_260720002406,order_260720070,3876.00,upi_apps,77.52,2026-07-20T22:03:00+05:30,captured,setl_00000071,
pay_260720002407,order_260720070,4841.00,card,96.82,2026-07-20T16:21:00+05:30,captured,setl_00000071,
pay_260720002408,order_260720070,3095.00,netbanking,27.85,2026-07-20T08:57:00+05:30,captured,setl_00000071,
pay_260720002409,order_260720070,2319.00,card,46.38,2026-07-20T08:24:00+05:30,captured,setl_00000071,
pay_260720002410,order_260720070,779.00,wallet,15.58,2026-07-20T13:23:00+05:30,captured,setl_00000071,
pay_260720002411,order_260720070,4478.00,upi_apps,89.56,2026-07-20T12:53:00+05:30,captured,setl_00000071,
pay_260720002412,order_260720070,3920.00,card,78.40,2026-07-20T09:57:00+05:30,captured,setl_00000071,
pay_260720002413,order_260720070,2850.00,upi_apps,57.00,2026-07-20T12:51:00+05:30,captured,setl_00000071,
pay_260720002414,order_260720070,4287.00,upi_apps,85.74,2026-07-20T08:58:00+05:30,captured,setl_00000071,
pay_260720002415,order_260720070,707.00,netbanking,6.36,2026-07-20T18:21:00+05:30,captured,setl_00000071,
pay_260720002416,order_260720070,4543.00,card,90.86,2026-07-20T20:14:00+05:30,captured,setl_00000071,
pay_260720002417,order_260720070,2802.00,upi_apps,56.04,2026-07-20T09:05:00+05:30,captured,setl_00000071,
pay_260720002418,order_260720070,4277.00,upi_apps,85.54,2026-07-20T15:37:00+05:30,captured,setl_00000071,
pay_260720002419,order_260720070,1786.00,netbanking,16.07,2026-07-20T11:35:00+05:30,captured,setl_00000071,
pay_260720002420,order_260720070,1511.00,upi_apps,30.22,2026-07-20T15:44:00+05:30,captured,setl_00000071,
pay_260720002421,order_260720070,2461.00,card,49.22,2026-07-20T17:33:00+05:30,captured,setl_00000071,
pay_260720002422,order_260720070,3149.00,upi_apps,62.98,2026-07-20T08:19:00+05:30,captured,setl_00000071,
pay_260720002423,order_260720070,3138.00,upi_apps,62.76,2026-07-20T12:47:00+05:30,captured,setl_00000071,
pay_260720002424,order_260720070,452.00,card,9.04,2026-07-20T12:04:00+05:30,captured,setl_00000071,
pay_260720002425,order_260720070,5138.00,upi_apps,102.76,2026-07-20T22:13:00+05:30,captured,setl_00000071,
pay_260720002426,order_260720070,1576.00,card,31.52,2026-07-20T13:32:00+05:30,captured,setl_00000071,
pay_260720002427,order_260720070,5232.00,wallet,104.64,2026-07-20T22:35:00+05:30,captured,setl_00000071,
pay_260720002428,order_260720070,1871.00,wallet,37.42,2026-07-20T11:42:00+05:30,captured,setl_00000071,
pay_260720002429,order_260720070,1056.00,card,21.12,2026-07-20T20:18:00+05:30,captured,setl_00000071,
pay_260720002430,order_260720070,3194.00,upi_apps,63.88,2026-07-20T09:45:00+05:30,captured,setl_00000071,
pay_260720002431,order_260720070,2665.00,upi_apps,53.30,2026-07-20T16:54:00+05:30,captured,setl_00000071,
pay_260720002432,order_260720070,2002.00,card,40.04,2026-07-20T19:06:00+05:30,captured,setl_00000071,
pay_260720002433,order_260720070,1870.00,upi_apps,37.40,2026-07-20T13:18:00+05:30,captured,setl_00000071,
pay_260720002434,order_260720070,1897.00,card,37.94,2026-07-20T15:55:00+05:30,captured,setl_00000071,
pay_260720002435,order_260720070,3013.00,card,60.26,2026-07-20T08:31:00+05:30,captured,setl_00000071,
pay_260720002436,order_260720070,2730.00,card,54.60,2026-07-20T13:31:00+05:30,captured,setl_00000071,
pay_260720002437,order_260720070,1374.00,upi_apps,27.48,2026-07-20T14:53:00+05:30,captured,setl_00000071,
pay_260720002438,order_260720070,5190.00,upi_apps,103.80,2026-07-20T19:08:00+05:30,captured,setl_00000071,
pay_260721002439,order_260721071,1565.00,upi_apps,31.30,2026-07-21T18:03:00+05:30,captured,setl_00000072,
pay_260721002440,order_260721071,3784.00,card,75.68,2026-07-21T19:48:00+05:30,captured,setl_00000072,
pay_260721002441,order_260721071,3511.00,upi_apps,70.22,2026-07-21T09:56:00+05:30,captured,setl_00000072,
pay_260721002442,order_260721071,3483.00,upi_apps,69.66,2026-07-21T12:32:00+05:30,captured,setl_00000072,
pay_260721002443,order_260721071,2196.00,upi_apps,43.92,2026-07-21T16:38:00+05:30,captured,setl_00000072,
pay_260721002444,order_260721071,4433.00,upi_apps,88.66,2026-07-21T11:37:00+05:30,captured,setl_00000072,
pay_260721002445,order_260721071,2292.00,upi_apps,45.84,2026-07-21T22:28:00+05:30,captured,setl_00000072,
pay_260721002446,order_260721071,866.00,upi_apps,17.32,2026-07-21T12:30:00+05:30,captured,setl_00000072,
pay_260721002447,order_260721071,1979.00,upi_apps,39.58,2026-07-21T17:27:00+05:30,captured,setl_00000072,
pay_260721002448,order_260721071,1180.00,card,23.60,2026-07-21T22:50:00+05:30,captured,setl_00000072,
pay_260721002449,order_260721071,3090.00,upi_apps,61.80,2026-07-21T13:47:00+05:30,captured,setl_00000072,
pay_260721002450,order_260721071,3618.00,upi_apps,72.36,2026-07-21T15:59:00+05:30,captured,setl_00000072,
pay_260721002451,order_260721071,672.00,upi_apps,13.44,2026-07-21T19:21:00+05:30,captured,setl_00000072,
pay_260721002452,order_260721071,1694.00,upi_apps,33.88,2026-07-21T12:17:00+05:30,captured,setl_00000072,
pay_260721002453,order_260721071,1262.00,card,25.24,2026-07-21T12:53:00+05:30,captured,setl_00000072,
pay_260721002454,order_260721071,1111.00,netbanking,9.99,2026-07-21T14:11:00+05:30,captured,setl_00000072,
pay_260722002455,order_260722072,3793.00,upi_apps,75.86,2026-07-22T08:32:00+05:30,captured,setl_00000073,
pay_260722002456,order_260722072,3870.00,netbanking,34.82,2026-07-22T12:02:00+05:30,captured,setl_00000073,
pay_260722002457,order_260722072,4664.00,upi_apps,93.28,2026-07-22T19:29:00+05:30,captured,setl_00000073,
pay_260722002458,order_260722072,2613.00,upi_apps,52.26,2026-07-22T19:46:00+05:30,captured,setl_00000073,
pay_260722002459,order_260722072,4529.00,netbanking,40.76,2026-07-22T11:40:00+05:30,captured,setl_00000073,
pay_260722002460,order_260722072,2028.00,card,40.56,2026-07-22T13:58:00+05:30,captured,setl_00000073,
pay_260722002461,order_260722072,4498.00,upi_apps,89.96,2026-07-22T19:34:00+05:30,captured,setl_00000073,
pay_260722002462,order_260722072,4668.00,upi_apps,93.36,2026-07-22T13:28:00+05:30,captured,setl_00000073,
pay_260722002463,order_260722072,4682.00,netbanking,42.13,2026-07-22T12:09:00+05:30,captured,setl_00000073,
pay_260722002464,order_260722072,817.00,card,16.34,2026-07-22T12:43:00+05:30,captured,setl_00000073,
pay_260722002465,order_260722072,4937.00,netbanking,44.43,2026-07-22T11:12:00+05:30,captured,setl_00000073,
pay_260722002466,order_260722072,2100.00,netbanking,18.89,2026-07-22T20:17:00+05:30,captured,setl_00000073,
pay_260722002467,order_260722072,4025.00,upi_apps,80.50,2026-07-22T20:53:00+05:30,captured,setl_00000073,
pay_260722002468,order_260722072,2332.00,upi_apps,46.64,2026-07-22T22:09:00+05:30,captured,setl_00000073,
pay_260722002469,order_260722072,1583.00,upi_apps,31.66,2026-07-22T22:15:00+05:30,captured,setl_00000073,
pay_260722002470,order_260722072,2452.00,upi_apps,49.04,2026-07-22T19:44:00+05:30,captured,setl_00000073,
pay_260722002471,order_260722072,1840.00,upi_apps,36.80,2026-07-22T09:33:00+05:30,captured,setl_00000073,
pay_260722002472,order_260722072,4394.00,upi_apps,87.88,2026-07-22T08:37:00+05:30,captured,setl_00000073,
pay_260722002473,order_260722072,4535.00,upi_apps,90.70,2026-07-22T17:00:00+05:30,captured,setl_00000073,
pay_260722002474,order_260722072,5240.00,upi_apps,104.80,2026-07-22T20:25:00+05:30,captured,setl_00000073,
pay_260722002475,order_260722072,966.00,wallet,19.32,2026-07-22T13:08:00+05:30,captured,setl_00000073,
pay_260722002476,order_260722072,2362.00,card,47.24,2026-07-22T10:42:00+05:30,captured,setl_00000073,
pay_260723002477,order_260723073,3142.00,card,62.84,2026-07-23T08:31:00+05:30,captured,setl_00000074,
pay_260723002478,order_260723073,4341.00,wallet,86.82,2026-07-23T17:14:00+05:30,captured,setl_00000074,
pay_260723002479,order_260723073,1910.00,upi_apps,38.20,2026-07-23T09:37:00+05:30,captured,setl_00000074,
pay_260723002480,order_260723073,3403.00,upi_apps,68.06,2026-07-23T20:19:00+05:30,captured,setl_00000074,
pay_260723002481,order_260723073,3227.00,upi_apps,64.54,2026-07-23T12:40:00+05:30,captured,setl_00000074,
pay_260723002482,order_260723073,848.00,upi_apps,16.96,2026-07-23T21:43:00+05:30,captured,setl_00000074,
pay_260723002483,order_260723073,3409.00,card,68.18,2026-07-23T11:21:00+05:30,captured,setl_00000074,
pay_260723002484,order_260723073,2208.00,netbanking,19.87,2026-07-23T18:14:00+05:30,captured,setl_00000074,
pay_260723002485,order_260723073,3273.00,upi_apps,65.46,2026-07-23T15:28:00+05:30,captured,setl_00000074,
pay_260723002486,order_260723073,2631.00,wallet,52.62,2026-07-23T20:26:00+05:30,captured,setl_00000074,
pay_260723002487,order_260723073,688.00,card,13.76,2026-07-23T16:23:00+05:30,captured,setl_00000074,
pay_260723002488,order_260723073,5355.00,upi_apps,107.10,2026-07-23T13:57:00+05:30,captured,setl_00000074,
pay_260723002489,order_260723073,3810.00,upi_apps,76.20,2026-07-23T10:05:00+05:30,captured,setl_00000074,
pay_260723002490,order_260723073,2960.00,card,59.20,2026-07-23T09:38:00+05:30,captured,setl_00000074,
pay_260723002491,order_260723073,2007.00,card,40.14,2026-07-23T11:35:00+05:30,captured,setl_00000074,
pay_260723002492,order_260723073,3605.00,card,72.10,2026-07-23T08:33:00+05:30,captured,setl_00000074,
pay_260723002493,order_260723073,1307.00,card,26.14,2026-07-23T13:15:00+05:30,captured,setl_00000074,
pay_260723002494,order_260723073,5127.00,upi_apps,102.54,2026-07-23T19:40:00+05:30,captured,setl_00000074,
pay_260723002495,order_260723073,4483.00,card,89.66,2026-07-23T15:49:00+05:30,captured,setl_00000074,
pay_260723002496,order_260723073,1055.00,upi_apps,21.10,2026-07-23T20:55:00+05:30,captured,setl_00000074,
pay_260723002497,order_260723073,5235.00,card,104.70,2026-07-23T19:36:00+05:30,captured,setl_00000074,
pay_260723002498,order_260723073,744.00,upi_apps,14.88,2026-07-23T15:02:00+05:30,captured,setl_00000074,
pay_260723002499,order_260723073,2097.00,card,41.94,2026-07-23T18:33:00+05:30,captured,setl_00000074,
pay_260723002500,order_260723073,1188.00,card,23.76,2026-07-23T10:15:00+05:30,captured,setl_00000074,
pay_260723002501,order_260723073,1846.00,netbanking,16.61,2026-07-23T10:48:00+05:30,captured,setl_00000074,
pay_260723002502,order_260723073,893.00,card,17.86,2026-07-23T18:22:00+05:30,captured,setl_00000074,
pay_260723002503,order_260723073,4217.00,card,84.34,2026-07-23T20:32:00+05:30,captured,setl_00000074,
pay_260723002504,order_260723073,4827.00,card,96.54,2026-07-23T10:13:00+05:30,captured,setl_00000074,
pay_260723002505,order_260723073,3818.00,upi_apps,76.36,2026-07-23T21:37:00+05:30,captured,setl_00000074,
pay_260723002506,order_260723073,4233.00,upi_apps,84.66,2026-07-23T16:30:00+05:30,captured,setl_00000074,
pay_260723002507,order_260723073,3493.00,card,69.86,2026-07-23T17:48:00+05:30,captured,setl_00000074,
pay_260723002508,order_260723073,3042.00,wallet,60.84,2026-07-23T14:56:00+05:30,captured,setl_00000074,
pay_260723002509,order_260723073,975.00,upi_apps,19.50,2026-07-23T21:36:00+05:30,captured,setl_00000074,
pay_260723002510,order_260723073,3638.00,card,72.76,2026-07-23T11:24:00+05:30,captured,setl_00000074,
pay_260723002511,order_260723073,3585.00,upi_apps,71.70,2026-07-23T08:13:00+05:30,captured,setl_00000074,
pay_260723002512,order_260723073,5087.00,card,101.74,2026-07-23T17:41:00+05:30,captured,setl_00000074,
pay_260723002513,order_260723073,594.00,wallet,11.88,2026-07-23T17:24:00+05:30,captured,setl_00000074,
pay_260723002514,order_260723073,3369.00,upi_apps,67.38,2026-07-23T13:02:00+05:30,captured,setl_00000074,
pay_260723002515,order_260723073,2469.00,upi_apps,49.38,2026-07-23T10:25:00+05:30,captured,setl_00000074,
pay_260723002516,order_260723073,2107.00,upi_apps,42.14,2026-07-23T18:31:00+05:30,captured,setl_00000074,
pay_260724002517,order_260724074,1967.00,netbanking,17.70,2026-07-24T12:07:00+05:30,captured,setl_00000075,
pay_260724002518,order_260724074,3823.00,wallet,76.46,2026-07-24T18:49:00+05:30,captured,setl_00000075,
pay_260724002519,order_260724074,1186.00,upi_apps,23.72,2026-07-24T13:29:00+05:30,captured,setl_00000075,
pay_260724002520,order_260724074,620.00,upi_apps,12.40,2026-07-24T13:06:00+05:30,captured,setl_00000075,
pay_260724002521,order_260724074,4264.00,card,85.28,2026-07-24T14:39:00+05:30,captured,setl_00000075,
pay_260724002522,order_260724074,4631.00,card,92.62,2026-07-24T08:07:00+05:30,captured,setl_00000075,
pay_260724002523,order_260724074,3874.00,upi_apps,77.48,2026-07-24T10:37:00+05:30,captured,setl_00000075,
pay_260724002524,order_260724074,2920.00,upi_apps,58.40,2026-07-24T15:40:00+05:30,captured,setl_00000075,
pay_260724002525,order_260724074,1566.00,card,31.32,2026-07-24T10:49:00+05:30,captured,setl_00000075,
pay_260724002526,order_260724074,2733.00,netbanking,24.59,2026-07-24T08:09:00+05:30,captured,setl_00000075,
pay_260724002527,order_260724074,3758.00,wallet,75.16,2026-07-24T21:07:00+05:30,captured,setl_00000075,
pay_260724002528,order_260724074,3086.00,card,61.72,2026-07-24T08:38:00+05:30,captured,setl_00000075,
pay_260724002529,order_260724074,928.00,wallet,18.56,2026-07-24T13:59:00+05:30,captured,setl_00000075,
pay_260724002530,order_260724074,2480.00,wallet,49.60,2026-07-24T17:59:00+05:30,captured,setl_00000075,
pay_260724002531,order_260724074,3874.00,card,77.48,2026-07-24T15:19:00+05:30,captured,setl_00000075,
pay_260724002532,order_260724074,2148.00,card,42.96,2026-07-24T17:31:00+05:30,captured,setl_00000075,
pay_260724002533,order_260724074,4668.00,upi_apps,93.36,2026-07-24T22:26:00+05:30,captured,setl_00000075,
pay_260724002534,order_260724074,1605.00,card,32.10,2026-07-24T11:42:00+05:30,captured,setl_00000075,
pay_260724002535,order_260724074,770.00,card,15.40,2026-07-24T19:17:00+05:30,captured,setl_00000075,
pay_260724002536,order_260724074,4042.00,wallet,80.84,2026-07-24T10:00:00+05:30,captured,setl_00000075,
pay_260724002537,order_260724074,826.00,card,16.52,2026-07-24T09:35:00+05:30,captured,setl_00000075,
pay_260724002538,order_260724074,3970.00,netbanking,35.72,2026-07-24T19:07:00+05:30,captured,setl_00000075,
pay_260724002539,order_260724074,1884.00,netbanking,16.95,2026-07-24T19:29:00+05:30,captured,setl_00000075,
pay_260724002540,order_260724074,1772.00,upi_apps,35.44,2026-07-24T22:30:00+05:30,captured,setl_00000075,
pay_260724002541,order_260724074,3950.00,wallet,79.00,2026-07-24T09:04:00+05:30,captured,setl_00000075,
pay_260724002542,order_260724074,4359.00,card,87.18,2026-07-24T13:41:00+05:30,captured,setl_00000075,
pay_260724002543,order_260724074,3687.00,netbanking,33.18,2026-07-24T16:01:00+05:30,captured,setl_00000075,
pay_260724002544,order_260724074,5311.00,card,106.22,2026-07-24T08:33:00+05:30,captured,setl_00000075,
pay_260724002545,order_260724074,4791.00,upi_apps,95.82,2026-07-24T08:45:00+05:30,captured,setl_00000075,
pay_260724002546,order_260724074,3770.00,netbanking,33.92,2026-07-24T12:00:00+05:30,captured,setl_00000075,
pay_260724002547,order_260724074,3340.00,upi_apps,66.80,2026-07-24T20:20:00+05:30,captured,setl_00000075,
pay_260725002548,order_260725075,1582.00,wallet,31.64,2026-07-25T12:01:00+05:30,captured,setl_00000076,
pay_260725002549,order_260725075,1925.00,card,38.50,2026-07-25T13:10:00+05:30,captured,setl_00000076,
pay_260725002550,order_260725075,3318.00,upi_apps,66.36,2026-07-25T10:56:00+05:30,captured,setl_00000076,
pay_260725002551,order_260725075,4285.00,upi_apps,85.70,2026-07-25T20:31:00+05:30,captured,setl_00000076,
pay_260725002552,order_260725075,4560.00,wallet,91.20,2026-07-25T17:43:00+05:30,captured,setl_00000076,
pay_260725002553,order_260725075,3030.00,upi_apps,60.60,2026-07-25T08:47:00+05:30,captured,setl_00000076,
pay_260725002554,order_260725075,4141.00,netbanking,37.26,2026-07-25T20:38:00+05:30,captured,setl_00000076,
pay_260725002555,order_260725075,4857.00,upi_apps,97.14,2026-07-25T16:12:00+05:30,captured,setl_00000076,
pay_260725002556,order_260725075,1035.00,upi_apps,20.70,2026-07-25T18:25:00+05:30,captured,setl_00000076,
pay_260725002557,order_260725075,805.00,upi_apps,16.10,2026-07-25T15:47:00+05:30,captured,setl_00000076,
pay_260725002558,order_260725075,4258.00,card,85.16,2026-07-25T12:43:00+05:30,captured,setl_00000076,
pay_260725002559,order_260725075,1003.00,upi_apps,20.06,2026-07-25T22:01:00+05:30,captured,setl_00000076,
pay_260725002560,order_260725075,4889.00,card,97.78,2026-07-25T08:42:00+05:30,captured,setl_00000076,
pay_260725002561,order_260725075,2518.00,wallet,50.36,2026-07-25T18:55:00+05:30,captured,setl_00000076,
pay_260725002562,order_260725075,2969.00,upi_apps,59.38,2026-07-25T19:25:00+05:30,captured,setl_00000076,
pay_260725002563,order_260725075,1395.00,upi_apps,27.90,2026-07-25T22:11:00+05:30,captured,setl_00000076,
pay_260725002564,order_260725075,726.00,upi_apps,14.52,2026-07-25T12:55:00+05:30,captured,setl_00000076,
pay_260725002565,order_260725075,1133.00,netbanking,10.19,2026-07-25T13:25:00+05:30,captured,setl_00000076,
pay_260725002566,order_260725075,4992.00,upi_apps,99.84,2026-07-25T09:45:00+05:30,captured,setl_00000076,
pay_260725002567,order_260725075,1466.00,upi_apps,29.32,2026-07-25T15:29:00+05:30,captured,setl_00000076,
pay_260725002568,order_260725075,3727.00,netbanking,33.54,2026-07-25T14:39:00+05:30,captured,setl_00000076,
pay_260725002569,order_260725075,4768.00,upi_apps,95.36,2026-07-25T08:27:00+05:30,captured,setl_00000076,
pay_260725002570,order_260725075,1043.00,upi_apps,20.86,2026-07-25T14:33:00+05:30,captured,setl_00000076,
pay_260725002571,order_260725075,760.00,netbanking,6.84,2026-07-25T17:24:00+05:30,captured,setl_00000076,
pay_260725002572,order_260725075,2684.00,card,53.68,2026-07-25T13:29:00+05:30,captured,setl_00000076,
pay_260726002573,order_260726076,4062.00,card,81.24,2026-07-26T17:05:00+05:30,captured,setl_00000077,
pay_260726002574,order_260726076,2244.00,netbanking,20.19,2026-07-26T20:01:00+05:30,captured,setl_00000077,
pay_260726002575,order_260726076,2519.00,upi_apps,50.38,2026-07-26T10:29:00+05:30,captured,setl_00000077,
pay_260726002576,order_260726076,569.00,card,11.38,2026-07-26T12:15:00+05:30,captured,setl_00000077,
pay_260726002577,order_260726076,3210.00,netbanking,28.89,2026-07-26T16:52:00+05:30,captured,setl_00000077,
pay_260726002578,order_260726076,4909.00,netbanking,44.18,2026-07-26T15:04:00+05:30,captured,setl_00000077,
pay_260726002579,order_260726076,1597.00,card,31.94,2026-07-26T13:39:00+05:30,captured,setl_00000077,
pay_260726002580,order_260726076,1347.00,card,26.94,2026-07-26T14:15:00+05:30,captured,setl_00000077,
pay_260726002581,order_260726076,1010.00,netbanking,9.08,2026-07-26T15:19:00+05:30,captured,setl_00000077,
pay_260726002582,order_260726076,1915.00,upi_apps,38.30,2026-07-26T21:55:00+05:30,captured,setl_00000077,
pay_260726002583,order_260726076,951.00,card,19.02,2026-07-26T10:40:00+05:30,captured,setl_00000077,
pay_260726002584,order_260726076,3365.00,netbanking,30.28,2026-07-26T21:51:00+05:30,captured,setl_00000077,
pay_260726002585,order_260726076,3001.00,card,60.02,2026-07-26T15:57:00+05:30,captured,setl_00000077,
pay_260726002586,order_260726076,639.00,upi_apps,12.78,2026-07-26T12:03:00+05:30,captured,setl_00000077,
pay_260726002587,order_260726076,2020.00,netbanking,18.17,2026-07-26T19:35:00+05:30,captured,setl_00000077,
pay_260726002588,order_260726076,2339.00,upi_apps,46.78,2026-07-26T08:17:00+05:30,captured,setl_00000077,
pay_260726002589,order_260726076,4303.00,card,86.06,2026-07-26T12:29:00+05:30,captured,setl_00000077,
pay_260726002590,order_260726076,2005.00,card,40.10,2026-07-26T09:55:00+05:30,captured,setl_00000077,
pay_260727002591,order_260727077,4218.00,wallet,84.36,2026-07-27T09:10:00+05:30,captured,setl_00000078,
pay_260727002592,order_260727077,4210.00,upi_apps,84.20,2026-07-27T10:27:00+05:30,captured,setl_00000078,
pay_260727002593,order_260727077,702.00,card,14.04,2026-07-27T09:30:00+05:30,captured,setl_00000078,
pay_260727002594,order_260727077,2348.00,upi_apps,46.96,2026-07-27T10:15:00+05:30,captured,setl_00000078,
pay_260727002595,order_260727077,3293.00,card,65.86,2026-07-27T18:38:00+05:30,captured,setl_00000078,
pay_260727002596,order_260727077,1380.00,card,27.60,2026-07-27T12:06:00+05:30,captured,setl_00000078,
pay_260727002597,order_260727077,2182.00,card,43.64,2026-07-27T18:11:00+05:30,captured,setl_00000078,
pay_260727002598,order_260727077,4091.00,upi_apps,81.82,2026-07-27T10:32:00+05:30,captured,setl_00000078,
pay_260727002599,order_260727077,1016.00,upi_apps,20.32,2026-07-27T17:42:00+05:30,captured,setl_00000078,
pay_260727002600,order_260727077,2073.00,card,41.46,2026-07-27T12:42:00+05:30,captured,setl_00000078,
pay_260727002601,order_260727077,4961.00,netbanking,44.64,2026-07-27T12:04:00+05:30,captured,setl_00000078,
pay_260727002602,order_260727077,3295.00,upi_apps,65.90,2026-07-27T09:44:00+05:30,captured,setl_00000078,
pay_260727002603,order_260727077,2327.00,upi_apps,46.54,2026-07-27T16:06:00+05:30,captured,setl_00000078,
pay_260727002604,order_260727077,2782.00,wallet,55.64,2026-07-27T11:39:00+05:30,captured,setl_00000078,
pay_260727002605,order_260727077,2878.00,upi_apps,57.56,2026-07-27T14:29:00+05:30,captured,setl_00000078,
pay_260727002606,order_260727077,5359.00,upi_apps,107.18,2026-07-27T13:35:00+05:30,captured,setl_00000078,
pay_260727002607,order_260727077,1753.00,netbanking,15.77,2026-07-27T17:01:00+05:30,captured,setl_00000078,
pay_260727002608,order_260727077,2080.00,upi_apps,41.60,2026-07-27T10:37:00+05:30,captured,setl_00000078,
pay_260727002609,order_260727077,860.00,card,17.20,2026-07-27T10:59:00+05:30,captured,setl_00000078,
pay_260727002610,order_260727077,2636.00,wallet,52.72,2026-07-27T18:41:00+05:30,captured,setl_00000078,
pay_260727002611,order_260727077,4765.00,netbanking,42.88,2026-07-27T12:36:00+05:30,captured,setl_00000078,
pay_260727002612,order_260727077,2031.00,upi_apps,40.62,2026-07-27T09:00:00+05:30,captured,setl_00000078,
pay_260727002613,order_260727077,5038.00,upi_apps,100.76,2026-07-27T22:51:00+05:30,captured,setl_00000078,
pay_260727002614,order_260727077,2970.00,card,59.40,2026-07-27T15:05:00+05:30,captured,setl_00000078,
pay_260727002615,order_260727077,1967.00,netbanking,17.70,2026-07-27T11:55:00+05:30,captured,setl_00000078,
pay_260727002616,order_260727077,1047.00,upi_apps,20.94,2026-07-27T18:41:00+05:30,captured,setl_00000078,
pay_260727002617,order_260727077,3377.00,card,67.54,2026-07-27T20:28:00+05:30,captured,setl_00000078,
pay_260727002618,order_260727077,833.00,upi_apps,16.66,2026-07-27T18:25:00+05:30,captured,setl_00000078,
pay_260727002619,order_260727077,2909.00,wallet,58.18,2026-07-27T13:17:00+05:30,captured,setl_00000078,
pay_260727002620,order_260727077,1635.00,card,32.70,2026-07-27T17:05:00+05:30,captured,setl_00000078,
pay_260727002621,order_260727077,1765.00,upi_apps,35.30,2026-07-27T14:15:00+05:30,captured,setl_00000078,
pay_260727002622,order_260727077,4704.00,upi_apps,94.08,2026-07-27T14:51:00+05:30,captured,setl_00000078,
pay_260727002623,order_260727077,2837.00,upi_apps,56.74,2026-07-27T14:02:00+05:30,captured,setl_00000078,
pay_260727002624,order_260727077,1356.00,upi_apps,27.12,2026-07-27T10:18:00+05:30,captured,setl_00000078,
pay_260728002625,order_260728078,5263.00,upi_apps,105.26,2026-07-28T19:15:00+05:30,captured,setl_00000079,
pay_260728002626,order_260728078,1366.00,wallet,27.32,2026-07-28T09:34:00+05:30,captured,setl_00000079,
pay_260728002627,order_260728078,2661.00,upi_apps,53.22,2026-07-28T13:22:00+05:30,captured,setl_00000079,
pay_260728002628,order_260728078,2385.00,upi_apps,47.70,2026-07-28T17:50:00+05:30,captured,setl_00000079,
pay_260728002629,order_260728078,4952.00,card,99.04,2026-07-28T16:40:00+05:30,captured,setl_00000079,
pay_260728002630,order_260728078,4469.00,upi_apps,89.38,2026-07-28T22:50:00+05:30,captured,setl_00000079,
pay_260728002631,order_260728078,3377.00,upi_apps,67.54,2026-07-28T14:53:00+05:30,captured,setl_00000079,
pay_260728002632,order_260728078,3234.00,upi_apps,64.68,2026-07-28T22:02:00+05:30,captured,setl_00000079,
pay_260728002633,order_260728078,1696.00,card,33.92,2026-07-28T14:24:00+05:30,captured,setl_00000079,
pay_260728002634,order_260728078,3529.00,upi_apps,70.58,2026-07-28T17:08:00+05:30,captured,setl_00000079,
pay_260728002635,order_260728078,2738.00,upi_apps,54.76,2026-07-28T21:03:00+05:30,captured,setl_00000079,
pay_260728002636,order_260728078,4035.00,upi_apps,80.70,2026-07-28T22:30:00+05:30,captured,setl_00000079,
pay_260728002637,order_260728078,1884.00,upi_apps,37.68,2026-07-28T13:20:00+05:30,captured,setl_00000079,
pay_260728002638,order_260728078,944.00,wallet,18.88,2026-07-28T09:51:00+05:30,captured,setl_00000079,
pay_260728002639,order_260728078,1427.00,upi_apps,28.54,2026-07-28T08:04:00+05:30,captured,setl_00000079,
pay_260728002640,order_260728078,3319.00,card,66.38,2026-07-28T10:54:00+05:30,captured,setl_00000079,
pay_260728002641,order_260728078,4489.00,card,89.78,2026-07-28T09:07:00+05:30,captured,setl_00000079,
pay_260728002642,order_260728078,1034.00,wallet,20.68,2026-07-28T19:34:00+05:30,captured,setl_00000079,
pay_260728002643,order_260728078,1590.00,upi_apps,31.80,2026-07-28T09:30:00+05:30,captured,setl_00000079,
pay_260728002644,order_260728078,4294.00,upi_apps,85.88,2026-07-28T08:25:00+05:30,captured,setl_00000079,
pay_260728002645,order_260728078,4758.00,wallet,95.16,2026-07-28T16:57:00+05:30,captured,setl_00000079,
pay_260728002646,order_260728078,4991.00,upi_apps,99.82,2026-07-28T19:05:00+05:30,captured,setl_00000079,
pay_260728002647,order_260728078,1481.00,card,29.62,2026-07-28T18:55:00+05:30,captured,setl_00000079,
pay_260728002648,order_260728078,2824.00,netbanking,25.41,2026-07-28T08:31:00+05:30,captured,setl_00000079,
pay_260728002649,order_260728078,2066.00,upi_apps,41.32,2026-07-28T15:21:00+05:30,captured,setl_00000079,
pay_260728002650,order_260728078,3002.00,card,60.04,2026-07-28T08:08:00+05:30,captured,setl_00000079,
pay_260728002651,order_260728078,2166.00,netbanking,19.49,2026-07-28T09:23:00+05:30,captured,setl_00000079,
pay_260728002652,order_260728078,3196.00,upi_apps,63.92,2026-07-28T10:11:00+05:30,captured,setl_00000079,
pay_260728002653,order_260728078,1967.00,upi_apps,39.34,2026-07-28T11:13:00+05:30,captured,setl_00000079,
pay_260728002654,order_260728078,3725.00,upi_apps,74.50,2026-07-28T16:29:00+05:30,captured,setl_00000079,
pay_260728002655,order_260728078,2522.00,card,50.44,2026-07-28T15:22:00+05:30,captured,setl_00000079,
pay_260728002656,order_260728078,2198.00,card,43.96,2026-07-28T14:23:00+05:30,captured,setl_00000079,
pay_260728002657,order_260728078,5243.00,card,104.86,2026-07-28T09:38:00+05:30,captured,setl_00000079,
pay_260728002658,order_260728078,718.00,card,14.36,2026-07-28T18:25:00+05:30,captured,setl_00000079,
pay_260728002659,order_260728078,1741.00,upi_apps,34.82,2026-07-28T08:02:00+05:30,captured,setl_00000079,
pay_260728002660,order_260728078,2619.00,upi_apps,52.38,2026-07-28T22:16:00+05:30,captured,setl_00000079,
pay_260728002661,order_260728078,1673.00,upi_apps,33.46,2026-07-28T09:46:00+05:30,captured,setl_00000079,
pay_260728002662,order_260728078,1159.00,upi_apps,23.18,2026-07-28T10:01:00+05:30,captured,setl_00000079,
pay_260728002663,order_260728078,1055.00,card,21.10,2026-07-28T09:58:00+05:30,captured,setl_00000079,
pay_260728002664,order_260728078,3071.00,upi_apps,61.42,2026-07-28T20:27:00+05:30,captured,setl_00000079,
pay_260728002665,order_260728078,5230.00,wallet,104.60,2026-07-28T15:15:00+05:30,captured,setl_00000079,
pay_260728002666,order_260728078,5335.00,netbanking,48.01,2026-07-28T21:11:00+05:30,captured,setl_00000079,
pay_260728002667,order_260728078,3560.00,card,71.20,2026-07-28T19:29:00+05:30,captured,setl_00000079,
pay_260728002668,order_260728078,4930.00,card,98.60,2026-07-28T19:40:00+05:30,captured,setl_00000079,
pay_260728002669,order_260728078,1544.00,wallet,30.88,2026-07-28T08:30:00+05:30,captured,setl_00000079,
pay_260728002670,order_260728078,3113.00,upi_apps,62.26,2026-07-28T08:35:00+05:30,captured,setl_00000079,
pay_260728002671,order_260728078,1242.00,upi_apps,24.84,2026-07-28T16:06:00+05:30,captured,setl_00000079,
pay_260728002672,order_260728078,2933.00,card,58.66,2026-07-28T22:52:00+05:30,captured,setl_00000079,
pay_260728002673,order_260728078,4121.00,card,82.42,2026-07-28T14:57:00+05:30,captured,setl_00000079,
pay_260728002674,order_260728078,3266.00,card,65.32,2026-07-28T13:06:00+05:30,captured,setl_00000079,
pay_260728002675,order_260728078,1211.00,upi_apps,24.22,2026-07-28T20:21:00+05:30,captured,setl_00000079,
pay_260728002676,order_260728078,3836.00,card,76.72,2026-07-28T17:40:00+05:30,captured,setl_00000079,
pay_260729002677,order_260729079,2495.00,upi_apps,49.90,2026-07-29T22:07:00+05:30,captured,setl_00000080,
pay_260729002678,order_260729079,4207.00,netbanking,37.86,2026-07-29T13:27:00+05:30,captured,setl_00000080,
pay_260729002679,order_260729079,2402.00,card,48.04,2026-07-29T14:07:00+05:30,captured,setl_00000080,
pay_260729002680,order_260729079,1371.00,upi_apps,27.42,2026-07-29T21:40:00+05:30,captured,setl_00000080,
pay_260729002681,order_260729079,4084.00,netbanking,36.75,2026-07-29T12:21:00+05:30,captured,setl_00000080,
pay_260729002682,order_260729079,486.00,upi_apps,9.72,2026-07-29T17:20:00+05:30,captured,setl_00000080,
pay_260729002683,order_260729079,4874.00,card,97.48,2026-07-29T18:53:00+05:30,captured,setl_00000080,
pay_260729002684,order_260729079,2427.00,upi_apps,48.54,2026-07-29T10:53:00+05:30,captured,setl_00000080,
pay_260729002685,order_260729079,1209.00,wallet,24.18,2026-07-29T13:52:00+05:30,captured,setl_00000080,
pay_260729002686,order_260729079,4392.00,card,87.84,2026-07-29T12:59:00+05:30,captured,setl_00000080,
pay_260729002687,order_260729079,2844.00,upi_apps,56.88,2026-07-29T12:36:00+05:30,captured,setl_00000080,
pay_260729002688,order_260729079,4005.00,card,80.10,2026-07-29T09:04:00+05:30,captured,setl_00000080,
pay_260729002689,order_260729079,3496.00,upi_apps,69.92,2026-07-29T12:47:00+05:30,captured,setl_00000080,
pay_260729002690,order_260729079,4514.00,card,90.28,2026-07-29T13:14:00+05:30,captured,setl_00000080,
pay_260729002691,order_260729079,2195.00,netbanking,19.75,2026-07-29T08:25:00+05:30,captured,setl_00000080,
pay_260729002692,order_260729079,5175.00,card,103.50,2026-07-29T08:20:00+05:30,captured,setl_00000080,
pay_260729002693,order_260729079,3235.00,card,64.70,2026-07-29T21:11:00+05:30,captured,setl_00000080,
pay_260729002694,order_260729079,3929.00,upi_apps,78.58,2026-07-29T14:12:00+05:30,captured,setl_00000080,
pay_260729002695,order_260729079,3705.00,card,74.10,2026-07-29T09:19:00+05:30,captured,setl_00000080,
pay_260729002696,order_260729079,4567.00,upi_apps,91.34,2026-07-29T22:19:00+05:30,captured,setl_00000080,
pay_260729002697,order_260729079,4156.00,upi_apps,83.12,2026-07-29T19:15:00+05:30,captured,setl_00000080,
pay_260729002698,order_260729079,4670.00,upi_apps,93.40,2026-07-29T08:37:00+05:30,captured,setl_00000080,
pay_260729002699,order_260729079,2160.00,card,43.20,2026-07-29T22:16:00+05:30,captured,setl_00000080,
pay_260730002700,order_260730080,3736.00,card,74.72,2026-07-30T22:04:00+05:30,captured,setl_00000081,
pay_260730002701,order_260730080,4068.00,upi_apps,81.36,2026-07-30T17:26:00+05:30,captured,setl_00000081,
pay_260730002702,order_260730080,4936.00,netbanking,44.42,2026-07-30T13:09:00+05:30,captured,setl_00000081,
pay_260730002703,order_260730080,1659.00,upi_apps,33.18,2026-07-30T13:07:00+05:30,captured,setl_00000081,
pay_260730002704,order_260730080,4434.00,upi_apps,88.68,2026-07-30T15:32:00+05:30,captured,setl_00000081,
pay_260730002705,order_260730080,1421.00,card,28.42,2026-07-30T20:19:00+05:30,captured,setl_00000081,
pay_260730002706,order_260730080,2952.00,card,59.04,2026-07-30T09:19:00+05:30,captured,setl_00000081,
pay_260730002707,order_260730080,3378.00,card,67.56,2026-07-30T21:07:00+05:30,captured,setl_00000081,
pay_260730002708,order_260730080,1366.00,upi_apps,27.32,2026-07-30T11:53:00+05:30,captured,setl_00000081,
pay_260730002709,order_260730080,2895.00,upi_apps,57.90,2026-07-30T22:28:00+05:30,captured,setl_00000081,
pay_260730002710,order_260730080,4252.00,upi_apps,85.04,2026-07-30T22:42:00+05:30,captured,setl_00000081,
pay_260730002711,order_260730080,487.00,upi_apps,9.74,2026-07-30T14:33:00+05:30,captured,setl_00000081,
pay_260730002712,order_260730080,3664.00,card,73.28,2026-07-30T12:05:00+05:30,captured,setl_00000081,
pay_260730002713,order_260730080,1842.00,netbanking,16.57,2026-07-30T22:28:00+05:30,captured,setl_00000081,
pay_260730002714,order_260730080,2288.00,wallet,45.76,2026-07-30T19:13:00+05:30,captured,setl_00000081,
pay_260730002715,order_260730080,2444.00,card,48.88,2026-07-30T20:06:00+05:30,captured,setl_00000081,
pay_260730002716,order_260730080,1081.00,wallet,21.62,2026-07-30T21:29:00+05:30,captured,setl_00000081,
pay_260730002717,order_260730080,1013.00,upi_apps,20.26,2026-07-30T22:45:00+05:30,captured,setl_00000081,
pay_260730002718,order_260730080,4073.00,wallet,81.46,2026-07-30T12:14:00+05:30,captured,setl_00000081,
pay_260730002719,order_260730080,4671.00,upi_apps,93.42,2026-07-30T19:17:00+05:30,captured,setl_00000081,
pay_260730002720,order_260730080,5219.00,wallet,104.38,2026-07-30T10:05:00+05:30,captured,setl_00000081,
pay_260730002721,order_260730080,1042.00,upi_apps,20.84,2026-07-30T17:26:00+05:30,captured,setl_00000081,
pay_260730002722,order_260730080,4876.00,card,97.52,2026-07-30T10:02:00+05:30,captured,setl_00000081,
pay_260730002723,order_260730080,2928.00,upi_apps,58.56,2026-07-30T08:35:00+05:30,captured,setl_00000081,
pay_260730002724,order_260730080,1025.00,card,20.50,2026-07-30T08:44:00+05:30,captured,setl_00000081,
pay_260730002725,order_260730080,3232.00,card,64.64,2026-07-30T13:59:00+05:30,captured,setl_00000081,
pay_260730002726,order_260730080,4417.00,upi_apps,88.34,2026-07-30T12:40:00+05:30,captured,setl_00000081,
pay_260730002727,order_260730080,4019.00,card,80.38,2026-07-30T08:31:00+05:30,captured,setl_00000081,
pay_260730002728,order_260730080,3256.00,card,65.12,2026-07-30T09:43:00+05:30,captured,setl_00000081,
pay_260730002729,order_260730080,5064.00,upi_apps,101.28,2026-07-30T12:17:00+05:30,captured,setl_00000081,
pay_260730002730,order_260730080,4694.00,netbanking,42.24,2026-07-30T14:16:00+05:30,captured,setl_00000081,
pay_260730002731,order_260730080,3962.00,upi_apps,79.24,2026-07-30T08:41:00+05:30,captured,setl_00000081,
pay_260730002732,order_260730080,2985.00,card,59.70,2026-07-30T15:05:00+05:30,captured,setl_00000081,
pay_260730002733,order_260730080,2295.00,upi_apps,45.90,2026-07-30T16:34:00+05:30,captured,setl_00000081,
pay_260730002734,order_260730080,2511.00,netbanking,22.59,2026-07-30T17:29:00+05:30,captured,setl_00000081,
pay_260731002735,order_260731081,2508.00,card,50.16,2026-07-31T16:21:00+05:30,captured,setl_00000082,
pay_260731002736,order_260731081,3749.00,upi_apps,74.98,2026-07-31T08:55:00+05:30,captured,setl_00000082,
pay_260731002737,order_260731081,3999.00,card,79.98,2026-07-31T22:53:00+05:30,captured,setl_00000082,
pay_260731002738,order_260731081,3349.00,wallet,66.98,2026-07-31T11:55:00+05:30,captured,setl_00000082,
pay_260731002739,order_260731081,3894.00,wallet,77.88,2026-07-31T13:02:00+05:30,captured,setl_00000082,
pay_260731002740,order_260731081,1774.00,wallet,35.48,2026-07-31T08:47:00+05:30,captured,setl_00000082,
pay_260731002741,order_260731081,1825.00,upi_apps,36.50,2026-07-31T11:26:00+05:30,captured,setl_00000082,
pay_260731002742,order_260731081,2449.00,wallet,48.98,2026-07-31T19:06:00+05:30,captured,setl_00000082,
pay_260731002743,order_260731081,3937.00,netbanking,35.43,2026-07-31T11:43:00+05:30,captured,setl_00000082,
pay_260731002744,order_260731081,2790.00,upi_apps,55.80,2026-07-31T12:06:00+05:30,captured,setl_00000082,
pay_260731002745,order_260731081,688.00,netbanking,6.19,2026-07-31T15:36:00+05:30,captured,setl_00000082,
pay_260731002746,order_260731081,2224.00,netbanking,20.01,2026-07-31T21:03:00+05:30,captured,setl_00000082,
pay_260731002747,order_260731081,1153.00,netbanking,10.37,2026-07-31T08:26:00+05:30,captured,setl_00000082,
pay_260731002748,order_260731081,3093.00,upi_apps,61.86,2026-07-31T15:29:00+05:30,captured,setl_00000082,
pay_260731002749,order_260731081,4002.00,upi_apps,80.04,2026-07-31T14:27:00+05:30,captured,setl_00000082,
pay_260731002750,order_260731081,785.00,upi_apps,15.70,2026-07-31T22:43:00+05:30,captured,setl_00000082,
pay_260731002751,order_260731081,2084.00,wallet,41.68,2026-07-31T10:24:00+05:30,captured,setl_00000082,
pay_260731002752,order_260731081,2443.00,upi_apps,48.86,2026-07-31T09:53:00+05:30,captured,setl_00000082,
pay_260731002753,order_260731081,4297.00,upi_apps,85.94,2026-07-31T13:29:00+05:30,captured,setl_00000082,
pay_260731002754,order_260731081,4283.00,card,85.66,2026-07-31T16:36:00+05:30,captured,setl_00000082,
pay_260731002755,order_260731081,912.00,netbanking,8.20,2026-07-31T09:46:00+05:30,captured,setl_00000082,
pay_260731002756,order_260731081,3166.00,upi_apps,63.32,2026-07-31T19:59:00+05:30,captured,setl_00000082,
pay_260731002757,order_260731081,986.00,card,19.72,2026-07-31T17:42:00+05:30,captured,setl_00000082,
pay_260731002758,order_260731081,3957.00,netbanking,35.61,2026-07-31T09:28:00+05:30,captured,setl_00000082,
pay_260731002759,order_260731081,4698.00,netbanking,42.28,2026-07-31T16:44:00+05:30,captured,setl_00000082,
pay_260731002760,order_260731081,4355.00,upi_apps,87.10,2026-07-31T12:18:00+05:30,captured,setl_00000082,
pay_260731002761,order_260731081,551.00,card,11.02,2026-07-31T20:23:00+05:30,captured,setl_00000082,
pay_260731002762,order_260731081,1900.00,upi_apps,38.00,2026-07-31T10:46:00+05:30,captured,setl_00000082,
pay_260731002763,order_260731081,3162.00,netbanking,28.45,2026-07-31T22:03:00+05:30,captured,setl_00000082,
pay_260731002764,order_260731081,3405.00,upi_apps,68.10,2026-07-31T12:12:00+05:30,captured,setl_00000082,
pay_260731002765,order_260731081,2934.00,upi_apps,58.68,2026-07-31T19:01:00+05:30,captured,setl_00000082,
pay_260731002766,order_260731081,2555.00,upi_apps,51.10,2026-07-31T18:41:00+05:30,captured,setl_00000082,
pay_260731002767,order_260731081,535.00,netbanking,4.81,2026-07-31T16:45:00+05:30,captured,setl_00000082,
pay_260731002768,order_260731081,3278.00,upi_apps,65.56,2026-07-31T22:30:00+05:30,captured,setl_00000082,
pay_260731002769,order_260731081,4891.00,wallet,97.82,2026-07-31T16:43:00+05:30,captured,setl_00000082,
pay_260731002770,order_260731081,3795.00,card,75.90,2026-07-31T14:07:00+05:30,captured,setl_00000082,
pay_260731002771,order_260731081,478.00,upi_apps,9.56,2026-07-31T20:05:00+05:30,captured,setl_00000082,
pay_260731002772,order_260731081,5368.00,upi_apps,107.36,2026-07-31T13:00:00+05:30,captured,setl_00000082,
pay_260731002773,order_260731081,636.00,upi_apps,12.72,2026-07-31T15:05:00+05:30,captured,setl_00000082,
pay_260731002774,order_260731081,1072.00,upi_apps,21.44,2026-07-31T20:02:00+05:30,captured,setl_00000082,
pay_260731002775,order_260731081,3321.00,card,66.42,2026-07-31T21:33:00+05:30,captured,setl_00000082,
pay_260731002776,order_260731081,4720.00,upi_apps,94.40,2026-07-31T16:58:00+05:30,captured,setl_00000082,
pay_260731002777,order_260731081,2562.00,netbanking,23.05,2026-07-31T09:03:00+05:30,captured,setl_00000082,
pay_260731002778,order_260731081,2759.00,card,55.18,2026-07-31T11:26:00+05:30,captured,setl_00000082,
pay_260731002779,order_260731081,3799.00,upi_apps,75.98,2026-07-31T11:04:00+05:30,captured,setl_00000082,
pay_260731002780,order_260731081,3833.00,card,76.66,2026-07-31T17:42:00+05:30,captured,setl_00000082,
pay_260731002781,order_260731081,3262.00,upi_apps,65.24,2026-07-31T08:38:00+05:30,captured,setl_00000082,
pay_260731002782,order_260731081,4581.00,upi_apps,91.62,2026-07-31T19:57:00+05:30,captured,setl_00000082,
pay_260731002783,order_260731081,3990.00,card,79.80,2026-07-31T14:42:00+05:30,captured,setl_00000082,
pay_260801002784,order_260801082,3837.00,upi_apps,76.74,2026-08-01T17:29:00+05:30,captured,setl_00000083,
pay_260801002785,order_260801082,1626.00,wallet,32.52,2026-08-01T20:54:00+05:30,captured,setl_00000083,
pay_260801002786,order_260801082,3828.00,card,76.56,2026-08-01T08:35:00+05:30,captured,setl_00000083,
pay_260801002787,order_260801082,2338.00,upi_apps,46.76,2026-08-01T11:51:00+05:30,captured,setl_00000083,
pay_260801002788,order_260801082,2315.00,netbanking,20.83,2026-08-01T21:00:00+05:30,captured,setl_00000083,
pay_260801002789,order_260801082,807.00,upi_apps,16.14,2026-08-01T19:03:00+05:30,captured,setl_00000083,
pay_260801002790,order_260801082,2783.00,card,55.66,2026-08-01T17:39:00+05:30,captured,setl_00000083,
pay_260802002791,order_260802083,2854.00,card,57.08,2026-08-02T11:55:00+05:30,captured,setl_00000084,
pay_260802002792,order_260802083,4002.00,card,80.04,2026-08-02T13:50:00+05:30,captured,setl_00000084,
pay_260803002793,order_260803084,2083.00,upi_apps,41.66,2026-08-03T09:23:00+05:30,captured,setl_00000085,
pay_260803002794,order_260803084,4009.00,card,80.18,2026-08-03T22:41:00+05:30,captured,setl_00000085,
pay_260803002795,order_260803084,1772.00,upi_apps,35.44,2026-08-03T16:41:00+05:30,captured,setl_00000085,
pay_260803002796,order_260803084,4625.00,upi_apps,92.50,2026-08-03T08:44:00+05:30,captured,setl_00000085,
pay_260803002797,order_260803084,4429.00,upi_apps,88.58,2026-08-03T16:14:00+05:30,captured,setl_00000085,
pay_260803002798,order_260803084,988.00,wallet,19.76,2026-08-03T19:10:00+05:30,captured,setl_00000085,
pay_260803002799,order_260803084,3596.00,upi_apps,71.92,2026-08-03T13:34:00+05:30,captured,setl_00000085,
pay_260803002800,order_260803084,4079.00,upi_apps,81.58,2026-08-03T09:31:00+05:30,captured,setl_00000085,
pay_260803002801,order_260803084,3748.00,upi_apps,74.96,2026-08-03T20:48:00+05:30,captured,setl_00000085,
pay_260803002802,order_260803084,3789.00,wallet,75.78,2026-08-03T10:41:00+05:30,captured,setl_00000085,
pay_260803002803,order_260803084,496.00,card,9.92,2026-08-03T11:20:00+05:30,captured,setl_00000085,
pay_260803002804,order_260803084,5239.00,upi_apps,104.78,2026-08-03T20:33:00+05:30,captured,setl_00000085,
pay_260803002805,order_260803084,2872.00,wallet,57.44,2026-08-03T18:38:00+05:30,captured,setl_00000085,
pay_260803002806,order_260803084,2917.00,upi_apps,58.34,2026-08-03T17:04:00+05:30,captured,setl_00000085,
pay_260803002807,order_260803084,1473.00,netbanking,13.25,2026-08-03T17:35:00+05:30,captured,setl_00000085,
pay_260803002808,order_260803084,2310.00,card,46.20,2026-08-03T18:02:00+05:30,captured,setl_00000085,
pay_260803002809,order_260803084,3843.00,upi_apps,76.86,2026-08-03T17:12:00+05:30,captured,setl_00000085,
pay_260803002810,order_260803084,3286.00,netbanking,29.57,2026-08-03T08:57:00+05:30,captured,setl_00000085,
pay_260803002811,order_260803084,4693.00,netbanking,42.23,2026-08-03T13:52:00+05:30,captured,setl_00000085,
pay_260803002812,order_260803084,2320.00,card,46.40,2026-08-03T12:23:00+05:30,captured,setl_00000085,
pay_260803002813,order_260803084,1430.00,upi_apps,28.60,2026-08-03T19:35:00+05:30,captured,setl_00000085,
pay_260803002814,order_260803084,2334.00,wallet,46.68,2026-08-03T22:18:00+05:30,captured,setl_00000085,
pay_260803002815,order_260803084,4209.00,wallet,84.18,2026-08-03T14:09:00+05:30,captured,setl_00000085,
pay_260803002816,order_260803084,734.00,card,14.68,2026-08-03T19:28:00+05:30,captured,setl_00000085,
pay_260803002817,order_260803084,923.00,upi_apps,18.46,2026-08-03T08:04:00+05:30,captured,setl_00000085,
pay_260803002818,order_260803084,2731.00,upi_apps,54.62,2026-08-03T22:57:00+05:30,captured,setl_00000085,
pay_260803002819,order_260803084,1729.00,upi_apps,34.58,2026-08-03T22:34:00+05:30,captured,setl_00000085,
pay_260803002820,order_260803084,3815.00,upi_apps,76.30,2026-08-03T12:54:00+05:30,captured,setl_00000085,
pay_260803002821,order_260803084,2871.00,upi_apps,57.42,2026-08-03T19:56:00+05:30,captured,setl_00000085,
pay_260803002822,order_260803084,3741.00,card,74.82,2026-08-03T17:55:00+05:30,captured,setl_00000085,
pay_260803002823,order_260803084,1727.00,netbanking,15.54,2026-08-03T13:13:00+05:30,captured,setl_00000085,
pay_260803002824,order_260803084,3028.00,card,60.56,2026-08-03T17:34:00+05:30,captured,setl_00000085,
pay_260803002825,order_260803084,5198.00,upi_apps,103.96,2026-08-03T15:53:00+05:30,captured,setl_00000085,
pay_260803002826,order_260803084,3744.00,card,74.88,2026-08-03T21:31:00+05:30,captured,setl_00000085,
pay_260803002827,order_260803084,527.00,netbanking,4.74,2026-08-03T20:24:00+05:30,captured,setl_00000085,
pay_260804002828,order_260804085,1569.00,card,31.38,2026-08-04T13:50:00+05:30,captured,setl_00000086,
pay_260804002829,order_260804085,1073.00,wallet,21.46,2026-08-04T10:31:00+05:30,captured,setl_00000086,
pay_260804002830,order_260804085,2321.00,netbanking,20.88,2026-08-04T22:09:00+05:30,captured,setl_00000086,
pay_260804002831,order_260804085,2856.00,card,57.12,2026-08-04T22:35:00+05:30,captured,setl_00000086,
pay_260804002832,order_260804085,2727.00,card,54.54,2026-08-04T17:58:00+05:30,captured,setl_00000086,
pay_260804002833,order_260804085,3777.00,card,75.54,2026-08-04T20:03:00+05:30,captured,setl_00000086,
pay_260804002834,order_260804085,4319.00,upi_apps,86.38,2026-08-04T14:40:00+05:30,captured,setl_00000086,
pay_260804002835,order_260804085,3868.00,card,77.36,2026-08-04T12:50:00+05:30,captured,setl_00000086,
pay_260804002836,order_260804085,3642.00,card,72.84,2026-08-04T10:44:00+05:30,captured,setl_00000086,
pay_260804002837,order_260804085,5345.00,upi_apps,106.90,2026-08-04T20:57:00+05:30,captured,setl_00000086,
pay_260804002838,order_260804085,791.00,upi_apps,15.82,2026-08-04T22:58:00+05:30,captured,setl_00000086,
pay_260804002839,order_260804085,4696.00,upi_apps,93.92,2026-08-04T17:32:00+05:30,captured,setl_00000086,
pay_260804002840,order_260804085,2046.00,card,40.92,2026-08-04T20:03:00+05:30,captured,setl_00000086,
pay_260804002841,order_260804085,4873.00,upi_apps,97.46,2026-08-04T16:22:00+05:30,captured,setl_00000086,
pay_260804002842,order_260804085,4969.00,upi_apps,99.38,2026-08-04T17:00:00+05:30,captured,setl_00000086,
pay_260804002843,order_260804085,3689.00,upi_apps,73.78,2026-08-04T15:52:00+05:30,captured,setl_00000086,
pay_260804002844,order_260804085,4486.00,card,89.72,2026-08-04T10:13:00+05:30,captured,setl_00000086,
pay_260804002845,order_260804085,1110.00,upi_apps,22.20,2026-08-04T21:50:00+05:30,captured,setl_00000086,
pay_260804002846,order_260804085,3135.00,upi_apps,62.70,2026-08-04T22:50:00+05:30,captured,setl_00000086,
pay_260804002847,order_260804085,1256.00,card,25.12,2026-08-04T10:03:00+05:30,captured,setl_00000086,
pay_260804002848,order_260804085,3042.00,upi_apps,60.84,2026-08-04T22:58:00+05:30,captured,setl_00000086,
pay_260804002849,order_260804085,3961.00,card,79.22,2026-08-04T11:45:00+05:30,captured,setl_00000086,
pay_260804002850,order_260804085,547.00,netbanking,4.92,2026-08-04T13:20:00+05:30,captured,setl_00000086,
pay_260804002851,order_260804085,3400.00,netbanking,30.59,2026-08-04T21:50:00+05:30,captured,setl_00000086,
pay_260804002852,order_260804085,1872.00,netbanking,16.84,2026-08-04T22:43:00+05:30,captured,setl_00000086,
pay_260804002853,order_260804085,2210.00,upi_apps,44.20,2026-08-04T21:45:00+05:30,captured,setl_00000086,
pay_260804002854,order_260804085,3838.00,upi_apps,76.76,2026-08-04T19:36:00+05:30,captured,setl_00000086,
pay_260804002855,order_260804085,1378.00,upi_apps,27.56,2026-08-04T09:37:00+05:30,captured,setl_00000086,
pay_260804002856,order_260804085,3302.00,wallet,66.04,2026-08-04T21:09:00+05:30,captured,setl_00000086,
pay_260804002857,order_260804085,4272.00,upi_apps,85.44,2026-08-04T09:46:00+05:30,captured,setl_00000086,
pay_260804002858,order_260804085,3372.00,netbanking,30.34,2026-08-04T21:01:00+05:30,captured,setl_00000086,
pay_260804002859,order_260804085,485.00,upi_apps,9.70,2026-08-04T17:11:00+05:30,captured,setl_00000086,
pay_260804002860,order_260804085,3355.00,wallet,67.10,2026-08-04T17:23:00+05:30,captured,setl_00000086,
pay_260804002861,order_260804085,1862.00,netbanking,16.75,2026-08-04T18:52:00+05:30,captured,setl_00000086,
pay_260804002862,order_260804085,5399.00,upi_apps,107.98,2026-08-04T11:53:00+05:30,captured,setl_00000086,
pay_260804002863,order_260804085,1253.00,upi_apps,25.06,2026-08-04T22:20:00+05:30,captured,setl_00000086,
pay_260804002864,order_260804085,4788.00,upi_apps,95.76,2026-08-04T19:39:00+05:30,captured,setl_00000086,
pay_260804002865,order_260804085,4272.00,upi_apps,85.44,2026-08-04T19:11:00+05:30,captured,setl_00000086,
pay_260804002866,order_260804085,1945.00,netbanking,17.50,2026-08-04T13:53:00+05:30,captured,setl_00000086,
pay_260804002867,order_260804085,4158.00,card,83.16,2026-08-04T13:14:00+05:30,captured,setl_00000086,
pay_260804002868,order_260804085,3287.00,upi_apps,65.74,2026-08-04T18:22:00+05:30,captured,setl_00000086,
pay_260804002869,order_260804085,3330.00,netbanking,29.97,2026-08-04T20:22:00+05:30,captured,setl_00000086,
pay_260804002870,order_260804085,5111.00,upi_apps,102.22,2026-08-04T09:30:00+05:30,captured,setl_00000086,
pay_260804002871,order_260804085,1054.00,wallet,21.08,2026-08-04T15:29:00+05:30,captured,setl_00000086,
pay_260804002872,order_260804085,3289.00,wallet,65.78,2026-08-04T09:18:00+05:30,captured,setl_00000086,
pay_260804002873,order_260804085,4140.00,netbanking,37.25,2026-08-04T13:08:00+05:30,captured,setl_00000086,
pay_260804002874,order_260804085,4667.00,upi_apps,93.34,2026-08-04T19:10:00+05:30,captured,setl_00000086,
pay_260804002875,order_260804085,3257.00,wallet,65.14,2026-08-04T10:02:00+05:30,captured,setl_00000086,
pay_260804002876,order_260804085,989.00,netbanking,8.90,2026-08-04T14:18:00+05:30,captured,setl_00000086,
pay_260804002877,order_260804085,3920.00,upi_apps,78.40,2026-08-04T15:29:00+05:30,captured,setl_00000086,
pay_260804002878,order_260804085,3297.00,wallet,65.94,2026-08-04T22:44:00+05:30,captured,setl_00000086,
pay_260804002879,order_260804085,2002.00,card,40.04,2026-08-04T13:45:00+05:30,captured,setl_00000086,
pay_260805002880,order_260805086,3918.00,upi_apps,78.36,2026-08-05T10:42:00+05:30,captured,setl_00000087,
pay_260805002881,order_260805086,1077.00,wallet,21.54,2026-08-05T14:48:00+05:30,captured,setl_00000087,
pay_260805002882,order_260805086,1209.00,netbanking,10.88,2026-08-05T10:17:00+05:30,captured,setl_00000087,
pay_260805002883,order_260805086,1232.00,card,24.64,2026-08-05T18:32:00+05:30,captured,setl_00000087,
pay_260805002884,order_260805086,4308.00,upi_apps,86.16,2026-08-05T20:27:00+05:30,captured,setl_00000087,
pay_260805002885,order_260805086,4322.00,upi_apps,86.44,2026-08-05T11:49:00+05:30,captured,setl_00000087,
pay_260805002886,order_260805086,2435.00,netbanking,21.91,2026-08-05T08:56:00+05:30,captured,setl_00000087,
pay_260805002887,order_260805086,2354.00,netbanking,21.18,2026-08-05T12:20:00+05:30,captured,setl_00000087,
pay_260805002888,order_260805086,1585.00,netbanking,14.26,2026-08-05T09:13:00+05:30,captured,setl_00000087,
pay_260805002889,order_260805086,4221.00,upi_apps,84.42,2026-08-05T12:09:00+05:30,captured,setl_00000087,
pay_260805002890,order_260805086,3644.00,upi_apps,72.88,2026-08-05T10:40:00+05:30,captured,setl_00000087,
pay_260805002891,order_260805086,2475.00,card,49.50,2026-08-05T21:11:00+05:30,captured,setl_00000087,
pay_260805002892,order_260805086,758.00,upi_apps,15.16,2026-08-05T18:18:00+05:30,captured,setl_00000087,
pay_260805002893,order_260805086,1657.00,card,33.14,2026-08-05T12:09:00+05:30,captured,setl_00000087,
pay_260805002894,order_260805086,5371.00,card,107.42,2026-08-05T11:56:00+05:30,captured,setl_00000087,
pay_260805002895,order_260805086,3442.00,netbanking,30.97,2026-08-05T14:03:00+05:30,captured,setl_00000087,
pay_260805002896,order_260805086,4553.00,upi_apps,91.06,2026-08-05T16:21:00+05:30,captured,setl_00000087,
pay_260805002897,order_260805086,4040.00,card,80.80,2026-08-05T22:35:00+05:30,captured,setl_00000087,
pay_260805002898,order_260805086,1439.00,card,28.78,2026-08-05T10:48:00+05:30,captured,setl_00000087,
pay_260805002899,order_260805086,5097.00,upi_apps,101.94,2026-08-05T11:46:00+05:30,captured,setl_00000087,
pay_260805002900,order_260805086,2076.00,upi_apps,41.52,2026-08-05T20:26:00+05:30,captured,setl_00000087,
pay_260805002901,order_260805086,1042.00,upi_apps,20.84,2026-08-05T14:20:00+05:30,captured,setl_00000087,
pay_260805002902,order_260805086,4338.00,netbanking,39.04,2026-08-05T16:27:00+05:30,captured,setl_00000087,
pay_260805002903,order_260805086,2406.00,upi_apps,48.12,2026-08-05T13:42:00+05:30,captured,setl_00000087,
pay_260805002904,order_260805086,4796.00,card,95.92,2026-08-05T22:36:00+05:30,captured,setl_00000087,
pay_260805002905,order_260805086,812.00,wallet,16.24,2026-08-05T16:40:00+05:30,captured,setl_00000087,
pay_260805002906,order_260805086,822.00,upi_apps,16.44,2026-08-05T15:11:00+05:30,captured,setl_00000087,
pay_260805002907,order_260805086,1313.00,card,26.26,2026-08-05T18:40:00+05:30,captured,setl_00000087,
pay_260805002908,order_260805086,5026.00,netbanking,45.23,2026-08-05T13:22:00+05:30,captured,setl_00000087,
pay_260805002909,order_260805086,1362.00,upi_apps,27.24,2026-08-05T13:38:00+05:30,captured,setl_00000087,
pay_260805002910,order_260805086,2454.00,card,49.08,2026-08-05T14:54:00+05:30,captured,setl_00000087,
pay_260805002911,order_260805086,1377.00,upi_apps,27.54,2026-08-05T15:21:00+05:30,captured,setl_00000087,
pay_260805002912,order_260805086,1576.00,wallet,31.52,2026-08-05T14:49:00+05:30,captured,setl_00000087,
pay_260805002913,order_260805086,3285.00,netbanking,29.56,2026-08-05T13:29:00+05:30,captured,setl_00000087,
pay_260805002914,order_260805086,2372.00,upi_apps,47.44,2026-08-05T21:33:00+05:30,captured,setl_00000087,
pay_260805002915,order_260805086,3698.00,card,73.96,2026-08-05T08:02:00+05:30,captured,setl_00000087,
pay_260805002916,order_260805086,462.00,card,9.24,2026-08-05T10:58:00+05:30,captured,setl_00000087,
pay_260805002917,order_260805086,4626.00,card,92.52,2026-08-05T17:24:00+05:30,captured,setl_00000087,
pay_260806002918,order_260806087,1214.00,card,24.28,2026-08-06T16:57:00+05:30,captured,setl_00000088,
pay_260806002919,order_260806087,3598.00,upi_apps,71.96,2026-08-06T15:06:00+05:30,captured,setl_00000088,
pay_260806002920,order_260806087,4069.00,card,81.38,2026-08-06T22:08:00+05:30,captured,setl_00000088,
pay_260806002921,order_260806087,5048.00,wallet,100.96,2026-08-06T18:33:00+05:30,captured,setl_00000088,
pay_260806002922,order_260806087,4373.00,upi_apps,87.46,2026-08-06T14:52:00+05:30,captured,setl_00000088,
pay_260806002923,order_260806087,997.00,netbanking,8.97,2026-08-06T10:52:00+05:30,captured,setl_00000088,
pay_260806002924,order_260806087,5365.00,upi_apps,107.30,2026-08-06T09:04:00+05:30,captured,setl_00000088,
pay_260806002925,order_260806087,1261.00,card,25.22,2026-08-06T10:29:00+05:30,captured,setl_00000088,
pay_260806002926,order_260806087,4251.00,upi_apps,85.02,2026-08-06T18:06:00+05:30,captured,setl_00000088,
pay_260806002927,order_260806087,3681.00,netbanking,33.12,2026-08-06T22:34:00+05:30,captured,setl_00000088,
pay_260806002928,order_260806087,1269.00,upi_apps,25.38,2026-08-06T22:52:00+05:30,captured,setl_00000088,
pay_260806002929,order_260806087,1809.00,card,36.18,2026-08-06T14:52:00+05:30,captured,setl_00000088,
pay_260806002930,order_260806087,3665.00,wallet,73.30,2026-08-06T19:10:00+05:30,captured,setl_00000088,
pay_260806002931,order_260806087,2374.00,upi_apps,47.48,2026-08-06T14:33:00+05:30,captured,setl_00000088,
pay_260806002932,order_260806087,4485.00,wallet,89.70,2026-08-06T22:26:00+05:30,captured,setl_00000088,
pay_260806002933,order_260806087,1760.00,wallet,35.20,2026-08-06T09:15:00+05:30,captured,setl_00000088,
pay_260806002934,order_260806087,2647.00,netbanking,23.82,2026-08-06T10:10:00+05:30,captured,setl_00000088,
pay_260806002935,order_260806087,3532.00,card,70.64,2026-08-06T09:30:00+05:30,captured,setl_00000088,
pay_260806002936,order_260806087,4169.00,upi_apps,83.38,2026-08-06T08:21:00+05:30,captured,setl_00000088,
pay_260806002937,order_260806087,5347.00,upi_apps,106.94,2026-08-06T12:22:00+05:30,captured,setl_00000088,
pay_260806002938,order_260806087,2159.00,upi_apps,43.18,2026-08-06T08:39:00+05:30,captured,setl_00000088,
pay_260806002939,order_260806087,2169.00,upi_apps,43.38,2026-08-06T14:35:00+05:30,captured,setl_00000088,
pay_260806002940,order_260806087,4138.00,card,82.76,2026-08-06T09:46:00+05:30,captured,setl_00000088,
pay_260806002941,order_260806087,3831.00,card,76.62,2026-08-06T15:25:00+05:30,captured,setl_00000088,
pay_260806002942,order_260806087,2560.00,upi_apps,51.20,2026-08-06T10:29:00+05:30,captured,setl_00000088,
pay_260806002943,order_260806087,2493.00,card,49.86,2026-08-06T11:28:00+05:30,captured,setl_00000088,
pay_260806002944,order_260806087,1085.00,upi_apps,21.70,2026-08-06T19:26:00+05:30,captured,setl_00000088,
pay_260806002945,order_260806087,4980.00,card,99.60,2026-08-06T16:55:00+05:30,captured,setl_00000088,
pay_260806002946,order_260806087,729.00,netbanking,6.56,2026-08-06T08:04:00+05:30,captured,setl_00000088,
pay_260806002947,order_260806087,2793.00,netbanking,25.13,2026-08-06T17:28:00+05:30,captured,setl_00000088,
pay_260806002948,order_260806087,4332.00,upi_apps,86.64,2026-08-06T17:02:00+05:30,captured,setl_00000088,
pay_260806002949,order_260806087,1861.00,upi_apps,37.22,2026-08-06T18:30:00+05:30,captured,setl_00000088,
pay_260806002950,order_260806087,2707.00,wallet,54.14,2026-08-06T19:55:00+05:30,captured,setl_00000088,
pay_260806002951,order_260806087,1963.00,card,39.26,2026-08-06T17:49:00+05:30,captured,setl_00000088,
pay_260806002952,order_260806087,4926.00,upi_apps,98.52,2026-08-06T12:04:00+05:30,captured,setl_00000088,
pay_260806002953,order_260806087,3503.00,netbanking,31.52,2026-08-06T08:41:00+05:30,captured,setl_00000088,
pay_260806002954,order_260806087,3358.00,card,67.16,2026-08-06T20:51:00+05:30,captured,setl_00000088,
pay_260806002955,order_260806087,750.00,netbanking,6.75,2026-08-06T19:33:00+05:30,captured,setl_00000088,
pay_260806002956,order_260806087,1220.00,upi_apps,24.40,2026-08-06T13:27:00+05:30,captured,setl_00000088,
pay_260806002957,order_260806087,2427.00,upi_apps,48.54,2026-08-06T20:57:00+05:30,captured,setl_00000088,
pay_260806002958,order_260806087,5225.00,upi_apps,104.50,2026-08-06T12:13:00+05:30,captured,setl_00000088,
pay_260806002959,order_260806087,2469.00,card,49.38,2026-08-06T20:26:00+05:30,captured,setl_00000088,
pay_260806002960,order_260806087,2325.00,upi_apps,46.50,2026-08-06T18:17:00+05:30,captured,setl_00000088,
pay_260806002961,order_260806087,616.00,card,12.32,2026-08-06T10:47:00+05:30,captured,setl_00000088,
pay_260807002962,order_260807088,461.00,card,9.22,2026-08-07T20:05:00+05:30,captured,setl_00000089,
pay_260807002963,order_260807088,3770.00,netbanking,33.92,2026-08-07T21:11:00+05:30,captured,setl_00000089,
pay_260807002964,order_260807088,4573.00,upi_apps,91.46,2026-08-07T15:53:00+05:30,captured,setl_00000089,
pay_260807002965,order_260807088,2815.00,upi_apps,56.30,2026-08-07T13:56:00+05:30,captured,setl_00000089,
pay_260807002966,order_260807088,1065.00,netbanking,9.58,2026-08-07T08:53:00+05:30,captured,setl_00000089,
pay_260807002967,order_260807088,4567.00,upi_apps,91.34,2026-08-07T18:46:00+05:30,captured,setl_00000089,
pay_260807002968,order_260807088,629.00,card,12.58,2026-08-07T17:08:00+05:30,captured,setl_00000089,
pay_260807002969,order_260807088,5172.00,upi_apps,103.44,2026-08-07T13:46:00+05:30,captured,setl_00000089,
pay_260807002970,order_260807088,1459.00,upi_apps,29.18,2026-08-07T17:35:00+05:30,captured,setl_00000089,
pay_260807002971,order_260807088,4401.00,upi_apps,88.02,2026-08-07T22:08:00+05:30,captured,setl_00000089,
pay_260807002972,order_260807088,3586.00,card,71.72,2026-08-07T15:21:00+05:30,captured,setl_00000089,
pay_260807002973,order_260807088,771.00,upi_apps,15.42,2026-08-07T20:05:00+05:30,captured,setl_00000089,
pay_260807002974,order_260807088,474.00,upi_apps,9.48,2026-08-07T10:28:00+05:30,captured,setl_00000089,
pay_260807002975,order_260807088,2244.00,upi_apps,44.88,2026-08-07T18:44:00+05:30,captured,setl_00000089,
pay_260807002976,order_260807088,1683.00,upi_apps,33.66,2026-08-07T21:49:00+05:30,captured,setl_00000089,
pay_260807002977,order_260807088,4144.00,card,82.88,2026-08-07T13:51:00+05:30,captured,setl_00000089,
pay_260807002978,order_260807088,4857.00,upi_apps,97.14,2026-08-07T13:52:00+05:30,captured,setl_00000089,
pay_260807002979,order_260807088,5029.00,netbanking,45.26,2026-08-07T15:23:00+05:30,captured,setl_00000089,
pay_260807002980,order_260807088,3237.00,upi_apps,64.74,2026-08-07T22:16:00+05:30,captured,setl_00000089,
pay_260807002981,order_260807088,4625.00,netbanking,41.62,2026-08-07T08:06:00+05:30,captured,setl_00000089,
pay_260807002982,order_260807088,3680.00,upi_apps,73.60,2026-08-07T09:43:00+05:30,captured,setl_00000089,
pay_260807002983,order_260807088,4017.00,wallet,80.34,2026-08-07T17:11:00+05:30,captured,setl_00000089,
pay_260807002984,order_260807088,1348.00,upi_apps,26.96,2026-08-07T09:38:00+05:30,captured,setl_00000089,
pay_260807002985,order_260807088,3028.00,netbanking,27.25,2026-08-07T21:03:00+05:30,captured,setl_00000089,
pay_260807002986,order_260807088,2575.00,card,51.50,2026-08-07T19:46:00+05:30,captured,setl_00000089,
pay_260807002987,order_260807088,1824.00,upi_apps,36.48,2026-08-07T21:45:00+05:30,captured,setl_00000089,
pay_260807002988,order_260807088,5152.00,upi_apps,103.04,2026-08-07T09:28:00+05:30,captured,setl_00000089,
pay_260807002989,order_260807088,3616.00,card,72.32,2026-08-07T10:33:00+05:30,captured,setl_00000089,
pay_260807002990,order_260807088,1848.00,netbanking,16.63,2026-08-07T12:43:00+05:30,captured,setl_00000089,
pay_260807002991,order_260807088,4039.00,netbanking,36.35,2026-08-07T20:10:00+05:30,captured,setl_00000089,
pay_260807002992,order_260807088,3525.00,upi_apps,70.50,2026-08-07T14:49:00+05:30,captured,setl_00000089,
pay_260807002993,order_260807088,2968.00,upi_apps,59.36,2026-08-07T11:34:00+05:30,captured,setl_00000089,
pay_260807002994,order_260807088,3337.00,upi_apps,66.74,2026-08-07T20:02:00+05:30,captured,setl_00000089,
pay_260807002995,order_260807088,2159.00,upi_apps,43.18,2026-08-07T08:00:00+05:30,captured,setl_00000089,
pay_260807002996,order_260807088,2595.00,upi_apps,51.90,2026-08-07T10:31:00+05:30,captured,setl_00000089,
pay_260807002997,order_260807088,2826.00,upi_apps,56.52,2026-08-07T12:40:00+05:30,captured,setl_00000089,
pay_260807002998,order_260807088,4282.00,upi_apps,85.64,2026-08-07T20:32:00+05:30,captured,setl_00000089,
pay_260807002999,order_260807088,1111.00,upi_apps,22.22,2026-08-07T12:35:00+05:30,captured,setl_00000089,
pay_260807003000,order_260807088,4300.00,wallet,86.00,2026-08-07T22:38:00+05:30,captured,setl_00000089,
pay_260807003001,order_260807088,634.00,card,12.68,2026-08-07T14:25:00+05:30,captured,setl_00000089,
pay_260807003002,order_260807088,1778.00,upi_apps,35.56,2026-08-07T09:22:00+05:30,captured,setl_00000089,
pay_260807003003,order_260807088,1167.00,upi_apps,23.34,2026-08-07T13:56:00+05:30,captured,setl_00000089,
pay_260807003004,order_260807088,4356.00,upi_apps,87.12,2026-08-07T17:38:00+05:30,captured,setl_00000089,
pay_260807003005,order_260807088,2760.00,card,55.20,2026-08-07T17:33:00+05:30,captured,setl_00000089,
pay_260807003006,order_260807088,4160.00,card,83.20,2026-08-07T13:01:00+05:30,captured,setl_00000089,
pay_260807003007,order_260807088,5125.00,upi_apps,102.50,2026-08-07T19:53:00+05:30,captured,setl_00000089,
pay_260807003008,order_260807088,2070.00,netbanking,18.62,2026-08-07T12:31:00+05:30,captured,setl_00000089,
pay_260807003009,order_260807088,3656.00,upi_apps,73.12,2026-08-07T12:12:00+05:30,captured,setl_00000089,
pay_260807003010,order_260807088,2149.00,upi_apps,42.98,2026-08-07T08:20:00+05:30,captured,setl_00000089,
pay_260807003011,order_260807088,2600.00,netbanking,23.40,2026-08-07T20:33:00+05:30,captured,setl_00000089,
pay_260807003012,order_260807088,1253.00,upi_apps,25.06,2026-08-07T16:33:00+05:30,captured,setl_00000089,
pay_260807003013,order_260807088,1706.00,upi_apps,34.12,2026-08-07T11:37:00+05:30,captured,setl_00000089,
pay_260807003014,order_260807088,1820.00,upi_apps,36.40,2026-08-07T10:06:00+05:30,captured,setl_00000089,
pay_260807003015,order_260807088,478.00,netbanking,4.30,2026-08-07T21:34:00+05:30,captured,setl_00000089,
pay_260807003016,order_260807088,1372.00,card,27.44,2026-08-07T16:28:00+05:30,captured,setl_00000089,
pay_260808003017,order_260808089,1089.00,card,21.78,2026-08-08T09:11:00+05:30,captured,setl_00000090,
pay_260808003018,order_260808089,5145.00,card,102.90,2026-08-08T14:01:00+05:30,captured,setl_00000090,
pay_260808003019,order_260808089,2708.00,upi_apps,54.16,2026-08-08T19:20:00+05:30,captured,setl_00000090,
pay_260808003020,order_260808089,3341.00,upi_apps,66.82,2026-08-08T22:54:00+05:30,captured,setl_00000090,
pay_260808003021,order_260808089,4660.00,wallet,93.20,2026-08-08T14:32:00+05:30,captured,setl_00000090,
pay_260808003022,order_260808089,1464.00,upi_apps,29.28,2026-08-08T09:49:00+05:30,captured,setl_00000090,
pay_260808003023,order_260808089,2765.00,card,55.30,2026-08-08T08:57:00+05:30,captured,setl_00000090,
pay_260808003024,order_260808089,1763.00,wallet,35.26,2026-08-08T22:27:00+05:30,captured,setl_00000090,
pay_260808003025,order_260808089,756.00,upi_apps,15.12,2026-08-08T20:40:00+05:30,captured,setl_00000090,
pay_260808003026,order_260808089,5327.00,upi_apps,106.54,2026-08-08T19:35:00+05:30,captured,setl_00000090,
pay_260808003027,order_260808089,3818.00,upi_apps,76.36,2026-08-08T22:12:00+05:30,captured,setl_00000090,
pay_260808003028,order_260808089,1065.00,card,21.30,2026-08-08T20:16:00+05:30,captured,setl_00000090,
pay_260808003029,order_260808089,2822.00,upi_apps,56.44,2026-08-08T22:17:00+05:30,captured,setl_00000090,
pay_260808003030,order_260808089,2895.00,wallet,57.90,2026-08-08T11:04:00+05:30,captured,setl_00000090,
pay_260808003031,order_260808089,2765.00,upi_apps,55.30,2026-08-08T20:01:00+05:30,captured,setl_00000090,
pay_260808003032,order_260808089,3082.00,netbanking,27.73,2026-08-08T09:40:00+05:30,captured,setl_00000090,
pay_260808003033,order_260808089,3568.00,upi_apps,71.36,2026-08-08T13:34:00+05:30,captured,setl_00000090,
pay_260808003034,order_260808089,2115.00,upi_apps,42.30,2026-08-08T20:50:00+05:30,captured,setl_00000090,
pay_260808003035,order_260808089,2627.00,upi_apps,52.54,2026-08-08T20:13:00+05:30,captured,setl_00000090,
pay_260808003036,order_260808089,1788.00,card,35.76,2026-08-08T13:40:00+05:30,captured,setl_00000090,
pay_260808003037,order_260808089,3840.00,upi_apps,76.80,2026-08-08T13:17:00+05:30,captured,setl_00000090,
pay_260808003038,order_260808089,4698.00,netbanking,42.28,2026-08-08T19:49:00+05:30,captured,setl_00000090,
pay_260808003039,order_260808089,3520.00,card,70.40,2026-08-08T15:32:00+05:30,captured,setl_00000090,
pay_260808003040,order_260808089,1812.00,wallet,36.24,2026-08-08T21:26:00+05:30,captured,setl_00000090,
pay_260808003041,order_260808089,1014.00,netbanking,9.12,2026-08-08T20:12:00+05:30,captured,setl_00000090,
pay_260810003042,order_260810090,3693.00,card,73.86,2026-08-10T22:08:00+05:30,captured,setl_00000091,
pay_260810003043,order_260810090,2903.00,card,58.06,2026-08-10T20:26:00+05:30,captured,setl_00000091,
pay_260810003044,order_260810090,1926.00,card,38.52,2026-08-10T20:48:00+05:30,captured,setl_00000091,
pay_260810003045,order_260810090,4572.00,netbanking,41.14,2026-08-10T12:29:00+05:30,captured,setl_00000091,
pay_260810003046,order_260810090,2751.00,upi_apps,55.02,2026-08-10T20:02:00+05:30,captured,setl_00000091,
pay_260810003047,order_260810090,2009.00,upi_apps,40.18,2026-08-10T22:46:00+05:30,captured,setl_00000091,
pay_260810003048,order_260810090,1120.00,card,22.40,2026-08-10T08:31:00+05:30,captured,setl_00000091,
pay_260810003049,order_260810090,3391.00,upi_apps,67.82,2026-08-10T14:15:00+05:30,captured,setl_00000091,
pay_260810003050,order_260810090,5168.00,card,103.36,2026-08-10T16:38:00+05:30,captured,setl_00000091,
pay_260810003051,order_260810090,4730.00,upi_apps,94.60,2026-08-10T16:32:00+05:30,captured,setl_00000091,
pay_260810003052,order_260810090,3337.00,upi_apps,66.74,2026-08-10T18:18:00+05:30,captured,setl_00000091,
pay_260810003053,order_260810090,2389.00,card,47.78,2026-08-10T19:46:00+05:30,captured,setl_00000091,
pay_260810003054,order_260810090,1408.00,upi_apps,28.16,2026-08-10T11:39:00+05:30,captured,setl_00000091,
pay_260810003055,order_260810090,3499.00,card,69.98,2026-08-10T22:42:00+05:30,captured,setl_00000091,
pay_260810003056,order_260810090,2618.00,upi_apps,52.36,2026-08-10T17:06:00+05:30,captured,setl_00000091,
pay_260810003057,order_260810090,1850.00,card,37.00,2026-08-10T20:25:00+05:30,captured,setl_00000091,
pay_260810003058,order_260810090,653.00,upi_apps,13.06,2026-08-10T18:35:00+05:30,captured,setl_00000091,
pay_260810003059,order_260810090,3011.00,upi_apps,60.22,2026-08-10T17:42:00+05:30,captured,setl_00000091,
pay_260810003060,order_260810090,2421.00,card,48.42,2026-08-10T17:53:00+05:30,captured,setl_00000091,
pay_260810003061,order_260810090,3873.00,upi_apps,77.46,2026-08-10T11:49:00+05:30,captured,setl_00000091,
pay_260810003062,order_260810090,1539.00,upi_apps,30.78,2026-08-10T08:34:00+05:30,captured,setl_00000091,
pay_260810003063,order_260810090,4904.00,upi_apps,98.08,2026-08-10T16:30:00+05:30,captured,setl_00000091,
pay_260810003064,order_260810090,1633.00,card,32.66,2026-08-10T08:56:00+05:30,captured,setl_00000091,
pay_260810003065,order_260810090,1195.00,upi_apps,23.90,2026-08-10T12:26:00+05:30,captured,setl_00000091,
pay_260810003066,order_260810090,4908.00,upi_apps,98.16,2026-08-10T14:37:00+05:30,captured,setl_00000091,
pay_260810003067,order_260810090,3265.00,netbanking,29.38,2026-08-10T20:06:00+05:30,captured,setl_00000091,
pay_260810003068,order_260810090,1984.00,upi_apps,39.68,2026-08-10T18:37:00+05:30,captured,setl_00000091,
pay_260810003069,order_260810090,776.00,wallet,15.52,2026-08-10T09:27:00+05:30,captured,setl_00000091,
pay_260810003070,order_260810090,2935.00,upi_apps,58.70,2026-08-10T09:46:00+05:30,captured,setl_00000091,
pay_260810003071,order_260810090,552.00,card,11.04,2026-08-10T10:55:00+05:30,captured,setl_00000091,
pay_260810003072,order_260810090,1867.00,upi_apps,37.34,2026-08-10T13:20:00+05:30,captured,setl_00000091,
pay_260810003073,order_260810090,3995.00,upi_apps,79.90,2026-08-10T09:24:00+05:30,captured,setl_00000091,
pay_260810003074,order_260810090,3119.00,upi_apps,62.38,2026-08-10T13:59:00+05:30,captured,setl_00000091,
pay_260810003075,order_260810090,1213.00,wallet,24.26,2026-08-10T17:13:00+05:30,captured,setl_00000091,
pay_260810003076,order_260810090,3591.00,upi_apps,71.82,2026-08-10T20:55:00+05:30,captured,setl_00000091,
pay_260810003077,order_260810090,4120.00,upi_apps,82.40,2026-08-10T16:11:00+05:30,captured,setl_00000091,
pay_260810003078,order_260810090,1054.00,upi_apps,21.08,2026-08-10T17:34:00+05:30,captured,setl_00000091,
pay_260810003079,order_260810090,2931.00,card,58.62,2026-08-10T10:29:00+05:30,captured,setl_00000091,
pay_260810003080,order_260810090,2212.00,upi_apps,44.24,2026-08-10T22:15:00+05:30,captured,setl_00000091,
pay_260810003081,order_260810090,1356.00,upi_apps,27.12,2026-08-10T09:49:00+05:30,captured,setl_00000091,
pay_260810003082,order_260810090,3622.00,upi_apps,72.44,2026-08-10T11:59:00+05:30,captured,setl_00000091,
pay_260810003083,order_260810090,4015.00,upi_apps,80.30,2026-08-10T09:52:00+05:30,captured,setl_00000091,
pay_260810003084,order_260810090,1502.00,card,30.04,2026-08-10T14:52:00+05:30,captured,setl_00000091,
pay_260810003085,order_260810090,3474.00,card,69.48,2026-08-10T10:50:00+05:30,captured,setl_00000091,
pay_260810003086,order_260810090,3944.00,upi_apps,78.88,2026-08-10T22:30:00+05:30,captured,setl_00000091,
pay_260810003087,order_260810090,4650.00,upi_apps,93.00,2026-08-10T17:39:00+05:30,captured,setl_00000091,
pay_260810003088,order_260810090,4202.00,upi_apps,84.04,2026-08-10T08:23:00+05:30,captured,setl_00000091,
pay_260810003089,order_260810090,1318.00,upi_apps,26.36,2026-08-10T15:05:00+05:30,captured,setl_00000091,
pay_260810003090,order_260810090,4129.00,card,82.58,2026-08-10T08:13:00+05:30,captured,setl_00000091,
pay_260810003091,order_260810090,2077.00,wallet,41.54,2026-08-10T16:31:00+05:30,captured,setl_00000091,
pay_260810003092,order_260810090,5035.00,upi_apps,100.70,2026-08-10T20:26:00+05:30,captured,setl_00000091,
pay_260810003093,order_260810090,850.00,upi_apps,17.00,2026-08-10T22:04:00+05:30,captured,setl_00000091,
pay_260810003094,order_260810090,2700.00,netbanking,24.30,2026-08-10T18:59:00+05:30,captured,setl_00000091,
pay_260810003095,order_260810090,4062.00,card,81.24,2026-08-10T19:49:00+05:30,captured,setl_00000091,
pay_260810003096,order_260810090,1579.00,wallet,31.58,2026-08-10T12:31:00+05:30,captured,setl_00000091,
pay_260810003097,order_260810090,5082.00,card,101.64,2026-08-10T13:53:00+05:30,captured,setl_00000091,
pay_260810003098,order_260810090,4604.00,card,92.08,2026-08-10T18:36:00+05:30,captured,setl_00000091,
pay_260810003099,order_260810090,507.00,wallet,10.14,2026-08-10T12:34:00+05:30,captured,setl_00000091,
pay_260811003100,order_260811091,5124.00,upi_apps,102.48,2026-08-11T14:53:00+05:30,captured,setl_00000092,
pay_260811003101,order_260811091,3339.00,netbanking,30.05,2026-08-11T22:28:00+05:30,captured,setl_00000092,
pay_260811003102,order_260811091,2851.00,wallet,57.02,2026-08-11T21:37:00+05:30,captured,setl_00000092,
pay_260811003103,order_260811091,4434.00,card,88.68,2026-08-11T18:23:00+05:30,captured,setl_00000092,
pay_260811003104,order_260811091,4590.00,netbanking,41.31,2026-08-11T11:41:00+05:30,captured,setl_00000092,
pay_260811003105,order_260811091,2257.00,wallet,45.14,2026-08-11T20:52:00+05:30,captured,setl_00000092,
pay_260811003106,order_260811091,2539.00,upi_apps,50.78,2026-08-11T18:21:00+05:30,captured,setl_00000092,
pay_260811003107,order_260811091,2259.00,card,45.18,2026-08-11T13:05:00+05:30,captured,setl_00000092,
pay_260811003108,order_260811091,1291.00,card,25.82,2026-08-11T22:51:00+05:30,captured,setl_00000092,
pay_260811003109,order_260811091,2915.00,upi_apps,58.30,2026-08-11T08:44:00+05:30,captured,setl_00000092,
pay_260811003110,order_260811091,1066.00,upi_apps,21.32,2026-08-11T12:56:00+05:30,captured,setl_00000092,
pay_260811003111,order_260811091,3603.00,upi_apps,72.06,2026-08-11T20:03:00+05:30,captured,setl_00000092,
pay_260811003112,order_260811091,4233.00,netbanking,38.09,2026-08-11T19:56:00+05:30,captured,setl_00000092,
pay_260811003113,order_260811091,5032.00,upi_apps,100.64,2026-08-11T16:21:00+05:30,captured,setl_00000092,
pay_260811003114,order_260811091,5309.00,card,106.18,2026-08-11T21:30:00+05:30,captured,setl_00000092,
pay_260811003115,order_260811091,5327.00,upi_apps,106.54,2026-08-11T19:11:00+05:30,captured,setl_00000092,
pay_260811003116,order_260811091,4495.00,card,89.90,2026-08-11T16:39:00+05:30,captured,setl_00000092,
pay_260811003117,order_260811091,3402.00,upi_apps,68.04,2026-08-11T10:35:00+05:30,captured,setl_00000092,
pay_260811003118,order_260811091,499.00,upi_apps,9.98,2026-08-11T20:23:00+05:30,captured,setl_00000092,
pay_260811003119,order_260811091,4563.00,card,91.26,2026-08-11T21:42:00+05:30,captured,setl_00000092,
pay_260811003120,order_260811091,1923.00,card,38.46,2026-08-11T22:55:00+05:30,captured,setl_00000092,
pay_260811003121,order_260811091,2497.00,card,49.94,2026-08-11T18:01:00+05:30,captured,setl_00000092,
pay_260811003122,order_260811091,3955.00,upi_apps,79.10,2026-08-11T22:37:00+05:30,captured,setl_00000092,
pay_260811003123,order_260811091,528.00,upi_apps,10.56,2026-08-11T22:00:00+05:30,captured,setl_00000092,
pay_260811003124,order_260811091,2052.00,upi_apps,41.04,2026-08-11T09:15:00+05:30,captured,setl_00000092,
pay_260811003125,order_260811091,4987.00,upi_apps,99.74,2026-08-11T14:01:00+05:30,captured,setl_00000092,
pay_260811003126,order_260811091,1297.00,upi_apps,25.94,2026-08-11T09:45:00+05:30,captured,setl_00000092,
pay_260811003127,order_260811091,3992.00,wallet,79.84,2026-08-11T17:09:00+05:30,captured,setl_00000092,
pay_260811003128,order_260811091,1737.00,upi_apps,34.74,2026-08-11T13:21:00+05:30,captured,setl_00000092,
pay_260811003129,order_260811091,4532.00,upi_apps,90.64,2026-08-11T18:34:00+05:30,captured,setl_00000092,
pay_260811003130,order_260811091,2599.00,upi_apps,51.98,2026-08-11T09:39:00+05:30,captured,setl_00000092,
pay_260811003131,order_260811091,1322.00,upi_apps,26.44,2026-08-11T19:01:00+05:30,captured,setl_00000092,
pay_260811003132,order_260811091,4705.00,upi_apps,94.10,2026-08-11T12:18:00+05:30,captured,setl_00000092,
pay_260811003133,order_260811091,799.00,netbanking,7.19,2026-08-11T08:27:00+05:30,captured,setl_00000092,
pay_260812003134,order_260812092,1970.00,card,39.40,2026-08-12T20:17:00+05:30,captured,setl_00000093,
pay_260812003135,order_260812092,907.00,card,18.14,2026-08-12T09:04:00+05:30,captured,setl_00000093,
pay_260812003136,order_260812092,4790.00,netbanking,43.11,2026-08-12T16:14:00+05:30,captured,setl_00000093,
pay_260812003137,order_260812092,2751.00,upi_apps,55.02,2026-08-12T18:35:00+05:30,captured,setl_00000093,
pay_260812003138,order_260812092,1693.00,upi_apps,33.86,2026-08-12T22:52:00+05:30,captured,setl_00000093,
pay_260812003139,order_260812092,2281.00,upi_apps,45.62,2026-08-12T15:57:00+05:30,captured,setl_00000093,
pay_260812003140,order_260812092,2421.00,netbanking,21.78,2026-08-12T16:19:00+05:30,captured,setl_00000093,
pay_260812003141,order_260812092,5103.00,upi_apps,102.06,2026-08-12T11:53:00+05:30,captured,setl_00000093,
pay_260812003142,order_260812092,4254.00,wallet,85.08,2026-08-12T13:59:00+05:30,captured,setl_00000093,
pay_260812003143,order_260812092,1167.00,upi_apps,23.34,2026-08-12T20:31:00+05:30,captured,setl_00000093,
pay_260812003144,order_260812092,2305.00,wallet,46.10,2026-08-12T15:08:00+05:30,captured,setl_00000093,
pay_260812003145,order_260812092,3917.00,upi_apps,78.34,2026-08-12T21:30:00+05:30,captured,setl_00000093,
pay_260812003146,order_260812092,2705.00,upi_apps,54.10,2026-08-12T15:43:00+05:30,captured,setl_00000093,
pay_260812003147,order_260812092,4393.00,wallet,87.86,2026-08-12T19:32:00+05:30,captured,setl_00000093,
pay_260812003148,order_260812092,2029.00,card,40.58,2026-08-12T18:16:00+05:30,captured,setl_00000093,
pay_260812003149,order_260812092,2848.00,upi_apps,56.96,2026-08-12T15:23:00+05:30,captured,setl_00000093,
pay_260812003150,order_260812092,3583.00,card,71.66,2026-08-12T18:35:00+05:30,captured,setl_00000093,
pay_260812003151,order_260812092,3539.00,upi_apps,70.78,2026-08-12T12:18:00+05:30,captured,setl_00000093,
pay_260812003152,order_260812092,2320.00,card,46.40,2026-08-12T17:35:00+05:30,captured,setl_00000093,
pay_260812003153,order_260812092,5093.00,wallet,101.86,2026-08-12T21:20:00+05:30,captured,setl_00000093,
pay_260812003154,order_260812092,1780.00,card,35.60,2026-08-12T12:47:00+05:30,captured,setl_00000093,
pay_260812003155,order_260812092,1620.00,card,32.40,2026-08-12T10:08:00+05:30,captured,setl_00000093,
pay_260812003156,order_260812092,5044.00,wallet,100.88,2026-08-12T17:49:00+05:30,captured,setl_00000093,
pay_260812003157,order_260812092,3625.00,upi_apps,72.50,2026-08-12T14:56:00+05:30,captured,setl_00000093,
pay_260812003158,order_260812092,2658.00,card,53.16,2026-08-12T12:55:00+05:30,captured,setl_00000093,
pay_260812003159,order_260812092,5232.00,upi_apps,104.64,2026-08-12T16:55:00+05:30,captured,setl_00000093,
pay_260812003160,order_260812092,2074.00,upi_apps,41.48,2026-08-12T10:51:00+05:30,captured,setl_00000093,
pay_260812003161,order_260812092,737.00,card,14.74,2026-08-12T11:59:00+05:30,captured,setl_00000093,
pay_260812003162,order_260812092,4317.00,upi_apps,86.34,2026-08-12T14:52:00+05:30,captured,setl_00000093,
pay_260812003163,order_260812092,3238.00,card,64.76,2026-08-12T10:43:00+05:30,captured,setl_00000093,
pay_260812003164,order_260812092,2441.00,upi_apps,48.82,2026-08-12T14:00:00+05:30,captured,setl_00000093,
pay_260812003165,order_260812092,3322.00,upi_apps,66.44,2026-08-12T14:13:00+05:30,captured,setl_00000093,
pay_260812003166,order_260812092,3979.00,card,79.58,2026-08-12T21:09:00+05:30,captured,setl_00000093,
pay_260812003167,order_260812092,4449.00,upi_apps,88.98,2026-08-12T13:07:00+05:30,captured,setl_00000093,
pay_260812003168,order_260812092,2753.00,upi_apps,55.06,2026-08-12T16:54:00+05:30,captured,setl_00000093,
pay_260812003169,order_260812092,1883.00,upi_apps,37.66,2026-08-12T15:33:00+05:30,captured,setl_00000093,
pay_260812003170,order_260812092,2371.00,wallet,47.42,2026-08-12T21:15:00+05:30,captured,setl_00000093,
pay_260812003171,order_260812092,4139.00,wallet,82.78,2026-08-12T11:36:00+05:30,captured,setl_00000093,
pay_260812003172,order_260812092,1525.00,card,30.50,2026-08-12T22:34:00+05:30,captured,setl_00000093,
pay_260812003173,order_260812092,1820.00,card,36.40,2026-08-12T18:32:00+05:30,captured,setl_00000093,
pay_260812003174,order_260812092,2432.00,upi_apps,48.64,2026-08-12T09:06:00+05:30,captured,setl_00000093,
pay_260812003175,order_260812092,1704.00,upi_apps,34.08,2026-08-12T20:05:00+05:30,captured,setl_00000093,
pay_260812003176,order_260812092,4046.00,card,80.92,2026-08-12T10:35:00+05:30,captured,setl_00000093,
pay_260813003177,order_260813093,3630.00,upi_apps,72.60,2026-08-13T15:35:00+05:30,captured,setl_00000094,
pay_260813003178,order_260813093,3074.00,upi_apps,61.48,2026-08-13T16:47:00+05:30,captured,setl_00000094,
pay_260813003179,order_260813093,4932.00,card,98.64,2026-08-13T18:47:00+05:30,captured,setl_00000094,
pay_260813003180,order_260813093,5293.00,upi_apps,105.86,2026-08-13T10:54:00+05:30,captured,setl_00000094,
pay_260813003181,order_260813093,1231.00,upi_apps,24.62,2026-08-13T08:03:00+05:30,captured,setl_00000094,
pay_260813003182,order_260813093,5175.00,upi_apps,103.50,2026-08-13T18:04:00+05:30,captured,setl_00000094,
pay_260813003183,order_260813093,4986.00,upi_apps,99.72,2026-08-13T10:47:00+05:30,captured,setl_00000094,
pay_260813003184,order_260813093,4730.00,card,94.60,2026-08-13T20:40:00+05:30,captured,setl_00000094,
pay_260813003185,order_260813093,1865.00,upi_apps,37.30,2026-08-13T21:40:00+05:30,captured,setl_00000094,
pay_260813003186,order_260813093,3336.00,upi_apps,66.72,2026-08-13T15:06:00+05:30,captured,setl_00000094,
pay_260813003187,order_260813093,4999.00,wallet,99.98,2026-08-13T20:16:00+05:30,captured,setl_00000094,
pay_260813003188,order_260813093,2949.00,card,58.98,2026-08-13T08:50:00+05:30,captured,setl_00000094,
pay_260813003189,order_260813093,4905.00,wallet,98.10,2026-08-13T19:49:00+05:30,captured,setl_00000094,
pay_260813003190,order_260813093,4848.00,upi_apps,96.96,2026-08-13T21:41:00+05:30,captured,setl_00000094,
pay_260813003191,order_260813093,1741.00,card,34.82,2026-08-13T21:13:00+05:30,captured,setl_00000094,
pay_260813003192,order_260813093,3144.00,upi_apps,62.88,2026-08-13T20:22:00+05:30,captured,setl_00000094,
pay_260813003193,order_260813093,1804.00,card,36.08,2026-08-13T13:31:00+05:30,captured,setl_00000094,
pay_260813003194,order_260813093,3577.00,upi_apps,71.54,2026-08-13T08:34:00+05:30,captured,setl_00000094,
pay_260813003195,order_260813093,2146.00,upi_apps,42.92,2026-08-13T09:20:00+05:30,captured,setl_00000094,
pay_260813003196,order_260813093,2314.00,card,46.28,2026-08-13T09:51:00+05:30,captured,setl_00000094,
pay_260813003197,order_260813093,4816.00,netbanking,43.34,2026-08-13T08:14:00+05:30,captured,setl_00000094,
pay_260813003198,order_260813093,475.00,upi_apps,9.50,2026-08-13T10:47:00+05:30,captured,setl_00000094,
pay_260813003199,order_260813093,1893.00,wallet,37.86,2026-08-13T11:26:00+05:30,captured,setl_00000094,
pay_260813003200,order_260813093,2672.00,wallet,53.44,2026-08-13T11:50:00+05:30,captured,setl_00000094,
pay_260813003201,order_260813093,5299.00,netbanking,47.69,2026-08-13T17:45:00+05:30,captured,setl_00000094,
pay_260813003202,order_260813093,3854.00,upi_apps,77.08,2026-08-13T15:47:00+05:30,captured,setl_00000094,
pay_260813003203,order_260813093,1215.00,upi_apps,24.30,2026-08-13T15:30:00+05:30,captured,setl_00000094,
pay_260813003204,order_260813093,3687.00,card,73.74,2026-08-13T17:21:00+05:30,captured,setl_00000094,
pay_260813003205,order_260813093,654.00,upi_apps,13.08,2026-08-13T11:15:00+05:30,captured,setl_00000094,
pay_260813003206,order_260813093,5066.00,card,101.32,2026-08-13T13:18:00+05:30,captured,setl_00000094,
pay_260813003207,order_260813093,701.00,card,14.02,2026-08-13T15:24:00+05:30,captured,setl_00000094,
pay_260813003208,order_260813093,4401.00,wallet,88.02,2026-08-13T12:53:00+05:30,captured,setl_00000094,
pay_260813003209,order_260813093,3265.00,upi_apps,65.30,2026-08-13T09:39:00+05:30,captured,setl_00000094,
pay_260813003210,order_260813093,4267.00,upi_apps,85.34,2026-08-13T18:32:00+05:30,captured,setl_00000094,
pay_260813003211,order_260813093,3179.00,card,63.58,2026-08-13T10:30:00+05:30,captured,setl_00000094,
pay_260813003212,order_260813093,3827.00,upi_apps,76.54,2026-08-13T09:02:00+05:30,captured,setl_00000094,
pay_260813003213,order_260813093,4652.00,upi_apps,93.04,2026-08-13T20:55:00+05:30,captured,setl_00000094,
pay_260813003214,order_260813093,2371.00,upi_apps,47.42,2026-08-13T10:21:00+05:30,captured,setl_00000094,
pay_260813003215,order_260813093,1600.00,wallet,32.00,2026-08-13T09:40:00+05:30,captured,setl_00000094,
pay_260813003216,order_260813093,5188.00,upi_apps,103.76,2026-08-13T17:41:00+05:30,captured,setl_00000094,
pay_260813003217,order_260813093,3035.00,upi_apps,60.70,2026-08-13T21:58:00+05:30,captured,setl_00000094,
pay_260814003218,order_260814094,698.00,card,13.96,2026-08-14T13:32:00+05:30,captured,setl_00000095,
pay_260814003219,order_260814094,4493.00,upi_apps,89.86,2026-08-14T12:01:00+05:30,captured,setl_00000095,
pay_260814003220,order_260814094,4889.00,netbanking,44.00,2026-08-14T10:26:00+05:30,captured,setl_00000095,
pay_260814003221,order_260814094,3589.00,card,71.78,2026-08-14T20:26:00+05:30,captured,setl_00000095,
pay_260814003222,order_260814094,1996.00,netbanking,17.96,2026-08-14T08:25:00+05:30,captured,setl_00000095,
pay_260814003223,order_260814094,3692.00,netbanking,33.22,2026-08-14T13:18:00+05:30,captured,setl_00000095,
pay_260814003224,order_260814094,1614.00,wallet,32.28,2026-08-14T09:38:00+05:30,captured,setl_00000095,
pay_260814003225,order_260814094,4191.00,upi_apps,83.82,2026-08-14T22:16:00+05:30,captured,setl_00000095,
pay_260814003226,order_260814094,3587.00,card,71.74,2026-08-14T10:04:00+05:30,captured,setl_00000095,
pay_260814003227,order_260814094,3089.00,card,61.78,2026-08-14T12:28:00+05:30,captured,setl_00000095,
pay_260814003228,order_260814094,4269.00,wallet,85.38,2026-08-14T22:28:00+05:30,captured,setl_00000095,
pay_260814003229,order_260814094,2900.00,upi_apps,58.00,2026-08-14T18:45:00+05:30,captured,setl_00000095,
pay_260814003230,order_260814094,1250.00,wallet,25.00,2026-08-14T22:55:00+05:30,captured,setl_00000095,
pay_260814003231,order_260814094,2216.00,card,44.32,2026-08-14T12:10:00+05:30,captured,setl_00000095,
pay_260814003232,order_260814094,4605.00,upi_apps,92.10,2026-08-14T11:40:00+05:30,captured,setl_00000095,
pay_260814003233,order_260814094,1384.00,wallet,27.68,2026-08-14T10:10:00+05:30,captured,setl_00000095,
pay_260814003234,order_260814094,1079.00,wallet,21.58,2026-08-14T14:39:00+05:30,captured,setl_00000095,
pay_260814003235,order_260814094,5238.00,upi_apps,104.76,2026-08-14T22:40:00+05:30,captured,setl_00000095,
pay_260814003236,order_260814094,4477.00,netbanking,40.29,2026-08-14T20:24:00+05:30,captured,setl_00000095,
pay_260814003237,order_260814094,4669.00,netbanking,42.02,2026-08-14T15:24:00+05:30,captured,setl_00000095,
pay_260814003238,order_260814094,2878.00,wallet,57.56,2026-08-14T18:39:00+05:30,captured,setl_00000095,
pay_260814003239,order_260814094,538.00,netbanking,4.84,2026-08-14T09:04:00+05:30,captured,setl_00000095,
pay_260814003240,order_260814094,5246.00,card,104.92,2026-08-14T14:39:00+05:30,captured,setl_00000095,
pay_260814003241,order_260814094,3074.00,upi_apps,61.48,2026-08-14T15:36:00+05:30,captured,setl_00000095,
pay_260814003242,order_260814094,1153.00,upi_apps,23.06,2026-08-14T11:44:00+05:30,captured,setl_00000095,
pay_260814003243,order_260814094,2797.00,card,55.94,2026-08-14T13:45:00+05:30,captured,setl_00000095,
pay_260814003244,order_260814094,1572.00,card,31.44,2026-08-14T20:59:00+05:30,captured,setl_00000095,
pay_260814003245,order_260814094,2655.00,netbanking,23.89,2026-08-14T12:12:00+05:30,captured,setl_00000095,
pay_260814003246,order_260814094,1216.00,netbanking,10.94,2026-08-14T20:19:00+05:30,captured,setl_00000095,
pay_260814003247,order_260814094,1037.00,upi_apps,20.74,2026-08-14T17:29:00+05:30,captured,setl_00000095,
pay_260814003248,order_260814094,914.00,netbanking,8.22,2026-08-14T09:27:00+05:30,captured,setl_00000095,
pay_260814003249,order_260814094,3329.00,upi_apps,66.58,2026-08-14T21:33:00+05:30,captured,setl_00000095,
pay_260814003250,order_260814094,1360.00,card,27.20,2026-08-14T18:19:00+05:30,captured,setl_00000095,
pay_260814003251,order_260814094,652.00,upi_apps,13.04,2026-08-14T21:05:00+05:30,captured,setl_00000095,
pay_260814003252,order_260814094,2661.00,card,53.22,2026-08-14T12:57:00+05:30,captured,setl_00000095,
pay_260814003253,order_260814094,3397.00,upi_apps,67.94,2026-08-14T13:07:00+05:30,captured,setl_00000095,
pay_260814003254,order_260814094,1697.00,card,33.94,2026-08-14T18:28:00+05:30,captured,setl_00000095,
pay_260814003255,order_260814094,1258.00,upi_apps,25.16,2026-08-14T15:30:00+05:30,captured,setl_00000095,
pay_260814003256,order_260814094,2617.00,upi_apps,52.34,2026-08-14T19:36:00+05:30,captured,setl_00000095,
pay_260814003257,order_260814094,1605.00,netbanking,14.44,2026-08-14T09:56:00+05:30,captured,setl_00000095,
pay_260814003258,order_260814094,2972.00,card,59.44,2026-08-14T08:53:00+05:30,captured,setl_00000095,
pay_260814003259,order_260814094,4126.00,card,82.52,2026-08-14T16:08:00+05:30,captured,setl_00000095,
pay_260814003260,order_260814094,4685.00,card,93.70,2026-08-14T17:33:00+05:30,captured,setl_00000095,
pay_260814003261,order_260814094,1882.00,upi_apps,37.64,2026-08-14T14:38:00+05:30,captured,setl_00000095,
pay_260814003262,order_260814094,4227.00,card,84.54,2026-08-14T14:53:00+05:30,captured,setl_00000095,
pay_260814003263,order_260814094,2146.00,card,42.92,2026-08-14T21:38:00+05:30,captured,setl_00000095,
pay_260815003264,order_260815095,2266.00,upi_apps,45.32,2026-08-15T21:48:00+05:30,captured,setl_00000096,
pay_260816003265,order_260816096,2200.00,upi_apps,44.00,2026-08-16T09:02:00+05:30,captured,setl_00000097,
pay_260816003266,order_260816096,715.00,upi_apps,14.30,2026-08-16T18:52:00+05:30,captured,setl_00000097,
pay_260816003267,order_260816096,5101.00,upi_apps,102.02,2026-08-16T20:24:00+05:30,captured,setl_00000097,
pay_260816003268,order_260816096,2414.00,upi_apps,48.28,2026-08-16T10:32:00+05:30,captured,setl_00000097,
pay_260816003269,order_260816096,5177.00,card,103.54,2026-08-16T17:34:00+05:30,captured,setl_00000097,
pay_260816003270,order_260816096,3279.00,upi_apps,65.58,2026-08-16T19:29:00+05:30,captured,setl_00000097,
pay_260816003271,order_260816096,4633.00,netbanking,41.69,2026-08-16T18:37:00+05:30,captured,setl_00000097,
pay_260816003272,order_260816096,4533.00,upi_apps,90.66,2026-08-16T18:56:00+05:30,captured,setl_00000097,
pay_260817003273,order_260817097,2384.00,wallet,47.68,2026-08-17T08:17:00+05:30,captured,setl_00000098,
pay_260817003274,order_260817097,4091.00,card,81.82,2026-08-17T22:43:00+05:30,captured,setl_00000098,
pay_260817003275,order_260817097,3694.00,card,73.88,2026-08-17T18:19:00+05:30,captured,setl_00000098,
pay_260817003276,order_260817097,4165.00,upi_apps,83.30,2026-08-17T22:16:00+05:30,captured,setl_00000098,
pay_260817003277,order_260817097,3120.00,card,62.40,2026-08-17T19:48:00+05:30,captured,setl_00000098,
pay_260817003278,order_260817097,2197.00,upi_apps,43.94,2026-08-17T15:05:00+05:30,captured,setl_00000098,
pay_260817003279,order_260817097,2889.00,upi_apps,57.78,2026-08-17T16:31:00+05:30,captured,setl_00000098,
pay_260817003280,order_260817097,2560.00,card,51.20,2026-08-17T09:01:00+05:30,captured,setl_00000098,
pay_260817003281,order_260817097,3262.00,upi_apps,65.24,2026-08-17T20:45:00+05:30,captured,setl_00000098,
pay_260817003282,order_260817097,3924.00,upi_apps,78.48,2026-08-17T22:03:00+05:30,captured,setl_00000098,
pay_260817003283,order_260817097,5315.00,card,106.30,2026-08-17T16:23:00+05:30,captured,setl_00000098,
pay_260817003284,order_260817097,3639.00,netbanking,32.75,2026-08-17T22:05:00+05:30,captured,setl_00000098,
pay_260817003285,order_260817097,2215.00,card,44.30,2026-08-17T08:11:00+05:30,captured,setl_00000098,
pay_260817003286,order_260817097,1271.00,card,25.42,2026-08-17T19:30:00+05:30,captured,setl_00000098,
pay_260817003287,order_260817097,3583.00,netbanking,32.24,2026-08-17T18:42:00+05:30,captured,setl_00000098,
pay_260817003288,order_260817097,3476.00,card,69.52,2026-08-17T15:20:00+05:30,captured,setl_00000098,
pay_260817003289,order_260817097,3623.00,upi_apps,72.46,2026-08-17T18:50:00+05:30,captured,setl_00000098,
pay_260817003290,order_260817097,4850.00,card,97.00,2026-08-17T20:35:00+05:30,captured,setl_00000098,
pay_260817003291,order_260817097,4136.00,card,82.72,2026-08-17T17:01:00+05:30,captured,setl_00000098,
pay_260817003292,order_260817097,3697.00,upi_apps,73.94,2026-08-17T09:58:00+05:30,captured,setl_00000098,
pay_260817003293,order_260817097,3295.00,wallet,65.90,2026-08-17T15:50:00+05:30,captured,setl_00000098,
pay_260817003294,order_260817097,3754.00,card,75.08,2026-08-17T18:36:00+05:30,captured,setl_00000098,
pay_260817003295,order_260817097,3716.00,upi_apps,74.32,2026-08-17T10:51:00+05:30,captured,setl_00000098,
pay_260817003296,order_260817097,3089.00,wallet,61.78,2026-08-17T12:14:00+05:30,captured,setl_00000098,
pay_260817003297,order_260817097,3284.00,upi_apps,65.68,2026-08-17T14:04:00+05:30,captured,setl_00000098,
pay_260817003298,order_260817097,2327.00,upi_apps,46.54,2026-08-17T12:15:00+05:30,captured,setl_00000098,
pay_260817003299,order_260817097,3737.00,upi_apps,74.74,2026-08-17T09:56:00+05:30,captured,setl_00000098,
pay_260817003300,order_260817097,3605.00,netbanking,32.44,2026-08-17T15:59:00+05:30,captured,setl_00000098,
pay_260817003301,order_260817097,5260.00,upi_apps,105.20,2026-08-17T14:23:00+05:30,captured,setl_00000098,
pay_260817003302,order_260817097,843.00,card,16.86,2026-08-17T09:36:00+05:30,captured,setl_00000098,
pay_260817003303,order_260817097,4001.00,netbanking,36.00,2026-08-17T09:38:00+05:30,captured,setl_00000098,
pay_260817003304,order_260817097,2445.00,upi_apps,48.90,2026-08-17T12:12:00+05:30,captured,setl_00000098,
pay_260817003305,order_260817097,4169.00,upi_apps,83.38,2026-08-17T12:23:00+05:30,captured,setl_00000098,
pay_260817003306,order_260817097,928.00,card,18.56,2026-08-17T18:36:00+05:30,captured,setl_00000098,
pay_260817003307,order_260817097,1101.00,card,22.02,2026-08-17T18:49:00+05:30,captured,setl_00000098,
pay_260817003308,order_260817097,1915.00,card,38.30,2026-08-17T18:46:00+05:30,captured,setl_00000098,
pay_260817003309,order_260817097,4008.00,wallet,80.16,2026-08-17T09:50:00+05:30,captured,setl_00000098,
pay_260817003310,order_260817097,1044.00,card,20.88,2026-08-17T15:46:00+05:30,captured,setl_00000098,
pay_260817003311,order_260817097,1937.00,card,38.74,2026-08-17T21:12:00+05:30,captured,setl_00000098,
pay_260817003312,order_260817097,2205.00,card,44.10,2026-08-17T17:31:00+05:30,captured,setl_00000098,
pay_260817003313,order_260817097,3677.00,card,73.54,2026-08-17T08:54:00+05:30,captured,setl_00000098,
pay_260817003314,order_260817097,1677.00,card,33.54,2026-08-17T17:48:00+05:30,captured,setl_00000098,
pay_260817003315,order_260817097,892.00,upi_apps,17.84,2026-08-17T16:52:00+05:30,captured,setl_00000098,
pay_260817003316,order_260817097,3544.00,upi_apps,70.88,2026-08-17T12:43:00+05:30,captured,setl_00000098,
pay_260817003317,order_260817097,3152.00,card,63.04,2026-08-17T16:50:00+05:30,captured,setl_00000098,
pay_260817003318,order_260817097,842.00,wallet,16.84,2026-08-17T13:28:00+05:30,captured,setl_00000098,
pay_260817003319,order_260817097,5307.00,upi_apps,106.14,2026-08-17T08:10:00+05:30,captured,setl_00000098,
pay_260817003320,order_260817097,1989.00,card,39.78,2026-08-17T18:20:00+05:30,captured,setl_00000098,
pay_260817003321,order_260817097,2411.00,upi_apps,48.22,2026-08-17T22:09:00+05:30,captured,setl_00000098,
pay_260817003322,order_260817097,4284.00,wallet,85.68,2026-08-17T13:48:00+05:30,captured,setl_00000098,
pay_260818003323,order_260818098,929.00,upi_apps,18.58,2026-08-18T22:18:00+05:30,captured,setl_00000099,
pay_260818003324,order_260818098,2045.00,card,40.90,2026-08-18T08:02:00+05:30,captured,setl_00000099,
pay_260818003325,order_260818098,2468.00,netbanking,22.21,2026-08-18T12:38:00+05:30,captured,setl_00000099,
pay_260818003326,order_260818098,4743.00,card,94.86,2026-08-18T17:24:00+05:30,captured,setl_00000099,
pay_260818003327,order_260818098,3381.00,card,67.62,2026-08-18T16:30:00+05:30,captured,setl_00000099,
pay_260818003328,order_260818098,3267.00,upi_apps,65.34,2026-08-18T13:34:00+05:30,captured,setl_00000099,
pay_260818003329,order_260818098,4959.00,upi_apps,99.18,2026-08-18T08:15:00+05:30,captured,setl_00000099,
pay_260818003330,order_260818098,2654.00,upi_apps,53.08,2026-08-18T17:53:00+05:30,captured,setl_00000099,
pay_260818003331,order_260818098,1714.00,card,34.28,2026-08-18T21:11:00+05:30,captured,setl_00000099,
pay_260818003332,order_260818098,4989.00,upi_apps,99.78,2026-08-18T20:49:00+05:30,captured,setl_00000099,
pay_260818003333,order_260818098,1989.00,card,39.78,2026-08-18T11:33:00+05:30,captured,setl_00000099,
pay_260818003334,order_260818098,4550.00,wallet,91.00,2026-08-18T12:12:00+05:30,captured,setl_00000099,
pay_260818003335,order_260818098,656.00,card,13.12,2026-08-18T08:22:00+05:30,captured,setl_00000099,
pay_260818003336,order_260818098,5389.00,netbanking,48.50,2026-08-18T22:09:00+05:30,captured,setl_00000099,
pay_260818003337,order_260818098,4335.00,upi_apps,86.70,2026-08-18T16:20:00+05:30,captured,setl_00000099,
pay_260818003338,order_260818098,1917.00,upi_apps,38.34,2026-08-18T18:21:00+05:30,captured,setl_00000099,
pay_260818003339,order_260818098,1539.00,upi_apps,30.78,2026-08-18T12:36:00+05:30,captured,setl_00000099,
pay_260818003340,order_260818098,5244.00,netbanking,47.19,2026-08-18T18:09:00+05:30,captured,setl_00000099,
pay_260818003341,order_260818098,1156.00,netbanking,10.40,2026-08-18T17:13:00+05:30,captured,setl_00000099,
pay_260818003342,order_260818098,1162.00,card,23.24,2026-08-18T13:17:00+05:30,captured,setl_00000099,
pay_260818003343,order_260818098,4296.00,netbanking,38.66,2026-08-18T20:09:00+05:30,captured,setl_00000099,
pay_260818003344,order_260818098,1803.00,upi_apps,36.06,2026-08-18T12:09:00+05:30,captured,setl_00000099,
pay_260818003345,order_260818098,571.00,card,11.42,2026-08-18T08:05:00+05:30,captured,setl_00000099,
pay_260818003346,order_260818098,3247.00,upi_apps,64.94,2026-08-18T10:26:00+05:30,captured,setl_00000099,
pay_260818003347,order_260818098,2492.00,upi_apps,49.84,2026-08-18T16:53:00+05:30,captured,setl_00000099,
pay_260818003348,order_260818098,3640.00,card,72.80,2026-08-18T10:09:00+05:30,captured,setl_00000099,
pay_260818003349,order_260818098,1867.00,upi_apps,37.34,2026-08-18T08:17:00+05:30,captured,setl_00000099,
pay_260818003350,order_260818098,4602.00,upi_apps,92.04,2026-08-18T20:11:00+05:30,captured,setl_00000099,
pay_260818003351,order_260818098,2313.00,card,46.26,2026-08-18T12:40:00+05:30,captured,setl_00000099,
pay_260818003352,order_260818098,1918.00,upi_apps,38.36,2026-08-18T20:58:00+05:30,captured,setl_00000099,
pay_260818003353,order_260818098,3966.00,upi_apps,79.32,2026-08-18T22:30:00+05:30,captured,setl_00000099,
pay_260818003354,order_260818098,2820.00,upi_apps,56.40,2026-08-18T19:11:00+05:30,captured,setl_00000099,
pay_260818003355,order_260818098,1026.00,netbanking,9.23,2026-08-18T14:50:00+05:30,captured,setl_00000099,
pay_260818003356,order_260818098,3021.00,upi_apps,60.42,2026-08-18T21:48:00+05:30,captured,setl_00000099,
pay_260818003357,order_260818098,2526.00,wallet,50.52,2026-08-18T22:14:00+05:30,captured,setl_00000099,
pay_260818003358,order_260818098,5243.00,card,104.86,2026-08-18T20:50:00+05:30,captured,setl_00000099,
pay_260818003359,order_260818098,1642.00,upi_apps,32.84,2026-08-18T20:39:00+05:30,captured,setl_00000099,
pay_260819003360,order_260819099,2748.00,card,54.96,2026-08-19T16:05:00+05:30,captured,setl_00000100,
pay_260819003361,order_260819099,2214.00,upi_apps,44.28,2026-08-19T20:28:00+05:30,captured,setl_00000100,
pay_260819003362,order_260819099,3547.00,upi_apps,70.94,2026-08-19T18:24:00+05:30,captured,setl_00000100,
pay_260819003363,order_260819099,3761.00,card,75.22,2026-08-19T18:07:00+05:30,captured,setl_00000100,
pay_260819003364,order_260819099,1455.00,card,29.10,2026-08-19T14:58:00+05:30,captured,setl_00000100,
pay_260819003365,order_260819099,5094.00,card,101.88,2026-08-19T13:05:00+05:30,captured,setl_00000100,
pay_260819003366,order_260819099,1955.00,upi_apps,39.10,2026-08-19T14:41:00+05:30,captured,setl_00000100,
pay_260819003367,order_260819099,478.00,netbanking,4.30,2026-08-19T11:04:00+05:30,captured,setl_00000100,
pay_260819003368,order_260819099,4465.00,upi_apps,89.30,2026-08-19T22:19:00+05:30,captured,setl_00000100,
pay_260819003369,order_260819099,1891.00,upi_apps,37.82,2026-08-19T09:22:00+05:30,captured,setl_00000100,
pay_260819003370,order_260819099,2662.00,netbanking,23.95,2026-08-19T10:35:00+05:30,captured,setl_00000100,
pay_260819003371,order_260819099,3887.00,upi_apps,77.74,2026-08-19T18:27:00+05:30,captured,setl_00000100,
pay_260819003372,order_260819099,1522.00,upi_apps,30.44,2026-08-19T21:13:00+05:30,captured,setl_00000100,
pay_260819003373,order_260819099,1738.00,card,34.76,2026-08-19T11:09:00+05:30,captured,setl_00000100,
pay_260819003374,order_260819099,3356.00,upi_apps,67.12,2026-08-19T08:53:00+05:30,captured,setl_00000100,
pay_260819003375,order_260819099,1391.00,upi_apps,27.82,2026-08-19T13:26:00+05:30,captured,setl_00000100,
pay_260819003376,order_260819099,950.00,upi_apps,19.00,2026-08-19T10:02:00+05:30,captured,setl_00000100,
pay_260819003377,order_260819099,3774.00,netbanking,33.96,2026-08-19T19:34:00+05:30,captured,setl_00000100,
pay_260819003378,order_260819099,2922.00,card,58.44,2026-08-19T22:01:00+05:30,captured,setl_00000100,
pay_260819003379,order_260819099,1035.00,card,20.70,2026-08-19T11:31:00+05:30,captured,setl_00000100,
pay_260819003380,order_260819099,1796.00,card,35.92,2026-08-19T15:21:00+05:30,captured,setl_00000100,
pay_260819003381,order_260819099,4305.00,wallet,86.10,2026-08-19T15:53:00+05:30,captured,setl_00000100,
pay_260819003382,order_260819099,3233.00,card,64.66,2026-08-19T21:38:00+05:30,captured,setl_00000100,
pay_260819003383,order_260819099,1957.00,wallet,39.14,2026-08-19T09:38:00+05:30,captured,setl_00000100,
pay_260819003384,order_260819099,3176.00,wallet,63.52,2026-08-19T14:02:00+05:30,captured,setl_00000100,
pay_260819003385,order_260819099,2883.00,card,57.66,2026-08-19T08:27:00+05:30,captured,setl_00000100,
pay_260819003386,order_260819099,2559.00,card,51.18,2026-08-19T20:49:00+05:30,captured,setl_00000100,
pay_260819003387,order_260819099,3653.00,card,73.06,2026-08-19T18:24:00+05:30,captured,setl_00000100,
pay_260819003388,order_260819099,3421.00,upi_apps,68.42,2026-08-19T18:36:00+05:30,captured,setl_00000100,
pay_260820003389,order_260820100,4604.00,card,92.08,2026-08-20T15:47:00+05:30,captured,setl_00000101,
pay_260820003390,order_260820100,909.00,upi_apps,18.18,2026-08-20T18:25:00+05:30,captured,setl_00000101,
pay_260820003391,order_260820100,2541.00,card,50.82,2026-08-20T13:13:00+05:30,captured,setl_00000101,
pay_260820003392,order_260820100,3764.00,card,75.28,2026-08-20T11:57:00+05:30,captured,setl_00000101,
pay_260820003393,order_260820100,2982.00,upi_apps,59.64,2026-08-20T13:00:00+05:30,captured,setl_00000101,
pay_260820003394,order_260820100,1497.00,wallet,29.94,2026-08-20T09:18:00+05:30,captured,setl_00000101,
pay_260820003395,order_260820100,930.00,card,18.60,2026-08-20T18:37:00+05:30,captured,setl_00000101,
pay_260820003396,order_260820100,3897.00,upi_apps,77.94,2026-08-20T22:12:00+05:30,captured,setl_00000101,
pay_260820003397,order_260820100,857.00,card,17.14,2026-08-20T19:50:00+05:30,captured,setl_00000101,
pay_260820003398,order_260820100,3737.00,upi_apps,74.74,2026-08-20T09:41:00+05:30,captured,setl_00000101,
pay_260820003399,order_260820100,1264.00,card,25.28,2026-08-20T08:20:00+05:30,captured,setl_00000101,
pay_260820003400,order_260820100,4005.00,upi_apps,80.10,2026-08-20T12:36:00+05:30,captured,setl_00000101,
pay_260820003401,order_260820100,3859.00,card,77.18,2026-08-20T11:35:00+05:30,captured,setl_00000101,
pay_260820003402,order_260820100,5014.00,netbanking,45.12,2026-08-20T08:51:00+05:30,captured,setl_00000101,
pay_260820003403,order_260820100,5214.00,upi_apps,104.28,2026-08-20T16:03:00+05:30,captured,setl_00000101,
pay_260820003404,order_260820100,1952.00,upi_apps,39.04,2026-08-20T12:20:00+05:30,captured,setl_00000101,
pay_260820003405,order_260820100,993.00,upi_apps,19.86,2026-08-20T14:29:00+05:30,captured,setl_00000101,
pay_260820003406,order_260820100,4971.00,upi_apps,99.42,2026-08-20T19:52:00+05:30,captured,setl_00000101,
pay_260820003407,order_260820100,3530.00,card,70.60,2026-08-20T11:44:00+05:30,captured,setl_00000101,
pay_260820003408,order_260820100,3995.00,upi_apps,79.90,2026-08-20T13:20:00+05:30,captured,setl_00000101,
pay_260820003409,order_260820100,4780.00,upi_apps,95.60,2026-08-20T11:08:00+05:30,captured,setl_00000101,
pay_260820003410,order_260820100,630.00,upi_apps,12.60,2026-08-20T08:19:00+05:30,captured,setl_00000101,
pay_260820003411,order_260820100,838.00,upi_apps,16.76,2026-08-20T14:23:00+05:30,captured,setl_00000101,
pay_260820003412,order_260820100,2596.00,upi_apps,51.92,2026-08-20T14:06:00+05:30,captured,setl_00000101,
pay_260820003413,order_260820100,4727.00,upi_apps,94.54,2026-08-20T10:08:00+05:30,captured,setl_00000101,
pay_260820003414,order_260820100,4106.00,netbanking,36.95,2026-08-20T16:00:00+05:30,captured,setl_00000101,
pay_260820003415,order_260820100,2351.00,card,47.02,2026-08-20T20:19:00+05:30,captured,setl_00000101,
pay_260820003416,order_260820100,1670.00,upi_apps,33.40,2026-08-20T08:50:00+05:30,captured,setl_00000101,
pay_260820003417,order_260820100,3505.00,upi_apps,70.10,2026-08-20T19:03:00+05:30,captured,setl_00000101,
pay_260820003418,order_260820100,4480.00,upi_apps,89.60,2026-08-20T22:07:00+05:30,captured,setl_00000101,
pay_260820003419,order_260820100,3603.00,wallet,72.06,2026-08-20T10:02:00+05:30,captured,setl_00000101,
pay_260820003420,order_260820100,2224.00,upi_apps,44.48,2026-08-20T17:36:00+05:30,captured,setl_00000101,
pay_260820003421,order_260820100,2038.00,wallet,40.76,2026-08-20T13:53:00+05:30,captured,setl_00000101,
pay_260820003422,order_260820100,2618.00,card,52.36,2026-08-20T14:16:00+05:30,captured,setl_00000101,
pay_260820003423,order_260820100,3363.00,upi_apps,67.26,2026-08-20T13:02:00+05:30,captured,setl_00000101,
pay_260820003424,order_260820100,5216.00,card,104.32,2026-08-20T12:24:00+05:30,captured,setl_00000101,
pay_260820003425,order_260820100,2598.00,upi_apps,51.96,2026-08-20T16:19:00+05:30,captured,setl_00000101,
pay_260820003426,order_260820100,4418.00,netbanking,39.76,2026-08-20T15:54:00+05:30,captured,setl_00000101,
pay_260820003427,order_260820100,1759.00,netbanking,15.83,2026-08-20T19:38:00+05:30,captured,setl_00000101,
pay_260820003428,order_260820100,961.00,netbanking,8.64,2026-08-20T19:31:00+05:30,captured,setl_00000101,
pay_260820003429,order_260820100,4973.00,upi_apps,99.46,2026-08-20T17:32:00+05:30,captured,setl_00000101,
pay_260821003430,order_260821101,2302.00,wallet,46.04,2026-08-21T16:03:00+05:30,captured,setl_00000102,
pay_260821003431,order_260821101,579.00,netbanking,5.21,2026-08-21T20:59:00+05:30,captured,setl_00000102,
pay_260821003432,order_260821101,1577.00,upi_apps,31.54,2026-08-21T14:59:00+05:30,captured,setl_00000102,
pay_260821003433,order_260821101,1911.00,card,38.22,2026-08-21T19:29:00+05:30,captured,setl_00000102,
pay_260821003434,order_260821101,3160.00,card,63.20,2026-08-21T14:15:00+05:30,captured,setl_00000102,
pay_260821003435,order_260821101,553.00,wallet,11.06,2026-08-21T15:52:00+05:30,captured,setl_00000102,
pay_260821003436,order_260821101,3457.00,wallet,69.14,2026-08-21T17:29:00+05:30,captured,setl_00000102,
pay_260821003437,order_260821101,4570.00,upi_apps,91.40,2026-08-21T20:59:00+05:30,captured,setl_00000102,
pay_260821003438,order_260821101,3996.00,netbanking,35.96,2026-08-21T10:26:00+05:30,captured,setl_00000102,
pay_260821003439,order_260821101,4018.00,card,80.36,2026-08-21T08:01:00+05:30,captured,setl_00000102,
pay_260821003440,order_260821101,2182.00,netbanking,19.63,2026-08-21T21:53:00+05:30,captured,setl_00000102,
pay_260821003441,order_260821101,4371.00,netbanking,39.33,2026-08-21T11:21:00+05:30,captured,setl_00000102,
pay_260821003442,order_260821101,2817.00,upi_apps,56.34,2026-08-21T14:53:00+05:30,captured,setl_00000102,
pay_260821003443,order_260821101,1234.00,card,24.68,2026-08-21T13:42:00+05:30,captured,setl_00000102,
pay_260821003444,order_260821101,3098.00,wallet,61.96,2026-08-21T18:09:00+05:30,captured,setl_00000102,
pay_260821003445,order_260821101,4880.00,card,97.60,2026-08-21T22:22:00+05:30,captured,setl_00000102,
pay_260821003446,order_260821101,1141.00,netbanking,10.26,2026-08-21T22:17:00+05:30,captured,setl_00000102,
pay_260821003447,order_260821101,2444.00,upi_apps,48.88,2026-08-21T11:05:00+05:30,captured,setl_00000102,
pay_260821003448,order_260821101,4547.00,wallet,90.94,2026-08-21T20:41:00+05:30,captured,setl_00000102,
pay_260821003449,order_260821101,4387.00,wallet,87.74,2026-08-21T19:15:00+05:30,captured,setl_00000102,
pay_260821003450,order_260821101,4562.00,card,91.24,2026-08-21T18:08:00+05:30,captured,setl_00000102,
pay_260821003451,order_260821101,1705.00,upi_apps,34.10,2026-08-21T14:27:00+05:30,captured,setl_00000102,
pay_260821003452,order_260821101,4289.00,card,85.78,2026-08-21T15:53:00+05:30,captured,setl_00000102,
pay_260821003453,order_260821101,3154.00,card,63.08,2026-08-21T22:30:00+05:30,captured,setl_00000102,
pay_260821003454,order_260821101,3387.00,card,67.74,2026-08-21T20:36:00+05:30,captured,setl_00000102,
pay_260821003455,order_260821101,2729.00,upi_apps,54.58,2026-08-21T16:42:00+05:30,captured,setl_00000102,
pay_260821003456,order_260821101,1085.00,upi_apps,21.70,2026-08-21T11:33:00+05:30,captured,setl_00000102,
pay_260821003457,order_260821101,4737.00,netbanking,42.63,2026-08-21T21:22:00+05:30,captured,setl_00000102,
pay_260821003458,order_260821101,687.00,netbanking,6.18,2026-08-21T15:33:00+05:30,captured,setl_00000102,
pay_260821003459,order_260821101,2144.00,upi_apps,42.88,2026-08-21T21:09:00+05:30,captured,setl_00000102,
pay_260821003460,order_260821101,3444.00,netbanking,30.99,2026-08-21T16:32:00+05:30,captured,setl_00000102,
pay_260821003461,order_260821101,536.00,upi_apps,10.72,2026-08-21T20:06:00+05:30,captured,setl_00000102,
pay_260821003462,order_260821101,2749.00,card,54.98,2026-08-21T08:57:00+05:30,captured,setl_00000102,
pay_260821003463,order_260821101,3241.00,upi_apps,64.82,2026-08-21T14:26:00+05:30,captured,setl_00000102,
pay_260821003464,order_260821101,3240.00,upi_apps,64.80,2026-08-21T12:50:00+05:30,captured,setl_00000102,
pay_260821003465,order_260821101,4313.00,card,86.26,2026-08-21T14:16:00+05:30,captured,setl_00000102,
pay_260821003466,order_260821101,2391.00,upi_apps,47.82,2026-08-21T10:26:00+05:30,captured,setl_00000102,
pay_260821003467,order_260821101,3428.00,netbanking,30.85,2026-08-21T11:29:00+05:30,captured,setl_00000102,
pay_260821003468,order_260821101,3164.00,wallet,63.28,2026-08-21T20:41:00+05:30,captured,setl_00000102,
pay_260821003469,order_260821101,3374.00,upi_apps,67.48,2026-08-21T15:16:00+05:30,captured,setl_00000102,
pay_260821003470,order_260821101,5082.00,upi_apps,101.64,2026-08-21T15:41:00+05:30,captured,setl_00000102,
pay_260821003471,order_260821101,3131.00,upi_apps,62.62,2026-08-21T22:17:00+05:30,captured,setl_00000102,
pay_260821003472,order_260821101,2587.00,card,51.74,2026-08-21T19:35:00+05:30,captured,setl_00000102,
pay_260821003473,order_260821101,4140.00,netbanking,37.25,2026-08-21T13:48:00+05:30,captured,setl_00000102,
pay_260821003474,order_260821101,2198.00,upi_apps,43.96,2026-08-21T16:44:00+05:30,captured,setl_00000102,
pay_260821003475,order_260821101,1801.00,netbanking,16.20,2026-08-21T08:14:00+05:30,captured,setl_00000102,
pay_260821003476,order_260821101,2151.00,card,43.02,2026-08-21T18:36:00+05:30,captured,setl_00000102,
pay_260821003477,order_260821101,2617.00,wallet,52.34,2026-08-21T16:22:00+05:30,captured,setl_00000102,
pay_260821003478,order_260821101,3579.00,upi_apps,71.58,2026-08-21T21:42:00+05:30,captured,setl_00000102,
pay_260821003479,order_260821101,4851.00,card,97.02,2026-08-21T15:04:00+05:30,captured,setl_00000102,
pay_260821003480,order_260821101,797.00,netbanking,7.17,2026-08-21T20:41:00+05:30,captured,setl_00000102,
pay_260822003481,order_260822102,2986.00,upi_apps,59.72,2026-08-22T20:36:00+05:30,captured,setl_00000103,
pay_260822003482,order_260822102,3774.00,upi_apps,75.48,2026-08-22T16:45:00+05:30,captured,setl_00000103,
pay_260822003483,order_260822102,5248.00,card,104.96,2026-08-22T13:14:00+05:30,captured,setl_00000103,
pay_260822003484,order_260822102,4198.00,card,83.96,2026-08-22T15:19:00+05:30,captured,setl_00000103,
pay_260822003485,order_260822102,879.00,upi_apps,17.58,2026-08-22T15:06:00+05:30,captured,setl_00000103,
pay_260822003486,order_260822102,4480.00,upi_apps,89.60,2026-08-22T20:22:00+05:30,captured,setl_00000103,
pay_260822003487,order_260822102,4467.00,upi_apps,89.34,2026-08-22T21:13:00+05:30,captured,setl_00000103,
pay_260822003488,order_260822102,3372.00,netbanking,30.34,2026-08-22T19:18:00+05:30,captured,setl_00000103,
pay_260822003489,order_260822102,2374.00,upi_apps,47.48,2026-08-22T21:03:00+05:30,captured,setl_00000103,
pay_260822003490,order_260822102,1580.00,upi_apps,31.60,2026-08-22T21:10:00+05:30,captured,setl_00000103,
pay_260822003491,order_260822102,2069.00,wallet,41.38,2026-08-22T11:17:00+05:30,captured,setl_00000103,
pay_260822003492,order_260822102,2754.00,wallet,55.08,2026-08-22T21:39:00+05:30,captured,setl_00000103,
pay_260822003493,order_260822102,2665.00,upi_apps,53.30,2026-08-22T15:11:00+05:30,captured,setl_00000103,
pay_260823003494,order_260823103,1879.00,upi_apps,37.58,2026-08-23T11:48:00+05:30,captured,setl_00000104,
pay_260823003495,order_260823103,3461.00,upi_apps,69.22,2026-08-23T20:44:00+05:30,captured,setl_00000104,
pay_260823003496,order_260823103,3948.00,netbanking,35.53,2026-08-23T21:18:00+05:30,captured,setl_00000104,
pay_260823003497,order_260823103,654.00,upi_apps,13.08,2026-08-23T15:03:00+05:30,captured,setl_00000104,
pay_260823003498,order_260823103,4035.00,netbanking,36.31,2026-08-23T09:47:00+05:30,captured,setl_00000104,
pay_260823003499,order_260823103,2994.00,card,59.88,2026-08-23T15:18:00+05:30,captured,setl_00000104,
pay_260823003500,order_260823103,4617.00,netbanking,41.55,2026-08-23T08:07:00+05:30,captured,setl_00000104,
pay_260823003501,order_260823103,4950.00,upi_apps,99.00,2026-08-23T14:55:00+05:30,captured,setl_00000104,
pay_260823003502,order_260823103,4087.00,wallet,81.74,2026-08-23T11:00:00+05:30,captured,setl_00000104,
pay_260823003503,order_260823103,1180.00,netbanking,10.62,2026-08-23T19:25:00+05:30,captured,setl_00000104,
pay_260824003504,order_260824104,5257.00,netbanking,47.31,2026-08-24T12:59:00+05:30,captured,setl_00000105,
pay_260824003505,order_260824104,3310.00,card,66.20,2026-08-24T15:11:00+05:30,captured,setl_00000105,
pay_260824003506,order_260824104,3245.00,card,64.90,2026-08-24T08:35:00+05:30,captured,setl_00000105,
pay_260824003507,order_260824104,2214.00,card,44.28,2026-08-24T16:23:00+05:30,captured,setl_00000105,
pay_260824003508,order_260824104,621.00,upi_apps,12.42,2026-08-24T16:44:00+05:30,captured,setl_00000105,
pay_260824003509,order_260824104,1545.00,upi_apps,30.90,2026-08-24T16:08:00+05:30,captured,setl_00000105,
pay_260824003510,order_260824104,3639.00,card,72.78,2026-08-24T20:55:00+05:30,captured,setl_00000105,
pay_260824003511,order_260824104,2114.00,upi_apps,42.28,2026-08-24T19:31:00+05:30,captured,setl_00000105,
pay_260824003512,order_260824104,4145.00,upi_apps,82.90,2026-08-24T13:51:00+05:30,captured,setl_00000105,
pay_260824003513,order_260824104,1259.00,netbanking,11.33,2026-08-24T11:35:00+05:30,captured,setl_00000105,
pay_260824003514,order_260824104,454.00,card,9.08,2026-08-24T19:44:00+05:30,captured,setl_00000105,
pay_260824003515,order_260824104,2015.00,upi_apps,40.30,2026-08-24T13:49:00+05:30,captured,setl_00000105,
pay_260824003516,order_260824104,2639.00,upi_apps,52.78,2026-08-24T09:36:00+05:30,captured,setl_00000105,
pay_260824003517,order_260824104,5256.00,upi_apps,105.12,2026-08-24T19:10:00+05:30,captured,setl_00000105,
pay_260824003518,order_260824104,5178.00,upi_apps,103.56,2026-08-24T21:29:00+05:30,captured,setl_00000105,
pay_260824003519,order_260824104,4796.00,upi_apps,95.92,2026-08-24T11:18:00+05:30,captured,setl_00000105,
pay_260824003520,order_260824104,698.00,card,13.96,2026-08-24T16:02:00+05:30,captured,setl_00000105,
pay_260824003521,order_260824104,5369.00,card,107.38,2026-08-24T16:38:00+05:30,captured,setl_00000105,
pay_260824003522,order_260824104,1911.00,upi_apps,38.22,2026-08-24T11:24:00+05:30,captured,setl_00000105,
pay_260824003523,order_260824104,5060.00,upi_apps,101.20,2026-08-24T20:31:00+05:30,captured,setl_00000105,
pay_260824003524,order_260824104,3798.00,wallet,75.96,2026-08-24T19:59:00+05:30,captured,setl_00000105,
pay_260824003525,order_260824104,3921.00,card,78.42,2026-08-24T17:16:00+05:30,captured,setl_00000105,
pay_260824003526,order_260824104,4939.00,wallet,98.78,2026-08-24T20:57:00+05:30,captured,setl_00000105,
pay_260824003527,order_260824104,1712.00,upi_apps,34.24,2026-08-24T15:06:00+05:30,captured,setl_00000105,
pay_260824003528,order_260824104,5098.00,upi_apps,101.96,2026-08-24T22:41:00+05:30,captured,setl_00000105,
pay_260824003529,order_260824104,3111.00,upi_apps,62.22,2026-08-24T09:22:00+05:30,captured,setl_00000105,
pay_260824003530,order_260824104,3741.00,upi_apps,74.82,2026-08-24T10:40:00+05:30,captured,setl_00000105,
pay_260824003531,order_260824104,4039.00,upi_apps,80.78,2026-08-24T13:08:00+05:30,captured,setl_00000105,
pay_260824003532,order_260824104,3527.00,upi_apps,70.54,2026-08-24T13:25:00+05:30,captured,setl_00000105,
pay_260824003533,order_260824104,4710.00,wallet,94.20,2026-08-24T19:27:00+05:30,captured,setl_00000105,
pay_260824003534,order_260824104,3769.00,upi_apps,75.38,2026-08-24T13:11:00+05:30,captured,setl_00000105,
pay_260824003535,order_260824104,2457.00,upi_apps,49.14,2026-08-24T10:18:00+05:30,captured,setl_00000105,
pay_260824003536,order_260824104,2004.00,upi_apps,40.08,2026-08-24T08:06:00+05:30,captured,setl_00000105,
pay_260824003537,order_260824104,2589.00,upi_apps,51.78,2026-08-24T13:35:00+05:30,captured,setl_00000105,
pay_260824003538,order_260824104,2412.00,card,48.24,2026-08-24T21:43:00+05:30,captured,setl_00000105,
pay_260824003539,order_260824104,3846.00,upi_apps,76.92,2026-08-24T20:35:00+05:30,captured,setl_00000105,
pay_260824003540,order_260824104,3076.00,card,61.52,2026-08-24T18:19:00+05:30,captured,setl_00000105,
pay_260824003541,order_260824104,4197.00,card,83.94,2026-08-24T13:46:00+05:30,captured,setl_00000105,
pay_260824003542,order_260824104,1752.00,upi_apps,35.04,2026-08-24T08:14:00+05:30,captured,setl_00000105,
pay_260824003543,order_260824104,2536.00,card,50.72,2026-08-24T15:10:00+05:30,captured,setl_00000105,
pay_260824003544,order_260824104,5290.00,netbanking,47.61,2026-08-24T14:07:00+05:30,captured,setl_00000105,
pay_260824003545,order_260824104,2060.00,netbanking,18.53,2026-08-24T13:47:00+05:30,captured,setl_00000105,
pay_260824003546,order_260824104,2109.00,card,42.18,2026-08-24T11:51:00+05:30,captured,setl_00000105,
pay_260824003547,order_260824104,802.00,card,16.04,2026-08-24T21:09:00+05:30,captured,setl_00000105,
pay_260824003548,order_260824104,3803.00,netbanking,34.22,2026-08-24T18:08:00+05:30,captured,setl_00000105,
pay_260825003549,order_260825105,5043.00,netbanking,45.38,2026-08-25T11:20:00+05:30,captured,setl_00000106,
pay_260825003550,order_260825105,2572.00,upi_apps,51.44,2026-08-25T15:59:00+05:30,captured,setl_00000106,
pay_260825003551,order_260825105,2928.00,upi_apps,58.56,2026-08-25T19:39:00+05:30,captured,setl_00000106,
pay_260825003552,order_260825105,1105.00,wallet,22.10,2026-08-25T17:25:00+05:30,captured,setl_00000106,
pay_260825003553,order_260825105,2919.00,upi_apps,58.38,2026-08-25T18:27:00+05:30,captured,setl_00000106,
pay_260825003554,order_260825105,759.00,upi_apps,15.18,2026-08-25T09:50:00+05:30,captured,setl_00000106,
pay_260825003555,order_260825105,1185.00,card,23.70,2026-08-25T15:19:00+05:30,captured,setl_00000106,
pay_260825003556,order_260825105,3688.00,card,73.76,2026-08-25T09:17:00+05:30,captured,setl_00000106,
pay_260825003557,order_260825105,1417.00,netbanking,12.75,2026-08-25T10:31:00+05:30,captured,setl_00000106,
pay_260825003558,order_260825105,4219.00,card,84.38,2026-08-25T18:14:00+05:30,captured,setl_00000106,
pay_260825003559,order_260825105,1066.00,upi_apps,21.32,2026-08-25T22:39:00+05:30,captured,setl_00000106,
pay_260825003560,order_260825105,3642.00,upi_apps,72.84,2026-08-25T20:46:00+05:30,captured,setl_00000106,
pay_260825003561,order_260825105,3072.00,netbanking,27.64,2026-08-25T19:13:00+05:30,captured,setl_00000106,
pay_260825003562,order_260825105,1157.00,card,23.14,2026-08-25T09:49:00+05:30,captured,setl_00000106,
pay_260825003563,order_260825105,3457.00,upi_apps,69.14,2026-08-25T11:02:00+05:30,captured,setl_00000106,
pay_260825003564,order_260825105,1673.00,upi_apps,33.46,2026-08-25T19:02:00+05:30,captured,setl_00000106,
pay_260825003565,order_260825105,4320.00,upi_apps,86.40,2026-08-25T20:00:00+05:30,captured,setl_00000106,
pay_260825003566,order_260825105,5240.00,card,104.80,2026-08-25T15:09:00+05:30,captured,setl_00000106,
pay_260825003567,order_260825105,1797.00,upi_apps,35.94,2026-08-25T10:33:00+05:30,captured,setl_00000106,
pay_260825003568,order_260825105,825.00,upi_apps,16.50,2026-08-25T10:26:00+05:30,captured,setl_00000106,
pay_260825003569,order_260825105,3633.00,upi_apps,72.66,2026-08-25T08:07:00+05:30,captured,setl_00000106,
pay_260825003570,order_260825105,2275.00,card,45.50,2026-08-25T13:58:00+05:30,captured,setl_00000106,
pay_260825003571,order_260825105,4633.00,card,92.66,2026-08-25T11:31:00+05:30,captured,setl_00000106,
pay_260825003572,order_260825105,2481.00,netbanking,22.32,2026-08-25T22:31:00+05:30,captured,setl_00000106,
pay_260825003573,order_260825105,514.00,upi_apps,10.28,2026-08-25T15:07:00+05:30,captured,setl_00000106,
pay_260825003574,order_260825105,4824.00,card,96.48,2026-08-25T09:06:00+05:30,captured,setl_00000106,
pay_260825003575,order_260825105,2298.00,upi_apps,45.96,2026-08-25T19:40:00+05:30,captured,setl_00000106,
pay_260825003576,order_260825105,2625.00,upi_apps,52.50,2026-08-25T22:55:00+05:30,captured,setl_00000106,
pay_260825003577,order_260825105,4590.00,upi_apps,91.80,2026-08-25T13:52:00+05:30,captured,setl_00000106,
pay_260825003578,order_260825105,1524.00,upi_apps,30.48,2026-08-25T17:14:00+05:30,captured,setl_00000106,
pay_260825003579,order_260825105,5139.00,upi_apps,102.78,2026-08-25T20:14:00+05:30,captured,setl_00000106,
pay_260825003580,order_260825105,3292.00,card,65.84,2026-08-25T21:04:00+05:30,captured,setl_00000106,
pay_260825003581,order_260825105,4431.00,upi_apps,88.62,2026-08-25T10:47:00+05:30,captured,setl_00000106,
pay_260825003582,order_260825105,2538.00,card,50.76,2026-08-25T13:11:00+05:30,captured,setl_00000106,
pay_260825003583,order_260825105,3830.00,upi_apps,76.60,2026-08-25T21:34:00+05:30,captured,setl_00000106,
pay_260825003584,order_260825105,2282.00,wallet,45.64,2026-08-25T20:37:00+05:30,captured,setl_00000106,
pay_260825003585,order_260825105,4255.00,upi_apps,85.10,2026-08-25T13:49:00+05:30,captured,setl_00000106,
pay_260825003586,order_260825105,1274.00,upi_apps,25.48,2026-08-25T20:04:00+05:30,captured,setl_00000106,
pay_260825003587,order_260825105,4508.00,netbanking,40.57,2026-08-25T12:08:00+05:30,captured,setl_00000106,
pay_260825003588,order_260825105,1654.00,netbanking,14.88,2026-08-25T21:40:00+05:30,captured,setl_00000106,
pay_260825003589,order_260825105,5369.00,card,107.38,2026-08-25T15:15:00+05:30,captured,setl_00000106,
pay_260825003590,order_260825105,3089.00,card,61.78,2026-08-25T17:43:00+05:30,captured,setl_00000106,
pay_260825003591,order_260825105,4074.00,upi_apps,81.48,2026-08-25T15:01:00+05:30,captured,setl_00000106,
pay_260825003592,order_260825105,792.00,card,15.84,2026-08-25T18:14:00+05:30,captured,setl_00000106,
pay_260825003593,order_260825105,2603.00,upi_apps,52.06,2026-08-25T10:47:00+05:30,captured,setl_00000106,
pay_260825003594,order_260825105,2325.00,card,46.50,2026-08-25T08:02:00+05:30,captured,setl_00000106,
pay_260825003595,order_260825105,2019.00,upi_apps,40.38,2026-08-25T19:28:00+05:30,captured,setl_00000106,
pay_260825003596,order_260825105,5133.00,upi_apps,102.66,2026-08-25T08:00:00+05:30,captured,setl_00000106,
pay_260825003597,order_260825105,3621.00,upi_apps,72.42,2026-08-25T17:56:00+05:30,captured,setl_00000106,
pay_260825003598,order_260825105,1064.00,upi_apps,21.28,2026-08-25T21:40:00+05:30,captured,setl_00000106,
pay_260825003599,order_260825105,4596.00,upi_apps,91.92,2026-08-25T15:53:00+05:30,captured,setl_00000106,
pay_260826003600,order_260826106,2707.00,upi_apps,54.14,2026-08-26T15:37:00+05:30,captured,setl_00000107,
pay_260826003601,order_260826106,4873.00,card,97.46,2026-08-26T16:52:00+05:30,captured,setl_00000107,
pay_260826003602,order_260826106,4753.00,card,95.06,2026-08-26T09:46:00+05:30,captured,setl_00000107,
pay_260826003603,order_260826106,3895.00,upi_apps,77.90,2026-08-26T16:06:00+05:30,captured,setl_00000107,
pay_260826003604,order_260826106,492.00,upi_apps,9.84,2026-08-26T14:41:00+05:30,captured,setl_00000107,
pay_260826003605,order_260826106,2416.00,upi_apps,48.32,2026-08-26T08:07:00+05:30,captured,setl_00000107,
pay_260826003606,order_260826106,3194.00,card,63.88,2026-08-26T11:27:00+05:30,captured,setl_00000107,
pay_260826003607,order_260826106,1068.00,wallet,21.36,2026-08-26T16:56:00+05:30,captured,setl_00000107,
pay_260826003608,order_260826106,711.00,upi_apps,14.22,2026-08-26T18:07:00+05:30,captured,setl_00000107,
pay_260826003609,order_260826106,523.00,wallet,10.46,2026-08-26T14:23:00+05:30,captured,setl_00000107,
pay_260826003610,order_260826106,462.00,netbanking,4.15,2026-08-26T21:20:00+05:30,captured,setl_00000107,
pay_260826003611,order_260826106,3777.00,upi_apps,75.54,2026-08-26T10:32:00+05:30,captured,setl_00000107,
pay_260826003612,order_260826106,5033.00,upi_apps,100.66,2026-08-26T17:30:00+05:30,captured,setl_00000107,
pay_260826003613,order_260826106,2096.00,card,41.92,2026-08-26T22:01:00+05:30,captured,setl_00000107,
pay_260826003614,order_260826106,1244.00,netbanking,11.19,2026-08-26T21:15:00+05:30,captured,setl_00000107,
pay_260826003615,order_260826106,5004.00,wallet,100.08,2026-08-26T09:24:00+05:30,captured,setl_00000107,
pay_260826003616,order_260826106,2025.00,card,40.50,2026-08-26T09:28:00+05:30,captured,setl_00000107,
pay_260826003617,order_260826106,4838.00,netbanking,43.54,2026-08-26T22:43:00+05:30,captured,setl_00000107,
pay_260826003618,order_260826106,2821.00,card,56.42,2026-08-26T10:23:00+05:30,captured,setl_00000107,
pay_260826003619,order_260826106,507.00,upi_apps,10.14,2026-08-26T14:08:00+05:30,captured,setl_00000107,
pay_260826003620,order_260826106,852.00,card,17.04,2026-08-26T13:55:00+05:30,captured,setl_00000107,
pay_260826003621,order_260826106,2028.00,card,40.56,2026-08-26T18:28:00+05:30,captured,setl_00000107,
pay_260826003622,order_260826106,2239.00,upi_apps,44.78,2026-08-26T17:25:00+05:30,captured,setl_00000107,
pay_260826003623,order_260826106,990.00,upi_apps,19.80,2026-08-26T08:44:00+05:30,captured,setl_00000107,
pay_260826003624,order_260826106,1075.00,upi_apps,21.50,2026-08-26T10:58:00+05:30,captured,setl_00000107,
pay_260826003625,order_260826106,1312.00,wallet,26.24,2026-08-26T17:27:00+05:30,captured,setl_00000107,
pay_260826003626,order_260826106,3693.00,card,73.86,2026-08-26T22:02:00+05:30,captured,setl_00000107,
pay_260826003627,order_260826106,5358.00,wallet,107.16,2026-08-26T08:59:00+05:30,captured,setl_00000107,
pay_260826003628,order_260826106,4110.00,wallet,82.20,2026-08-26T10:48:00+05:30,captured,setl_00000107,
pay_260826003629,order_260826106,4894.00,card,97.88,2026-08-26T17:35:00+05:30,captured,setl_00000107,
pay_260826003630,order_260826106,2008.00,card,40.16,2026-08-26T21:37:00+05:30,captured,setl_00000107,
pay_260826003631,order_260826106,4906.00,card,98.12,2026-08-26T08:59:00+05:30,captured,setl_00000107,
pay_260826003632,order_260826106,2183.00,upi_apps,43.66,2026-08-26T10:53:00+05:30,captured,setl_00000107,
pay_260826003633,order_260826106,2829.00,upi_apps,56.58,2026-08-26T14:08:00+05:30,captured,setl_00000107,
pay_260826003634,order_260826106,2123.00,wallet,42.46,2026-08-26T18:07:00+05:30,captured,setl_00000107,
pay_260826003635,order_260826106,766.00,netbanking,6.89,2026-08-26T19:54:00+05:30,captured,setl_00000107,
pay_260826003636,order_260826106,511.00,upi_apps,10.22,2026-08-26T10:04:00+05:30,captured,setl_00000107,
pay_260826003637,order_260826106,1880.00,netbanking,16.91,2026-08-26T20:41:00+05:30,captured,setl_00000107,
pay_260826003638,order_260826106,3280.00,card,65.60,2026-08-26T09:25:00+05:30,captured,setl_00000107,
pay_260826003639,order_260826106,1372.00,upi_apps,27.44,2026-08-26T08:10:00+05:30,captured,setl_00000107,
pay_260826003640,order_260826106,3910.00,card,78.20,2026-08-26T18:43:00+05:30,captured,setl_00000107,
pay_260826003641,order_260826106,662.00,upi_apps,13.24,2026-08-26T10:50:00+05:30,captured,setl_00000107,
pay_260826003642,order_260826106,2581.00,card,51.62,2026-08-26T16:12:00+05:30,captured,setl_00000107,
pay_260826003643,order_260826106,4965.00,card,99.30,2026-08-26T20:16:00+05:30,captured,setl_00000107,
pay_260826003644,order_260826106,3247.00,upi_apps,64.94,2026-08-26T09:34:00+05:30,captured,setl_00000107,
pay_260826003645,order_260826106,4033.00,upi_apps,80.66,2026-08-26T12:37:00+05:30,captured,setl_00000107,
pay_260826003646,order_260826106,3416.00,card,68.32,2026-08-26T19:34:00+05:30,captured,setl_00000107,
pay_260826003647,order_260826106,2637.00,card,52.74,2026-08-26T19:22:00+05:30,captured,setl_00000107,
pay_260826003648,order_260826106,3488.00,wallet,69.76,2026-08-26T19:46:00+05:30,captured,setl_00000107,
pay_260826003649,order_260826106,5393.00,card,107.86,2026-08-26T10:07:00+05:30,captured,setl_00000107,
pay_260826003650,order_260826106,1254.00,card,25.08,2026-08-26T21:29:00+05:30,captured,setl_00000107,
pay_260827003651,order_260827107,997.00,upi_apps,19.94,2026-08-27T19:58:00+05:30,captured,setl_00000108,
pay_260827003652,order_260827107,4567.00,card,91.34,2026-08-27T19:59:00+05:30,captured,setl_00000108,
pay_260827003653,order_260827107,3242.00,wallet,64.84,2026-08-27T13:06:00+05:30,captured,setl_00000108,
pay_260827003654,order_260827107,3265.00,netbanking,29.38,2026-08-27T12:32:00+05:30,captured,setl_00000108,
pay_260827003655,order_260827107,4562.00,upi_apps,91.24,2026-08-27T15:59:00+05:30,captured,setl_00000108,
pay_260827003656,order_260827107,4012.00,upi_apps,80.24,2026-08-27T08:39:00+05:30,captured,setl_00000108,
pay_260827003657,order_260827107,1583.00,card,31.66,2026-08-27T17:27:00+05:30,captured,setl_00000108,
pay_260827003658,order_260827107,3484.00,card,69.68,2026-08-27T17:42:00+05:30,captured,setl_00000108,
pay_260827003659,order_260827107,3353.00,wallet,67.06,2026-08-27T15:00:00+05:30,captured,setl_00000108,
pay_260827003660,order_260827107,5181.00,card,103.62,2026-08-27T18:22:00+05:30,captured,setl_00000108,
pay_260827003661,order_260827107,1295.00,card,25.90,2026-08-27T15:22:00+05:30,captured,setl_00000108,
pay_260827003662,order_260827107,4812.00,card,96.24,2026-08-27T22:40:00+05:30,captured,setl_00000108,
pay_260827003663,order_260827107,5064.00,netbanking,45.57,2026-08-27T08:59:00+05:30,captured,setl_00000108,
pay_260827003664,order_260827107,2523.00,card,50.46,2026-08-27T12:08:00+05:30,captured,setl_00000108,
pay_260827003665,order_260827107,3194.00,upi_apps,63.88,2026-08-27T20:00:00+05:30,captured,setl_00000108,
pay_260827003666,order_260827107,3674.00,upi_apps,73.48,2026-08-27T20:13:00+05:30,captured,setl_00000108,
pay_260827003667,order_260827107,4764.00,wallet,95.28,2026-08-27T08:05:00+05:30,captured,setl_00000108,
pay_260827003668,order_260827107,2331.00,card,46.62,2026-08-27T11:34:00+05:30,captured,setl_00000108,
pay_260827003669,order_260827107,2069.00,wallet,41.38,2026-08-27T17:48:00+05:30,captured,setl_00000108,
pay_260827003670,order_260827107,1473.00,upi_apps,29.46,2026-08-27T13:04:00+05:30,captured,setl_00000108,
pay_260827003671,order_260827107,4699.00,upi_apps,93.98,2026-08-27T17:04:00+05:30,captured,setl_00000108,
pay_260827003672,order_260827107,864.00,wallet,17.28,2026-08-27T20:17:00+05:30,captured,setl_00000108,
pay_260827003673,order_260827107,3219.00,upi_apps,64.38,2026-08-27T16:17:00+05:30,captured,setl_00000108,
pay_260827003674,order_260827107,1846.00,upi_apps,36.92,2026-08-27T19:17:00+05:30,captured,setl_00000108,
pay_260827003675,order_260827107,961.00,upi_apps,19.22,2026-08-27T15:43:00+05:30,captured,setl_00000108,
pay_260827003676,order_260827107,2526.00,upi_apps,50.52,2026-08-27T14:17:00+05:30,captured,setl_00000108,
pay_260827003677,order_260827107,3370.00,wallet,67.40,2026-08-27T15:06:00+05:30,captured,setl_00000108,
pay_260827003678,order_260827107,5256.00,card,105.12,2026-08-27T19:58:00+05:30,captured,setl_00000108,
pay_260827003679,order_260827107,1280.00,upi_apps,25.60,2026-08-27T14:37:00+05:30,captured,setl_00000108,
pay_260827003680,order_260827107,3430.00,upi_apps,68.60,2026-08-27T09:10:00+05:30,captured,setl_00000108,
pay_260827003681,order_260827107,4082.00,card,81.64,2026-08-27T20:32:00+05:30,captured,setl_00000108,
pay_260827003682,order_260827107,5378.00,upi_apps,107.56,2026-08-27T16:45:00+05:30,captured,setl_00000108,
pay_260827003683,order_260827107,3768.00,upi_apps,75.36,2026-08-27T11:21:00+05:30,captured,setl_00000108,
pay_260827003684,order_260827107,891.00,upi_apps,17.82,2026-08-27T14:00:00+05:30,captured,setl_00000108,
pay_260828003685,order_260828108,3631.00,card,72.62,2026-08-28T14:40:00+05:30,captured,setl_00000109,
pay_260828003686,order_260828108,2854.00,card,57.08,2026-08-28T19:42:00+05:30,captured,setl_00000109,
pay_260828003687,order_260828108,4237.00,card,84.74,2026-08-28T15:10:00+05:30,captured,setl_00000109,
pay_260828003688,order_260828108,3509.00,wallet,70.18,2026-08-28T22:45:00+05:30,captured,setl_00000109,
pay_260828003689,order_260828108,1754.00,upi_apps,35.08,2026-08-28T09:10:00+05:30,captured,setl_00000109,
pay_260828003690,order_260828108,4234.00,card,84.68,2026-08-28T15:38:00+05:30,captured,setl_00000109,
pay_260828003691,order_260828108,2915.00,upi_apps,58.30,2026-08-28T18:15:00+05:30,captured,setl_00000109,
pay_260828003692,order_260828108,2903.00,card,58.06,2026-08-28T16:48:00+05:30,captured,setl_00000109,
pay_260828003693,order_260828108,5105.00,upi_apps,102.10,2026-08-28T11:59:00+05:30,captured,setl_00000109,
pay_260828003694,order_260828108,1091.00,netbanking,9.81,2026-08-28T08:57:00+05:30,captured,setl_00000109,
pay_260828003695,order_260828108,5253.00,card,105.06,2026-08-28T11:06:00+05:30,captured,setl_00000109,
pay_260828003696,order_260828108,2201.00,upi_apps,44.02,2026-08-28T20:45:00+05:30,captured,setl_00000109,
pay_260828003697,order_260828108,1369.00,wallet,27.38,2026-08-28T17:37:00+05:30,captured,setl_00000109,
pay_260828003698,order_260828108,2653.00,upi_apps,53.06,2026-08-28T08:35:00+05:30,captured,setl_00000109,
pay_260828003699,order_260828108,3088.00,card,61.76,2026-08-28T15:56:00+05:30,captured,setl_00000109,
pay_260828003700,order_260828108,2353.00,upi_apps,47.06,2026-08-28T17:16:00+05:30,captured,setl_00000109,
pay_260828003701,order_260828108,1527.00,upi_apps,30.54,2026-08-28T10:26:00+05:30,captured,setl_00000109,
pay_260828003702,order_260828108,3320.00,card,66.40,2026-08-28T10:28:00+05:30,captured,setl_00000109,
pay_260828003703,order_260828108,1725.00,card,34.50,2026-08-28T22:52:00+05:30,captured,setl_00000109,
pay_260828003704,order_260828108,2041.00,netbanking,18.36,2026-08-28T16:00:00+05:30,captured,setl_00000109,
pay_260828003705,order_260828108,3708.00,wallet,74.16,2026-08-28T16:06:00+05:30,captured,setl_00000109,
pay_260828003706,order_260828108,4837.00,card,96.74,2026-08-28T15:55:00+05:30,captured,setl_00000109,
pay_260828003707,order_260828108,4896.00,card,97.92,2026-08-28T22:59:00+05:30,captured,setl_00000109,
pay_260828003708,order_260828108,5134.00,wallet,102.68,2026-08-28T21:26:00+05:30,captured,setl_00000109,
pay_260828003709,order_260828108,3847.00,card,76.94,2026-08-28T15:58:00+05:30,captured,setl_00000109,
pay_260828003710,order_260828108,3611.00,upi_apps,72.22,2026-08-28T19:45:00+05:30,captured,setl_00000109,
pay_260828003711,order_260828108,4342.00,netbanking,39.07,2026-08-28T12:23:00+05:30,captured,setl_00000109,
pay_260828003712,order_260828108,3980.00,netbanking,35.81,2026-08-28T14:04:00+05:30,captured,setl_00000109,
pay_260828003713,order_260828108,3520.00,card,70.40,2026-08-28T20:40:00+05:30,captured,setl_00000109,
pay_260828003714,order_260828108,2998.00,netbanking,26.98,2026-08-28T21:33:00+05:30,captured,setl_00000109,
pay_260828003715,order_260828108,1282.00,card,25.64,2026-08-28T16:03:00+05:30,captured,setl_00000109,
pay_260828003716,order_260828108,3868.00,upi_apps,77.36,2026-08-28T19:37:00+05:30,captured,setl_00000109,
pay_260828003717,order_260828108,1389.00,upi_apps,27.78,2026-08-28T20:02:00+05:30,captured,setl_00000109,
pay_260828003718,order_260828108,2314.00,upi_apps,46.28,2026-08-28T16:00:00+05:30,captured,setl_00000109,
pay_260828003719,order_260828108,5344.00,wallet,106.88,2026-08-28T22:54:00+05:30,captured,setl_00000109,
pay_260828003720,order_260828108,1153.00,upi_apps,23.06,2026-08-28T14:03:00+05:30,captured,setl_00000109,
pay_260828003721,order_260828108,870.00,upi_apps,17.40,2026-08-28T10:02:00+05:30,captured,setl_00000109,
pay_260828003722,order_260828108,2889.00,card,57.78,2026-08-28T18:38:00+05:30,captured,setl_00000109,
pay_260828003723,order_260828108,2797.00,card,55.94,2026-08-28T12:45:00+05:30,captured,setl_00000109,
pay_260828003724,order_260828108,1766.00,upi_apps,35.32,2026-08-28T09:46:00+05:30,captured,setl_00000109,
pay_260828003725,order_260828108,1468.00,upi_apps,29.36,2026-08-28T17:55:00+05:30,captured,setl_00000109,
pay_260828003726,order_260828108,2607.00,wallet,52.14,2026-08-28T15:03:00+05:30,captured,setl_00000109,
pay_260828003727,order_260828108,3882.00,upi_apps,77.64,2026-08-28T17:52:00+05:30,captured,setl_00000109,
pay_260828003728,order_260828108,2495.00,card,49.90,2026-08-28T22:53:00+05:30,captured,setl_00000109,
pay_260828003729,order_260828108,4064.00,upi_apps,81.28,2026-08-28T14:58:00+05:30,captured,setl_00000109,
pay_260828003730,order_260828108,1611.00,card,32.22,2026-08-28T12:41:00+05:30,captured,setl_00000109,
pay_260828003731,order_260828108,3307.00,netbanking,29.76,2026-08-28T19:01:00+05:30,captured,setl_00000109,
pay_260828003732,order_260828108,2818.00,netbanking,25.36,2026-08-28T19:59:00+05:30,captured,setl_00000109,
pay_260828003733,order_260828108,1959.00,card,39.18,2026-08-28T09:44:00+05:30,captured,setl_00000109,
pay_260828003734,order_260828108,5350.00,card,107.00,2026-08-28T08:06:00+05:30,captured,setl_00000109,
pay_260828003735,order_260828108,3742.00,wallet,74.84,2026-08-28T16:11:00+05:30,captured,setl_00000109,
pay_260829003736,order_260829109,3838.00,upi_apps,76.76,2026-08-29T17:45:00+05:30,captured,setl_00000110,
pay_260829003737,order_260829109,4331.00,upi_apps,86.62,2026-08-29T14:09:00+05:30,captured,setl_00000110,
pay_260829003738,order_260829109,489.00,card,9.78,2026-08-29T12:40:00+05:30,captured,setl_00000110,
pay_260829003739,order_260829109,5173.00,card,103.46,2026-08-29T08:48:00+05:30,captured,setl_00000110,
pay_260829003740,order_260829109,3929.00,upi_apps,78.58,2026-08-29T21:33:00+05:30,captured,setl_00000110,
pay_260829003741,order_260829109,856.00,card,17.12,2026-08-29T08:01:00+05:30,captured,setl_00000110,
pay_260829003742,order_260829109,4226.00,upi_apps,84.52,2026-08-29T12:23:00+05:30,captured,setl_00000110,
pay_260829003743,order_260829109,1707.00,card,34.14,2026-08-29T13:36:00+05:30,captured,setl_00000110,
pay_260829003744,order_260829109,3627.00,card,72.54,2026-08-29T09:52:00+05:30,captured,setl_00000110,
pay_260829003745,order_260829109,5388.00,card,107.76,2026-08-29T16:30:00+05:30,captured,setl_00000110,
pay_260831003746,order_260831110,4409.00,upi_apps,88.18,2026-08-31T21:40:00+05:30,captured,setl_00000111,
pay_260831003747,order_260831110,3086.00,upi_apps,61.72,2026-08-31T16:09:00+05:30,captured,setl_00000111,
pay_260831003748,order_260831110,4963.00,card,99.26,2026-08-31T09:16:00+05:30,captured,setl_00000111,
pay_260831003749,order_260831110,2722.00,card,54.44,2026-08-31T09:08:00+05:30,captured,setl_00000111,
pay_260831003750,order_260831110,4914.00,card,98.28,2026-08-31T12:51:00+05:30,captured,setl_00000111,
pay_260831003751,order_260831110,4381.00,upi_apps,87.62,2026-08-31T21:11:00+05:30,captured,setl_00000111,
pay_260831003752,order_260831110,3154.00,card,63.08,2026-08-31T21:23:00+05:30,captured,setl_00000111,
pay_260831003753,order_260831110,2628.00,card,52.56,2026-08-31T14:00:00+05:30,captured,setl_00000111,
pay_260831003754,order_260831110,4057.00,card,81.14,2026-08-31T21:29:00+05:30,captured,setl_00000111,
pay_260831003755,order_260831110,4529.00,upi_apps,90.58,2026-08-31T19:37:00+05:30,captured,setl_00000111,
pay_260831003756,order_260831110,4924.00,card,98.48,2026-08-31T10:32:00+05:30,captured,setl_00000111,
pay_260831003757,order_260831110,1900.00,upi_apps,38.00,2026-08-31T18:59:00+05:30,captured,setl_00000111,
pay_260831003758,order_260831110,1190.00,card,23.80,2026-08-31T19:29:00+05:30,captured,setl_00000111,
pay_260831003759,order_260831110,2244.00,card,44.88,2026-08-31T14:26:00+05:30,captured,setl_00000111,
pay_260831003760,order_260831110,2679.00,card,53.58,2026-08-31T16:08:00+05:30,captured,setl_00000111,
pay_260831003761,order_260831110,5010.00,wallet,100.20,2026-08-31T12:02:00+05:30,captured,setl_00000111,
pay_260831003762,order_260831110,912.00,upi_apps,18.24,2026-08-31T10:49:00+05:30,captured,setl_00000111,
pay_260831003763,order_260831110,584.00,card,11.68,2026-08-31T15:29:00+05:30,captured,setl_00000111,
pay_260831003764,order_260831110,3337.00,upi_apps,66.74,2026-08-31T21:04:00+05:30,captured,setl_00000111,
pay_260831003765,order_260831110,2409.00,netbanking,21.68,2026-08-31T11:22:00+05:30,captured,setl_00000111,
pay_260831003766,order_260831110,5262.00,netbanking,47.35,2026-08-31T21:44:00+05:30,captured,setl_00000111,
pay_260831003767,order_260831110,2739.00,card,54.78,2026-08-31T08:48:00+05:30,captured,setl_00000111,
pay_260831003768,order_260831110,2711.00,card,54.22,2026-08-31T13:47:00+05:30,captured,setl_00000111,
pay_260831003769,order_260831110,4692.00,card,93.84,2026-08-31T13:14:00+05:30,captured,setl_00000111,
pay_260831003770,order_260831110,4715.00,card,94.30,2026-08-31T15:48:00+05:30,captured,setl_00000111,
pay_260831003771,order_260831110,2472.00,upi_apps,49.44,2026-08-31T09:50:00+05:30,captured,setl_00000111,
pay_260901003772,order_260901111,4846.00,card,96.92,2026-09-01T14:02:00+05:30,captured,setl_00000112,
pay_260901003773,order_260901111,1588.00,card,31.76,2026-09-01T09:34:00+05:30,captured,setl_00000112,
pay_260901003774,order_260901111,571.00,upi_apps,11.42,2026-09-01T09:42:00+05:30,captured,setl_00000112,
pay_260901003775,order_260901111,723.00,upi_apps,14.46,2026-09-01T09:12:00+05:30,captured,setl_00000112,
pay_260901003776,order_260901111,3211.00,card,64.22,2026-09-01T17:28:00+05:30,captured,setl_00000112,
pay_260901003777,order_260901111,1044.00,card,20.88,2026-09-01T13:11:00+05:30,captured,setl_00000112,
pay_260901003778,order_260901111,4942.00,netbanking,44.47,2026-09-01T08:30:00+05:30,captured,setl_00000112,
pay_260901003779,order_260901111,4273.00,upi_apps,85.46,2026-09-01T09:26:00+05:30,captured,setl_00000112,
pay_260901003780,order_260901111,2712.00,netbanking,24.40,2026-09-01T15:54:00+05:30,captured,setl_00000112,
pay_260901003781,order_260901111,1482.00,upi_apps,29.64,2026-09-01T10:35:00+05:30,captured,setl_00000112,
pay_260901003782,order_260901111,3851.00,upi_apps,77.02,2026-09-01T10:27:00+05:30,captured,setl_00000112,
pay_260901003783,order_260901111,1778.00,upi_apps,35.56,2026-09-01T09:12:00+05:30,captured,setl_00000112,
pay_260901003784,order_260901111,2003.00,upi_apps,40.06,2026-09-01T20:03:00+05:30,captured,setl_00000112,
pay_260901003785,order_260901111,1656.00,wallet,33.12,2026-09-01T10:49:00+05:30,captured,setl_00000112,
pay_260901003786,order_260901111,953.00,upi_apps,19.06,2026-09-01T16:57:00+05:30,captured,setl_00000112,
pay_260901003787,order_260901111,1232.00,card,24.64,2026-09-01T13:29:00+05:30,captured,setl_00000112,
pay_260901003788,order_260901111,1127.00,wallet,22.54,2026-09-01T13:43:00+05:30,captured,setl_00000112,
pay_260901003789,order_260901111,3157.00,card,63.14,2026-09-01T12:41:00+05:30,captured,setl_00000112,
pay_260901003790,order_260901111,3338.00,upi_apps,66.76,2026-09-01T16:47:00+05:30,captured,setl_00000112,
pay_260901003791,order_260901111,4939.00,upi_apps,98.78,2026-09-01T13:22:00+05:30,captured,setl_00000112,
pay_260901003792,order_260901111,5151.00,card,103.02,2026-09-01T16:53:00+05:30,captured,setl_00000112,
pay_260901003793,order_260901111,1832.00,upi_apps,36.64,2026-09-01T20:04:00+05:30,captured,setl_00000112,
pay_260901003794,order_260901111,2016.00,upi_apps,40.32,2026-09-01T11:13:00+05:30,captured,setl_00000112,
pay_260901003795,order_260901111,3369.00,netbanking,30.32,2026-09-01T16:49:00+05:30,captured,setl_00000112,
pay_260901003796,order_260901111,3932.00,upi_apps,78.64,2026-09-01T12:40:00+05:30,captured,setl_00000112,
pay_260901003797,order_260901111,1228.00,upi_apps,24.56,2026-09-01T18:15:00+05:30,captured,setl_00000112,
pay_260901003798,order_260901111,3274.00,wallet,65.48,2026-09-01T09:05:00+05:30,captured,setl_00000112,
pay_260901003799,order_260901111,802.00,netbanking,7.21,2026-09-01T13:39:00+05:30,captured,setl_00000112,
pay_260901003800,order_260901111,4006.00,netbanking,36.05,2026-09-01T14:20:00+05:30,captured,setl_00000112,
pay_260901003801,order_260901111,4136.00,upi_apps,82.72,2026-09-01T10:05:00+05:30,captured,setl_00000112,
pay_260901003802,order_260901111,1188.00,upi_apps,23.76,2026-09-01T17:42:00+05:30,captured,setl_00000112,
pay_260901003803,order_260901111,2508.00,upi_apps,50.16,2026-09-01T16:05:00+05:30,captured,setl_00000112,
pay_260901003804,order_260901111,2706.00,upi_apps,54.12,2026-09-01T17:04:00+05:30,captured,setl_00000112,
pay_260901003805,order_260901111,544.00,netbanking,4.89,2026-09-01T17:30:00+05:30,captured,setl_00000112,
pay_260901003806,order_260901111,3275.00,upi_apps,65.50,2026-09-01T14:33:00+05:30,captured,setl_00000112,
pay_260901003807,order_260901111,4123.00,card,82.46,2026-09-01T21:56:00+05:30,captured,setl_00000112,
pay_260901003808,order_260901111,485.00,card,9.70,2026-09-01T20:55:00+05:30,captured,setl_00000112,
pay_260901003809,order_260901111,1869.00,upi_apps,37.38,2026-09-01T13:02:00+05:30,captured,setl_00000112,
pay_260901003810,order_260901111,733.00,wallet,14.66,2026-09-01T17:52:00+05:30,captured,setl_00000112,
pay_260901003811,order_260901111,2436.00,card,48.72,2026-09-01T09:32:00+05:30,captured,setl_00000112,
pay_260901003812,order_260901111,5050.00,upi_apps,101.00,2026-09-01T15:44:00+05:30,captured,setl_00000112,
pay_260901003813,order_260901111,4812.00,card,96.24,2026-09-01T12:35:00+05:30,captured,setl_00000112,
pay_260901003814,order_260901111,1459.00,upi_apps,29.18,2026-09-01T18:33:00+05:30,captured,setl_00000112,
pay_260901003815,order_260901111,5248.00,upi_apps,104.96,2026-09-01T15:18:00+05:30,captured,setl_00000112,
pay_260901003816,order_260901111,626.00,card,12.52,2026-09-01T13:46:00+05:30,captured,setl_00000112,
pay_260902003817,order_260902112,3188.00,upi_apps,63.76,2026-09-02T22:25:00+05:30,captured,setl_00000113,
pay_260902003818,order_260902112,2478.00,upi_apps,49.56,2026-09-02T13:24:00+05:30,captured,setl_00000113,
pay_260902003819,order_260902112,2031.00,upi_apps,40.62,2026-09-02T21:12:00+05:30,captured,setl_00000113,
pay_260902003820,order_260902112,1744.00,upi_apps,34.88,2026-09-02T18:45:00+05:30,captured,setl_00000113,
pay_260902003821,order_260902112,4610.00,upi_apps,92.20,2026-09-02T10:16:00+05:30,captured,setl_00000113,
pay_260902003822,order_260902112,703.00,upi_apps,14.06,2026-09-02T19:20:00+05:30,captured,setl_00000113,
pay_260902003823,order_260902112,5285.00,netbanking,47.56,2026-09-02T12:30:00+05:30,captured,setl_00000113,
pay_260902003824,order_260902112,1469.00,upi_apps,29.38,2026-09-02T22:54:00+05:30,captured,setl_00000113,
pay_260902003825,order_260902112,1906.00,upi_apps,38.12,2026-09-02T17:22:00+05:30,captured,setl_00000113,
pay_260902003826,order_260902112,1772.00,upi_apps,35.44,2026-09-02T08:23:00+05:30,captured,setl_00000113,
pay_260902003827,order_260902112,1818.00,upi_apps,36.36,2026-09-02T10:29:00+05:30,captured,setl_00000113,
pay_260902003828,order_260902112,4385.00,upi_apps,87.70,2026-09-02T08:12:00+05:30,captured,setl_00000113,
pay_260902003829,order_260902112,4798.00,netbanking,43.18,2026-09-02T20:53:00+05:30,captured,setl_00000113,
pay_260902003830,order_260902112,4057.00,netbanking,36.51,2026-09-02T13:16:00+05:30,captured,setl_00000113,
pay_260902003831,order_260902112,3158.00,card,63.16,2026-09-02T14:34:00+05:30,captured,setl_00000113,
pay_260902003832,order_260902112,3052.00,upi_apps,61.04,2026-09-02T13:56:00+05:30,captured,setl_00000113,
pay_260902003833,order_260902112,4532.00,upi_apps,90.64,2026-09-02T15:05:00+05:30,captured,setl_00000113,
pay_260902003834,order_260902112,4452.00,upi_apps,89.04,2026-09-02T19:10:00+05:30,captured,setl_00000113,
pay_260902003835,order_260902112,4803.00,upi_apps,96.06,2026-09-02T09:15:00+05:30,captured,setl_00000113,
pay_260902003836,order_260902112,1440.00,upi_apps,28.80,2026-09-02T13:32:00+05:30,captured,setl_00000113,
pay_260902003837,order_260902112,953.00,upi_apps,19.06,2026-09-02T21:07:00+05:30,captured,setl_00000113,
pay_260902003838,order_260902112,2045.00,wallet,40.90,2026-09-02T15:21:00+05:30,captured,setl_00000113,
pay_260902003839,order_260902112,2286.00,netbanking,20.57,2026-09-02T18:11:00+05:30,captured,setl_00000113,
pay_260902003840,order_260902112,2077.00,upi_apps,41.54,2026-09-02T12:59:00+05:30,captured,setl_00000113,
pay_260902003841,order_260902112,1485.00,netbanking,13.36,2026-09-02T11:56:00+05:30,captured,setl_00000113,
pay_260902003842,order_260902112,3447.00,card,68.94,2026-09-02T17:06:00+05:30,captured,setl_00000113,
pay_260902003843,order_260902112,2016.00,wallet,40.32,2026-09-02T10:20:00+05:30,captured,setl_00000113,
pay_260902003844,order_260902112,2051.00,card,41.02,2026-09-02T22:16:00+05:30,captured,setl_00000113,
pay_260902003845,order_260902112,3687.00,card,73.74,2026-09-02T22:57:00+05:30,captured,setl_00000113,
pay_260902003846,order_260902112,5013.00,upi_apps,100.26,2026-09-02T15:32:00+05:30,captured,setl_00000113,
pay_260902003847,order_260902112,2775.00,upi_apps,55.50,2026-09-02T10:45:00+05:30,captured,setl_00000113,
pay_260902003848,order_260902112,4288.00,card,85.76,2026-09-02T17:16:00+05:30,captured,setl_00000113,
pay_260902003849,order_260902112,1817.00,upi_apps,36.34,2026-09-02T14:55:00+05:30,captured,setl_00000113,
pay_260902003850,order_260902112,804.00,upi_apps,16.08,2026-09-02T19:03:00+05:30,captured,setl_00000113,
pay_260902003851,order_260902112,2305.00,netbanking,20.74,2026-09-02T08:04:00+05:30,captured,setl_00000113,
pay_260903003852,order_260903113,1193.00,netbanking,10.73,2026-09-03T10:47:00+05:30,captured,setl_00000114,
pay_260903003853,order_260903113,3765.00,netbanking,33.88,2026-09-03T18:04:00+05:30,captured,setl_00000114,
pay_260903003854,order_260903113,5084.00,wallet,101.68,2026-09-03T21:59:00+05:30,captured,setl_00000114,
pay_260903003855,order_260903113,3345.00,card,66.90,2026-09-03T13:25:00+05:30,captured,setl_00000114,
pay_260903003856,order_260903113,1610.00,card,32.20,2026-09-03T19:58:00+05:30,captured,setl_00000114,
pay_260903003857,order_260903113,3151.00,card,63.02,2026-09-03T18:41:00+05:30,captured,setl_00000114,
pay_260903003858,order_260903113,1437.00,wallet,28.74,2026-09-03T09:59:00+05:30,captured,setl_00000114,
pay_260903003859,order_260903113,2447.00,wallet,48.94,2026-09-03T17:54:00+05:30,captured,setl_00000114,
pay_260903003860,order_260903113,2192.00,card,43.84,2026-09-03T19:16:00+05:30,captured,setl_00000114,
pay_260903003861,order_260903113,4678.00,netbanking,42.10,2026-09-03T11:37:00+05:30,captured,setl_00000114,
pay_260903003862,order_260903113,1319.00,card,26.38,2026-09-03T16:24:00+05:30,captured,setl_00000114,
pay_260903003863,order_260903113,4299.00,card,85.98,2026-09-03T15:19:00+05:30,captured,setl_00000114,
pay_260903003864,order_260903113,4478.00,upi_apps,89.56,2026-09-03T17:40:00+05:30,captured,setl_00000114,
pay_260903003865,order_260903113,3783.00,wallet,75.66,2026-09-03T08:20:00+05:30,captured,setl_00000114,
pay_260903003866,order_260903113,4958.00,upi_apps,99.16,2026-09-03T16:15:00+05:30,captured,setl_00000114,
pay_260903003867,order_260903113,5089.00,card,101.78,2026-09-03T17:39:00+05:30,captured,setl_00000114,
pay_260903003868,order_260903113,2190.00,card,43.80,2026-09-03T19:37:00+05:30,captured,setl_00000114,
pay_260903003869,order_260903113,3873.00,upi_apps,77.46,2026-09-03T15:26:00+05:30,captured,setl_00000114,
pay_260903003870,order_260903113,4650.00,wallet,93.00,2026-09-03T20:11:00+05:30,captured,setl_00000114,
pay_260903003871,order_260903113,2001.00,upi_apps,40.02,2026-09-03T15:42:00+05:30,captured,setl_00000114,
pay_260903003872,order_260903113,2917.00,upi_apps,58.34,2026-09-03T11:50:00+05:30,captured,setl_00000114,
pay_260903003873,order_260903113,2714.00,upi_apps,54.28,2026-09-03T08:03:00+05:30,captured,setl_00000114,
pay_260903003874,order_260903113,2017.00,upi_apps,40.34,2026-09-03T21:40:00+05:30,captured,setl_00000114,
pay_260903003875,order_260903113,2885.00,wallet,57.70,2026-09-03T11:54:00+05:30,captured,setl_00000114,
pay_260903003876,order_260903113,4452.00,card,89.04,2026-09-03T15:46:00+05:30,captured,setl_00000114,
pay_260903003877,order_260903113,2693.00,netbanking,24.23,2026-09-03T17:47:00+05:30,captured,setl_00000114,
pay_260903003878,order_260903113,4786.00,card,95.72,2026-09-03T13:45:00+05:30,captured,setl_00000114,
pay_260903003879,order_260903113,2383.00,upi_apps,47.66,2026-09-03T19:57:00+05:30,captured,setl_00000114,
pay_260903003880,order_260903113,1598.00,upi_apps,31.96,2026-09-03T10:55:00+05:30,captured,setl_00000114,
pay_260903003881,order_260903113,1180.00,card,23.60,2026-09-03T20:46:00+05:30,captured,setl_00000114,
pay_260903003882,order_260903113,3663.00,upi_apps,73.26,2026-09-03T09:58:00+05:30,captured,setl_00000114,
pay_260903003883,order_260903113,3749.00,upi_apps,74.98,2026-09-03T16:35:00+05:30,captured,setl_00000114,
pay_260903003884,order_260903113,5395.00,card,107.90,2026-09-03T18:49:00+05:30,captured,setl_00000114,
pay_260903003885,order_260903113,2426.00,upi_apps,48.52,2026-09-03T11:10:00+05:30,captured,setl_00000114,
pay_260903003886,order_260903113,4807.00,upi_apps,96.14,2026-09-03T14:44:00+05:30,captured,setl_00000114,
pay_260903003887,order_260903113,2523.00,wallet,50.46,2026-09-03T10:22:00+05:30,captured,setl_00000114,
pay_260903003888,order_260903113,775.00,netbanking,6.97,2026-09-03T18:27:00+05:30,captured,setl_00000114,
pay_260904003889,order_260904114,4942.00,netbanking,44.47,2026-09-04T09:17:00+05:30,captured,setl_00000115,
pay_260904003890,order_260904114,3592.00,upi_apps,71.84,2026-09-04T19:19:00+05:30,captured,setl_00000115,
pay_260904003891,order_260904114,3935.00,card,78.70,2026-09-04T08:32:00+05:30,captured,setl_00000115,
pay_260904003892,order_260904114,959.00,card,19.18,2026-09-04T17:30:00+05:30,captured,setl_00000115,
pay_260904003893,order_260904114,5260.00,card,105.20,2026-09-04T17:18:00+05:30,captured,setl_00000115,
pay_260904003894,order_260904114,3716.00,wallet,74.32,2026-09-04T11:28:00+05:30,captured,setl_00000115,
pay_260904003895,order_260904114,4237.00,card,84.74,2026-09-04T21:25:00+05:30,captured,setl_00000115,
pay_260904003896,order_260904114,3694.00,wallet,73.88,2026-09-04T09:21:00+05:30,captured,setl_00000115,
pay_260904003897,order_260904114,4630.00,netbanking,41.67,2026-09-04T21:56:00+05:30,captured,setl_00000115,
pay_260904003898,order_260904114,3468.00,card,69.36,2026-09-04T18:21:00+05:30,captured,setl_00000115,
pay_260904003899,order_260904114,3242.00,wallet,64.84,2026-09-04T09:00:00+05:30,captured,setl_00000115,
pay_260904003900,order_260904114,3029.00,netbanking,27.26,2026-09-04T19:00:00+05:30,captured,setl_00000115,
pay_260904003901,order_260904114,816.00,netbanking,7.34,2026-09-04T18:33:00+05:30,captured,setl_00000115,
pay_260904003902,order_260904114,4958.00,wallet,99.16,2026-09-04T19:31:00+05:30,captured,setl_00000115,
pay_260904003903,order_260904114,4871.00,card,97.42,2026-09-04T17:57:00+05:30,captured,setl_00000115,
pay_260904003904,order_260904114,3496.00,upi_apps,69.92,2026-09-04T15:52:00+05:30,captured,setl_00000115,
pay_260904003905,order_260904114,1040.00,netbanking,9.35,2026-09-04T08:09:00+05:30,captured,setl_00000115,
pay_260904003906,order_260904114,4167.00,card,83.34,2026-09-04T09:34:00+05:30,captured,setl_00000115,
pay_260904003907,order_260904114,3663.00,upi_apps,73.26,2026-09-04T17:16:00+05:30,captured,setl_00000115,
pay_260904003908,order_260904114,1049.00,netbanking,9.44,2026-09-04T20:48:00+05:30,captured,setl_00000115,
pay_260904003909,order_260904114,2815.00,upi_apps,56.30,2026-09-04T10:16:00+05:30,captured,setl_00000115,
pay_260904003910,order_260904114,3839.00,card,76.78,2026-09-04T09:44:00+05:30,captured,setl_00000115,
pay_260904003911,order_260904114,4665.00,wallet,93.30,2026-09-04T13:52:00+05:30,captured,setl_00000115,
pay_260904003912,order_260904114,2391.00,netbanking,21.51,2026-09-04T19:49:00+05:30,captured,setl_00000115,
pay_260904003913,order_260904114,4501.00,netbanking,40.50,2026-09-04T09:03:00+05:30,captured,setl_00000115,
pay_260904003914,order_260904114,3789.00,card,75.78,2026-09-04T14:27:00+05:30,captured,setl_00000115,
pay_260904003915,order_260904114,4002.00,wallet,80.04,2026-09-04T10:33:00+05:30,captured,setl_00000115,
pay_260904003916,order_260904114,2951.00,wallet,59.02,2026-09-04T18:18:00+05:30,captured,setl_00000115,
pay_260904003917,order_260904114,3646.00,upi_apps,72.92,2026-09-04T09:06:00+05:30,captured,setl_00000115,
pay_260904003918,order_260904114,5258.00,card,105.16,2026-09-04T11:53:00+05:30,captured,setl_00000115,
pay_260904003919,order_260904114,926.00,wallet,18.52,2026-09-04T11:20:00+05:30,captured,setl_00000115,
pay_260904003920,order_260904114,3308.00,upi_apps,66.16,2026-09-04T10:18:00+05:30,captured,setl_00000115,
pay_260904003921,order_260904114,3331.00,wallet,66.62,2026-09-04T14:51:00+05:30,captured,setl_00000115,
pay_260904003922,order_260904114,2468.00,upi_apps,49.36,2026-09-04T17:33:00+05:30,captured,setl_00000115,
pay_260904003923,order_260904114,3347.00,card,66.94,2026-09-04T12:03:00+05:30,captured,setl_00000115,
pay_260904003924,order_260904114,1132.00,card,22.64,2026-09-04T22:41:00+05:30,captured,setl_00000115,
pay_260904003925,order_260904114,2296.00,netbanking,20.66,2026-09-04T15:05:00+05:30,captured,setl_00000115,
pay_260904003926,order_260904114,1615.00,upi_apps,32.30,2026-09-04T19:10:00+05:30,captured,setl_00000115,
pay_260904003927,order_260904114,4680.00,card,93.60,2026-09-04T09:26:00+05:30,captured,setl_00000115,
pay_260904003928,order_260904114,1112.00,upi_apps,22.24,2026-09-04T12:54:00+05:30,captured,setl_00000115,
pay_260904003929,order_260904114,4503.00,upi_apps,90.06,2026-09-04T20:19:00+05:30,captured,setl_00000115,
pay_260904003930,order_260904114,2117.00,card,42.34,2026-09-04T22:49:00+05:30,captured,setl_00000115,
pay_260904003931,order_260904114,4234.00,upi_apps,84.68,2026-09-04T20:37:00+05:30,captured,setl_00000115,
pay_260904003932,order_260904114,4639.00,card,92.78,2026-09-04T13:57:00+05:30,captured,setl_00000115,
pay_260904003933,order_260904114,5359.00,card,107.18,2026-09-04T11:04:00+05:30,captured,setl_00000115,
