line_id,doc_ids,truth_kind,txn_date,amount_paise,narration
BL-000001,AP-SALARY-202605-0,matchable,2026-05-01,-345000000,NEFT DR KKBK0000812 900000035268 FROM ACME INDUSTRIES PAYROLL LTD material supply INR 3450
BL-000002,AP-EMI-202605-0,matchable,2026-05-04,-125000000,EMI-202605 NEFT DR ICIC0000429 900000035369 FROM STATE BANK EQUIP LOAN  part payment INR 1
BL-000003,AP-RENT-202605-0,matchable,2026-05-06,-78000000,NEFT DR HDFC0001234 900000035284 FROM SKYLINE ESTATES PVT LTD  against inv INR 780000.00
BL-000004,SETL-setl_00000002,gateway_settlement,2026-05-11,6141185,RAZORPAY PAYMENTS GATEWAY SETTLEMENT setl_00000002 UTR 900000000095
BL-000005,SETL-setl_00000001,gateway_settlement,2026-05-11,9558355,RAZORPAY PAYMENTS GATEWAY SETTLEMENT setl_00000001 UTR 900000000019
BL-000006,SETL-setl_00000003,gateway_settlement,2026-05-12,2139220,RAZORPAY PAYMENTS GATEWAY SETTLEMENT setl_00000003 UTR 900000000177
BL-000007,SETL-setl_00000004,gateway_settlement,2026-05-13,7299393,RAZORPAY PAYMENTS GATEWAY SETTLEMENT setl_00000004 UTR 900000000226
BL-000008,SETL-setl_00000005,gateway_settlement,2026-05-14,8912388,RAZORPAY PAYMENTS GATEWAY SETTLEMENT setl_00000005 UTR 900000000252
BL-000009,SETL-setl_00000006,gateway_settlement,2026-05-15,9620148,RAZORPAY PAYMENTS GATEWAY SETTLEMENT setl_00000006 UTR 900000000303
BL-000010,SETL-setl_00000007,gateway_settlement,2026-05-16,11056848,RAZORPAY PAYMENTS GATEWAY SETTLEMENT setl_00000007 UTR 900000000338
BL-000011,SETL-setl_00000008,gateway_settlement,2026-05-18,10130701,RAZORPAY PAYMENTS GATEWAY SETTLEMENT setl_00000008 UTR 900000000359
BL-000012,SETL-setl_00000009,gateway_settlement,2026-05-18,11257668,RAZORPAY PAYMENTS GATEWAY SETTLEMENT setl_00000009 UTR 900000000396
BL-000013,AP-RT-2026-000060,matchable,2026-05-19,-7048200,NEFT DR ICIC0000429 900000008552 FROM RAMAN DEEP POLYMERS COMPANY amc renewal INR 70482.00
BL-000014,SETL-setl_00000010,gateway_settlement,2026-05-20,15522034,RAZORPAY PAYMENTS GATEWAY SETTLEMENT setl_00000010 UTR 900000000462
BL-000015,AR-INV-2026-000017,matchable,2026-05-20,22116900,UPI/HDFC0001234/493826689259/hirahar@okaxis/HIRANYAKA HARDWARE PVT LTD/INV-2026-000017
BL-000016,AR-INV-2026-000012,matchable,2026-05-20,42857500,UPI/HDFC0001234/877600251265/INV-2026-000012/zeniele@okaxis/ZENITH ONE ELECTRI
BL-000017,AP-RT-2026-000053,matchable,2026-05-21,-35906600,NEFT DR SBIN0000921 900000008157 FROM KARMAN CONVEYANCES PVT LTD full and final INR 359066
BL-000018,SETL-setl_00000011,gateway_settlement,2026-05-21,16381754,RAZORPAY PAYMENTS GATEWAY SETTLEMENT setl_00000011 UTR 900000000480
BL-000019,AP-RT-2026-000072,matchable,2026-05-22,-44670800,NEFT DR UTIB0002233 900000009129 FROM KARMAN CONVEYANCES LTD invoice settlement INR 446708
BL-000020,SETL-setl_00000012,gateway_settlement,2026-05-22,10292821,RAZORPAY PAYMENTS GATEWAY SETTLEMENT setl_00000012 UTR 900000000482
BL-000021,SETL-setl_00000013,gateway_settlement,2026-05-23,9338318,RAZORPAY PAYMENTS GATEWAY SETTLEMENT setl_00000013 UTR 900000000562
BL-000022,AR-INV-2026-000048,matchable,2026-05-23,15906800,NEFT CR HDFC0001234 900000008039 FROM SHREE BALA freight charges INR 159068.00
BL-000023,SETL-setl_00000015,gateway_settlement,2026-05-25,2366060,RAZORPAY PAYMENTS GATEWAY SETTLEMENT setl_00000015 UTR 900000000739
BL-000024,SETL-setl_00000014,gateway_settlement,2026-05-25,12736793,RAZORPAY PAYMENTS GATEWAY SETTLEMENT setl_00000014 UTR 900000000647
BL-000025,AP-VB-2026-000079,matchable,2026-05-26,-43270800,VB-2026-000079 NEFT DR HDFC0001234 900000009446 FROM RAMAN DEEP POLYMERS COMPANY freight c
BL-000026,SETL-setl_00000016,gateway_settlement,2026-05-26,1216363,RAZORPAY PAYMENTS GATEWAY SETTLEMENT setl_00000016 UTR 900000000829
BL-000027,AR-INV-2026-000066,matchable,2026-05-26,27436600,UPI/HDFC0001234/169457093792/hirahar@paytm/HIRANYAKA HARDW
BL-000028,,expected_unmatched_duplicate,2026-05-26,27436600,UPI/HDFC0001234/169457093792/hirahar@paytm/HIRANYAKA HARDW
BL-000029,SETL-setl_00000017,gateway_settlement,2026-05-27,11316879,RAZORPAY PAYMENTS GATEWAY SETTLEMENT setl_00000017 UTR 900000000894
BL-000030,AR-INV-2026-000019,matchable,2026-05-27,40857000,NEFT CR ICIC0000429 900000006413 FROM SAPTAGIRI WATER TREATMENT PRIVATE LIMITED material s
BL-000031,AP-VB-2026-000078,matchable,2026-05-28,-50009100,NEFT DR KKBK0000812 900000009362 FROM RAMAN DEEP POLYMERS LTD amc renewal INR 500091.00
BL-000032,SETL-setl_00000018,gateway_settlement,2026-05-28,13358964,RAZORPAY PAYMENTS GATEWAY SETTLEMENT setl_00000018 UTR 900000000922
BL-000033,AR-INV-2026-000006,matchable,2026-05-28,72952800,INV-2026-000006 NEFT CR SBIN0000921 900000005822 FROM SAPTWAT TRE security deposit INR 729
BL-000034,SETL-setl_00000019,gateway_settlement,2026-05-29,10102823,RAZORPAY PAYMENTS GATEWAY SETTLEMENT setl_00000019 UTR 900000000970
BL-000035,AR-INV-2026-000002,matchable,2026-05-29,127383400,UPI/HDFC0001234/723045278849/ramacon@okaxis/RAMACON CENVEYANCES /INV-2026-000002
BL-000036,SETL-setl_00000020,gateway_settlement,2026-05-30,10181951,RAZORPAY PAYMENTS GATEWAY SETTLEMENT setl_00000020 UTR 900000001007
BL-000037,AP-RT-2026-000028,matchable,2026-06-01,-40166700,CHQ CLG SAPTAGIRI MACHINE PARTS PRIVATE LIMITED RT-2026-000028
BL-000038,AP-RT-2026-000071,matchable,2026-06-01,-18443700,RT-2026-000071 NEFT DR KKBK0000812 900000009037 FROM NALANDA RECYCLERS LTD security deposi
BL-000039,SETL-setl_00000022,gateway_settlement,2026-06-01,1059152,RAZORPAY PAYMENTS GATEWAY SETTLEMENT setl_00000022 UTR 900000001043
BL-000040,AR-INV-2026-000057,matchable,2026-06-01,9458300,UPI/HDFC0001234/637951026359/hirahar@okaxis/HIRANYAKA HAR
BL-000041,AR-INV-2026-000061,matchable,2026-06-01,12444800,UPI/HDFC0001234/413518674874/hirahar@paytm/HIRANYAKA HARDWARE PUN
BL-000042,,expected_unmatched_duplicate,2026-06-01,12444800,UPI/HDFC0001234/413518674874/hirahar@paytm/HIRANYAKA HARDWARE PUN
BL-000043,SETL-setl_00000021,gateway_settlement,2026-06-01,13001363,RAZORPAY PAYMENTS GATEWAY SETTLEMENT setl_00000021 UTR 900000001032
BL-000044,AR-INV-2026-000001,matchable_amount_mismatch,2026-06-01,13502100,INV-2026-000001 NEFT CR HDFC0001234 900000005568 FROM TANSH MACHINE PARTS PVS LTD material
BL-000045,AR-INV-2026-000046,matchable,2026-06-01,21492700,UPI/HDFC0001234/490526092003/hirahar@okaxis/HIRANYAKA HARD/INV-2026-000046
BL-000046,AR-INV-2026-000030,matchable,2026-06-01,26261500,NEFT CR HDFC0001234 900000007082 FROM TRIVWAR WAR against inv INR 262615.00 INV-2026-00003
BL-000047,,expected_unmatched_duplicate,2026-06-01,26261500,NEFT CR HDFC0001234 900000007082 FROM TRIVWAR WAR against inv INR 262615.00 INV-2026-00003
BL-000048,AR-INV-2026-000042,matchable,2026-06-01,197862500,RTGS HDFC0001234 900000007905 VAISHNAVI TEXTILES INR 1978625.00 material supply
BL-000049,AP-SALARY-202606-0,matchable,2026-06-02,-345000000,SALARY-202606 NEFT DR ICIC0000429 900000035390 FROM ACME INDUSTRIE freight charges INR 345
BL-000050,SETL-setl_00000023,gateway_settlement,2026-06-02,5369066,RAZORPAY PAYMENTS GATEWAY SETTLEMENT setl_00000023 UTR 900000001101
BL-000051,AP-EMI-202606-0,matchable,2026-06-03,-125000000,EMI-202606 NEFT DR ICIC0000429 900000035516 FROM STATE BANK EQFIP LOAN  milestone 2 INR 12
BL-000052,SETL-setl_00000024,gateway_settlement,2026-06-03,10994408,RAZORPAY PAYMENTS GATEWAY SETTLEMENT setl_00000024 UTR 900000001144
BL-000053,AR-INV-2026-000081,matchable,2026-06-03,52006300,NEFT CR ICIC0000429 900000009557 FROM INDUSLOOMBROOFING PRODUCTS NAG milestone 2 INR 52006
BL-000054,AR-INV-2026-000022,matchable_amount_mismatch,2026-06-03,95716400,NEFT CR HDFC0001234 900000006521 FROM EVERSTONE LOGISTICS RAJ amc renewal INR 957164.00 IN
BL-000055,AR-INV-2026-000014,matchable,2026-06-03,139534600,INV-2026-000014 NEFT CR HDFC0001234 900000006219 FROM EVERLOG LOGI freight charges INR 139
BL-000056,AP-VB-2026-000023,matchable,2026-06-04,-21642600,NEFT DR ICIC0000429 900000006561 FROM NALANDA RECY  full and final INR 216426.00
BL-000057,SETL-setl_00000025,gateway_settlement,2026-06-04,13648942,RAZORPAY PAYMENTS GATEWAY SETTLEMENT setl_00000025 UTR 900000001162
BL-000058,AR-INV-2026-000033,matchable,2026-06-04,50512800,UPI/HDFC0001234/320606396733/zeniele@ybl/ZENITH ONE ELECTRICALS COMPANY
BL-000059,AR-INV-2026-000127,matchable,2026-06-04,78450000,UPI/HDFC0001234/556875726466/hirahar@ybl/HIRANYAKA HARDWARE
BL-000060,AP-RENT-202606-0,matchable,2026-06-05,-78000000,NEFT DR SBIN0000921 900000035460 FROM SKYLINE ESTATES PV amc renewal INR 780000.00
BL-000061,AP-VB-2026-000114,matchable,2026-06-05,-24917900,NEFT DR HDFC0001234 900000010864 FROM KARMAN CONVEYANCES material supply INR 249179.00
BL-000062,AP-VB-2026-000027,matchable_amount_mismatch,2026-06-05,-8303900,NEFT DR UTIB0002233 900000006873 FROM NALANDA RECYCLERS LTD material supply INR 83039.00 V
BL-000063,AP-RT-2026-000008,matchable,2026-06-05,-7334300,RT-2026-000008 NEFT DR KKBK0000812 900000005946 FROM MERIDIAN WATER TREATMENT & CO invoice
BL-000064,SETL-setl_00000026,gateway_settlement,2026-06-05,10570467,RAZORPAY PAYMENTS GATEWAY SETTLEMENT setl_00000026 UTR 900000001173
BL-000065,AR-INV-2026-000069,matchable,2026-06-05,12389300,INV-2026-000069 NEFT CR ICIC0000429 900000008884 FROM SHREE BALAJI RECYCLERS KOC security 
BL-000066,AR-INV-2026-000082,matchable,2026-06-05,26901000,INV-2026-000082 NEFT CR ICIC0000429 900000009632 FROM TRIVIDATA WAREHOUSING LTD amc renewa
BL-000067,SETL-setl_00000027,gateway_settlement,2026-06-06,10519425,RAZORPAY PAYMENTS GATEWAY SETTLEMENT setl_00000027 UTR 900000001241
BL-000068,AR-INV-2026-000005,matchable,2026-06-06,107129200,UPI/HDFC0001234/468471927653/ramacon@okaxis/RAMAN DEEP CONVEYANCES PRIVATE LIMITED/INV-202
BL-000069,AR-INV-2026-000068,matchable,2026-06-06,125623400,UPI/HDFC0001234/144279699825/INV-2026-000068/ramacon@ybl/RAMAN DEEP CONVE
BL-000070,AP-VB-2026-000055,matchable,2026-06-08,-89028600,NEFT DR SBIN0000921 900000008257 FROM RAMAN DEEP POLYMERS KOC milestone 2 INR 890286.00 VB
BL-000071,AP-VB-2026-000065,matchable,2026-06-08,-20733700,NEFT DR ICIC0000429 900000008803 FROM RAMAN DEEP POLYMERS COMPANY invoice settlement INR 2
BL-000072,SETL-setl_00000029,gateway_settlement,2026-06-08,3193995,RAZORPAY PAYMENTS GATEWAY SETTLEMENT setl_00000029 UTR 900000001309
BL-000073,AR-INV-2026-000035,matchable,2026-06-08,12798400,INV-2026-000035 NEFT CR HDFC0001234 900000007436 FROM SHREE BALAJI RECYCLERS CO invoice se
BL-000074,AR-INV-2026-000121,matchable,2026-06-08,14858600,UPI/HDFC0001234/337482588230/INV-2026-000121/hirahar@ybl/HIRANYAKA HARDWARE 
BL-000075,SETL-setl_00000028,gateway_settlement,2026-06-08,15506700,RAZORPAY PAYMENTS GATEWAY SETTLEMENT setl_00000028 UTR 900000001275
BL-000076,AR-INV-2026-000109,matchable,2026-06-08,70545900,UPI/HDFC0001234/281500774400/ramacon@ybl/RAMAN DEEP CONVEYANCES PRIVATE LIMITED
BL-000077,AP-RT-2026-000009,matchable,2026-06-09,-35036300,UPI/HDFC0001234/881794893116/adissol@okaxis/ADISSOL EPC/RT-2026-000009
BL-000078,AP-VB-2026-000062,matchable,2026-06-09,-8116400,NEFT DR ICIC0000429 900000008640 FROM RAMAN DEEP POLYMERS KOC amc renewal INR 81164.00
BL-000079,SETL-setl_00000030,gateway_settlement,2026-06-09,3129657,RAZORPAY PAYMENTS GATEWAY SETTLEMENT setl_00000030 UTR 900000001327
BL-000080,AR-INV-2026-000004,matchable,2026-06-09,32782500,INV-2026-000004 NEFT CR HDFC0001234 900000005658 FROM TANSH MACHINE P advance INR 327825.0
BL-000081,AR-INV-2026-000094,matchable,2026-06-09,36263300,RTGS ICIC0000429 900000010277 VAISHNAVI TEXTILES PVT LTD INR 362633.00 freight charges
BL-000082,AR-INV-2026-000029,matchable,2026-06-09,49611400,UPI/HDFC0001234/546689540451/INV-2026-000029/ramacon@okaxis/RAMAN DEEP CONVEYANCE
BL-000083,AR-INV-2026-000049,matchable,2026-06-09,150413200,RTGS UTIB0002233 900000008051 VAISHNAVI TEXTILES LLP INR 1504132.00 freight charges INV-20
BL-000084,SETL-setl_00000031,gateway_settlement,2026-06-10,10048793,RAZORPAY PAYMENTS GATEWAY SETTLEMENT setl_00000031 UTR 900000001332
BL-000085,AR-INV-2026-000075,matchable,2026-06-10,22578200,UPI/HDFC0001234/546495694943/INV-2026-000075/zeniele@paytm/ZENITH ONE 
BL-000086,AR-INV-2026-000119,matchable,2026-06-10,36530200,UPI/HDFC0001234/313904188060/zeniele@okhdfcbank/ZENITH ONE ELECTRI
BL-000087,,expected_unmatched_duplicate,2026-06-10,36530200,UPI/HDFC0001234/313904188060/zeniele@okhdfcbank/ZENITH ONE ELECTRI
BL-000088,AR-INV-2026-000038,matchable,2026-06-10,41059300,UPI/HDFC0001234/886341115207/INV-2026-000038/ramacon@okaxis/RAMAN DEEP CONVEYAPCES HUB
BL-000089,AR-INV-2026-000050,matchable,2026-06-10,193317600,NEFT CR KKBK0000812 900000008102 FROM SAPTAGIRI WATER TREATMENT LLP part payment INR 19331
BL-000090,SETL-setl_00000032,gateway_settlement,2026-06-11,10944816,RAZORPAY PAYMENTS GATEWAY SETTLEMENT setl_00000032 UTR 900000001392
BL-000091,AR-INV-2026-000172,matchable,2026-06-11,24571100,UPI/HDFC0001234/981422163327/hirahar@okaxis/HIRANYAKA HARDWARE PVT LTD
BL-000092,AR-INV-2026-000223,matchable,2026-06-11,25720300,UPI/HDFC0001234/658586500435/zeniele@paytm/ZENITH ONE ELECTRICALS JAI
BL-000093,AR-INV-2026-000040,matchable,2026-06-11,32855000,UPI/HDFC0001234/629616220033/zeniele@okaxis/ZENITH ONE ELECTRICALS & CO
BL-000094,AR-INV-2026-000013,matchable,2026-06-11,87672300,NEFT CR UTIB0002233 900000006201 FROM EVARLOG LOGISTICS part payment INR 876723.00
BL-000095,SETL-setl_00000033,gateway_settlement,2026-06-12,8541051,RAZORPAY PAYMENTS GATEWAY SETTLEMENT setl_00000033 UTR 900000001458
BL-000096,AR-INV-2026-000031,matchable,2026-06-12,10562800,UPI/HDFC0001234/417066407673/hirahar@okaxis/HIRANYAKA HARDWAR/INV-2026-000031
BL-000097,AR-INV-2026-000047,matchable_amount_mismatch,2026-06-12,56059800,INV-2026-000047 NEFT CR KKBK0000812 900000007983 FROM EVERSTONE LOGISTICS LTD amc renewal 
BL-000098,AR-INV-2026-000123,matchable,2026-06-12,335039100,UPI/HDFC0001234/874564770386/INV-2026-000123/ramacon@ybl/RAMACON CONVEYANCES
BL-000099,SETL-setl_00000034,gateway_settlement,2026-06-13,4789140,RAZORPAY PAYMENTS GATEWAY SETTLEMENT setl_00000034 UTR 900000001485
BL-000100,AR-INV-2026-000083,matchable,2026-06-13,23784300,UPI/HDFC0001234/108091635963/ramacon@okaxis/RAMAN DEEP CONVEYANCES HUB
BL-000101,AR-INV-2026-000003,matchable,2026-06-13,36284400,NEFT CR SBIN0000921 900000005656 FROM INDUSLOOM ROOFING PRODUC advance INR 362844.00
BL-000102,AR-INV-2026-000097,matchable,2026-06-13,58008600,RTGS HDFC0001234 900000010368 VAISHNAVI TEXTILES LLP INR 580086.00 amc renewal INV-2026-00
BL-000103,AP-RT-2026-000059,matchable,2026-06-15,-65634600,CHQ CLG SAPTAGIRI MACHINE PARTS & CO RT-2026-000059
BL-000104,AP-VB-2026-000064,matchable,2026-06-15,-49890400,NEFT DR UTIB0002233 900000008723 FROM VAISHNAVI LOGISTICS LTD material supply INR 498904.0
BL-000105,AP-RT-2026-000054,matchable,2026-06-15,-21505900,NEFT DR HDFC0001234 900000008213 FROM VAISHNAVI LOGISTICS & CO against inv INR 215059.00
BL-000106,AP-VB-2026-000092,matchable,2026-06-15,-9611000,NEFT DR HDFC0001234 900000010207 FROM RAMAN DEEP POLYM part payment INR 96110.00
BL-000107,SETL-setl_00000036,gateway_settlement,2026-06-15,3357371,RAZORPAY PAYMENTS GATEWAY SETTLEMENT setl_00000036 UTR 900000001551
BL-000108,SETL-setl_00000035,gateway_settlement,2026-06-15,9581074,RAZORPAY PAYMENTS GATEWAY SETTLEMENT setl_00000035 UTR 900000001522
BL-000109,AR-INV-2026-000112,matchable,2026-06-15,37900500,NEFT CR HDFC0001234 900000010780 FROM SHREE BALAJI RECYCLERS COMPANY amc renewal INR 37900
BL-000110,AR-INV-2026-000093,matchable,2026-06-15,600000000,NEFT CR UTIB0002233 900000010222 FROM SAPTAGIRI WATER TREATMENT PRIVATE LIMITED security d
BL-000111,SETL-setl_00000037,gateway_settlement,2026-06-16,857993,RAZORPAY PAYMENTS GATEWAY SETTLEMENT setl_00000037 UTR 900000001559
BL-000112,AR-INV-2026-000184,matchable,2026-06-16,169076300,UPI/HDFC0001234/113493063378/ramacon@okhdfcbank/RAMAN DEEP CONVEY/INV-2026-000184
BL-000113,AP-RT-2026-000063,matchable,2026-06-17,-26815200,RT-2026-000063 NEFT DR UTIB0002233 900000008674 FROM VAISHNAVI L security deposit INR 2681
BL-000114,AR-INV-2026-000099,matchable,2026-06-17,9915800,INV-2026-000099 NEFT CR KKBK0000812 900000010438 FROM TRIVIDATA WA milestone 2 INR 99158.0
BL-000115,SETL-setl_00000038,gateway_settlement,2026-06-17,14051155,RAZORPAY PAYMENTS GATEWAY SETTLEMENT setl_00000038 UTR 900000001626
BL-000116,AR-INV-2026-000032,matchable,2026-06-17,15463400,INV-2026-000032 NEFT CR SBIN0000921 900000007213 FROM TANSH MACHI amc renewal INR 154634.0
BL-000117,AR-INV-2026-000041,matchable,2026-06-17,23247000,NEFT CR ICIC0000429 900000007824 FROM INDUSLOOM ROOFING PRODUCTS PVT LTD milestone 2 INR 2
BL-000118,AR-INV-2026-000141,matchable,2026-06-17,35187500,INV-2026-000141 NEFT CR ICIC0000429 900000012507 FROM SHREE BALAJI  milestone 2 INR 351875
BL-000119,AP-RT-2026-000170,matchable,2026-06-18,-77150900,NEFT DR HDFC0001234 900000014221 FROM RAMAN DEEP POLYMERS COMPANY full and final INR 77150
BL-000120,SETL-setl_00000039,gateway_settlement,2026-06-18,10165853,RAZORPAY PAYMENTS GATEWAY SETTLEMENT setl_00000039 UTR 900000001714
BL-000121,AR-INV-2026-000173,matchable_amount_mismatch,2026-06-18,18862200,UPI/HDFC0001234/869470925267/ramacon@okaxis/RAMAN DEEP CONVEYAN
BL-000122,AR-INV-2026-000238,matchable,2026-06-18,21675000,UPI/HDFC0001234/612153498464/zeniele@paytm/ZENITH ONE /INV-2026-000238
BL-000123,AR-INV-2026-000113,matchable,2026-06-18,22325600,NEFT CR ICIC0000429 900000010781 FROM INDUROO PRODUCTS freight charges INR 223256.00
BL-000124,AR-INV-2026-000294,matchable_amount_mismatch,2026-06-18,28153500,UPI/HDFC0001234/752823811543/INV-2026-000294/zeniele@ybl/ZENITH ONE ELE
BL-000125,AR-INV-2026-000067;AR-INV-2026-000103;AR-INV-2026-000120,matchable_lumpsum,2026-06-18,50280700,"UPI/HDFC0001234/333328504733/INV-2026-000067,INV-2026-000103,INV-2026-000120/hirahar@ybl/H"
BL-000126,AP-RT-2026-000169,matchable,2026-06-19,-30360000,RT-2026-000169 NEFT DR UTIB0002233 900000014132 FROM KARMAN CONVEYAN invoice settlement IN
BL-000127,SETL-setl_00000040,gateway_settlement,2026-06-19,7733661,RAZORPAY PAYMENTS GATEWAY SETTLEMENT setl_00000040 UTR 900000001726
BL-000128,AR-INV-2026-000135,matchable,2026-06-19,10515400,UPI/HDFC0001234/483090720604/ramacon@okaxis/RAMAN DEEP CONVEYANCES PRIVATE L/INV-2026-0001
BL-000129,AR-INV-2026-000088,matchable,2026-06-19,58065500,INV-2026-000088 NEFT CR UTIB0002233 900000010016 FROM EVERSTONE LOGISTICS LTD invoice sett
BL-000130,AR-INV-2026-000160,matchable,2026-06-19,82123600,INV-2026-000160 RTGS KKBK0000812 900000013625 VAISHNAVI TEXTIL INR 821236.00 advance
BL-000131,AP-RT-2026-000015,matchable,2026-06-20,-53649600,RT-2026-000015 RTGS ICIC0000429 900000006220 SHREE BALAJI ELECTRICALS & CO INR 536496.00 p
BL-000132,AP-VB-2026-000091,matchable_amount_mismatch,2026-06-20,-36984900,UPI/HDFC0001234/582319438841/adissol@okaxis/ADISHAKTI SOLAR EPC COMPANY
BL-000133,AP-VB-2026-000180,matchable,2026-06-20,-19612600,VB-2026-000180 NEFT DR UTIB0002233 900000014617 FROM NALANDA RECYCLERS COI advance INR 196
BL-000134,AP-VB-2026-000151,matchable,2026-06-20,-16558800,VB-2026-000151 NEFT DR HDFC0001234 900000013052 FROM RAMAN DEEP POLYMERS & CO part payment
BL-000135,AP-RT-2026-000107,matchable,2026-06-20,-6213100,NEFT DR SBIN0000921 900000010662 FROM RAMAN DEEP POLYMERS COMPANY part payment INR 62131.0
BL-000136,AP-VB-2026-000037,matchable,2026-06-20,-4978600,NEFT DR HDFC0001234 900000007626 FROM MERIDIAN WATER TREATMEN milestone 2 INR 49786.00 VB-
BL-000137,SETL-setl_00000041,gateway_settlement,2026-06-20,9266987,RAZORPAY PAYMENTS GATEWAY SETTLEMENT setl_00000041 UTR 900000001810
BL-000138,AR-INV-2026-000020,matchable,2026-06-20,129858600,NEFT CR HDFC0001234 900000006430 FROM KARMAN PRINT SOLUTIONS PRIVATE LIMITED security depo
BL-000139,AP-VB-2026-000052,matchable,2026-06-22,-87768600,NEFT DR ICIC0000429 900000008144 FROM VAISHNAVI LOG  material supply INR 877686.00
BL-000140,AP-RT-2026-000090,matchable_amount_mismatch,2026-06-22,-62811200,RTGS SBIN0000921 900000010092 SHREE BALAJI ELECTRICALS COMPANY INR 628112.00 advance RT-20
BL-000141,AP-VB-2026-000080,matchable,2026-06-22,-10569600,UPI/HDFC0001234/171671107637/adissol@okhdfcbank/ADISHAKTI SOLAR /VB-2026-000080
BL-000142,SETL-setl_00000043,gateway_settlement,2026-06-22,3240652,RAZORPAY PAYMENTS GATEWAY SETTLEMENT setl_00000043 UTR 900000001933
BL-000143,AR-INV-2026-000190,matchable,2026-06-22,11455600,INV-2026-000190 NEFT CR ICIC0000429 900000015113 FROM SHREREC RECY full and final INR 1145
BL-000144,SETL-setl_00000042,gateway_settlement,2026-06-22,14441420,RAZORPAY PAYMENTS GATEWAY SETTLEMENT setl_00000042 UTR 900000001887
BL-000145,AR-INV-2026-000191,matchable,2026-06-22,19897700,INV-2026-000191 NEFT CR ICIC0000429 900000015153 FROM SHREE BALAJI RECYCLEKS COMPANY miles
BL-000146,AR-INV-2026-000124,matchable,2026-06-22,21835300,UPI/HDFC0001234/712390825860/ramacon@ybl/RAMAN DEEP CONVEYANCES PRIVATE LIMITED
BL-000147,AR-INV-2026-000229,matchable,2026-06-22,24360200,UPI/HDFC0001234/781063329372/INV-2026-000229/zeniele@okhdfcbank/ZENITH ONE ELECTRICALS & C
BL-000148,AR-INV-2026-000162,matchable,2026-06-22,26383500,UPI/HDFC0001234/108739430512/hirahar@okhdfcbank/HIRANYAKA HARFWAR
BL-000149,AR-INV-2026-000183,matchable,2026-06-22,28947400,UPI/HDFC0001234/515408446682/INV-2026-000183/zeniele@ybl/ZENITH ONE ELECWRICALS & CO
BL-000150,AR-INV-2026-000159,matchable,2026-06-22,32971000,INV-2026-000159 NEFT CR SBIN0000921 900000013528 FROM SHREE BALAJI RECYCLERS  material sup
BL-000151,AR-INV-2026-000156,matchable,2026-06-22,74545600,UPI/HDFC0001234/227148016640/ramacon@paytm/RAMAN DEEP CONVEYANCES PRIVATE LIMITED
BL-000152,SETL-setl_00000044,gateway_settlement,2026-06-23,5429192,RAZORPAY PAYMENTS GATEWAY SETTLEMENT setl_00000044 UTR 900000002011
BL-000153,AR-INV-2026-000210,matchable,2026-06-23,7348600,UPI/HDFC0001234/893767428740/INV-2026-000210/hirahar@okaxis/HIRANYAKA HARDWARE PVT LTD
BL-000154,AR-INV-2026-000171,matchable,2026-06-23,67254700,UPI/HDFC0001234/305613510605/ramacon@paytm/RAMAN DEEP CO/INV-2026-000171
BL-000155,SETL-setl_00000045,gateway_settlement,2026-06-24,7901540,RAZORPAY PAYMENTS GATEWAY SETTLEMENT setl_00000045 UTR 900000002025
BL-000156,AR-INV-2026-000136,matchable,2026-06-24,25360600,INV-2026-000136 NEFT CR SBIN0000921 900000012158 FROM INDUSLOOM ROOFI  against inv INR 253
BL-000157,AR-INV-2026-000236;AR-INV-2026-000249;AR-INV-2026-000252,matchable_lumpsum,2026-06-24,63660600,"UPI/HDFC0001234/952362474639/INV-2026-000236,INV-2026-000249,INV-2026-000252/hirahar@ybl/H"
BL-000158,AR-INV-2026-000387;AR-INV-2026-000389;AR-INV-2026-000398,matchable_lumpsum,2026-06-24,117241000,UPI/HDFC0001234/365496585700/ramacon@okaxis/RAMAN DEEP CONVEYANCES HUB
BL-000159,AP-RT-2026-000087,matchable,2026-06-25,-56039700,CHQ CLG SAPTMACRPA 
BL-000160,AP-VB-2026-000146,matchable,2026-06-25,-18109000,NEFT DR ICIC0000429 900000012707 FROM RAMAN DEEP POLYMERS PRIVATE LIMITED full and final I
BL-000161,AR-INV-2026-000206,matchable,2026-06-25,9354200,INV-2026-000206 NEFT CR HDFC0001234 900000015522 FROM TRIVIDATA WAREHOUSI material supply 
BL-000162,SETL-setl_00000046,gateway_settlement,2026-06-25,13406684,RAZORPAY PAYMENTS GATEWAY SETTLEMENT setl_00000046 UTR 900000002049
BL-000163,AR-INV-2026-000212,matchable,2026-06-25,24181000,NEFT CR UTIB0002233 900000015829 FROM TRIVIDATA WAREHOUSING LTD material supply INR 241810
BL-000164,AR-INV-2026-000095,matchable,2026-06-25,45504700,UPI/HDFC0001234/385436894560/INV-2026-000095/ramacon@ybl/RAMAN DEEP CONVEYA
BL-000165,AR-INV-2026-000201,matchable,2026-06-25,49162500,UPI/HDFC0001234/301506219367/hirahar@okaxis/HIRANYAKA HARDWARE PVT LTD/INV-2026-000201
BL-000166,,expected_unmatched_duplicate,2026-06-25,49162500,UPI/HDFC0001234/301506219367/hirahar@okaxis/HIRANYAKA HARDWARE PVT LTD/INV-2026-000201
BL-000167,AR-INV-2026-000174;AR-INV-2026-000192;AR-INV-2026-000198,matchable_lumpsum,2026-06-25,112938500,"INV-2026-000174,INV-2026-000192,INV-2026-000198 NEFT CR HDFC0001234 900000036111 FROM INDU"
BL-000168,AP-RT-2026-000152,matchable,2026-06-26,-175296100,RT-2026-000152 NEFT DR ICIC0000429 900000013137 FROM VAISHNAVI LOGISTICS PRIVATE LIMITED s
BL-000169,AP-VB-2026-000148,matchable,2026-06-26,-46105200,VB-2026-000148 CHQ CLG SAPTAGIRI  VB-2026-000148
BL-000170,AP-VB-2026-000117,matchable,2026-06-26,-30940100,UPI/HDFC0001234/605414386224/adissol@ybl/ADISSOL EPC
BL-000171,AP-RT-2026-000221,matchable,2026-06-26,-27863200,RT-2026-000221 NEFT DR SBIN0000921 900000016190 FROM KARMCON CONVEYANCES milestone 2 INR 2
BL-000172,SETL-setl_00000047,gateway_settlement,2026-06-26,13423540,RAZORPAY PAYMENTS GATEWAY SETTLEMENT setl_00000047 UTR 900000002142
BL-000173,AR-INV-2026-000202,matchable,2026-06-26,40697300,NEFT CR ICIC0000429 900000015346 FROM TRIVIDATA WAREHOUSING LTD security deposit INR 40697
BL-000174,AP-VB-2026-000149,matchable,2026-06-27,-18202400,VB-2026-000149 CHQ CLG SAPTAGIRI MACHINE VB-2026-000149
BL-000175,AP-RT-2026-000016,matchable,2026-06-27,-15672200,RT-2026-000016 NEFT DR UTIB0002233 900000006268 FROM INDUSLOOM WAREHOUSI against inv INR 1
BL-000176,SETL-setl_00000048,gateway_settlement,2026-06-27,9903072,RAZORPAY PAYMENTS GATEWAY SETTLEMENT setl_00000048 UTR 900000002206
BL-000177,AR-INV-2026-000185,matchable,2026-06-27,30399500,NEFT CR HDFC0001234 900000014951 FROM EVERSTONE LOGIRTICS freight charges INR 303995.00
BL-000178,AR-INV-2026-000026,matchable,2026-06-27,36354500,UPI/HDFC0001234/904849217618/anancat@ybl/ANANT INFRA CATERING SERVICESSPRIVATE LIMITED
BL-000179,AR-INV-2026-000274,matchable,2026-06-27,39354100,UPI/HDFC0001234/642691391433/INV-2026-000274/zeniele@ybl/ZENITH ONE ELECTR
BL-000180,AR-INV-2026-000034,matchable,2026-06-27,39905900,INV-2026-000034 NEFT CR SBIN0000921 900000007373 FROM KARMAN PRINT SOLUTIONS PRIVATE LIMIT
BL-000181,AR-INV-2026-000104;AR-INV-2026-000161;AR-INV-2026-000196,matchable_lumpsum,2026-06-27,60824700,NEFT CR ICIC0000429 900000036039 FROM TRIVIDATA WAREHOUSI security deposit INR 608247.00 I
BL-000182,AP-RT-2026-000133,matchable,2026-06-29,-60877700,CHQ CLG SAPTAGIRI MACHINE 
BL-000183,AP-RT-2026-000129,matchable,2026-06-29,-60463100,CHQ CLG SAPTAGIRI MACHINE PARTS & CO RT-2026-000129
BL-000184,AP-VB-2026-000279,matchable,2026-06-29,-40561500,NEFT DR KKBK0000812 900000018406 FROM KARMAN CONVEYANCES PVT LTD security deposit INR 4056
BL-000185,AP-VB-2026-000126,matchable_amount_mismatch,2026-06-29,-30264300,UPI/HDFC0001234/826698187824/VB-2026-000126/adissol@okaxis/ADISSOL EP
BL-000186,SETL-setl_00000050,gateway_settlement,2026-06-29,4388485,RAZORPAY PAYMENTS GATEWAY SETTLEMENT setl_00000050 UTR 900000002277
BL-000187,AR-INV-2026-000205,matchable,2026-06-29,8259500,NEFT CR KKBK0000812 900000015466 FROM SHREE BALAJI RECHCLERS COMPANY full and final INR 82
BL-000188,AR-INV-2026-000043,matchable,2026-06-29,15871500,UPI/HDFC0001234/152967906118/lohipol@okaxis/LOHIYA POLYMERS PRIVATE LIMITED/INV-2026-00004
BL-000189,AR-INV-2026-000227,matchable,2026-06-29,16188900,UPI/HDFC0001234/846778691369/INV-2026-000227/hirahar@okaxis/HIRANYAKA HARDWARE &TCO
BL-000190,SETL-setl_00000049,gateway_settlement,2026-06-29,16355364,RAZORPAY PAYMENTS GATEWAY SETTLEMENT setl_00000049 UTR 900000002228
BL-000191,AR-INV-2026-000108,matchable_amount_mismatch,2026-06-29,16562000,INV-2026-000108 NEFT CR HDFC0001234 900000010691 FROM TANSH MACH  full and final INR 16562
BL-000192,AR-INV-2026-000147,matchable,2026-06-29,21981100,INV-2026-000147 NEFT CR HDFC0001234 900000012790 FROM TANSH MACHINE PART full and final IN
BL-000193,AR-INV-2026-000024,matchable,2026-06-29,38371800,UPI/HDFC0001234/639111186044/anancat@okhdfcbank/ANAKT INFRA 
BL-000194,AR-INV-2026-000158,matchable,2026-06-29,41346400,NEFT CR ICIC0000429 900000013504 FROM INDUSLOOM ROOFING PRODUCTS PVT LTD material supply I
BL-000195,AR-INV-2026-000207,matchable,2026-06-29,90712300,INV-2026-000207 NEFT CR ICIC0000429 900000015590 FROM INDUSLOOM ROOFING PRODUCTS PVT LTD f
BL-000196,AP-VB-2026-000077,matchable,2026-06-30,-26464800,VB-2026-000077 CHQ CLG SAPTAGIRI MACHINE PAKTS LTD VB-2026-000077
BL-000197,AP-RT-2026-000115,matchable,2026-06-30,-8410400,NEFT DR KKBK0000812 900000010895 FROM VAISHNAVI LOG advance INR 84104.00 RT-2026-000115
BL-000198,SETL-setl_00000051,gateway_settlement,2026-06-30,3916336,RAZORPAY PAYMENTS GATEWAY SETTLEMENT setl_00000051 UTR 900000002368
BL-000199,AP-SALARY-202607-0,matchable,2026-07-01,-345000000,SALARY-202607 NEFT DR KKBK0000812 900000035565 FROM ACME PAYRO  security deposit INR 34500
BL-000200,AP-VB-2026-000204,matchable,2026-07-01,-24579700,VB-2026-000204 NEFT DR KKBK0000812 900000015422 FROM NALANDA RECYCLERS LTD part payment IN
BL-000201,AP-RT-2026-000282,matchable,2026-07-01,-17667800,NEFT DR UTIB0002233 900000018531 FROM NALANDA RECYCL full and final INR 176678.00 RT-2026-
BL-000202,SETL-setl_00000052,gateway_settlement,2026-07-01,13475457,RAZORPAY PAYMENTS GATEWAY SETTLEMENT setl_00000052 UTR 900000002393
BL-000203,AR-INV-2026-000163,matchable,2026-07-01,362300200,UPI/HDFC0001234/455197339653/INV-2026-000163/ramacon@paytm/RAMAN DEEP CO
BL-000204,AP-VB-2026-000299,matchable,2026-07-02,-16214300,NEFT DR SBIN0000921 900000019266 FROM KARMAN CONVEYANCES PVT LTD invoice settlement INR 16
BL-000205,AP-VB-2026-000167,matchable,2026-07-02,-15915900,CHQ CLG SAPTAGIRI MACHINE PARTS & CO 
BL-000206,AP-VB-2026-000130,matchable,2026-07-02,-8998300,VB-2026-000130 NEFT DR SBIN0000921 900000011749 FROM RAMAN DEEP POLYME security deposit IN
BL-000207,AP-RT-2026-000051,matchable,2026-07-02,-1728600,NEFT DR UTIB0002233 900000008110 FROM MERIDIAN WATER TREATMENT JAI security deposit INR 17
BL-000208,SETL-setl_00000053,gateway_settlement,2026-07-02,15560194,RAZORPAY PAYMENTS GATEWAY SETTLEMENT setl_00000053 UTR 900000002478
BL-000209,AR-INV-2026-000021,matchable,2026-07-02,24576200,UPI/HDFC0001234/929499967033/anancat@ybl/ANANT INFRA CATERING SERVICES & CO
BL-000210,AR-INV-2026-000102,matchable,2026-07-02,25736500,UPI/HDFC0001234/308342725612/anancat@paytm/ANANCAT SERVICES/INV-2026-000102
BL-000211,,expected_unmatched_duplicate,2026-07-02,25736500,UPI/HDFC0001234/308342725612/anancat@paytm/ANANCAT SERVICES/INV-2026-000102
BL-000212,AR-INV-2026-000137,matchable,2026-07-02,68574900,INV-2026-000137 NEFT CR SBIN0000921 900000012237 FROM TANSH MACHINE PARTS LTD invoice sett
BL-000213,AP-EMI-202607-0,matchable_amount_mismatch,2026-07-03,-118392800,NEFT DR ICIC0000429 900000035667 FROM STATE BANK EQUIP LOAN  advance INR 1183928.00
BL-000214,AP-VB-2026-000154,matchable,2026-07-03,-94225500,NEFT DR SBIN0000921 900000013298 FROM VAISLOG LO milestone 2 INR 942255.00 VB-2026-000154
BL-000215,AP-VB-2026-000045,matchable,2026-07-03,-55612600,RTGS SBIN0000921 900000007927 SHREE BALAJI ELECTRI INR 556126.00 security deposit
BL-000216,AP-RT-2026-000195,matchable_amount_mismatch,2026-07-03,-24699600,RT-2026-000195 NEFT DR HDFC0001234 900000015206 FROM NALANDA RECYCBERS LTD milestone 2 INR
BL-000217,AP-RT-2026-000165,matchable,2026-07-03,-18394200,UPI/HDFC0001234/265000095699/adissol@ybl/ADISHAKTI SOLAR EPC COMPANY
BL-000218,AP-RT-2026-000086,matchable,2026-07-03,-8620400,RT-2026-000086 NEFT DR SBIN0000921 900000009890 FROM MERIDIAN WATER TREATMENT & CO materia
BL-000219,SETL-setl_00000054,gateway_settlement,2026-07-03,9575825,RAZORPAY PAYMENTS GATEWAY SETTLEMENT setl_00000054 UTR 900000002547
BL-000220,AR-INV-2026-000406,matchable,2026-07-03,35486400,UPI/HDFC0001234/528831313977/zeniele@okaxis/ZENITH ONE ELECTRICALS
BL-000221,AR-INV-2026-000182,matchable,2026-07-03,64244900,UPI/HDFC0001234/935902628013/ramacon@ybl/RAMAN DEEP QONVEYANCES & CO/INV-2026-000182
BL-000222,AR-INV-2026-000239;AR-INV-2026-000270;AR-INV-2026-000289,matchable_lumpsum,2026-07-03,188010100,RTGS ICIC0000429 900000036144 VAISTEX TEXTILES INR 1880101.00 freight charges
BL-000223,AP-VB-2026-000187,matchable_amount_mismatch,2026-07-04,-50224800,CHQ CLG SAPTAGIRI MACHINE 
BL-000224,AP-RT-2026-000243,matchable,2026-07-04,-25542600,RT-2026-000243 NEFT DR UTIB0002233 900000016969 FROM RAMAN DEEP POLYMERS COMPANY against i
BL-000225,AP-VB-2026-000168,matchable,2026-07-04,-7697000,NEFT DR HDFC0001234 900000014037 FROM VAISHNAVI LOGISTICS LTD material supply INR 76970.00
BL-000226,SETL-setl_00000055,gateway_settlement,2026-07-04,4109379,RAZORPAY PAYMENTS GATEWAY SETTLEMENT setl_00000055 UTR 900000002623
BL-000227,AP-GST-202607,matchable,2026-07-06,-313157300,NEFT DR HDFC0001234 900000035747 FROM INCOME TAX GST DEPOSITS LLP invoice settlement INR 3
BL-000228,AP-RT-2026-000312,matchable,2026-07-06,-74794100,RT-2026-000312 NEFT DR HDFC0001234 900000019728 FROM KARMAN CONVEYANCES PVT LTD advance IN
BL-000229,AP-RT-2026-000244,matchable,2026-07-06,-44532200,CHQ CLG SAPTMAC PARTS 
BL-000230,AP-RT-2026-000179,matchable,2026-07-06,-40033700,NEFT DR HDFC0001234 900000014592 FROM VAISHNAVI LOGISTICSILTD advance INR 400337.00
BL-000231,AP-RT-2026-000098,matchable,2026-07-06,-19139100,RTGS KKBK0000812 900000010373 SHREE BALAJI ELECTRICALS & CO INR 191391.00 material supply
BL-000232,AP-VB-2026-000203,matchable,2026-07-06,-18429000,NEFT DR UTIB0002233 900000015369 FROM MERIDIAN WATER TREATMENT & CO full and final INR 184
BL-000233,AP-VB-2026-000234,matchable,2026-07-06,-14452600,VB-2026-000234 NEFT DR ICIC0000429 900000016790 FROM NALANDA RECYCLERS LTD part payment IN
BL-000234,AP-RT-2026-000300,matchable,2026-07-06,-13814400,NEFT DR ICIC0000429 900000019282 FROM RAMAN DEEP POLYMERS LTD invoice settlement INR 13814
BL-000235,AP-VB-2026-000101,matchable,2026-07-06,-6946900,NEFT DR SBIN0000921 900000010557 FROM INDUSLOOM WAREHOUSING & CO security deposit INR 6946
BL-000236,SETL-setl_00000057,gateway_settlement,2026-07-06,1923558,RAZORPAY PAYMENTS GATEWAY SETTLEMENT setl_00000057 UTR 900000002748
BL-000237,SETL-setl_00000056,gateway_settlement,2026-07-06,14463596,RAZORPAY PAYMENTS GATEWAY SETTLEMENT setl_00000056 UTR 900000002678
BL-000238,AR-INV-2026-000197,matchable,2026-07-06,37240300,NEFT CR HDFC0001234 900000015211 FROM TANSH MACHINE PARTS LTD amc renewal INR 372403.00 IN
BL-000239,AR-INV-2026-000213,matchable,2026-07-06,37305300,UPI/HDFC0001234/681609150257/zeniele@okhdfcbank/ZENITH ONE ELECTRICALS LTD/INV-2026-000213
BL-000240,AR-INV-2026-000226,matchable,2026-07-06,38407400,UPI/HDFC0001234/747417203261/zeniele@okaxis/ZENITH ONE ELECTRICALS & CO
BL-000241,AR-INV-2026-000233,matchable,2026-07-06,166008000,NEFT CR SBIN0000921 900000016788 FROM EVERSTONE  against inv INR 1660080.00
BL-000242,AR-INV-2026-000181,matchable_amount_mismatch,2026-07-06,525982200,UPI/HDFC0001234/884004765945/ramacon@okaxis/RAMAN DEEP C/INV-2026-000181
BL-000243,AP-RENT-202607-0,matchable,2026-07-07,-78000000,NEFT DR UTIB0002233 900000035636 FROM SKYLINE ESTAT advance INR 780000.00 RENT-202607
BL-000244,AP-VB-2026-000010,matchable,2026-07-07,-53119400,VB-2026-000010 NEFT DR KKBK0000812 900000006055 FROM RAMAN DEEP HARDWARE PUN full and fina
BL-000245,AP-VB-2026-000346,matchable_amount_mismatch,2026-07-07,-31177600,VB-2026-000346 NEFT DR SBIN0000921 900000021208 FROM KARMAN CONVEYANCES PRIVATE freight ch
BL-000246,AP-RT-2026-000007,matchable,2026-07-07,-17355800,NEFT DR ICIC0000429 900000005858 FROM RAMAN DEEP HARDWAR against inv INR 173558.00
BL-000247,AP-VB-2026-000178,matchable,2026-07-07,-12674800,VB-2026-000178 NEFT DR HDFC0001234 900000014529 FROM VAISHNAVI LOG amc renewal INR 126748.
BL-000248,AR-INV-2026-000111,matchable,2026-07-07,27655800,UPI/HDFC0001234/892063561759/lohipol@okaxis/LOHIYA POLYME/INV-2026-000111
BL-000249,AP-RT-2026-000044,matchable,2026-07-08,-49060100,RT-2026-000044 NEFT DR KKBK0000812 900000007918 FROM RAMAN DEEP HARDWARE PUN material supp
BL-000250,AP-RT-2026-000036,matchable,2026-07-08,-30104700,NEFT DR KKBK0000812 900000007532 FROM RAMAN DEEP HARDWARE PRIVATE LIMITED full and final I
BL-000251,AP-VB-2026-000381,matchable,2026-07-08,-17795800,NEFT DR HDFC0001234 900000022779 FROM RAMAN DEEP POLYMERS COMPANY part payment INR 177958.
BL-000252,AP-VB-2026-000166,matchable,2026-07-08,-17645300,VB-2026-000166 NEFT DR UTIB0002233 900000013933 FROM VAISHNAVI LO material supply INR 1764
BL-000253,SETL-setl_00000058,gateway_settlement,2026-07-08,11209414,RAZORPAY PAYMENTS GATEWAY SETTLEMENT setl_00000058 UTR 900000002843
BL-000254,AR-INV-2026-000211,matchable,2026-07-08,18802100,UPI/HDFC0001234/920775495792/INV-2026-000211/zeniele@okaxis/ZENJTH ONE ELECTRICALS JAI
BL-000255,AR-INV-2026-000309,matchable,2026-07-08,25224000,INV-2026-000309 NEFT CR KKBK0000812 900000019536 FROM SHREE BALAJI RECYCLE against inv INR
BL-000256,AR-INV-2026-000384,matchable,2026-07-08,36051900,UPI/HDFC0001234/411990989325/zeniele@okhdfcbank/ZENITH ONE ELECTRICALS
BL-000257,AP-VB-2026-000421,matchable,2026-07-09,-100358700,NEFT DR HDFC0001234 900000024455 FROM RAMAN DEEP POLYMERS CO milestone 2 INR 1003587.00 VB
BL-000258,SETL-setl_00000059,gateway_settlement,2026-07-09,11611900,RAZORPAY PAYMENTS GATEWAY SETTLEMENT setl_00000059 UTR 900000002869
BL-000259,AP-RT-2026-000209,matchable,2026-07-10,-38787600,UPI/HDFC0001234/424422806335/adissol@paytm/ADISHAKTISSOLAR EPC & CO
BL-000260,AP-RT-2026-000222,matchable,2026-07-10,-22086700,NEFT DR HDFC0001234 900000016193 FROM NALANDA REC security deposit INR 220867.00
BL-000261,AP-RT-2026-000319,matchable,2026-07-10,-19047300,NEFT DR KKBK0000812 900000020149 FROM NALANDA RECYCLERS & CO advance INR 190473.00
BL-000262,AP-VB-2026-000296,matchable,2026-07-10,-17869800,VB-2026-000296 NEFT DR SBIN0000921 900000019116 FROM RAMAN DEEP PELYMERS COMPANY invoice s
BL-000263,AP-VB-2026-000085,matchable,2026-07-10,-7355900,VB-2026-000085 NEFT DR SBIN0000921 900000009795 FROM MERIDIAN WATER TREATMENT & CO materia
BL-000264,AP-VB-2026-000132,matchable,2026-07-10,-6476700,NEFT DR ICIC0000429 900000011875 FROM INDUSLOOM WAREHOUSING COI invoice settlement INR 647
BL-000265,SETL-setl_00000060,gateway_settlement,2026-07-10,11908989,RAZORPAY PAYMENTS GATEWAY SETTLEMENT setl_00000060 UTR 900000002934
BL-000266,AR-INV-2026-000253,matchable,2026-07-10,18896100,NEFT CR HDFC0001234 900000017345 FROM TANSH MACHINE PA advance INR 188961.00 INV-2026-0002
BL-000267,AR-INV-2026-000332,matchable,2026-07-10,92443700,NEFT CR SBIN0000921 900000020669 FROM TRIVWAR WAR freight charges INR 924437.00 INV-2026-0
BL-000268,AP-RT-2026-000076,matchable,2026-07-11,-11314900,NEFT DR SBIN0000921 900000009268 FROM INDUSLOOM WAREHOUSING against inv INR 113149.00
BL-000269,AR-INV-2026-000285,matchable,2026-07-11,6426200,UPI/HDFC0001234/727010512066/INV-2026-000285/hirahar@ybl/HIRANYAKA HARDWARE & CO
BL-000270,SETL-setl_00000061,gateway_settlement,2026-07-11,9139371,RAZORPAY PAYMENTS GATEWAY SETTLEMENT setl_00000061 UTR 900000003021
BL-000271,AR-INV-2026-000275,matchable,2026-07-11,31221400,UPI/HDFC0001234/619532688825/ramacon@paytm/RAMAN DEEP CONVEYANCES PRIVATE LIMITED
BL-000272,AR-INV-2026-000355,matchable,2026-07-11,34495200,UPI/HDFC0001234/836440971060/zeniele@okhdfcbank/ZENITH ONE ELECTRICALS & CO/INV-2026-00035
BL-000273,AR-INV-2026-000324,matchable,2026-07-11,53372900,NEFT CR ICIC0000429 900000020363 FROM INDUSLOOM ROOFI invoice settlement INR 533729.00
BL-000274,AR-INV-2026-000074,matchable,2026-07-11,105687100,NEFT CR HDFC0001234 900000009182 FROM KARMAN PRINT SOLUTIONS PRIVAT full and final INR 105
BL-000275,AP-RT-2026-000150,matchable,2026-07-13,-56200000,RTGS KKBK0000812 900000012955 SHREE BALAJI ELECTRICALS JAI INR 562000.00 material supply R
BL-000276,AP-RT-2026-000409,matchable,2026-07-13,-52742900,RT-2026-000409 NEFT DR UTIB0002233 900000023840 FROM KARMAN CONVEYANCES PVT LTD full and f
BL-000277,AP-RT-2026-000290,matchable_amount_mismatch,2026-07-13,-43102800,NEFT DR ICIC0000429 900000018939 FROM NALANDA RECYCLERS PVT LTD invoice settlement INR 431
BL-000278,AP-VB-2026-000273,matchable,2026-07-13,-39255600,UPI/HDFC0001234/403812084282/adissol@ybl/ADISHAKTI SOLAR EPC COMPANY/VB-2026-000273
BL-000279,AP-VB-2026-000070,matchable,2026-07-13,-32093000,NEFT DR KKBK0000812 900000008978 FROM RAMAN DEEP HARDWARE PRIVATE  against inv INR 320930.
BL-000280,AP-VB-2026-000297,matchable,2026-07-13,-22111400,CHQ CLG SAPTAGIRI  VB-2026-000297
BL-000281,AP-RT-2026-000263,matchable,2026-07-13,-21637800,UPI/HDFC0001234/405213601762/adissol@okaxis/ADISHAKTI SOL
BL-000282,AP-VB-2026-000144,matchable,2026-07-13,-5284600,VB-2026-000144 NEFT DR UTIB0002233 900000012616 FROM MERIDIAN WATER TREAT milestone 2 INR 
BL-000283,AR-INV-2026-000457,matchable,2026-07-13,14084200,NEFT CR SBIN0000921 900000026021 FROM SHREE BALAJI RECYCL freight charges INR 140842.00
BL-000284,SETL-setl_00000062,gateway_settlement,2026-07-13,14829767,RAZORPAY PAYMENTS GATEWAY SETTLEMENT setl_00000062 UTR 900000003058
BL-000285,AR-INV-2026-000331,matchable,2026-07-13,24291200,INV-2026-000331 NEFT CR SBIN0000921 900000020632 FROM TRIVIDATA W  part payment INR 242912
BL-000286,AR-INV-2026-000058,matchable,2026-07-13,29081100,NEFT CR SBIN0000921 900000008403 FROM ANANT INFRA S invoice settlement INR 290811.00
BL-000287,AR-INV-2026-000305,matchable,2026-07-13,32205400,INV-2026-000305 NEFT CR SBIN0000921 900000019405 FROM SAPTAGIRI WATER TRE freight charges 
BL-000288,AR-INV-2026-000420,matchable,2026-07-13,36393500,UPI/HDFC0001234/322359813356/zeniele@paytm/ZENRTH ONE ELECTRICALS & CO/INV-2026-000420
BL-000289,AR-INV-2026-000039,matchable,2026-07-13,42054900,UPI/HDFC0001234/948308460947/anancat@okaxis/ANANT INFR
BL-000290,AR-INV-2026-000025,matchable,2026-07-13,63602600,NEFT CR UTIB0002233 900000006740 FROM ANANT INFRA SOLAR EPC HUB invoice settlement INR 636
BL-000291,AR-INV-2026-000247,matchable,2026-07-13,108018200,UPI/HDFC0001234/672453816341/ramacon@okhdfcbank/RAMAN DEEP CONVEYANCES PRIVATE LIMITED/INV
BL-000292,AR-INV-2026-000011,matchable,2026-07-13,147045500,NEFT CR ICIC0000429 900000006115 FROM ANANT INFRA material supply INR 1470455.00 INV-2026-
BL-000293,AR-INV-2026-000303,matchable,2026-07-13,246515500,NEFT CR KKBK0000812 900000019382 FROM SAPTAGIRI WATER TREATMENT LLP invoice settlement INR
BL-000294,AP-RT-2026-000125,matchable,2026-07-14,-59938800,RTGS SBIN0000921 900000011418 SHREE BALAJI ELECTRICALS & CO INR 599388.00 part payment
BL-000295,AP-RT-2026-000155,matchable,2026-07-14,-36377600,NEFT DR HDFC0001234 900000013331 FROM VAISHNAVI LOGI advance INR 363776.00
BL-000296,AP-VB-2026-000118,matchable,2026-07-14,-10722900,NEFT DR UTIB0002233 900000010995 FROM INDUSLOOM WAREHOUSING PVT LTD freight charges INR 10
BL-000297,AP-RT-2026-000100,matchable,2026-07-14,-7575800,NEFT DR KKBK0000812 900000010466 FROM INDUSLOOM  invoice settlement INR 75758.00
BL-000298,SETL-setl_00000063,gateway_settlement,2026-07-14,2186215,RAZORPAY PAYMENTS GATEWAY SETTLEMENT setl_00000063 UTR 900000003089
BL-000299,AR-INV-2026-000378,matchable,2026-07-14,17388300,NEFT CR SBIN0000921 900000022734 FROM TRIVIDATA WA amc renewal INR 173883.00 INV-2026-0003
BL-000300,AR-INV-2026-000323,matchable,2026-07-14,216775100,INV-2026-000323 NEFT CR UTIB0002233 900000020309 FROM SAPTAGIRI WA milestone 2 INR 2167751
BL-000301,AP-VB-2026-000153,matchable,2026-07-15,-46092200,RTGS HDFC0001234 900000013223 SHREE BALAJI ELECTRICALS JAI INR 460922.00 material supply V
BL-000302,AP-VB-2026-000266,matchable,2026-07-15,-43374300,UPI/HDFC0001234/914516843013/VB-2026-000266/adissol@okhdfcbank/ADISHAKTI SOLAR EPC COMPANY
BL-000303,,expected_unmatched_duplicate,2026-07-15,-43374300,UPI/HDFC0001234/914516843013/VB-2026-000266/adissol@okhdfcbank/ADISHAKTI SOLAR EPC COMPANY
BL-000304,AP-RT-2026-000311,matchable,2026-07-15,-25032400,NEFT DR UTIB0002233 900000019697 FROM RAMAN DEEP PO invoice settlement INR 250324.00
BL-000305,AP-VB-2026-000335,matchable,2026-07-15,-8888600,VB-2026-000335 NEFT DR KKBK0000812 900000020795 FROM VAISHNAVI L milestone 2 INR 88886.00
BL-000306,AP-RT-2026-000116,matchable,2026-07-15,-7522800,NEFT DR HDFC0001234 900000010909 FROM INDUSLOOM  advance INR 75228.00 RT-2026-000116
BL-000307,SETL-setl_00000064,gateway_settlement,2026-07-15,12535223,RAZORPAY PAYMENTS GATEWAY SETTLEMENT setl_00000064 UTR 900000003113
BL-000308,AR-INV-2026-000321;AR-INV-2026-000329;AR-INV-2026-000341,matchable_lumpsum,2026-07-15,93021900,UPI/HDFC0001234/369457594470/zeniele@ybl/ZENITH ONE
BL-000309,AP-VB-2026-000392,matchable,2026-07-16,-39514300,VB-2026-000392 NEFT DR ICIC0000429 900000023228 FROM KARMAN CONVEY security deposit INR 39
BL-000310,SETL-setl_00000065,gateway_settlement,2026-07-16,11219843,RAZORPAY PAYMENTS GATEWAY SETTLEMENT setl_00000065 UTR 900000003178
BL-000311,AR-INV-2026-000140,matchable,2026-07-16,50296300,NEFT CR UTIB0002233 900000012437 FROM KARMAN PRINT SOLUTIONS PRIVATE LIMITED material supp
BL-000312,AR-INV-2026-000350,matchable,2026-07-16,109630400,NEFT CR HDFC0001234 900000021482 FROM SAPTAGIRI WATER TREATMENT LLP milestone 2 INR 109630
BL-000313,AR-INV-2026-000372,matchable,2026-07-16,457536800,UPI/HDFC0001234/444948161741/ramacon@paytm/RAMAN DEEP CONVEYANCES HUB
BL-000314,AP-RT-2026-000326,matchable,2026-07-17,-22762700,NEFT DR UTIB0002233 900000020489 FROM RAMAN DEEP POLYMERS COMPANY advance INR 227627.00
BL-000315,SETL-setl_00000066,gateway_settlement,2026-07-17,11130219,RAZORPAY PAYMENTS GATEWAY SETTLEMENT setl_00000066 UTR 900000003269
BL-000316,AR-INV-2026-000218,matchable,2026-07-17,14729200,NEFT CR ICIC0000429 900000016011 FROM TANSH MACHINE against inv INR 147292.00
BL-000317,AR-INV-2026-000386,matchable,2026-07-17,25474800,NEFT CR HDFC0001234 900000022986 FROM SAPTAGIRI WA  milestone 2 INR 254748.00
BL-000318,AR-INV-2026-000340,matchable,2026-07-17,60786900,RTGS ICIC0000429 900000020994 VAISHNAVI TEXT  INR 607869.00 full and final
BL-000319,AP-RT-2026-000089,matchable,2026-07-18,-34928300,NEFT DR SBIN0000921 900000010031 FROM RAMAN DEEP HARDWARE PRIVATE LIMITED security deposit
BL-000320,AP-VB-2026-000143,matchable,2026-07-18,-13382900,NEFT DR KKBK0000812 900000012522 FROM MERIDIAN WATER TREATMENT & CO amc renewal INR 133829
BL-000321,SETL-setl_00000067,gateway_settlement,2026-07-18,13391803,RAZORPAY PAYMENTS GATEWAY SETTLEMENT setl_00000067 UTR 900000003341
BL-000322,AR-INV-2026-000425,matchable,2026-07-18,13816900,INV-2026-000425 NEFT CR HDFC0001234 900000024736 FROM TRIVIDATA WAREHOUSING HUB material s
BL-000323,AR-INV-2026-000456,matchable,2026-07-18,22314000,NEFT CR HDFC0001234 900000025951 FROM SHREE BALAJI RACYCLERS COMPANY part payment INR 2231
BL-000324,AR-INV-2026-000364,matchable,2026-07-18,39472500,NEFT CR KKBK0000812 900000022082 FROM INDUSLOOM ROOFING PRODUCTS security deposit INR 3947
BL-000325,AP-RT-2026-000272,matchable,2026-07-20,-177440700,NEFT DR UTIB0002233 900000018100 FROM VAISHNAVI LOGIST against inv INR 1774407.00
BL-000326,AP-RT-2026-000380,matchable,2026-07-20,-98186500,NEFT DR ICIC0000429 900000022762 FROM KARMAN CONVEYA security deposit INR 981865.00
BL-000327,AP-RT-2026-000369,matchable,2026-07-20,-65479700,RT-2026-000369 NEFT DR HDFC0001234 900000022327 FROM VAISHNAVZ LOGISTICS LTD amc renewal I
BL-000328,AP-VB-2026-000315,matchable,2026-07-20,-33420900,UPI/HDFC0001234/281658971302/adissol@paytm/ADISHAKTI SOLAR EPC COMPANY
BL-000329,AP-VB-2026-000284,matchable,2026-07-20,-30820700,UPI/HDFC0001234/178051943431/adissol@okhdfcbank/ADISHAKTI SOLAR EPC COMPANY
BL-000330,AP-VB-2026-000106,matchable,2026-07-20,-27905500,NEFT DR HDFC0001234 900000010624 FROM RAMAN DEEP HARDWARE PRIVATE LIMITED material supply 
BL-000331,AP-RT-2026-000361,matchable,2026-07-20,-26795100,CHQ CLG SAPTAGIRI MACHINE PARTS & CO 
BL-000332,AP-RT-2026-000502,matchable_amount_mismatch,2026-07-20,-23821800,RT-2026-000502 NEFT DR KKBK0000812 900000028183 FROM RAMAN DEEP POLYMERS C freight charges
BL-000333,AP-RT-2026-000258,matchable,2026-07-20,-22204300,NEFT DR HDFC0001234 900000017572 FROM VAISHNAVI LOGISTICS LTD milestone 2 INR 222043.00
BL-000334,AP-VB-2026-000334,matchable,2026-07-20,-20765400,VB-2026-000334 NEFT DR KKBK0000812 900000020752 FROM NALANDA RECYCLERS LTD security deposi
BL-000335,AP-VB-2026-000235,matchable,2026-07-20,-11106000,NEFT DR HDFC0001234 900000016879 FROM MERIWAT TRE milestone 2 INR 111060.00 VB-2026-000235
BL-000336,AP-RT-2026-000134,matchable,2026-07-20,-6712800,RT-2026-000134 NEFT DR UTIB0002233 900000012033 FROM INDUSLOOM WAREHOUSING  advance INR 67
BL-000337,SETL-setl_00000069,gateway_settlement,2026-07-20,1882261,RAZORPAY PAYMENTS GATEWAY SETTLEMENT setl_00000069 UTR 900000003417
BL-000338,SETL-setl_00000068,gateway_settlement,2026-07-20,12810567,RAZORPAY PAYMENTS GATEWAY SETTLEMENT setl_00000068 UTR 900000003386
BL-000339,AR-INV-2026-000343,matchable,2026-07-20,12854300,NEFT CR UTIB0002233 900000021057 FROM EVERSTONE LOGIS freight charges INR 128543.00
BL-000340,AR-INV-2026-000142,matchable,2026-07-20,17928200,UPI/HDFC0001234/839547066250/INV-2026-000142/anancat@paytm/ANANT INFRA CATERING SERVICES P
BL-000341,AR-INV-2026-000351,matchable,2026-07-20,27644200,UPI/HDFC0001234/446535759948/INV-2026-000351/zeniele@ybl/ZENITH ONE ELE
BL-000342,AR-INV-2026-000435,matchable,2026-07-20,27857900,UPI/HDFC0001234/958053713396/zeniele@okhdfcbank/ZENITH ONE ELECTRICALS & CO
BL-000343,AR-INV-2026-000286,matchable,2026-07-20,29600500,NEFT CR KKBK0000812 900000018763 FROM EVERSTONE LOGISTICS LTD milestone 2 INR 296005.00 IN
BL-000344,AR-INV-2026-000339,matchable,2026-07-20,39161300,NEFT CR UTIB0002233 900000020902 FROM SAPTAGIRI  freight charges INR 391613.00
BL-000345,AR-INV-2026-000308,matchable,2026-07-20,76066500,NEFT CR HDFC0001234 900000019477 FROM INDUSLOOM ROOFING PRODUCTS PRIVATE L security deposi
BL-000346,AR-INV-2026-000344,matchable,2026-07-20,125342600,INV-2026-000344 NEFT CR ICIC0000429 900000021102 FROM SAPTAGIRI WATER TREATM against inv I
BL-000347,AR-INV-2026-000385,matchable,2026-07-20,263635100,RTGS SBIN0000921 900000022952 VAISHNAVI TEX INR 2636351.00 material supply INV-2026-000385
BL-000348,AP-VB-2026-000376,matchable,2026-07-21,-99710500,CHQ CLG SAPTAGIRI MACHINE PA 
BL-000349,AP-VB-2026-000422,matchable,2026-07-21,-94911400,NEFT DR SBIN0000921 900000024529 FROM RAMAN DEEP POLYMERS COMPANY full and final INR 94911
BL-000350,AP-VB-2026-000246,matchable_amount_mismatch,2026-07-21,-57051000,VB-2026-000246 NEFT DR KKBK0000812 900000017142 FROM VAISHNAVI L material supply INR 57051
BL-000351,AP-VB-2026-000503,matchable,2026-07-21,-30635800,VB-2026-000503 NEFT DR UTIB0002233 900000028260 FROM KARMCON CONVEYANCES security deposit 
BL-000352,AP-VB-2026-000280,matchable,2026-07-21,-27766800,CHQ CLG SAPTAGIRI MACHINE PART 
BL-000353,AP-VB-2026-000513,matchable,2026-07-21,-26526400,VB-2026-000513 NEFT DR HDFC0001234 900000028681 FROM KARMAN CONVEYANCES FAR against inv IN
BL-000354,AP-RT-2026-000411,matchable,2026-07-21,-12922100,NEFT DR ICIC0000429 900000023940 FROM NALANDA RECYCLERS COI full and final INR 129221.00 R
BL-000355,AP-VB-2026-000479,matchable,2026-07-21,-6883500,NEFT DR KKBK0000812 900000027351 FROM NALANDA RECYCLERS LTD milestone 2 INR 68835.00
BL-000356,SETL-setl_00000070,gateway_settlement,2026-07-21,4311300,RAZORPAY PAYMENTS GATEWAY SETTLEMENT setl_00000070 UTR 900000003495
BL-000357,AR-INV-2026-000200,matchable,2026-07-21,11972400,UPI/HDFC0001234/940744316710/lohipol@ybl/LOHIYA POLYMERS PRIVAT
BL-000358,AR-INV-2026-000317,matchable,2026-07-21,176473000,INV-2026-000317 NEFT CR KKBK0000812 900000020022 FROM SAPTAGIRI WATER TREATMENT LLP milest
BL-000359,AP-RT-2026-000327,matchable,2026-07-22,-64752000,RT-2026-000327 CHQ CLG SAPTAGIRI MACHINE PARTS & CO RT-2026-000327
BL-000360,AP-RT-2026-000347,matchable,2026-07-22,-14345200,RT-2026-000347 NEFT DR KKBK0000812 900000021282 FROM VAISFNAVI LOGISTICS LTD material supp
BL-000361,AP-RT-2026-000313,matchable,2026-07-22,-9585200,CHQ CLG SAPTAGIRI MACHINE PARTS & CO 
BL-000362,AP-VB-2026-000145,matchable,2026-07-22,-4892600,NEFT DR KKBK0000812 900000012675 FROM MERIDIAN WATER TREATMENT & CO invoice settlement INR
BL-000363,AR-INV-2026-000224,matchable,2026-07-22,12398000,UPI/HDFC0001234/986172675761/INV-2026-000224/anancat@ybl/ANANT INFRA CATERING SERVICES PR
BL-000364,SETL-setl_00000071,gateway_settlement,2026-07-22,12694781,RAZORPAY PAYMENTS GATEWAY SETTLEMENT setl_00000071 UTR 900000003531
BL-000365,AR-INV-2026-000439,matchable,2026-07-22,14147500,UPI/HDFC0001234/449381543497/zeniele@paytm/ZENIELE ELECTRICALS
BL-000366,AR-INV-2026-000461,matchable,2026-07-22,16411000,INV-2026-000461 NEFT CR KKBK0000812 900000026269 FROM TRIVIDATA WAREHOUSING LTD amc renewa
BL-000367,AR-INV-2026-000349,matchable,2026-07-22,24341600,NEFT CR HDFC0001234 900000021417 FROM INDUSLOOM ROOFING PRODUCTS PVT LTD advance INR 24341
BL-000368,AR-INV-2026-000454,matchable,2026-07-22,29196800,UPI/HDFC0001234/366080422932/hirahar@okaxis/HIRANYAKA HARDWARE PV/INV-2026-000454
BL-000369,AR-INV-2026-000402,matchable,2026-07-22,31174700,RTGS HDFC0001234 900000023632 VAISHNAVI TEXTILES LLP INR 311747.00 invoice settlement INV-
BL-000370,AR-INV-2026-000424,matchable,2026-07-22,48773400,RTGS SBIN0000921 900000024693 VAISHNAVI TEXTILES JAI INR 487734.00 freight charges INV-202
BL-000371,AR-INV-2026-000548,matchable,2026-07-22,66645100,UPI/HDFC0001234/310154196945/INV-2026-000548/zeniele@ybl/ZENITH ONE ELECTRICALS & CO
BL-000372,AR-INV-2026-000354;AR-INV-2026-000405;AR-INV-2026-000417,matchable_lumpsum,2026-07-22,67841100,"UPI/HDFC0001234/780653100517/INV-2026-000354,INV-2026-000405,INV-2026-000417/hirahar@okhdf"
BL-000373,AR-INV-2026-000438,matchable,2026-07-22,93318800,INV-2026-000438 RTGS UTIB0002233 900000025218 VAISHNAVI TEXTILES  INR 933188.00 against in
BL-000374,AP-VB-2026-000264,matchable,2026-07-23,-33018100,VB-2026-000264 NEFT DR SBIN0000921 900000017766 FROM VAISHNAVI LOGISTICS LTD amc renewal I
BL-000375,AP-VB-2026-000320,matchable,2026-07-23,-29626600,UPI/HDFC0001234/714808378650/VB-2026-000320/adissol@okhdfcbank/ADISHAKTI SOLAR EP
BL-000376,AP-VB-2026-000208,matchable,2026-07-23,-21339300,NEFT DR UTIB0002233 900000015683 FROM MERIDIAN WATER TREATMENT & CO security deposit INR 2
BL-000377,AP-VB-2026-000283,matchable,2026-07-23,-17671700,VB-2026-000283 CHQ CLG SAPTAGIRI MACHINE PARTS & CO VB-2026-000283
BL-000378,AP-VB-2026-000356,matchable,2026-07-23,-9151100,VB-2026-000356 NEFT DR ICIC0000429 900000021769 FROM NALANDA RECYCLERS & CO part payment I
BL-000379,SETL-setl_00000072,gateway_settlement,2026-07-23,6233923,RAZORPAY PAYMENTS GATEWAY SETTLEMENT setl_00000072 UTR 900000003600
BL-000380,AR-INV-2026-000259,matchable,2026-07-23,9291900,UPI/HDFC0001234/237602791120/INV-2026-000259/anancat@ybl/ANANT INFRA CATERING SERVICES PRI
BL-000381,AR-INV-2026-000110,matchable,2026-07-23,73492000,INV-2026-000110 NEFT CR SBIN0000921 900000010741 FROM ANANT INFRA SOLAR EPC LTD invoice se
BL-000382,,expected_unmatched_duplicate,2026-07-23,73492000,INV-2026-000110 NEFT CR SBIN0000921 900000010741 FROM ANANT INFRA SOLAR EPC LTD invoice se
BL-000383,AR-INV-2026-000416,matchable,2026-07-23,83400600,UPI/HDFC0001234/981522137481/INV-2026-000416/zeniele@ybl/ZENITH ONE ELECTRICALS & CO
BL-000384,AR-INV-2026-000268,matchable,2026-07-23,124235200,UPI/HDFC0001234/224941279602/ramacon@ybl/RAMAN DEEP CONVEYANCES PRIVATE LIMITED/INV-2026-0
BL-000385,AP-RT-2026-000267,matchable,2026-07-24,-64964000,RTGS HDFC0001234 900000017945 SHREE BALA INR 649640.00 security deposit RT-2026-000267
BL-000386,AP-RT-2026-000357,matchable,2026-07-24,-49018500,RT-2026-000357 CHQ CLG SAPTAGIRI MACHINE PARTS COMPANY RT-2026-000357
BL-000387,AP-RT-2026-000314,matchable,2026-07-24,-34974000,UPI/HDFC0001234/891222906287/RT-2026-000314/adissol@okhdfcbank/ADISHAKTI SOLAR
BL-000388,AP-VB-2026-000377,matchable,2026-07-24,-27290800,NEFT DR KKBK0000812 900000022677 FROM NALANDA REC against inv INR 272908.00 VB-2026-000377
BL-000389,AP-VB-2026-000360,matchable,2026-07-24,-9646200,VB-2026-000360 CHQ CLG SAPTAGIRI MACHINE PARTS & CO VB-2026-000360
BL-000390,AP-RT-2026-000189,matchable,2026-07-24,-8988300,NEFT DR HDFC0001234 900000015092 FROM INDUSLOOM WAREHOUSING COI advance INR 89883.00 RT-20
BL-000391,SETL-setl_00000073,gateway_settlement,2026-07-24,5921942,RAZORPAY PAYMENTS GATEWAY SETTLEMENT setl_00000073 UTR 900000003651
BL-000392,AR-INV-2026-000458,matchable,2026-07-24,19719400,UPI/HDFC0001234/611511670657/INV-2026-000458/hirahar@okhdfcbank/HIRANYAKA HARDWARE PUN
BL-000393,AR-INV-2026-000367,matchable,2026-07-24,94569800,NEFT CR HDFC0001234 900000022240 FROM INDUSLOOM ROOFING PRODU security deposit INR 945698.
BL-000394,AR-INV-2026-000374,matchable_amount_mismatch,2026-07-24,106681400,NEFT CR UTIB0002233 900000022592 FROM EVERSTONE LOGISTICS LTD freight charges INR 1066814.
BL-000395,AP-VB-2026-000558,matchable,2026-07-25,-69712300,VB-2026-000558 NEFT DR KKBK0000812 900000030539 FROM KARMAN CONVEYANCES PV milestone 2 INR
BL-000396,AP-RT-2026-000464,matchable,2026-07-25,-36323500,NEFT DR HDFC0001234 900000026419 FROM KARMAN CINVEYANCES PVT LTD part payment INR 363235.0
BL-000397,AP-RT-2026-000302,matchable,2026-07-25,-20640600,NEFT DR KKBK0000812 900000019291 FROM VAISHNAVI LOGISTICS LTD invoice settlement INR 20640
BL-000398,SETL-setl_00000074,gateway_settlement,2026-07-25,8690352,RAZORPAY PAYMENTS GATEWAY SETTLEMENT setl_00000074 UTR 900000003717
BL-000399,AR-INV-2026-000073,matchable_amount_mismatch,2026-07-25,24811500,NEFT CR KKBK0000812 900000009158 FROM ANANT INFRA SOLAR EPC HUB advance INR 248115.00
BL-000400,AR-INV-2026-000271,matchable,2026-07-25,28161800,UPI/HDFC0001234/187861250171/INV-2026-000271/lohipol@ybl/LOHIYA POLYMERS PVT LTD
BL-000401,AP-RT-2026-000414,matchable,2026-07-27,-27988200,RT-2026-000414 NEFT DR HDFC0001234 900000024087 FROM RAMAN DEEP POLYMERS COMPANY part paym
BL-000402,AP-VB-2026-000219,matchable,2026-07-27,-10042100,NEFT DR UTIB0002233 900000016090 FROM MERIDIAN WA  part payment INR 100421.00 VB-2026-0002
BL-000403,SETL-setl_00000076,gateway_settlement,2026-07-27,3199341,RAZORPAY PAYMENTS GATEWAY SETTLEMENT setl_00000076 UTR 900000003811
BL-000404,SETL-setl_00000075,gateway_settlement,2026-07-27,17510534,RAZORPAY PAYMENTS GATEWAY SETTLEMENT setl_00000075 UTR 900000003751
BL-000405,AR-INV-2026-000225,matchable,2026-07-27,39078900,UPI/HDFC0001234/834703889473/lohipol@okhdfcbank/LOHIYA POLYMERS P/INV-2026-000225
BL-000406,AR-INV-2026-000084,matchable,2026-07-27,44645900,NEFT CR ICIC0000429 900000009702 FROM ANANSOL EP against inv INR 446459.00 INV-2026-000084
BL-000407,AR-INV-2026-000517,matchable,2026-07-27,72746600,UPI/HDFC0001234/999846094625/INV-2026-000517/zeniele@ybl/ZENITH ONE
BL-000408,AR-INV-2026-000418,matchable,2026-07-27,80469400,NEFT CR HDFC0001234 900000024266 FROM SAPTAGIRI WATER TRE invoice settlement INR 804694.00
BL-000409,AR-INV-2026-000467,matchable,2026-07-27,92407800,UPI/HDFC0001234/588072318361/ramacon@okaxis/RAMAN DEEP CONVEYANCES PRIVATE LIMITED/INV-202
BL-000410,AR-INV-2026-000251,matchable,2026-07-27,208559100,INV-2026-000251 NEFT CR KKBK0000812 900000017298 FROM KARMPRI SOLU  amc renewal INR 208559
BL-000411,AR-INV-2026-000366,matchable,2026-07-27,349824100,INV-2026-000366 NEFT CR HDFC0001234 900000022227 FROM SAPTAGIRI WATER TREATMENT LLP materi
BL-000412,AP-VB-2026-000291,matchable,2026-07-28,-44618800,RTGS HDFC0001234 900000019009 SHREE BALAJI ELSCTRICALS & CO INR 446188.00 part payment VB-
BL-000413,AP-VB-2026-000131,matchable,2026-07-28,-40957600,NEFT DR ICIC0000429 900000011832 FROM RAMAN DEEP HARDWARE PRIVATE LIMITED milestone 2 INR 
BL-000414,AP-VB-2026-000410,matchable,2026-07-28,-34576900,NEFT DR KKBK0000812 900000023906 FROM RAMAN DEEP POLYMERS KOC milestone 2 INR 345769.00
BL-000415,AP-VB-2026-000412,matchable,2026-07-28,-23390200,NEFT DR HDFC0001234 900000023990 FROM RAMAN DEEP POLYMEMS against inv INR 233902.00 VB-202
BL-000416,AP-RT-2026-000194,matchable,2026-07-28,-15892900,RT-2026-000194 NEFT DR SBIN0000921 900000015204 FROM RAMAN DEEP HARDWARE PRIVATE LIMITED i
BL-000417,AP-VB-2026-000188,matchable,2026-07-28,-8728000,NEFT DR KKBK0000812 900000015055 FROM MERIDIAN WATER TREATMENT & CO invoice settlement INR
BL-000418,SETL-setl_00000077,gateway_settlement,2026-07-28,1250633,RAZORPAY PAYMENTS GATEWAY SETTLEMENT setl_00000077 UTR 900000003844
BL-000419,AR-INV-2026-000105,matchable,2026-07-28,8795500,UPI/HDFC0001234/869663137950/anancat@paytm/ANANT INFRA CATERING SERVICES PRIVATE LIMITED/I
BL-000420,AR-INV-2026-000306,matchable,2026-07-28,16803400,UPI/HDFC0001234/643419701006/INV-2026-000306/anancat@okhdfcbank/ANANT INFRA CATERING
BL-000421,AR-INV-2026-000401,matchable,2026-07-28,40374300,INV-2026-000401 NEFT CR ICIC0000429 900000023592 FROM INDUSLOOM ROOFING PRODUCTS NAG invoi
BL-000422,AR-INV-2026-000255,matchable,2026-07-28,88323300,UPI/HDFC0001234/190490247342/lohipol@ybl/LOHIYA POLYMERS PRIVATE LIMITED
BL-000423,AR-INV-2026-000443,matchable,2026-07-28,600000000,NEFT CR KKBK0000812 900000025427 FROM SAPTAGIRI WATER TREATM amc renewal INR 6000000.00
BL-000424,AP-RT-2026-000375,matchable,2026-07-29,-106103600,UPI/HDFC0001234/426291631631/RT-2026-000375/adissol@okaxis/ADISHAKTI SOLAR EPC COMPANY
BL-000425,AP-RT-2026-000460,matchable,2026-07-29,-68418400,NEFT DR HDFC0001234 900000026189 FROM RAMAN DEEP POLYMERS COMPANY security deposit INR 684
BL-000426,AP-RT-2026-000415,matchable,2026-07-29,-39069000,UPI/HDFC0001234/312033468588/RT-2026-000415/adissol@okaxis/ADISHAKTI SOLAR EPC COMPANY
BL-000427,AP-VB-2026-000407,matchable,2026-07-29,-20375100,CHQ CLG SAPTAGIRI MACHINE PARTS RAJ 
BL-000428,AP-RT-2026-000265,matchable,2026-07-29,-5347700,NEFT DR ICIC0000429 900000017842 FROM INDUSLOOM WAREHOUSING & CO against inv INR 53477.00 
BL-000429,AR-INV-2026-000241,matchable,2026-07-29,8384500,UPI/HDFC0001234/715089444569/lohipol@okaxis/LOHIYA POLYMERS PRIVAT
BL-000430,AR-INV-2026-000232,matchable,2026-07-29,13277700,UPI/HDFC0001234/441873362967/INV-2026-000232/lohipol@okaxis/LOHIYA POLYMERS PRIVATE LIMITE
BL-000431,SETL-setl_00000078,gateway_settlement,2026-07-29,14543583,RAZORPAY PAYMENTS GATEWAY SETTLEMENT setl_00000078 UTR 900000003905
BL-000432,AR-INV-2026-000445,matchable,2026-07-29,259881300,UPI/HDFC0001234/499053759594/INV-2026-000445/ramacon@ybl/RAMAN DEEP CONVEYANCES PV
BL-000433,AR-INV-2026-000419,matchable,2026-07-29,564266300,UPI/HDFC0001234/650274550463/INV-2026-000419/ramacon@okhdfcbank/RAMAN DEEP CONVEYANCES PRI
BL-000434,AP-RT-2026-000257,matchable,2026-07-30,-60865600,RTGS KKBK0000812 900000017527 SHREE BALAJI ELECTRICALS INR 608656.00 freight charges
BL-000435,AP-VB-2026-000390,matchable,2026-07-30,-57080200,CHQ CLG SAPTAGIRI MACHINT PARTS & CO VB-2026-000390
BL-000436,AP-VB-2026-000432,matchable,2026-07-30,-28518400,NEFT DR KKBK0000812 900000024926 FROM NALANDA RECYCLERS PRIVATE LIMITED freight charges IN
BL-000437,AR-INV-2026-000492,matchable,2026-07-30,5107800,NEFT CR SBIN0000921 900000027765 FROM TRIVIDATA WAREHOUSING LTD against inv INR 51078.00
BL-000438,SETL-setl_00000079,gateway_settlement,2026-07-30,11422698,RAZORPAY PAYMENTS GATEWAY SETTLEMENT setl_00000079 UTR 900000003999
BL-000439,AR-INV-2026-000261,matchable,2026-07-30,11637800,UPI/HDFC0001234/513136839817/anancat@okaxis/ANANT INFRA CATERING SERVI
BL-000440,AR-INV-2026-000508,matchable,2026-07-30,49806100,UPI/HDFC0001234/519830246752/zeniele@paytm/ZENITH ONE
BL-000441,AR-INV-2026-000583,matchable_amount_mismatch,2026-07-30,52832500,UPI/HDFC0001234/223859251659/zeniele@okaxis/ZENITH ONE ELECTRI/INV-2026-000583
BL-000442,AR-INV-2026-000429,matchable,2026-07-30,57287600,UPI/HDFC0001234/537899053155/INV-2026-000429/zeniele@ybl/ZENITH ONE ELECTRICALS & CO
BL-000443,AR-INV-2026-000510,matchable_amount_mismatch,2026-07-30,91374000,UPI/HDFC0001234/165367094858/INV-2026-000510/hirahar@okaxis/HIRANYAKA HARDWARE PVT LTD
BL-000444,AP-SALARY-202608-0,matchable,2026-07-31,-345000000,NEFT DR UTIB0002233 900000035816 FROM ACME INDUSTRIEX PAYROLL  against inv INR 3450000.00
BL-000445,AP-VB-2026-000391,matchable,2026-07-31,-61169700,UPI/HDFC0001234/101029677635/adissol@okhdfcbank/ADISHAKTI SOLAR EPC COMPANY/VB-2026-000391
BL-000446,AP-VB-2026-000242,matchable,2026-07-31,-45498400,CHQ CLG SAPTAGIRI MACHINE P VB-2026-000242
BL-000447,SETL-setl_00000080,gateway_settlement,2026-07-31,10804684,RAZORPAY PAYMENTS GATEWAY SETTLEMENT setl_00000080 UTR 900000004081
BL-000448,AR-INV-2026-000352,matchable,2026-07-31,24103200,NEFT CR UTIB0002233 900000021542 FROM EVERSTONE LOGISTICS LTD full and final INR 241032.00
BL-000449,AR-INV-2026-000472,matchable,2026-07-31,24170300,NEFT CR KKBK0000812 900000026917 FROM SHREE BALAJI RECYCLERS COMPANY invoice settlement IN
BL-000450,AR-INV-2026-000473,matchable,2026-07-31,29370000,UPI/HDFC0001234/450646316163/INV-2026-000473/hirahar@ybl/HIRANYAKA HARDWARE PVT LTD
BL-000451,AR-INV-2026-000157,matchable,2026-07-31,40376000,UPI/HDFC0001234/826141964439/anancat@okaxis/ANANT INFRA CATERING SERVICES RAJ
BL-000452,AR-INV-2026-000499,matchable,2026-07-31,97395600,RTGS ICIC0000429 900000028127 VAISHNAVI TEXTILES JAI INR 973956.00 against inv
BL-000453,AR-INV-2026-000466,matchable,2026-07-31,118707600,RTGS HDFC0001234 900000026592 VAISHNAVI TEXTILES INR 1187076.00 security deposit INV-2026-
BL-000454,AP-VB-2026-000358,matchable_amount_mismatch,2026-08-01,-32425500,NEFT DR SBIN0000921 900000021892 FROM VAISHNAVI LOGISTICS PVT LTD full and final INR 32425
BL-000455,AP-RT-2026-000177,matchable_amount_mismatch,2026-08-01,-26341100,NEFT DR ICIC0000429 900000014491 FROM RAMAN DEEP HARDWARE PRIVATE LIMITED part payment INR
BL-000456,AP-RT-2026-000230,matchable,2026-08-01,-8749900,NEFT DR UTIB0002233 900000016585 FROM INDUSLOOM WAREHOUSING & CO invoice settlement INR 87
BL-000457,SETL-setl_00000081,gateway_settlement,2026-08-01,8894366,RAZORPAY PAYMENTS GATEWAY SETTLEMENT setl_00000081 UTR 900000004102
BL-000458,AR-INV-2026-000507,matchable,2026-08-01,21834100,INV-2026-000507 NEFT CR UTIB0002233 900000028413 FROM SAPTAGIRI WATER TREATMENT COMPANY pa
BL-000459,AR-INV-2026-000444,matchable,2026-08-01,23667900,UPI/HDFC0001234/296830269824/ramacon@okaxis/RAMAN DEEP CONVEYA/INV-2026-000444
BL-000460,AR-INV-2026-000333,matchable,2026-08-01,41031100,NEFT CR ICIC0000429 900000020673 FROM TANSH MACHINE PARTS LTD milestone 2 INR 410311.00 IN
BL-000461,AR-INV-2026-000427,matchable,2026-08-01,42698400,NEFT CR HDFC0001234 900000024741 FROM EVERSTONE LOGISTICS COMPANY part payment INR 426984.
BL-000462,AR-INV-2026-000353,matchable,2026-08-01,54272000,UPI/HDFC0001234/794213569622/ramacon@ybl/RAMAN DEEP CONVE/INV-2026-000353
BL-000463,AR-INV-2026-000400,matchable,2026-08-01,61232600,NEFT CR ICIC0000429 900000023516 FROM EVERSTONE LOGISTICS LTD amc renewal INR 612326.00 IN
BL-000464,AP-EMI-202608-0,matchable,2026-08-03,-125000000,EMI-202608 NEFT DR ICIC0000429 900000035878 FROM STATE BANK EQUI part payment INR 1250000.
BL-000465,AP-RT-2026-000245,matchable,2026-08-03,-43209700,RTGS KKBK0000812 900000017069 SHREELE ELECTRICALS INR 432097.00 invoice settlement RT-2026
BL-000466,AP-RT-2026-000395,matchable,2026-08-03,-40156500,NEFT DR UTIB0002233 900000023401 FROM VAISHNAVI LOGISTICS LTD invoice settlement INR 40156
BL-000467,AP-RT-2026-000345,matchable,2026-08-03,-31674600,NEFT DR ICIC0000429 900000021166 FROM VAISHNAVI LOGISTICS KOC against inv INR 316746.00
BL-000468,AP-VB-2026-000368,matchable,2026-08-03,-24086800,NEFT DR SBIN0000921 900000022296 FROM MERIDIAN WATER TREATME material supply INR 240868.00
BL-000469,AP-VB-2026-000448,matchable,2026-08-03,-20559600,NEFT DR ICIC0000429 900000025733 FROM RAMAN DEEP POLYMERS PRIVATE LIMITED invoice settleme
BL-000470,AP-VB-2026-000450,matchable,2026-08-03,-20093000,VB-2026-000450 NEFT DR KKBK0000812 900000025814 FROM NALANDA RECYCLERS PRIVATE LIMITED adv
BL-000471,AP-VB-2026-000442,matchable_amount_mismatch,2026-08-03,-15473900,UPI/HDFC0001234/610044769070/adissol@okhdfcbank/ADISBAKTI SOLAR EPC COMPANY
BL-000472,AP-VB-2026-000322,matchable,2026-08-03,-3752900,NEFT DR SBIN0000921 900000020218 FROM MERIDIAN WAT invoice settlement INR 37529.00 VB-2026
BL-000473,AP-VB-2026-000176,matchable_amount_mismatch,2026-08-03,-3384300,NEFT DR UTIB0002233 900000014467 FROM MERIWAT TREATMENT invoice settlement INR 33843.00
BL-000474,SETL-setl_00000083,gateway_settlement,2026-08-03,7117833,RAZORPAY PAYMENTS GATEWAY SETTLEMENT setl_00000083 UTR 900000004221
BL-000475,SETL-setl_00000082,gateway_settlement,2026-08-03,9498125,RAZORPAY PAYMENTS GATEWAY SETTLEMENT setl_00000082 UTR 900000004178
BL-000476,AR-INV-2026-000293,matchable,2026-08-03,12778600,UPI/HDFC0001234/797834575595/INV-2026-000293/lohipol@paytm/LOHIYA POLYMERS PRIVATE LIMITED
BL-000477,AR-INV-2026-000516,matchable,2026-08-03,33447500,NEFT CR KKBK0000812 900000028819 FROM TRIVIDATA  freight charges INR 334475.00 INV-2026-00
BL-000478,AR-INV-2026-000295,matchable,2026-08-03,50547500,UPI/HDFC0001234/733290281540/lohipol@paytm/LOHIYA POLYMERS PRIVATE LIMITED/INV-2026-000295
BL-000479,AR-INV-2026-000498,matchable,2026-08-03,57664000,RTGS KKBK0000812 900000028050 VAISHNAVI TEXTI INR 576640.00 part payment
BL-000480,AR-INV-2026-000463,matchable,2026-08-03,61999500,INV-2026-000463 NEFT CR KKBK0000812 900000026324 FROM INDUSLOOM ROOFING PRODUCTS PVT LTD i
BL-000481,AR-INV-2026-000474,matchable,2026-08-03,91755300,RTGS HDFC0001234 900000027030 VAISHNAVI  INR 917553.00 amc renewal INV-2026-000474
BL-000482,AR-INV-2026-000493,matchable,2026-08-03,114849400,INV-2026-000493 NEFT CR KKBK0000812 900000027767 FROM SAPTAGIRI WATER TREATMENT RAJ full a
BL-000483,AP-RT-2026-000451,matchable,2026-08-04,-28380900,UPI/HDFC0001234/811940854351/RT-2026-000451/adissol@paytm/ADISHAKTI SOLAR EPC COMPANY
BL-000484,AP-VB-2026-000408,matchable,2026-08-04,-23121800,CHQ CLG SAPTAGIRI MACHXNE PARTS & CO VB-2026-000408
BL-000485,AP-RT-2026-000231,matchable_amount_mismatch,2026-08-04,-18188600,RT-2026-000231 NEFT DR ICIC0000429 900000016661 FROM RAMAN DEEP HARDWARE freight charges I
BL-000486,AR-INV-2026-000542,matchable,2026-08-04,6107900,UPI/HDFC0001234/460554444895/hirahar@okaxis/HIRANYAKA HARDWARE PVT LTD
BL-000487,AP-RENT-202608-0,matchable,2026-08-05,-78000000,NEFT DR ICIC0000429 900000035820 FROM SKYLINE ESTATES  amc renewal INR 780000.00 RENT-2026
BL-000488,,expected_unmatched_duplicate,2026-08-05,-78000000,NEFT DR ICIC0000429 900000035820 FROM SKYLINE ESTATES  amc renewal INR 780000.00 RENT-2026
BL-000489,AP-RT-2026-000485,matchable,2026-08-05,-10405400,NEFT DR HDFC0001234 900000027464 FROM NALANDA RECYCLERS LTD freight charges INR 104054.00 
BL-000490,AP-VB-2026-000262,matchable,2026-08-05,-4791700,NEFT DR UTIB0002233 900000017666 FROM INDUSLOOM WAREHOUSING COMPANY invoice settlement INR
BL-000491,AR-INV-2026-000228,matchable,2026-08-05,8782500,UPI/HDFC0001234/609847258278/anancat@ybl/ANANT INFRA CATERING SERVICES RAJ
BL-000492,SETL-setl_00000084,gateway_settlement,2026-08-05,14973913,RAZORPAY PAYMENTS GATEWAY SETTLEMENT setl_00000084 UTR 900000004309
BL-000493,AR-INV-2026-000260,matchable,2026-08-05,16455800,UPI/HDFC0001234/439135582751/anancat@paytm/ANANT INFRA CAFERING SERVICES PRIVATE LIMITED/I
BL-000494,AR-INV-2026-000580,matchable,2026-08-05,17503200,INV-2026-000580 NEFT CR HDFC0001234 900000031427 FROM SHREE BALAJI RECYCLERS COMPANY full 
BL-000495,AR-INV-2026-000363,matchable_amount_mismatch,2026-08-05,23597700,NEFT CR SBIN0000921 900000022066 FROM KARMAN PRINT SOLUTIONS P invoice settlement INR 2359
BL-000496,AR-INV-2026-000138,matchable,2026-08-05,36540000,NEFT CR ICIC0000429 900000012317 FROM ANANSOL EP security deposit INR 365400.00
BL-000497,AR-INV-2026-000250,matchable,2026-08-05,38813000,UPI/HDFC0001234/627175205184/INV-2026-000250/anancat@okhdfcbank/ANANT INFRA CATERING SERVI
BL-000498,AR-INV-2026-000475,matchable,2026-08-05,122878800,RTGS HDFC0001234 900000027077 VAISHNAVI TEXTILES LLP INR 1228788.00 freight charges
BL-000499,AR-INV-2026-000539,matchable,2026-08-06,10564100,INV-2026-000539 NEFT CR UTIB0002233 900000029824 FROM SHREE BALAJ freight charges INR 1056
BL-000500,SETL-setl_00000085,gateway_settlement,2026-08-06,11709741,RAZORPAY PAYMENTS GATEWAY SETTLEMENT setl_00000085 UTR 900000004312
BL-000501,AR-INV-2026-000288,matchable,2026-08-06,19026500,UPI/HDFC0001234/970046801053/lohipol@okhdfcbank/LOHIYA POLYM
BL-000502,AR-INV-2026-000139,matchable,2026-08-06,68871200,NEFT CR HDFC0001234 900000012402 FROM ANANT INFRA SOLAR invoice settlement INR 688712.00
BL-000503,AP-VB-2026-000220,matchable,2026-08-07,-45190700,NEFT DR ICIC0000429 900000016116 FROM RAMAN DEEP HARD milestone 2 INR 451907.00 VB-2026-00
BL-000504,AP-RT-2026-000452,matchable,2026-08-07,-18053600,RT-2026-000452 NEFT DR KKBK0000812 900000025907 FROM VAISHNAVI LOGI full and final INR 180
BL-000505,AP-RT-2026-000393,matchable,2026-08-07,-8654800,NEFT DR ICIC0000429 900000023318 FROM MERIDIAN WAT  material supply INR 86548.00
BL-000506,SETL-setl_00000086,gateway_settlement,2026-08-07,13934865,RAZORPAY PAYMENTS GATEWAY SETTLEMENT setl_00000086 UTR 900000004374
BL-000507,AR-INV-2026-000164,matchable,2026-08-07,16431300,NEFT CR SBIN0000921 900000013825 FROM ANANTRINFRA SOLAR EPC LTD material supply INR 164313
BL-000508,AR-INV-2026-000534,matchable,2026-08-07,20572300,NEFT CR HDFC0001234 900000029600 FROM TRIVIDATA WAREHOUSING HUB advance INR 205723.00
BL-000509,AR-INV-2026-000437,matchable,2026-08-07,21277200,NEFT CR UTIB0002233 900000025140 FROM TANSH MACHINE PARTS LTD security deposit INR 212772.
BL-000510,AR-INV-2026-000462,matchable,2026-08-07,24945500,NEFT CR HDFC0001234 900000026295 FROM TANSH MACHINE PARTS PUN freight charges INR 249455.0
BL-000511,AR-INV-2026-000592,matchable,2026-08-07,29296000,UPI/HDFC0001234/389366110789/INV-2026-000592/zeniele@paytm/ZENITH ONE ELECTRICALS JAI
BL-000512,AR-INV-2026-000541,matchable,2026-08-07,44124500,RTGS SBIN0000921 900000029917 VAISHNAVI TEXTI INR 441245.00 against inv INV-2026-000541
BL-000513,AR-INV-2026-000536,matchable,2026-08-07,105578000,NEFT CR KKBK0000812 900000029656 FROM SAPTAGIRI WATER TREATMENT LLP amc renewal INR 105578
BL-000514,AR-INV-2026-000446,matchable,2026-08-07,111431500,UPI/HDFC0001234/243962083157/ramacon@okhdfcbank/RAMAN DEEP CONVEYANCES PRIVATE LIMITED/INV
BL-000515,AR-INV-2026-000564,matchable,2026-08-07,119507000,NEFT CR SBIN0000921 900000030738 FROM SAPTAGIRI WATER TREATMENT & CO amc renewal INR 11950
BL-000516,AP-VB-2026-000469,matchable,2026-08-08,-33532500,VB-2026-000469 NEFT DR SBIN0000921 900000026793 FROM RAMAN DEEP POLYMERS COMPANY freight c
BL-000517,AP-VB-2026-000545,matchable,2026-08-08,-24534600,NEFT DR UTIB0002233 900000030076 FROM KARMAN CONV full and final INR 245346.00 VB-2026-000
BL-000518,AP-RT-2026-000370,matchable,2026-08-08,-18396500,CHQ CLG SAPTAGIRI MACHIN RT-2026-000370
BL-000519,AP-RT-2026-000459,matchable,2026-08-08,-17763200,UPI/HDFC0001234/449397709382/adissol@paytm/ADISSOL EPC/RT-2026-000459
BL-000520,AP-VB-2026-000478,matchable,2026-08-08,-16987300,CHQ CLG SAPTAGIRI  
BL-000521,AR-INV-2026-000122,matchable,2026-08-08,12889000,UPI/HDFC0001234/171939869579/INV-2026-000122/anancat@ybl/ANANT INFRA CATERING SERVICES PRI
BL-000522,SETL-setl_00000087,gateway_settlement,2026-08-08,13963535,RAZORPAY PAYMENTS GATEWAY SETTLEMENT setl_00000087 UTR 900000004459
BL-000523,AR-INV-2026-000193,matchable,2026-08-08,15835300,NEFT CR SBIN0000921 900000015171 FROM ANANT INFRA SOLAR EPC HUB against inv INR 158353.00
BL-000524,AR-INV-2026-000373,matchable,2026-08-08,27121900,NEFT CR HDFC0001234 900000022556 FROM KARMAN XRINT SOLUTIONS PRIVATE LIMITED full and fina
BL-000525,AR-INV-2026-000570,matchable_amount_mismatch,2026-08-08,127064400,UPI/HDFC0001234/825269068789/ramacon@ybl/RAMAN DEEP CONVEYANCES HUB/INV-2026-000570
BL-000526,AP-RT-2026-000394,matchable,2026-08-10,-105878400,RTGS SBIN0000921 900000023368 SHREE BALAJI ELECTRIC INR 1058784.00 against inv RT-2026-000
BL-000527,AP-RT-2026-000579,matchable,2026-08-10,-42438900,NEFT DR ICIC0000429 900000031337 FROM NALANDA RECYCLERS COI part payment INR 424389.00
BL-000528,AP-VB-2026-000310,matchable,2026-08-10,-38922500,NEFT DR HDFC0001234 900000019602 FROM INDUSLOOM W  material supply INR 389225.00
BL-000529,AP-VB-2026-000468,matchable,2026-08-10,-38845200,CHQ CLG SAPTAGIRI MACHIME PARTS & CO 
BL-000530,AP-RT-2026-000481,matchable,2026-08-10,-34765400,NEFT DR UTIB0002233 900000027461 FROM RAMAN DEEP POLYMERS COMPANY full and final INR 34765
BL-000531,AP-RT-2026-000318,matchable,2026-08-10,-11156600,RT-2026-000318 NEFT DR ICIC0000429 900000020091 FROM MERIDIAN WATER TREATMENT PRIVATE LI a
BL-000532,AP-RT-2026-000514,matchable,2026-08-10,-10769500,NEFT DR KKBK0000812 900000028737 FROM NALANDA RECYCLERS LTD security deposit INR 107695.00
BL-000533,AP-RT-2026-000413,matchable,2026-08-10,-7121300,NEFT DR KKBK0000812 900000023993 FROM MERIDIAN WATER TREATMENT & CO material supply INR 71
BL-000534,SETL-setl_00000089,gateway_settlement,2026-08-10,2644927,RAZORPAY PAYMENTS GATEWAY SETTLEMENT setl_00000089 UTR 900000004602
BL-000535,AR-INV-2026-000519,matchable,2026-08-10,6154200,UPI/HDFC0001234/298774052324/INV-2026-000519/hirahar@okaxis/HIRANYAKA 
BL-000536,AR-INV-2026-000610,matchable,2026-08-10,9210800,NEFT CR HDFC0001234 900000032256 FROM SHREE BALAJI RECYCLERS COMPANY part payment INR 9210
BL-000537,SETL-setl_00000088,gateway_settlement,2026-08-10,11323225,RAZORPAY PAYMENTS GATEWAY SETTLEMENT setl_00000088 UTR 900000004553
BL-000538,AR-INV-2026-000217,matchable,2026-08-10,13916400,NEFT CR HDFC0001234 900000015936 FROM ANANT INFRA SOLAR EPC LTD amc renewal INR 139164.00 
BL-000539,AR-INV-2026-000521,matchable,2026-08-10,15146500,NEFT CR SBIN0000921 900000029074 FROM TANSH MACHINE PAR security deposit INR 151465.00
BL-000540,AR-INV-2026-000566,matchable_amount_mismatch,2026-08-10,15958800,UPI/HDFC0001234/321830542367/zeniele@okaxis/ZENITH ONE ELECTRICALS & CO/INV-2026-000566
BL-000541,AR-INV-2026-000571,matchable,2026-08-10,23567500,NEFT CR ICIC0000429 900000031133 FROM TRIVIDATA WAREHOUSING LTD security deposit INR 23567
BL-000542,AR-INV-2026-000529,matchable,2026-08-10,26994200,NEFT CR UTIB0002233 900000029457 FROM INDUSLOOM ROOFING PRODUCTS PVT LTD amc renewal INR 2
BL-000543,AR-INV-2026-000471,matchable,2026-08-10,50200000,UPI/HDFC0001234/644164898979/hirahar@okhdfcbank/HIRANYAKA HARDWARE LTD
BL-000544,AR-INV-2026-000476,matchable,2026-08-10,78158000,NEFT CR ICIC0000429 900000027168 FROM TANSH MACHINE PARTS PUN invoice settlement INR 78158
BL-000545,AR-INV-2026-000528,matchable,2026-08-10,82724400,UPI/HDFC0001234/550753559174/INV-2026-000528/hirahar@okaxis/HIRANYAKA HARDWARE PVT LTD
BL-000546,AR-INV-2026-000403,matchable,2026-08-10,110100200,NEFT CR UTIB0002233 900000023658 FROM KARMAN PRINT SOLUTIONS PRIVATE LIMITED material supp
BL-000547,AP-RT-2026-000470,matchable,2026-08-11,-5727500,NEFT DR ICIC0000429 900000026821 FROM MERIDIAN WATER TREATMENT & CO full and final INR 572
BL-000548,,expected_unmatched_duplicate,2026-08-11,-5727500,NEFT DR ICIC0000429 900000026821 FROM MERIDIAN WATER TREATMENT & CO full and final INR 572
BL-000549,AP-VB-2026-000359,matchable,2026-08-11,-5526500,NEFT DR SBIN0000921 900000021962 FROM MERIDIAN WATE amc renewal INR 55265.00 VB-2026-00035
BL-000550,AR-INV-2026-000668,matchable,2026-08-11,7533300,NEFT CR UTIB0002233 900000033569 FROM SHREE BALAJI RECY material supply INR 75333.00 INV-2
BL-000551,AR-INV-2026-000523,matchable,2026-08-11,18830100,NEFT CR UTIB0002233 900000029231 FROM EVERSTONE LOGISTICS PRIVATE LIMITED material supply 
BL-000552,AP-RT-2026-000256,matchable,2026-08-12,-77302500,NEFT DR UTIB0002233 900000017457 FROM RAMAN DEEP HARDWARE PRIVATE LIMITED full and final I
BL-000553,AP-RT-2026-000568,matchable,2026-08-12,-29991900,NEFT DR HDFC0001234 900000030934 FROM RAMAN DEEP POLYMERS COMPANY security deposit INR 299
BL-000554,AP-VB-2026-000465,matchable,2026-08-12,-24084600,CHQ CLG SAPTAGIRI MACHINE PARTS & CO VB-2026-000465
BL-000555,AP-RT-2026-000281,matchable,2026-08-12,-12776900,RT-2026-000281 NEFT DR ICIC0000429 900000018487 FROM RAMAN DEEP HARDWARE PRIVATE LIMITED f
BL-000556,SETL-setl_00000090,gateway_settlement,2026-08-12,8787837,RAZORPAY PAYMENTS GATEWAY SETTLEMENT setl_00000090 UTR 900000004630
BL-000557,AR-INV-2026-000292,matchable,2026-08-12,22439200,UPI/HDFC0001234/697103488073/anancat@ybl/ANANT INFRA CATERING SERVICES PRIVATE LIMITED
BL-000558,AR-INV-2026-000371,matchable,2026-08-12,28690200,UPI/HDFC0001234/166924265285/lohipol@paytm/LOHIYV POLYMERS PRIVATE LIMITED
BL-000559,AR-INV-2026-000535,matchable,2026-08-12,38939000,NEFT CR ICIC0000429 900000029612 FROM INDUSLOOM ROOFING PRODUCTS PVT LTD milestone 2 INR 3
BL-000560,AR-INV-2026-000530,matchable,2026-08-12,89804200,NEFT CR UTIB0002233 900000029520 FROM INDUSLOOM ROOFING PRODUCTS & CO security deposit INR
BL-000561,AP-VB-2026-000494,matchable,2026-08-13,-39671100,NEFT DR ICIC0000429 900000027848 FROM VAISHNAVI LOGISTICS LTD invoice settlement INR 39671
BL-000562,AP-RT-2026-000298,matchable,2026-08-13,-4189000,RT-2026-000298 NEFT DR HDFC0001234 900000019200 FROM INDUSLOOM WAREHOUSISG & CO against in
BL-000563,SETL-setl_00000091,gateway_settlement,2026-08-13,12080089,RAZORPAY PAYMENTS GATEWAY SETTLEMENT setl_00000091 UTR 900000004697
BL-000564,AR-INV-2026-000565,matchable,2026-08-13,13538400,NEFT CR UTIB0002233 900000030746 FROM SHREE BALAJIWRECYCLERS COMPANY advance INR 135384.00
BL-000565,AR-INV-2026-000491,matchable,2026-08-13,15413900,INV-2026-000491 NEFT CR KKBK0000812 900000027715 FROM TANSMAC PA security deposit INR 1541
BL-000566,AR-INV-2026-000433,matchable,2026-08-13,46372200,UPI/HDFC0001234/682471609663/anancat@paytm/ANANT INFRA CATERING SERVICES PRIVATE LIMITED
BL-000567,AR-INV-2026-000496,matchable,2026-08-13,84022900,NEFT CR KKBK0000812 900000027982 FROM EVERSTONE LOGISTICS LTD invoice settlement INR 84022
BL-000568,AR-INV-2026-000509,matchable,2026-08-13,101264700,UPI/HDFC0001234/433729114215/ramacon@ybl/RAMAN DEEP CONVEYANCES PRIVATE LIMITED/INV-2026-0
BL-000569,AR-INV-2026-000593,matchable_amount_mismatch,2026-08-13,185228100,INV-2026-000593 NEFT CR KKBK0000812 900000031821 FROM SAPTWAT TREATMENT  freight charges I
BL-000570,AP-VB-2026-000301,matchable,2026-08-14,-92281500,VB-2026-000301 NEFT DR ICIC0000429 900000019289 FROM RAMAN DEEP HARDWARE PR material suppl
BL-000571,AP-VB-2026-000559,matchable,2026-08-14,-57891200,NEFT DR ICIC0000429 900000030548 FROM RAMIN DEEP POLYMERS COMPANY against inv INR 578912.0
BL-000572,AP-RT-2026-000653,matchable,2026-08-14,-29812900,NEFT DR SBIN0000921 900000033440 FROM KARMAN CONVEYANCES PVT LTD milestone 2 INR 298129.00
BL-000573,,expected_unmatched_duplicate,2026-08-14,-29812900,NEFT DR SBIN0000921 900000033440 FROM KARMAN CONVEYANCES PVT LTD milestone 2 INR 298129.00
BL-000574,AP-RT-2026-000526,matchable,2026-08-14,-24905600,RT-2026-000526 NEFT DR SBIN0000921 900000029263 FROM NALANDA RECYCLERS LTD material supply
BL-000575,SETL-setl_00000092,gateway_settlement,2026-08-14,4365290,RAZORPAY PAYMENTS GATEWAY SETTLEMENT setl_00000092 UTR 900000004744
BL-000576,AP-VB-2026-000544,matchable,2026-08-17,-66485100,VB-2026-000544 NEFT DR KKBK0000812 900000030004 FROM RAMAN DEEP POLYMERS COMPANY material 
BL-000577,AP-VB-2026-000627,matchable,2026-08-17,-59577700,VB-2026-000627 NEFT DR HDFC0001234 900000032768 FROM RAMAN DEEP POLYMERS PVT LTD milestone
BL-000578,AP-RT-2026-000430,matchable,2026-08-17,-51377300,RT-2026-000430 RTGS KKBK0000812 900000024828 SHREE BALAJI ELECTRICALS LLP INR 513773.00 am
BL-000579,AP-RT-2026-000575,matchable,2026-08-17,-36644700,RT-2026-000575 NEFT DR HDFC0001234 900000031220 FROM KARMAN CONVEYANCES PVT LTD amc renewa
BL-000580,AP-RT-2026-000617,matchable,2026-08-17,-31282200,NEFT DR HDFC0001234 900000032311 FROM KARMAN CONVEYANCES FAR milestone 2 INR 312822.00
BL-000581,AP-RT-2026-000525,matchable,2026-08-17,-17416000,UPI/HDFC0001234/911910354948/adissol@paytm/ADISHAKTI SFLAR EPC COMPANY
BL-000582,AP-RT-2026-000423,matchable,2026-08-17,-16041400,RT-2026-000423 NEFT DR KKBK0000812 900000024609 FROM MERIDIAN WATER TREATMENT PRIVATE LIMI
BL-000583,AP-VB-2026-000379,matchable,2026-08-17,-5593900,NEFT DR HDFC0001234 900000022746 FROM INDUSLOOM WAREHOUSING LTD invoice settlement INR 559
BL-000584,SETL-setl_00000095,gateway_settlement,2026-08-17,5702253,RAZORPAY PAYMENTS GATEWAY SETTLEMENT setl_00000095 UTR 900000004858
BL-000585,SETL-setl_00000093,gateway_settlement,2026-08-17,13508181,RAZORPAY PAYMENTS GATEWAY SETTLEMENT setl_00000093 UTR 900000004802
BL-000586,AR-INV-2026-000552,matchable,2026-08-17,15122900,UPI/HDFC0001234/427427363839/hirahar@okaxis/HIRANYAKA HARDWARE PUN
BL-000587,SETL-setl_00000094,gateway_settlement,2026-08-17,17155895,RAZORPAY PAYMENTS GATEWAY SETTLEMENT setl_00000094 UTR 900000004845
BL-000588,AR-INV-2026-000537,matchable,2026-08-17,25328300,NEFT CR UTIB0002233 900000029719 FROM INDUSLOOM ROOFING PRODUCTS PVT LTD advance INR 25328
BL-000589,AR-INV-2026-000518,matchable,2026-08-17,25994600,UPI/HDFC0001234/863290411395/zeniele@okaxis/ZENITH ONE ELECTRICALS & CO/INV-2026-000518
BL-000590,AR-INV-2026-000382,matchable,2026-08-17,27560600,INV-2026-000382 NEFT CR UTIB0002233 900000022784 FROM KARMAN PRINT SOLUTIONS PRIVATE LIMIT
BL-000591,AR-INV-2026-000383,matchable,2026-08-17,30022600,UPI/HDFC0001234/113078897312/INV-2026-000383/lohipol@ybl/LOHIYA POLYMERS PRIVATE LIMITED
BL-000592,AR-INV-2026-000551,matchable,2026-08-17,36222200,NEFT CR HDFC0001234 900000030250 FROM EVERSTONE LOG material supply INR 362222.00 INV-2026
BL-000593,AR-INV-2026-000505,matchable,2026-08-17,44118800,INV-2026-000505 NEFT CR ICIC0000429 900000028322 FROM INDUSAOOM ROOFING amc renewal INR 44
BL-000594,AR-INV-2026-000522,matchable,2026-08-17,46897700,NEFT CR SBIN0000921 900000029153 FROM TANSH MACHINE against inv INR 468977.00
BL-000595,AR-INV-2026-000614,matchable,2026-08-17,48569700,UPI/HDFC0001234/532835328671/zeniele@okaxis/ZENITH ONE ELECTRICALS & CO/INV-2026-000614
BL-000596,AR-INV-2026-000643,matchable,2026-08-17,55260200,NEFT CR HDFC0001234 900000033202 FROM TRIVIDATA WAREHOUSING LTD freight charges INR 552602
BL-000597,,expected_unmatched_duplicate,2026-08-17,55260200,NEFT CR HDFC0001234 900000033202 FROM TRIVIDATA WAREHOUSING LTD freight charges INR 552602
BL-000598,AR-INV-2026-000388,matchable,2026-08-17,81685000,NEFT CR SBIN0000921 900000023010 FROM KARMAN PRINT SOLUTIONS COI part payment INR 816850.0
BL-000599,AR-INV-2026-000328,matchable,2026-08-17,102495900,NEFT CR ICIC0000429 900000020605 FROM KARMAN PRINT SOLUTIONS PRIVATE LIMITED milestone 2 I
BL-000600,AP-VB-2026-000440,matchable,2026-08-18,-49792800,RTGS UTIB0002233 900000025255 SHREE BALAJI ELECTRICALS & CO INR 497928.00 milestone 2 VB-2
BL-000601,AR-INV-2026-000644,matchable,2026-08-18,12620800,NEFT CR ICIC0000429 900000033282 FROM SHREREC RECYCLYRS  full and final INR 126208.00
BL-000602,AR-INV-2026-000434,matchable,2026-08-18,18906800,UPI/HDFC0001234/496779727877/lohipol@okhdfcbank/LOHIYA POLYMERS PRIVATE LIMITED
BL-000603,AR-INV-2026-000562,matchable,2026-08-18,37473400,UPI/HDFC0001234/512102981671/ramacon@okhdfcbank/RAMAN DEEP CONVEYANCES PRIVATE LIMITED
BL-000604,AP-RT-2026-000325,matchable,2026-08-19,-37539100,NEFT DR ICIC0000429 900000020427 FROM RAMAN DEEP HARDWARE PRIVATE LIMITED full and final I
BL-000605,AP-RT-2026-000619,matchable,2026-08-19,-15201700,NEFT DR SBIN0000921 900000032431 FROM RAMAN DEEP POLYMERS COMPANY freight charges INR 1520
BL-000606,AR-INV-2026-000563,matchable,2026-08-19,5051600,NEFT CR HDFC0001234 900000030667 FROM EVERSTONE LOGISTICS PVT LTD amc renewal INR 50516.00
BL-000607,SETL-setl_00000096,gateway_settlement,2026-08-19,10437621,RAZORPAY PAYMENTS GATEWAY SETTLEMENT setl_00000096 UTR 900000004927
BL-000608,AR-INV-2026-000240,matchable,2026-08-19,22249300,NEFT CR HDFC0001234 900000016939 FROM ANANT INFRA SOLAR  security deposit INR 222493.00 IN
BL-000609,AR-INV-2026-000553,matchable,2026-08-19,34507700,INV-2026-000553 NEFT CR HDFC0001234 900000030276 FROM TANSH MACHINE PAUTS & CO freight cha
BL-000610,AR-INV-2026-000287,matchable,2026-08-19,54645300,NEFT CR HDFC0001234 900000018829 FROM ANANT INFRA SOLARZEPC & CO material supply INR 54645
BL-000611,AR-INV-2026-000622,matchable,2026-08-19,600000000,NEFT CR HDFC0001234 900000032538 FROM SAPTAGIRI WATER TREATMENT LLP material supply INR 60
BL-000612,AP-VB-2026-000441,matchable,2026-08-20,-1567900,NEFT DR ICIC0000429 900000025339 FROM INDUSLOOM WAREHOUSING LLP advance INR 15679.00 VB-20
BL-000613,SETL-setl_00000097,gateway_settlement,2026-08-20,6810644,RAZORPAY PAYMENTS GATEWAY SETTLEMENT setl_00000097 UTR 900000004980
BL-000614,AR-INV-2026-000601,matchable_amount_mismatch,2026-08-20,39574900,INV-2026-000601 NEFT CR HDFC0001234 900000031971 FROM TRIVIDATA WAREHOUSING HUB security d
BL-000615,AR-INV-2026-000582,matchable,2026-08-20,51322700,NEFT CR ICIC0000429 900000031554 FROM SAPTAGIRI WATER TR amc renewal INR 513227.00
BL-000616,AP-VB-2026-000671,matchable,2026-08-21,-65586500,NEFT DR UTIB0002233 900000033652 FROM RAMAN DEEP POLYMER advance INR 655865.00 VB-2026-000
BL-000617,AP-RT-2026-000606,matchable,2026-08-21,-31441700,NEFT DR KKBK0000812 900000032061 FROM NALANDA RECYCLERS LTD full and final INR 314417.00 R
BL-000618,AP-RT-2026-000556,matchable,2026-08-21,-27409700,UPI/HDFC0001234/251999460499/adissol@paytm/ADISHAKTI SOLAR E/RT-2026-000556
BL-000619,AP-RT-2026-000618,matchable,2026-08-21,-22577900,NEFT DR ICIC0000429 900000032336 FROM RAMAN DEEP POLYMERS PVT LTD security deposit INR 225
BL-000620,AP-VB-2026-000555,matchable,2026-08-21,-12291700,NEFT DR HDFC0001234 900000030380 FROM VAISLOG LOGISTICS milestone 2 INR 122917.00
BL-000621,AP-VB-2026-000607,matchable,2026-08-21,-8063600,NEFT DR UTIB0002233 900000032090 FROM NALAREC RECYCLERS full and final INR 80636.00
BL-000622,SETL-setl_00000098,gateway_settlement,2026-08-21,13219856,RAZORPAY PAYMENTS GATEWAY SETTLEMENT setl_00000098 UTR 900000005070
BL-000623,AR-INV-2026-000248,matchable,2026-08-21,39477000,NEFT CR UTIB0002233 900000017201 FROM ANANT INFR material supply INR 394770.00
BL-000624,AP-VB-2026-000348,matchable,2026-08-22,-38596100,VB-2026-000348 NEFT DR ICIC0000429 900000021359 FROM RAMAN DEEP HARDWARE PRIVATE LIMITED a
BL-000625,AP-VB-2026-000577,matchable,2026-08-22,-18176100,UPI/HDFC0001234/248604482488/adissol@paytm/ADISHAKTI SOLAR EPC COMPANY
BL-000626,AP-RT-2026-000557,matchable,2026-08-22,-17834700,NEFT DR SBIN0000921 900000030460 FROM VAISLOG LOGI amc renewal INR 178347.00
BL-000627,AP-VB-2026-000449,matchable,2026-08-22,-14866700,NEFT DR UTIB0002233 900000025803 FROM INDUSLOOM WAREHOU full and final INR 148667.00
BL-000628,AP-VB-2026-000567,matchable,2026-08-22,-14631600,VB-2026-000567 NEFT DR ICIC0000429 900000030902 FROM VAISHNAVI HOGISTICS LTD material supp
BL-000629,SETL-setl_00000099,gateway_settlement,2026-08-22,8418811,RAZORPAY PAYMENTS GATEWAY SETTLEMENT setl_00000099 UTR 900000005086
BL-000630,AR-INV-2026-000595,matchable,2026-08-22,21640700,UPI/HDFC0001234/774395394994/INV-2026-000595/zeniele@paytm/ZENITH ONE ELECTRICALS & CO
BL-000631,AR-INV-2026-000608,matchable,2026-08-22,41980600,NEFT CR HDFC0001234 900000032185 FROM SAPTAGIRI WATER TREATMENT PRI material supply INR 41
BL-000632,AP-VB-2026-000682,matchable,2026-08-24,-52876400,NEFT DR KKBK0000812 900000034014 FROM RAMAN DEEP PO full and final INR 528764.00 VB-2026-0
BL-000633,AP-VB-2026-000637,matchable,2026-08-24,-46408500,NEFT DR SBIN0000921 900000032952 FROM RAMAN DEEP P milestone 2 INR 464085.00
BL-000634,AP-VB-2026-000629,matchable,2026-08-24,-21620000,VB-2026-000629 NEFT DR UTIB0002233 900000032885 FROM KARMAN CONVEYANCES part payment INR 2
BL-000635,AP-RT-2026-000337,matchable,2026-08-24,-3854800,NEFT DR SBIN0000921 900000020858 FROM MERIWAT TREATMENT material supply INR 38548.00
BL-000636,AR-INV-2026-000540,matchable,2026-08-24,6127800,NEFT CR KKBK0000812 900000029899 FROM SHREE BALAJIXRECYCLERS COMPANY amc renewal INR 61278
BL-000637,AR-INV-2026-000316,matchable_amount_mismatch,2026-08-24,12441300,INV-2026-000316 NEFT CR KKBK0000812 900000019933 FROM ANANT INFRA SOLAR EPC LTD material s
BL-000638,SETL-setl_00000100,gateway_settlement,2026-08-24,13752245,RAZORPAY PAYMENTS GATEWAY SETTLEMENT setl_00000100 UTR 900000005099
BL-000639,AR-INV-2026-000768,matchable_amount_mismatch,2026-08-24,22901400,NEFT CR UTIB0002233 900000035193 FROM SHREE BALAJI RECYCLERS & CO part payment INR 229014.
BL-000640,AR-INV-2026-000511,matchable,2026-08-24,29894000,NEFT CR UTIB0002233 900000028621 FROM TANSH MACHINE PA invoice settlement INR 298940.00
BL-000641,AR-INV-2026-000581,matchable,2026-08-24,30043200,INV-2026-000581 NEFT CR UTIB0002233 900000031489 FROM TANSH MACH  advance INR 300432.00
BL-000642,AR-INV-2026-000538,matchable,2026-08-24,38022000,INV-2026-000538 NEFT CR SBIN0000921 900000029729 FROM TANSH MACHINE PARTS LLP part payment
BL-000643,AR-INV-2026-000621,matchable,2026-08-24,50172800,UPI/HDFC0001234/531192502890/hirahar@ybl/HIRANYAKANHARD
BL-000644,AR-INV-2026-000573,matchable,2026-08-24,130956700,UPI/HDFC0001234/858758101747/INV-2026-000573/ramacon@okaxis/RAMAN DEEP CONVEYANCES LTD
BL-000645,AR-INV-2026-000277,matchable,2026-08-24,132645400,NEFT CR SBIN0000921 900000018328 FROM ANANSOC EPC material supply INR 1326454.00 INV-2026-
BL-000646,AP-VB-2026-000543,matchable,2026-08-25,-36010000,VB-2026-000543 RTGS ICIC0000429 900000029973 SHREE BALAJI ELECTRI INR 360100.00 against in
BL-000647,AP-RT-2026-000597,matchable,2026-08-25,-25854200,RT-2026-000597 CHQ CLG SAPTAGIRI MACHINE PA RT-2026-000597
BL-000648,AP-VB-2026-000795,matchable,2026-08-25,-23179100,VB-2026-000795 NEFT DR HDFC0001234 900000035232 FROM KARMAN CONVEYANCES PVT LTD security d
BL-000649,AP-VB-2026-000641,matchable_amount_mismatch,2026-08-25,-19371000,NEFT DR KKBK0000812 900000033116 FROM NALAREC RECY material supply INR 193710.00
BL-000650,AP-VB-2026-000591,matchable,2026-08-25,-11321700,UPI/HDFC0001234/902161376894/adissol@okhdfcbank/ADISHAKTI SOLAR EPC COMPANY
BL-000651,SETL-setl_00000101,gateway_settlement,2026-08-25,1856105,RAZORPAY PAYMENTS GATEWAY SETTLEMENT setl_00000101 UTR 900000005115
BL-000652,AR-INV-2026-000547,matchable,2026-08-25,14164300,UPI/HDFC0001234/692188414186/INV-2026-000547/anancat@paytm/ANANT INFRA CATERING SE
BL-000653,AR-INV-2026-000477,matchable,2026-08-25,17873000,UPI/HDFC0001234/186388767393/anancat@okaxis/ANANT INFRA CATERING SERVICES PRIVATE LIMITED/
BL-000654,AP-VB-2026-000533,matchable,2026-08-26,-63842300,RTGS ICIC0000429 900000029564 SHREE BALAJI ELECTRICALS & CO INR 638423.00 invoice settleme
BL-000655,AP-VB-2026-000648,matchable,2026-08-26,-22019700,CHQ CLG SAPTAGIRI MACHINE PARTS & CO 
BL-000656,AP-VB-2026-000628,matchable,2026-08-26,-19648000,CHQ CLG SAPTMAC PARTS  VB-2026-000628
BL-000657,AP-VB-2026-000620,matchable,2026-08-26,-19429400,NEFT DR UTIB0002233 900000032481 FROM RAMAN DEEP POLYMERS KOC full and final INR 194294.00
BL-000658,SETL-setl_00000102,gateway_settlement,2026-08-26,8441300,RAZORPAY PAYMENTS GATEWAY SETTLEMENT setl_00000102 UTR 900000005127
BL-000659,AR-INV-2026-000609,matchable_amount_mismatch,2026-08-26,54502000,NEFT CR ICIC0000429 900000032202 FROM TANSH MACHINE PARTS LTD part payment INR 545020.00
BL-000660,AR-INV-2026-000686,matchable,2026-08-26,600000000,UPI/HDFC0001234/640042971325/ramacon@ybl/RAMAN DEEP CONVEYANCES PRIVATE LIMITED/INV-2026-0
BL-000661,AP-RT-2026-000486,matchable_amount_mismatch,2026-08-27,-36187500,CHQ CLG SAPTAGIRI MACHIVE PARTS RAJ 
BL-000662,SETL-setl_00000103,gateway_settlement,2026-08-27,12047655,RAZORPAY PAYMENTS GATEWAY SETTLEMENT setl_00000103 UTR 900000005188
BL-000663,AR-INV-2026-000631,matchable,2026-08-27,21426800,NEFT CR SBIN0000921 900000032895 FROM SAPTAGIRI WATER  material supply INR 214268.00 INV-2
BL-000664,AR-INV-2026-000365,matchable,2026-08-27,31196900,INV-2026-000365 NEFT CR SBIN0000921 900000022161 FROM ANANT INFRA SOLA invoice settlement 
BL-000665,AR-INV-2026-000678,matchable_amount_mismatch,2026-08-27,62589700,UPI/HDFC0001234/714227202541/zeniele@okaxis/ZENITH ONE ELECTRICALS
BL-000666,AR-INV-2026-000676,matchable,2026-08-27,64478600,INV-2026-000676 RTGS HDFC0001234 900000033798 VAISHNAVI TEXTILES & CO INR 644786.00 advanc
BL-000667,AR-INV-2026-000675,matchable,2026-08-27,466955000,NEFT CR KKBK0000812 900000033736 FROM SAPTAGIRI WATER TREATMENT LLP advance INR 4669550.00
BL-000668,AP-RT-2026-000586,matchable,2026-08-28,-30810300,UPI/HDFC0001234/745746413385/adissol@okaxis/ADISHAKTI SOLAR 
BL-000669,,expected_unmatched_duplicate,2026-08-28,-30810300,UPI/HDFC0001234/745746413385/adissol@okaxis/ADISHAKTI SOLAR 
BL-000670,AP-RT-2026-000640,matchable,2026-08-28,-14394900,RT-2026-000640 NEFT DR HDFC0001234 900000033023 FROM NALANDA RECYCLERS LTD against inv INR
BL-000671,AP-RT-2026-000396,matchable_amount_mismatch,2026-08-28,-10268900,NEFT DR ICIC0000429 900000023424 FROM RAMAN DEEP HARDWARE PV security deposit INR 102689.0
BL-000672,SETL-setl_00000104,gateway_settlement,2026-08-28,6270488,RAZORPAY PAYMENTS GATEWAY SETTLEMENT setl_00000104 UTR 900000005210
BL-000673,AR-INV-2026-000791,matchable,2026-08-28,6397100,NEFT CR KKBK0000812 900000035195 FROM SHREE BALAJI RECYCLERS COMPANY amc renewal INR 63971
BL-000674,AR-INV-2026-000594,matchable,2026-08-28,24796300,NEFT CR UTIB0002233 900000031868 FROM TANSH MACHI advance INR 247963.00
BL-000675,,expected_unmatched_duplicate,2026-08-28,24796300,NEFT CR UTIB0002233 900000031868 FROM TANSH MACHI advance INR 247963.00
BL-000676,AR-INV-2026-000718,matchable,2026-08-28,24843400,NEFT CR HDFC0001234 900000034411 FROM TRIVIDATA WAREHOUSING LTD security deposit INR 24843
BL-000677,AR-INV-2026-000706,matchable,2026-08-28,34185100,UPI/HDFC0001234/633924152814/zeniele@okaxis/ZENITH ONE ELECTRICALS JAI/INV-2026-000706
BL-000678,AP-RT-2026-000726,matchable,2026-08-29,-45664100,NEFT DR KKBK0000812 900000034746 FROM KARMAN CONVEYANCES PVT LTD part payment INR 456641.0
BL-000679,AP-VB-2026-000662,matchable,2026-08-29,-40358900,VB-2026-000662 NEFT DR HDFC0001234 900000033447 FROM NALANDA RECYC  security deposit INR 4
BL-000680,AP-RT-2026-000724,matchable,2026-08-29,-23315900,NEFT DR UTIB0002233 900000034728 FROM KARMAN CONVEYANCES FAR freight charges INR 233159.00
BL-000681,AP-VB-2026-000487,matchable,2026-08-29,-16280900,NEFT DR UTIB0002233 900000027650 FROM INDUSLOOM WAREHOUS full and final INR 162809.00 VB-2
BL-000682,AP-VB-2026-000661,matchable,2026-08-29,-10532700,NEFT DR HDFC0001234 900000033441 FROM NALANDA RECYCLERS LTD against inv INR 105327.00 VB-2
BL-000683,AR-INV-2026-000720,matchable,2026-08-29,9479200,INV-2026-000720 NEFT CR ICIC0000429 900000034570 FROM TRIVIDATA WA invoice settlement INR 
BL-000684,SETL-setl_00000105,gateway_settlement,2026-08-29,10169588,RAZORPAY PAYMENTS GATEWAY SETTLEMENT setl_00000105 UTR 900000005233
BL-000685,AR-INV-2026-000702,matchable,2026-08-29,19352500,UPI/HDFC0001234/559811232958/zeniele@ybl/ZENITH ONE ELECTRICALS
BL-000686,AR-INV-2026-000684,matchable,2026-08-29,64602800,INV-2026-000684 RTGS KKBK0000812 900000034066 VAISHNAVI TEXTILES JAI INR 646028.00 advance
BL-000687,AR-INV-2026-000664,matchable,2026-08-29,111745600,INV-2026-000664 RTGS ICIC0000429 900000033511 VAISHNAVI TE  INR 1117456.00 part payment
BL-000688,AP-RT-2026-000700,matchable,2026-08-31,-52507800,NEFT DR KKBK0000812 900000034179 FROM KARMAN CONVEYANCES PVT LTD full and final INR 525078
BL-000689,AP-RT-2026-000527,matchable,2026-08-31,-51441500,RT-2026-000527 NEFT DR KKBK0000812 900000029346 FROM VAISHNAVI LOGIS invoice settlement IN
BL-000690,AP-VB-2026-000674,matchable,2026-08-31,-45335300,VB-2026-000674 NEFT DR SBIN0000921 900000033709 FROM KARMAN CONVEYANCES PVT LTD advance IN
BL-000691,AP-RT-2026-000431,matchable,2026-08-31,-41333000,NEFT DR HDFC0001234 900000024843 FROM RAMAN DEEP HARDWAREYPRIVATE LIMITED material supply 
BL-000692,AP-VB-2026-000616,matchable_amount_mismatch,2026-08-31,-33007700,VB-2026-000616 NEFT DR HDFC0001234 900000032294 FROM RAMAN DEEP POLYMERS COMPANY part paym
BL-000693,AP-VB-2026-000752,matchable,2026-08-31,-15134500,NEFT DR KKBK0000812 900000035032 FROM NALANDA RECYCLERS LTD material supply INR 151345.00 
BL-000694,AP-RT-2026-000480,matchable,2026-08-31,-5785300,NEFT DR ICIC0000429 900000027379 FROM INDUSLOOM WAREHOPSING LLP invoice settlement INR 578
BL-000695,SETL-setl_00000107,gateway_settlement,2026-08-31,6567463,RAZORPAY PAYMENTS GATEWAY SETTLEMENT setl_00000107 UTR 900000005321
BL-000696,SETL-setl_00000106,gateway_settlement,2026-08-31,14000649,RAZORPAY PAYMENTS GATEWAY SETTLEMENT setl_00000106 UTR 900000005313
BL-000697,AR-INV-2026-000732,matchable,2026-08-31,16768200,NEFT CR UTIB0002233 900000034916 FROM TRIVIDATA WAREHOUSING COMPANY full and final INR 167
BL-000698,AR-INV-2026-000625,matchable,2026-08-31,21526100,NEFT CR SBIN0000921 900000032679 FROM EVERSTONE LOGISTICS LTD against inv INR 215261.00
BL-000699,,expected_unmatched_duplicate,2026-08-31,21526100,NEFT CR SBIN0000921 900000032679 FROM EVERSTONE LOGISTICS LTD against inv INR 215261.00
BL-000700,AR-INV-2026-000624,matchable,2026-08-31,22251300,NEFT CR ICIC0000429 900000032629 FROM EVERSTONE LOGISTICS LTD material supply INR 222513.0
BL-000701,AR-INV-2026-000731,matchable,2026-08-31,32231500,INV-2026-000731 NEFT CR KKBK0000812 900000034907 FROM TRIVIDATA WAREHOUSING COMPANY agains
BL-000702,AR-INV-2026-000715,matchable,2026-08-31,33141400,UPI/HDFC0001234/693452302231/ramacon@okaxis/RAMAN DEEP CONVEYANC
BL-000703,AR-INV-2026-000642,matchable,2026-08-31,33772200,INV-2026-000642 NEFT CR SBIN0000921 900000033175 FROM INDUSLOOM ROOFING PRODUCTS COMPANY a
BL-000704,AR-INV-2026-000399,matchable,2026-08-31,40535800,NEFT CR SBIN0000921 900000023441 FROM ANANT INFRA SOLAR EPC HUB milestone 2 INR 405358.00
BL-000705,AR-INV-2026-000489,matchable,2026-08-31,72194100,UPI/HDFC0001234/476399150503/INV-2026-000489/anancat@paytm/ANANCAT SERGICES 
BL-000706,AP-SALARY-202609-0,matchable,2026-09-01,-345000000,SALARY-202609 NEFT DR KKBK0000812 900000035889 FROM ACME INDUSTRIES PAYROLL PRIVATE LIMITE
BL-000707,AP-RT-2026-000741,matchable,2026-09-01,-50955100,NEFT DR HDFC0001234 900000034922 FROM KARMAN CONVEYANCES PVT LTD milestone 2 INR 509551.00
BL-000708,AP-RT-2026-000504,matchable,2026-09-01,-9203700,NEFT DR SBIN0000921 900000028317 FROM INDUSLOOM WAREHOUSING & CO material supply INR 92037
BL-000709,AR-INV-2026-000703,matchable,2026-09-01,55310500,INV-2026-000703 RTGS ICIC0000429 900000034216 VAISHNAVI TEXT INR 553105.00 against inv
BL-000710,AP-VB-2026-000578,matchable,2026-09-02,-28465100,VB-2026-000578 CHQ CLG SAPTAGIRI MACHIN  VB-2026-000578
BL-000711,AP-VB-2026-000723,matchable,2026-09-02,-13913500,NEFT DR KKBK0000812 900000034637 FROM NALANDA RECYCLERS LTD full and final INR 139135.00
BL-000712,SETL-setl_00000108,gateway_settlement,2026-09-02,16144008,RAZORPAY PAYMENTS GATEWAY SETTLEMENT setl_00000108 UTR 900000005390
BL-000713,AR-INV-2026-000652,matchable,2026-09-02,24872500,INV-2026-000652 NEFT CR SBIN0000921 900000033384 FROM EVERSTONE LOGISTICS PRIVATE LIMITED 
BL-000714,AR-INV-2026-000763,matchable,2026-09-02,29213400,UPI/HDFC0001234/493195279732/INV-2026-000763/zeniele@okhdfcbank/ZENITH ONE ELECTRICALS & C
BL-000715,AR-INV-2026-000497,matchable,2026-09-02,43540300,NEFT CR SBIN0000921 900000027993 FROM KARMAN PRINT SOLUTIONS COI part payment INR 435403.0
BL-000716,AR-INV-2026-000677,matchable,2026-09-02,55773600,UPI/HDFC0001234/888965987721/zeniele@ybl/ZENITH ONE ELECTRICALS PRIVATE LIMITED
BL-000717,AP-EMI-202609-0,matchable,2026-09-03,-125000000,NEFT DR SBIN0000921 900000035996 FROM STATE BANK EQUIP LOAN  milestone 2 INR 1250000.00
BL-000718,AR-INV-2026-000716,matchable,2026-09-03,3214900,NEFT CR ICIC0000429 900000034400 FROM TRIVIDATA WAREHOUS  milestone 2 INR 32149.00
BL-000719,SETL-setl_00000109,gateway_settlement,2026-09-03,14102381,RAZORPAY PAYMENTS GATEWAY SETTLEMENT setl_00000109 UTR 900000005441
BL-000720,AR-INV-2026-000757,matchable,2026-09-03,19123200,UPI/HDFC0001234/493706986683/INV-2026-000757/hirahar@ybl/HIRANYAKA HARDWARE PV
BL-000721,AR-INV-2026-000747,matchable,2026-09-03,21066200,UPI/HDFC0001234/900089213026/INV-2026-000747/hirahar@okaxis/HIRANYAKA HARDWA
BL-000722,AR-INV-2026-000666,matchable,2026-09-03,136687600,UPI/HDFC0001234/762483219205/zeniele@ybl/ZENITH ONE ELECTRICALS LTD/INV-2026-000666
BL-000723,AP-RT-2026-000672,matchable,2026-09-04,-54597900,RT-2026-000672 NEFT DR HDFC0001234 900000033676 FROM RAMAN DEEP POLYMERS COMPANY advance I
BL-000724,AP-RT-2026-000569,matchable,2026-09-04,-32609800,RTGS SBIN0000921 900000030987 SHREE BALAJI ELECTRICALS & CO INR 326098.00 part payment
BL-000725,SETL-setl_00000110,gateway_settlement,2026-09-04,7027682,RAZORPAY PAYMENTS GATEWAY SETTLEMENT setl_00000110 UTR 900000005455
BL-000726,AR-INV-2026-000611,matchable,2026-09-04,21162500,UPI/HDFC0001234/162225734656/ramacon@paytm/RAMAN DEEP CONTEYANCES
BL-000727,AR-INV-2026-000728,matchable,2026-09-04,85507400,NEFT CR KKBK0000812 900000034806 FROM SAPTAGIRI  invoice settlement INR 855074.00 INV-2026
BL-000728,AP-RENT-202609-0,matchable,2026-09-05,-78000000,NEFT DR SBIN0000921 900000035919 FROM SKYLINE ESTATES PAT LTD LTD advance INR 780000.00
BL-000729,AP-VB-2026-000495,matchable,2026-09-05,-26464500,RTGS HDFC0001234 900000027892 SHREE BALAJI INR 264645.00 invoice settlement VB-2026-000495
BL-000730,AP-RT-2026-000719,matchable,2026-09-05,-23432100,RT-2026-000719 NEFT DR KKBK0000812 900000034485 FROM KARMAN CONVEYANCES  part payment INR 
BL-000731,AP-VB-2026-000636,matchable_amount_mismatch,2026-09-05,-13521500,UPI/HDFC0001234/620044437783/adissol@ybl/ADISHAKTI SOLAR EPC COMPANY/VB-2026-000636
BL-000732,AR-INV-2026-000554,matchable_amount_mismatch,2026-09-05,5707200,UPI/HDFC0001234/624204862951/lohipol@paytm/LOHIYA POLYMERS PRIVATE LIGITED
BL-000733,SETL-setl_00000111,gateway_settlement,2026-09-05,13370548,RAZORPAY PAYMENTS GATEWAY SETTLEMENT setl_00000111 UTR 900000005511
BL-000734,AR-INV-2026-000729,matchable,2026-09-05,41600700,INV-2026-000729 NEFT CR SBIN0000921 900000034903 FROM SAPTAGIRI WATER TREATMENT RAJ freigh
BL-000735,AR-INV-2026-000701;AR-INV-2026-000708;AR-INV-2026-000740,matchable_lumpsum,2026-09-05,48408300,"INV-2026-000701,INV-2026-000708,INV-2026-000740 NEFT CR ICIC0000429 900000036372 FROM SHRE"
BL-000736,AR-INV-2026-000737;AR-INV-2026-000748;AR-INV-2026-000766,matchable_lumpsum,2026-09-05,60532500,NEFT CR SBIN0000921 900000036451 FROM TRIVIDATA WAREHOUSING HUB material supply INR 605325
BL-000737,,expected_unmatched_charge,2026-07-21,-150000,NEFT OUTWARD PROCESSING FEE HDFC0001234
BL-000739,,expected_unmatched_charge,2026-08-26,-295000,SERVICE CHG FOR MONTHLY MAINTAINANCE
BL-000741,,expected_unmatched_interest,2026-08-11,18450000,CREDIT INTEREST ON SAVINGS BALANCE QUARTERLY
BL-000743,,expected_unmatched_charge,2026-08-24,-50000,CHEQUE RETURN CHRG INVALID SIGNATURE
BL-000745,,expected_unmatched_unknown,2026-08-25,25000000,UPI CR @SUNRISEMARTS@YBL 128734567890123 RANDOM
BL-000747,,expected_unmatched_unknown,2026-09-02,100000000,NEFT CR HDFC0001234 991234567890123 FROM UNKNOWN PARTY XZ
