doc_id,document_no,kind,counterparty_code,due,scheduled_pay,amount_paise,net_paise,short_deduction_paise,paid
AR-INV-2026-000001,INV-2026-000001,AR,CUST-003,2026-06-08,2026-06-01,13761700,13761700,259600,1
AR-INV-2026-000002,INV-2026-000002,AR,CUST-005,2026-05-23,2026-05-29,127383400,127383400,0,1
AR-INV-2026-000003,INV-2026-000003,AR,CUST-011,2026-06-08,2026-06-13,36284400,36284400,0,1
AR-INV-2026-000004,INV-2026-000004,AR,CUST-003,2026-06-08,2026-06-09,32782500,32782500,0,1
AR-INV-2026-000005,INV-2026-000005,AR,CUST-005,2026-05-23,2026-06-06,107129200,107129200,0,1
AR-INV-2026-000006,INV-2026-000006,AR,CUST-009,2026-05-23,2026-05-28,72952800,72952800,0,1
AP-RT-2026-000007,RT-2026-000007,AP,VEND-002,2026-07-07,2026-07-07,17355800,17355800,0,1
AP-RT-2026-000008,RT-2026-000008,AP,VEND-009,2026-06-22,2026-06-05,7334300,7334300,0,1
AP-RT-2026-000009,RT-2026-000009,AP,VEND-008,2026-06-08,2026-06-09,35036300,35036300,0,1
AP-VB-2026-000010,VB-2026-000010,AP,VEND-002,2026-07-07,2026-07-07,53119400,53119400,0,1
AR-INV-2026-000011,INV-2026-000011,AR,CUST-008,2026-07-08,2026-07-13,147045500,147045500,0,1
AR-INV-2026-000012,INV-2026-000012,AR,CUST-004,2026-05-25,2026-05-20,42857500,42857500,0,1
AR-INV-2026-000013,INV-2026-000013,AR,CUST-006,2026-06-08,2026-06-11,87672300,87672300,0,1
AR-INV-2026-000014,INV-2026-000014,AR,CUST-006,2026-06-08,2026-06-03,139534600,139534600,0,1
AP-RT-2026-000015,RT-2026-000015,AP,VEND-004,2026-06-23,2026-06-20,53649600,53649600,0,1
AP-RT-2026-000016,RT-2026-000016,AP,VEND-010,2026-06-23,2026-06-27,15672200,15672200,0,1
AR-INV-2026-000017,INV-2026-000017,AR,CUST-002,2026-05-26,2026-05-20,22116900,22116900,0,1
AR-INV-2026-000018,INV-2026-000018,AR,CUST-001,2026-06-25,1970-01-01,14795300,14795300,0,0
AR-INV-2026-000019,INV-2026-000019,AR,CUST-009,2026-05-26,2026-05-27,40857000,40857000,0,1
AR-INV-2026-000020,INV-2026-000020,AR,CUST-013,2026-06-25,2026-06-20,129858600,129858600,0,1
AR-INV-2026-000021,INV-2026-000021,AR,CUST-014,2026-06-25,2026-07-02,24576200,24576200,0,1
AR-INV-2026-000022,INV-2026-000022,AR,CUST-006,2026-06-10,2026-06-03,97557900,97557900,1841500,1
AP-VB-2026-000023,VB-2026-000023,AP,VEND-007,2026-05-26,2026-06-04,21642600,21642600,0,1
AR-INV-2026-000024,INV-2026-000024,AR,CUST-014,2026-06-26,2026-06-29,38371800,38371800,0,1
AR-INV-2026-000025,INV-2026-000025,AR,CUST-008,2026-07-11,2026-07-13,63602600,63602600,0,1
AR-INV-2026-000026,INV-2026-000026,AR,CUST-014,2026-06-26,2026-06-27,36354500,36354500,0,1
AP-VB-2026-000027,VB-2026-000027,AP,VEND-007,2026-05-27,2026-06-05,8303900,8463400,159500,1
AP-RT-2026-000028,RT-2026-000028,AP,VEND-003,2026-06-11,2026-06-01,40166700,40166700,0,1
AR-INV-2026-000029,INV-2026-000029,AR,CUST-005,2026-05-28,2026-06-09,49611400,49611400,0,1
AR-INV-2026-000030,INV-2026-000030,AR,CUST-010,2026-05-28,2026-06-01,26261500,26261500,0,1
AR-INV-2026-000031,INV-2026-000031,AR,CUST-002,2026-05-28,2026-06-12,10562800,10562800,0,1
AR-INV-2026-000032,INV-2026-000032,AR,CUST-003,2026-06-12,2026-06-17,15463400,15463400,0,1
AR-INV-2026-000033,INV-2026-000033,AR,CUST-004,2026-05-28,2026-06-04,50512800,50512800,0,1
AR-INV-2026-000034,INV-2026-000034,AR,CUST-013,2026-06-27,2026-06-27,39905900,39905900,0,1
AR-INV-2026-000035,INV-2026-000035,AR,CUST-007,2026-05-20,2026-06-08,12798400,12798400,0,1
AP-RT-2026-000036,RT-2026-000036,AP,VEND-002,2026-07-13,2026-07-08,30104700,30104700,0,1
AP-VB-2026-000037,VB-2026-000037,AP,VEND-009,2026-06-27,2026-06-20,4978600,4978600,0,1
AR-INV-2026-000038,INV-2026-000038,AR,CUST-005,2026-05-29,2026-06-10,41059300,41059300,0,1
AR-INV-2026-000039,INV-2026-000039,AR,CUST-014,2026-06-29,2026-07-13,42054900,42054900,0,1
AR-INV-2026-000040,INV-2026-000040,AR,CUST-004,2026-05-29,2026-06-11,32855000,32855000,0,1
AR-INV-2026-000041,INV-2026-000041,AR,CUST-011,2026-06-13,2026-06-17,23247000,23247000,0,1
AR-INV-2026-000042,INV-2026-000042,AR,CUST-012,2026-05-29,2026-06-01,197862500,197862500,0,1
AR-INV-2026-000043,INV-2026-000043,AR,CUST-001,2026-06-29,2026-06-29,15871500,15871500,0,1
AP-RT-2026-000044,RT-2026-000044,AP,VEND-002,2026-07-13,2026-07-08,49060100,49060100,0,1
AP-VB-2026-000045,VB-2026-000045,AP,VEND-004,2026-06-29,2026-07-03,55612600,55612600,0,1
AR-INV-2026-000046,INV-2026-000046,AR,CUST-002,2026-05-30,2026-06-01,21492700,21492700,0,1
AR-INV-2026-000047,INV-2026-000047,AR,CUST-006,2026-06-15,2026-06-12,56319900,56319900,260100,1
AR-INV-2026-000048,INV-2026-000048,AR,CUST-007,2026-05-22,2026-05-23,15906800,15906800,0,1
AR-INV-2026-000049,INV-2026-000049,AR,CUST-012,2026-05-30,2026-06-09,150413200,150413200,0,1
AR-INV-2026-000050,INV-2026-000050,AR,CUST-009,2026-05-30,2026-06-10,193317600,193317600,0,1
AP-RT-2026-000051,RT-2026-000051,AP,VEND-009,2026-06-29,2026-07-02,1728600,1728600,0,1
AP-VB-2026-000052,VB-2026-000052,AP,VEND-006,2026-06-15,2026-06-22,87768600,87768600,0,1
AP-RT-2026-000053,RT-2026-000053,AP,VEND-005,2026-05-30,2026-05-21,35906600,35906600,0,1
AP-RT-2026-000054,RT-2026-000054,AP,VEND-006,2026-06-15,2026-06-15,21505900,21505900,0,1
AP-VB-2026-000055,VB-2026-000055,AP,VEND-001,2026-05-30,2026-06-08,89028600,89028600,0,1
AR-INV-2026-000056,INV-2026-000056,AR,CUST-004,2026-06-01,1970-01-01,26457600,26457600,0,0
AR-INV-2026-000057,INV-2026-000057,AR,CUST-002,2026-06-01,2026-06-01,9458300,9458300,0,1
AR-INV-2026-000058,INV-2026-000058,AR,CUST-008,2026-07-15,2026-07-13,29081100,29081100,0,1
AP-RT-2026-000059,RT-2026-000059,AP,VEND-003,2026-06-15,2026-06-15,65634600,65634600,0,1
AP-RT-2026-000060,RT-2026-000060,AP,VEND-001,2026-06-01,2026-05-19,7048200,7048200,0,1
AR-INV-2026-000061,INV-2026-000061,AR,CUST-002,2026-06-01,2026-06-01,12444800,12444800,0,1
AP-VB-2026-000062,VB-2026-000062,AP,VEND-001,2026-06-01,2026-06-09,8116400,8116400,0,1
AP-RT-2026-000063,RT-2026-000063,AP,VEND-006,2026-06-16,2026-06-17,26815200,26815200,0,1
AP-VB-2026-000064,VB-2026-000064,AP,VEND-006,2026-06-16,2026-06-15,49890400,49890400,0,1
AP-VB-2026-000065,VB-2026-000065,AP,VEND-001,2026-06-01,2026-06-08,20733700,20733700,0,1
AR-INV-2026-000066,INV-2026-000066,AR,CUST-002,2026-06-02,2026-05-26,27436600,27436600,0,1
AR-INV-2026-000067,INV-2026-000067,AR,CUST-002,2026-06-02,2026-06-18,21468700,21468700,0,1
AR-INV-2026-000068,INV-2026-000068,AR,CUST-005,2026-06-02,2026-06-06,125623400,125623400,0,1
AR-INV-2026-000069,INV-2026-000069,AR,CUST-007,2026-05-25,2026-06-05,12389300,12389300,0,1
AP-VB-2026-000070,VB-2026-000070,AP,VEND-002,2026-07-17,2026-07-13,32093000,32093000,0,1
AP-RT-2026-000071,RT-2026-000071,AP,VEND-007,2026-06-02,2026-06-01,18443700,18443700,0,1
AP-RT-2026-000072,RT-2026-000072,AP,VEND-005,2026-06-02,2026-05-22,44670800,44670800,0,1
AR-INV-2026-000073,INV-2026-000073,AR,CUST-008,2026-07-18,2026-07-25,25120200,25120200,308700,1
AR-INV-2026-000074,INV-2026-000074,AR,CUST-013,2026-07-03,2026-07-11,105687100,105687100,0,1
AR-INV-2026-000075,INV-2026-000075,AR,CUST-004,2026-06-03,2026-06-10,22578200,22578200,0,1
AP-RT-2026-000076,RT-2026-000076,AP,VEND-010,2026-07-03,2026-07-11,11314900,11314900,0,1
AP-VB-2026-000077,VB-2026-000077,AP,VEND-003,2026-06-18,2026-06-30,26464800,26464800,0,1
AP-VB-2026-000078,VB-2026-000078,AP,VEND-001,2026-06-03,2026-05-28,50009100,50009100,0,1
AP-VB-2026-000079,VB-2026-000079,AP,VEND-001,2026-06-03,2026-05-26,43270800,43270800,0,1
AP-VB-2026-000080,VB-2026-000080,AP,VEND-008,2026-06-18,2026-06-22,10569600,10569600,0,1
AR-INV-2026-000081,INV-2026-000081,AR,CUST-011,2026-06-19,2026-06-03,52006300,52006300,0,1
AR-INV-2026-000082,INV-2026-000082,AR,CUST-010,2026-06-04,2026-06-05,26901000,26901000,0,1
AR-INV-2026-000083,INV-2026-000083,AR,CUST-005,2026-06-04,2026-06-13,23784300,23784300,0,1
AR-INV-2026-000084,INV-2026-000084,AR,CUST-008,2026-07-20,2026-07-27,44645900,44645900,0,1
AP-VB-2026-000085,VB-2026-000085,AP,VEND-009,2026-07-04,2026-07-10,7355900,7355900,0,1
AP-RT-2026-000086,RT-2026-000086,AP,VEND-009,2026-07-04,2026-07-03,8620400,8620400,0,1
AP-RT-2026-000087,RT-2026-000087,AP,VEND-003,2026-06-19,2026-06-25,56039700,56039700,0,1
AR-INV-2026-000088,INV-2026-000088,AR,CUST-006,2026-06-20,2026-06-19,58065500,58065500,0,1
AP-RT-2026-000089,RT-2026-000089,AP,VEND-002,2026-07-20,2026-07-18,34928300,34928300,0,1
AP-RT-2026-000090,RT-2026-000090,AP,VEND-004,2026-07-06,2026-06-22,62811200,65698400,2887200,1
AP-VB-2026-000091,VB-2026-000091,AP,VEND-008,2026-06-20,2026-06-20,36984900,38585300,1600400,1
AP-VB-2026-000092,VB-2026-000092,AP,VEND-001,2026-06-05,2026-06-15,9611000,9611000,0,1
AR-INV-2026-000093,INV-2026-000093,AR,CUST-009,2026-06-06,2026-06-15,600000000,600000000,0,1
AR-INV-2026-000094,INV-2026-000094,AR,CUST-012,2026-06-06,2026-06-09,36263300,36263300,0,1
AR-INV-2026-000095,INV-2026-000095,AR,CUST-005,2026-06-06,2026-06-25,45504700,45504700,0,1
AR-INV-2026-000096,INV-2026-000096,AR,CUST-012,2026-06-06,1970-01-01,136761600,136761600,0,0
AR-INV-2026-000097,INV-2026-000097,AR,CUST-012,2026-06-06,2026-06-13,58008600,58008600,0,1
AP-RT-2026-000098,RT-2026-000098,AP,VEND-004,2026-07-06,2026-07-06,19139100,19139100,0,1
AR-INV-2026-000099,INV-2026-000099,AR,CUST-010,2026-06-08,2026-06-17,9915800,9915800,0,1
AP-RT-2026-000100,RT-2026-000100,AP,VEND-010,2026-07-07,2026-07-14,7575800,7575800,0,1
AP-VB-2026-000101,VB-2026-000101,AP,VEND-010,2026-07-07,2026-07-06,6946900,6946900,0,1
AR-INV-2026-000102,INV-2026-000102,AR,CUST-014,2026-07-09,2026-07-02,25736500,25736500,0,1
AR-INV-2026-000103,INV-2026-000103,AR,CUST-002,2026-06-09,2026-06-18,22977200,22977200,0,1
AR-INV-2026-000104,INV-2026-000104,AR,CUST-010,2026-06-09,2026-06-27,26917500,26917500,0,1
AR-INV-2026-000105,INV-2026-000105,AR,CUST-014,2026-07-09,2026-07-28,8795500,8795500,0,1
AP-VB-2026-000106,VB-2026-000106,AP,VEND-002,2026-07-24,2026-07-20,27905500,27905500,0,1
AP-RT-2026-000107,RT-2026-000107,AP,VEND-001,2026-06-09,2026-06-20,6213100,6213100,0,1
AR-INV-2026-000108,INV-2026-000108,AR,CUST-003,2026-06-25,2026-06-29,16695900,16695900,133900,1
AR-INV-2026-000109,INV-2026-000109,AR,CUST-005,2026-06-10,2026-06-08,70545900,70545900,0,1
AR-INV-2026-000110,INV-2026-000110,AR,CUST-008,2026-07-25,2026-07-23,73492000,73492000,0,1
AR-INV-2026-000111,INV-2026-000111,AR,CUST-001,2026-07-10,2026-07-07,27655800,27655800,0,1
AR-INV-2026-000112,INV-2026-000112,AR,CUST-007,2026-06-02,2026-06-15,37900500,37900500,0,1
AR-INV-2026-000113,INV-2026-000113,AR,CUST-011,2026-06-25,2026-06-18,22325600,22325600,0,1
AP-VB-2026-000114,VB-2026-000114,AP,VEND-005,2026-06-10,2026-06-05,24917900,24917900,0,1
AP-RT-2026-000115,RT-2026-000115,AP,VEND-006,2026-06-25,2026-06-30,8410400,8410400,0,1
AP-RT-2026-000116,RT-2026-000116,AP,VEND-010,2026-07-10,2026-07-15,7522800,7522800,0,1
AP-VB-2026-000117,VB-2026-000117,AP,VEND-008,2026-06-25,2026-06-26,30940100,30940100,0,1
AP-VB-2026-000118,VB-2026-000118,AP,VEND-010,2026-07-10,2026-07-14,10722900,10722900,0,1
AR-INV-2026-000119,INV-2026-000119,AR,CUST-004,2026-06-11,2026-06-10,36530200,36530200,0,1
AR-INV-2026-000120,INV-2026-000120,AR,CUST-002,2026-06-11,2026-06-18,5834800,5834800,0,1
AR-INV-2026-000121,INV-2026-000121,AR,CUST-002,2026-06-11,2026-06-08,14858600,14858600,0,1
AR-INV-2026-000122,INV-2026-000122,AR,CUST-014,2026-07-11,2026-08-08,12889000,12889000,0,1
AR-INV-2026-000123,INV-2026-000123,AR,CUST-005,2026-06-11,2026-06-12,335039100,335039100,0,1
AR-INV-2026-000124,INV-2026-000124,AR,CUST-005,2026-06-11,2026-06-22,21835300,21835300,0,1
AP-RT-2026-000125,RT-2026-000125,AP,VEND-004,2026-07-11,2026-07-14,59938800,59938800,0,1
AP-VB-2026-000126,VB-2026-000126,AP,VEND-008,2026-06-26,2026-06-29,30264300,30899900,635600,1
AR-INV-2026-000127,INV-2026-000127,AR,CUST-002,2026-06-12,2026-06-04,78450000,78450000,0,1
AR-INV-2026-000128,INV-2026-000128,AR,CUST-012,2026-06-12,1970-01-01,49253600,49253600,0,0
AP-RT-2026-000129,RT-2026-000129,AP,VEND-003,2026-06-27,2026-06-29,60463100,60463100,0,1
AP-VB-2026-000130,VB-2026-000130,AP,VEND-001,2026-06-12,2026-07-02,8998300,8998300,0,1
AP-VB-2026-000131,VB-2026-000131,AP,VEND-002,2026-07-27,2026-07-28,40957600,40957600,0,1
AP-VB-2026-000132,VB-2026-000132,AP,VEND-010,2026-07-13,2026-07-10,6476700,6476700,0,1
AP-RT-2026-000133,RT-2026-000133,AP,VEND-003,2026-06-27,2026-06-29,60877700,60877700,0,1
AP-RT-2026-000134,RT-2026-000134,AP,VEND-010,2026-07-13,2026-07-20,6712800,6712800,0,1
AR-INV-2026-000135,INV-2026-000135,AR,CUST-005,2026-06-13,2026-06-19,10515400,10515400,0,1
AR-INV-2026-000136,INV-2026-000136,AR,CUST-011,2026-06-29,2026-06-24,25360600,25360600,0,1
AR-INV-2026-000137,INV-2026-000137,AR,CUST-003,2026-06-29,2026-07-02,68574900,68574900,0,1
AR-INV-2026-000138,INV-2026-000138,AR,CUST-008,2026-07-28,2026-08-05,36540000,36540000,0,1
AR-INV-2026-000139,INV-2026-000139,AR,CUST-008,2026-07-28,2026-08-06,68871200,68871200,0,1
AR-INV-2026-000140,INV-2026-000140,AR,CUST-013,2026-07-13,2026-07-16,50296300,50296300,0,1
AR-INV-2026-000141,INV-2026-000141,AR,CUST-007,2026-06-05,2026-06-17,35187500,35187500,0,1
AR-INV-2026-000142,INV-2026-000142,AR,CUST-014,2026-07-13,2026-07-20,17928200,17928200,0,1
AP-VB-2026-000143,VB-2026-000143,AP,VEND-009,2026-07-13,2026-07-18,13382900,13382900,0,1
AP-VB-2026-000144,VB-2026-000144,AP,VEND-009,2026-07-13,2026-07-13,5284600,5284600,0,1
AP-VB-2026-000145,VB-2026-000145,AP,VEND-009,2026-07-13,2026-07-22,4892600,4892600,0,1
AP-VB-2026-000146,VB-2026-000146,AP,VEND-001,2026-06-13,2026-06-25,18109000,18109000,0,1
AR-INV-2026-000147,INV-2026-000147,AR,CUST-003,2026-06-29,2026-06-29,21981100,21981100,0,1
AP-VB-2026-000148,VB-2026-000148,AP,VEND-003,2026-06-29,2026-06-26,46105200,46105200,0,1
AP-VB-2026-000149,VB-2026-000149,AP,VEND-003,2026-06-29,2026-06-27,18202400,18202400,0,1
AP-RT-2026-000150,RT-2026-000150,AP,VEND-004,2026-07-14,2026-07-13,56200000,56200000,0,1
AP-VB-2026-000151,VB-2026-000151,AP,VEND-001,2026-06-15,2026-06-20,16558800,16558800,0,1
AP-RT-2026-000152,RT-2026-000152,AP,VEND-006,2026-06-30,2026-06-26,175296100,175296100,0,1
AP-VB-2026-000153,VB-2026-000153,AP,VEND-004,2026-07-15,2026-07-15,46092200,46092200,0,1
AP-VB-2026-000154,VB-2026-000154,AP,VEND-006,2026-06-30,2026-07-03,94225500,94225500,0,1
AP-RT-2026-000155,RT-2026-000155,AP,VEND-006,2026-06-30,2026-07-14,36377600,36377600,0,1
AR-INV-2026-000156,INV-2026-000156,AR,CUST-005,2026-06-16,2026-06-22,74545600,74545600,0,1
AR-INV-2026-000157,INV-2026-000157,AR,CUST-014,2026-07-16,2026-07-31,40376000,40376000,0,1
AR-INV-2026-000158,INV-2026-000158,AR,CUST-011,2026-07-01,2026-06-29,41346400,41346400,0,1
AR-INV-2026-000159,INV-2026-000159,AR,CUST-007,2026-06-08,2026-06-22,32971000,32971000,0,1
AR-INV-2026-000160,INV-2026-000160,AR,CUST-012,2026-06-16,2026-06-19,82123600,82123600,0,1
AR-INV-2026-000161,INV-2026-000161,AR,CUST-010,2026-06-16,2026-06-27,3387800,3387800,0,1
AR-INV-2026-000162,INV-2026-000162,AR,CUST-002,2026-06-16,2026-06-22,26383500,26383500,0,1
AR-INV-2026-000163,INV-2026-000163,AR,CUST-005,2026-06-16,2026-07-01,362300200,362300200,0,1
AR-INV-2026-000164,INV-2026-000164,AR,CUST-008,2026-07-31,2026-08-07,16431300,16431300,0,1
AP-RT-2026-000165,RT-2026-000165,AP,VEND-008,2026-07-01,2026-07-03,18394200,18394200,0,1
AP-VB-2026-000166,VB-2026-000166,AP,VEND-006,2026-07-01,2026-07-08,17645300,17645300,0,1
AP-VB-2026-000167,VB-2026-000167,AP,VEND-003,2026-07-01,2026-07-02,15915900,15915900,0,1
AP-VB-2026-000168,VB-2026-000168,AP,VEND-006,2026-07-01,2026-07-04,7697000,7697000,0,1
AP-RT-2026-000169,RT-2026-000169,AP,VEND-005,2026-06-16,2026-06-19,30360000,30360000,0,1
AP-RT-2026-000170,RT-2026-000170,AP,VEND-001,2026-06-16,2026-06-18,77150900,77150900,0,1
AR-INV-2026-000171,INV-2026-000171,AR,CUST-005,2026-06-17,2026-06-23,67254700,67254700,0,1
AR-INV-2026-000172,INV-2026-000172,AR,CUST-002,2026-06-17,2026-06-11,24571100,24571100,0,1
AR-INV-2026-000173,INV-2026-000173,AR,CUST-005,2026-06-17,2026-06-18,18959000,18959000,96800,1
AR-INV-2026-000174,INV-2026-000174,AR,CUST-011,2026-07-02,2026-06-25,38597400,38597400,0,1
AR-INV-2026-000175,INV-2026-000175,AR,CUST-014,2026-07-17,1970-01-01,58985600,58985600,0,0
AP-VB-2026-000176,VB-2026-000176,AP,VEND-009,2026-07-17,2026-08-03,3384300,3538900,154600,1
AP-RT-2026-000177,RT-2026-000177,AP,VEND-002,2026-08-01,2026-08-01,26341100,26532500,191400,1
AP-VB-2026-000178,VB-2026-000178,AP,VEND-006,2026-07-02,2026-07-07,12674800,12674800,0,1
AP-RT-2026-000179,RT-2026-000179,AP,VEND-006,2026-07-02,2026-07-06,40033700,40033700,0,1
AP-VB-2026-000180,VB-2026-000180,AP,VEND-007,2026-06-17,2026-06-20,19612600,19612600,0,1
AR-INV-2026-000181,INV-2026-000181,AR,CUST-005,2026-06-18,2026-07-06,559442000,559442000,33459800,1
AR-INV-2026-000182,INV-2026-000182,AR,CUST-005,2026-06-18,2026-07-03,64244900,64244900,0,1
AR-INV-2026-000183,INV-2026-000183,AR,CUST-004,2026-06-18,2026-06-22,28947400,28947400,0,1
AR-INV-2026-000184,INV-2026-000184,AR,CUST-005,2026-06-18,2026-06-16,169076300,169076300,0,1
AR-INV-2026-000185,INV-2026-000185,AR,CUST-006,2026-07-03,2026-06-27,30399500,30399500,0,1
AR-INV-2026-000186,INV-2026-000186,AR,CUST-013,2026-07-18,1970-01-01,200412500,200412500,0,0
AP-VB-2026-000187,VB-2026-000187,AP,VEND-003,2026-07-03,2026-07-04,50224800,50759100,534300,1
AP-VB-2026-000188,VB-2026-000188,AP,VEND-009,2026-07-18,2026-07-28,8728000,8728000,0,1
AP-RT-2026-000189,RT-2026-000189,AP,VEND-010,2026-07-18,2026-07-24,8988300,8988300,0,1
AR-INV-2026-000190,INV-2026-000190,AR,CUST-007,2026-06-11,2026-06-22,11455600,11455600,0,1
AR-INV-2026-000191,INV-2026-000191,AR,CUST-007,2026-06-11,2026-06-22,19897700,19897700,0,1
AR-INV-2026-000192,INV-2026-000192,AR,CUST-011,2026-07-04,2026-06-25,20131700,20131700,0,1
AR-INV-2026-000193,INV-2026-000193,AR,CUST-008,2026-08-03,2026-08-08,15835300,15835300,0,1
AP-RT-2026-000194,RT-2026-000194,AP,VEND-002,2026-08-03,2026-07-28,15892900,15892900,0,1
AP-RT-2026-000195,RT-2026-000195,AP,VEND-007,2026-06-19,2026-07-03,24699600,25310900,611300,1
AR-INV-2026-000196,INV-2026-000196,AR,CUST-010,2026-06-20,2026-06-27,30519400,30519400,0,1
AR-INV-2026-000197,INV-2026-000197,AR,CUST-003,2026-07-06,2026-07-06,37240300,37240300,0,1
AR-INV-2026-000198,INV-2026-000198,AR,CUST-011,2026-07-06,2026-06-25,54209400,54209400,0,1
AR-INV-2026-000199,INV-2026-000199,AR,CUST-011,2026-07-06,1970-01-01,72972000,72972000,0,0
AR-INV-2026-000200,INV-2026-000200,AR,CUST-001,2026-07-20,2026-07-21,11972400,11972400,0,1
AR-INV-2026-000201,INV-2026-000201,AR,CUST-002,2026-06-20,2026-06-25,49162500,49162500,0,1
AR-INV-2026-000202,INV-2026-000202,AR,CUST-010,2026-06-20,2026-06-26,40697300,40697300,0,1
AP-VB-2026-000203,VB-2026-000203,AP,VEND-009,2026-07-20,2026-07-06,18429000,18429000,0,1
AP-VB-2026-000204,VB-2026-000204,AP,VEND-007,2026-06-20,2026-07-01,24579700,24579700,0,1
AR-INV-2026-000205,INV-2026-000205,AR,CUST-007,2026-06-13,2026-06-29,8259500,8259500,0,1
AR-INV-2026-000206,INV-2026-000206,AR,CUST-010,2026-06-22,2026-06-25,9354200,9354200,0,1
AR-INV-2026-000207,INV-2026-000207,AR,CUST-011,2026-07-06,2026-06-29,90712300,90712300,0,1
AP-VB-2026-000208,VB-2026-000208,AP,VEND-009,2026-07-21,2026-07-23,21339300,21339300,0,1
AP-RT-2026-000209,RT-2026-000209,AP,VEND-008,2026-07-06,2026-07-10,38787600,38787600,0,1
AR-INV-2026-000210,INV-2026-000210,AR,CUST-002,2026-06-22,2026-06-23,7348600,7348600,0,1
AR-INV-2026-000211,INV-2026-000211,AR,CUST-004,2026-06-23,2026-07-08,18802100,18802100,0,1
AR-INV-2026-000212,INV-2026-000212,AR,CUST-010,2026-06-23,2026-06-25,24181000,24181000,0,1
AR-INV-2026-000213,INV-2026-000213,AR,CUST-004,2026-06-23,2026-07-06,37305300,37305300,0,1
AR-INV-2026-000214,INV-2026-000214,AR,CUST-014,2026-07-23,1970-01-01,15860300,15860300,0,0
AR-INV-2026-000215,INV-2026-000215,AR,CUST-007,2026-06-15,1970-01-01,38470300,38470300,0,0
AR-INV-2026-000216,INV-2026-000216,AR,CUST-014,2026-07-23,1970-01-01,25548200,25548200,0,0
AR-INV-2026-000217,INV-2026-000217,AR,CUST-008,2026-08-07,2026-08-10,13916400,13916400,0,1
AR-INV-2026-000218,INV-2026-000218,AR,CUST-003,2026-07-08,2026-07-17,14729200,14729200,0,1
AP-VB-2026-000219,VB-2026-000219,AP,VEND-009,2026-07-23,2026-07-27,10042100,10042100,0,1
AP-VB-2026-000220,VB-2026-000220,AP,VEND-002,2026-08-07,2026-08-07,45190700,45190700,0,1
AP-RT-2026-000221,RT-2026-000221,AP,VEND-005,2026-06-23,2026-06-26,27863200,27863200,0,1
AP-RT-2026-000222,RT-2026-000222,AP,VEND-007,2026-06-23,2026-07-10,22086700,22086700,0,1
AR-INV-2026-000223,INV-2026-000223,AR,CUST-004,2026-06-24,2026-06-11,25720300,25720300,0,1
AR-INV-2026-000224,INV-2026-000224,AR,CUST-014,2026-07-24,2026-07-22,12398000,12398000,0,1
AR-INV-2026-000225,INV-2026-000225,AR,CUST-001,2026-07-24,2026-07-27,39078900,39078900,0,1
AR-INV-2026-000226,INV-2026-000226,AR,CUST-004,2026-06-24,2026-07-06,38407400,38407400,0,1
AR-INV-2026-000227,INV-2026-000227,AR,CUST-002,2026-06-24,2026-06-29,16188900,16188900,0,1
AR-INV-2026-000228,INV-2026-000228,AR,CUST-014,2026-07-24,2026-08-05,8782500,8782500,0,1
AR-INV-2026-000229,INV-2026-000229,AR,CUST-004,2026-06-24,2026-06-22,24360200,24360200,0,1
AP-RT-2026-000230,RT-2026-000230,AP,VEND-010,2026-07-24,2026-08-01,8749900,8749900,0,1
AP-RT-2026-000231,RT-2026-000231,AP,VEND-002,2026-08-08,2026-08-04,18188600,18645500,456900,1
AR-INV-2026-000232,INV-2026-000232,AR,CUST-001,2026-07-25,2026-07-29,13277700,13277700,0,1
AR-INV-2026-000233,INV-2026-000233,AR,CUST-006,2026-07-10,2026-07-06,166008000,166008000,0,1
AP-VB-2026-000234,VB-2026-000234,AP,VEND-007,2026-06-25,2026-07-06,14452600,14452600,0,1
AP-VB-2026-000235,VB-2026-000235,AP,VEND-009,2026-07-25,2026-07-20,11106000,11106000,0,1
AR-INV-2026-000236,INV-2026-000236,AR,CUST-002,2026-06-26,2026-06-24,12251600,12251600,0,1
AR-INV-2026-000237,INV-2026-000237,AR,CUST-008,2026-08-10,1970-01-01,5085300,5085300,0,0
AR-INV-2026-000238,INV-2026-000238,AR,CUST-004,2026-06-26,2026-06-18,21675000,21675000,0,1
AR-INV-2026-000239,INV-2026-000239,AR,CUST-012,2026-06-26,2026-07-03,45576000,45576000,0,1
AR-INV-2026-000240,INV-2026-000240,AR,CUST-008,2026-08-10,2026-08-19,22249300,22249300,0,1
AR-INV-2026-000241,INV-2026-000241,AR,CUST-001,2026-07-27,2026-07-29,8384500,8384500,0,1
AP-VB-2026-000242,VB-2026-000242,AP,VEND-003,2026-07-11,2026-07-31,45498400,45498400,0,1
AP-RT-2026-000243,RT-2026-000243,AP,VEND-001,2026-06-26,2026-07-04,25542600,25542600,0,1
AP-RT-2026-000244,RT-2026-000244,AP,VEND-003,2026-07-11,2026-07-06,44532200,44532200,0,1
AP-RT-2026-000245,RT-2026-000245,AP,VEND-004,2026-07-27,2026-08-03,43209700,43209700,0,1
AP-VB-2026-000246,VB-2026-000246,AP,VEND-006,2026-07-11,2026-07-21,57051000,59916700,2865700,1
AR-INV-2026-000247,INV-2026-000247,AR,CUST-005,2026-06-27,2026-07-13,108018200,108018200,0,1
AR-INV-2026-000248,INV-2026-000248,AR,CUST-008,2026-08-11,2026-08-21,39477000,39477000,0,1
AR-INV-2026-000249,INV-2026-000249,AR,CUST-002,2026-06-27,2026-06-24,13765500,13765500,0,1
AR-INV-2026-000250,INV-2026-000250,AR,CUST-014,2026-07-27,2026-08-05,38813000,38813000,0,1
AR-INV-2026-000251,INV-2026-000251,AR,CUST-013,2026-07-27,2026-07-27,208559100,208559100,0,1
AR-INV-2026-000252,INV-2026-000252,AR,CUST-002,2026-06-27,2026-06-24,37643500,37643500,0,1
AR-INV-2026-000253,INV-2026-000253,AR,CUST-003,2026-07-13,2026-07-10,18896100,18896100,0,1
AR-INV-2026-000254,INV-2026-000254,AR,CUST-014,2026-07-27,1970-01-01,15380000,15380000,0,0
AR-INV-2026-000255,INV-2026-000255,AR,CUST-001,2026-07-27,2026-07-28,88323300,88323300,0,1
AP-RT-2026-000256,RT-2026-000256,AP,VEND-002,2026-08-11,2026-08-12,77302500,77302500,0,1
AP-RT-2026-000257,RT-2026-000257,AP,VEND-004,2026-07-27,2026-07-30,60865600,60865600,0,1
AP-RT-2026-000258,RT-2026-000258,AP,VEND-006,2026-07-13,2026-07-20,22204300,22204300,0,1
AR-INV-2026-000259,INV-2026-000259,AR,CUST-014,2026-07-28,2026-07-23,9291900,9291900,0,1
AR-INV-2026-000260,INV-2026-000260,AR,CUST-014,2026-07-28,2026-08-05,16455800,16455800,0,1
AR-INV-2026-000261,INV-2026-000261,AR,CUST-014,2026-07-28,2026-07-30,11637800,11637800,0,1
AP-VB-2026-000262,VB-2026-000262,AP,VEND-010,2026-07-28,2026-08-05,4791700,4791700,0,1
AP-RT-2026-000263,RT-2026-000263,AP,VEND-008,2026-07-13,2026-07-13,21637800,21637800,0,1
AP-VB-2026-000264,VB-2026-000264,AP,VEND-006,2026-07-13,2026-07-23,33018100,33018100,0,1
AP-RT-2026-000265,RT-2026-000265,AP,VEND-010,2026-07-29,2026-07-29,5347700,5347700,0,1
AP-VB-2026-000266,VB-2026-000266,AP,VEND-008,2026-07-14,2026-07-15,43374300,43374300,0,1
AP-RT-2026-000267,RT-2026-000267,AP,VEND-004,2026-07-29,2026-07-24,64964000,64964000,0,1
AR-INV-2026-000268,INV-2026-000268,AR,CUST-005,2026-06-30,2026-07-23,124235200,124235200,0,1
AR-INV-2026-000269,INV-2026-000269,AR,CUST-007,2026-06-22,1970-01-01,12663200,12663200,0,0
AR-INV-2026-000270,INV-2026-000270,AR,CUST-012,2026-06-30,2026-07-03,82140300,82140300,0,1
AR-INV-2026-000271,INV-2026-000271,AR,CUST-001,2026-07-30,2026-07-25,28161800,28161800,0,1
AP-RT-2026-000272,RT-2026-000272,AP,VEND-006,2026-07-15,2026-07-20,177440700,177440700,0,1
AP-VB-2026-000273,VB-2026-000273,AP,VEND-008,2026-07-15,2026-07-13,39255600,39255600,0,1
AR-INV-2026-000274,INV-2026-000274,AR,CUST-004,2026-07-01,2026-06-27,39354100,39354100,0,1
AR-INV-2026-000275,INV-2026-000275,AR,CUST-005,2026-07-01,2026-07-11,31221400,31221400,0,1
AR-INV-2026-000276,INV-2026-000276,AR,CUST-007,2026-06-23,1970-01-01,15553900,15553900,0,0
AR-INV-2026-000277,INV-2026-000277,AR,CUST-008,2026-08-17,2026-08-24,132645400,132645400,0,1
AR-INV-2026-000278,INV-2026-000278,AR,CUST-009,2026-07-01,1970-01-01,146568800,146568800,0,0
AP-VB-2026-000279,VB-2026-000279,AP,VEND-005,2026-07-01,2026-06-29,40561500,40561500,0,1
AP-VB-2026-000280,VB-2026-000280,AP,VEND-003,2026-07-16,2026-07-21,27766800,27766800,0,1
AP-RT-2026-000281,RT-2026-000281,AP,VEND-002,2026-08-17,2026-08-12,12776900,12776900,0,1
AP-RT-2026-000282,RT-2026-000282,AP,VEND-007,2026-07-01,2026-07-01,17667800,17667800,0,1
AP-VB-2026-000283,VB-2026-000283,AP,VEND-003,2026-07-16,2026-07-23,17671700,17671700,0,1
AP-VB-2026-000284,VB-2026-000284,AP,VEND-008,2026-07-16,2026-07-20,30820700,30820700,0,1
AR-INV-2026-000285,INV-2026-000285,AR,CUST-002,2026-07-02,2026-07-11,6426200,6426200,0,1
AR-INV-2026-000286,INV-2026-000286,AR,CUST-006,2026-07-17,2026-07-20,29600500,29600500,0,1
AR-INV-2026-000287,INV-2026-000287,AR,CUST-008,2026-08-17,2026-08-19,54645300,54645300,0,1
AR-INV-2026-000288,INV-2026-000288,AR,CUST-001,2026-08-01,2026-08-06,19026500,19026500,0,1
AR-INV-2026-000289,INV-2026-000289,AR,CUST-012,2026-07-02,2026-07-03,60293800,60293800,0,1
AP-RT-2026-000290,RT-2026-000290,AP,VEND-007,2026-07-02,2026-07-13,43102800,44786500,1683700,1
AP-VB-2026-000291,VB-2026-000291,AP,VEND-004,2026-08-01,2026-07-28,44618800,44618800,0,1
AR-INV-2026-000292,INV-2026-000292,AR,CUST-014,2026-08-03,2026-08-12,22439200,22439200,0,1
AR-INV-2026-000293,INV-2026-000293,AR,CUST-001,2026-08-03,2026-08-03,12778600,12778600,0,1
AR-INV-2026-000294,INV-2026-000294,AR,CUST-004,2026-07-03,2026-06-18,29151500,29151500,998000,1
AR-INV-2026-000295,INV-2026-000295,AR,CUST-001,2026-08-03,2026-08-03,50547500,50547500,0,1
AP-VB-2026-000296,VB-2026-000296,AP,VEND-001,2026-07-03,2026-07-10,17869800,17869800,0,1
AP-VB-2026-000297,VB-2026-000297,AP,VEND-003,2026-07-18,2026-07-13,22111400,22111400,0,1
AP-RT-2026-000298,RT-2026-000298,AP,VEND-010,2026-08-03,2026-08-13,4189000,4189000,0,1
AP-VB-2026-000299,VB-2026-000299,AP,VEND-005,2026-07-03,2026-07-02,16214300,16214300,0,1
AP-RT-2026-000300,RT-2026-000300,AP,VEND-001,2026-07-03,2026-07-06,13814400,13814400,0,1
AP-VB-2026-000301,VB-2026-000301,AP,VEND-002,2026-08-17,2026-08-14,92281500,92281500,0,1
AP-RT-2026-000302,RT-2026-000302,AP,VEND-006,2026-07-18,2026-07-25,20640600,20640600,0,1
AR-INV-2026-000303,INV-2026-000303,AR,CUST-009,2026-07-04,2026-07-13,246515500,246515500,0,1
AR-INV-2026-000304,INV-2026-000304,AR,CUST-001,2026-08-03,1970-01-01,35330900,35330900,0,0
AR-INV-2026-000305,INV-2026-000305,AR,CUST-009,2026-07-04,2026-07-13,32205400,32205400,0,1
AR-INV-2026-000306,INV-2026-000306,AR,CUST-014,2026-08-03,2026-07-28,16803400,16803400,0,1
AR-INV-2026-000307,INV-2026-000307,AR,CUST-014,2026-08-03,1970-01-01,22902900,22902900,0,0
AR-INV-2026-000308,INV-2026-000308,AR,CUST-011,2026-07-20,2026-07-20,76066500,76066500,0,1
AR-INV-2026-000309,INV-2026-000309,AR,CUST-007,2026-06-26,2026-07-08,25224000,25224000,0,1
AP-VB-2026-000310,VB-2026-000310,AP,VEND-010,2026-08-03,2026-08-10,38922500,38922500,0,1
AP-RT-2026-000311,RT-2026-000311,AP,VEND-001,2026-07-04,2026-07-15,25032400,25032400,0,1
AP-RT-2026-000312,RT-2026-000312,AP,VEND-005,2026-07-04,2026-07-06,74794100,74794100,0,1
AP-RT-2026-000313,RT-2026-000313,AP,VEND-003,2026-07-20,2026-07-22,9585200,9585200,0,1
AP-RT-2026-000314,RT-2026-000314,AP,VEND-008,2026-07-20,2026-07-24,34974000,34974000,0,1
AP-VB-2026-000315,VB-2026-000315,AP,VEND-008,2026-07-20,2026-07-20,33420900,33420900,0,1
AR-INV-2026-000316,INV-2026-000316,AR,CUST-008,2026-08-19,2026-08-24,12788200,12788200,346900,1
AR-INV-2026-000317,INV-2026-000317,AR,CUST-009,2026-07-06,2026-07-21,176473000,176473000,0,1
AP-RT-2026-000318,RT-2026-000318,AP,VEND-009,2026-08-04,2026-08-10,11156600,11156600,0,1
AP-RT-2026-000319,RT-2026-000319,AP,VEND-007,2026-07-06,2026-07-10,19047300,19047300,0,1
AP-VB-2026-000320,VB-2026-000320,AP,VEND-008,2026-07-20,2026-07-23,29626600,29626600,0,1
AR-INV-2026-000321,INV-2026-000321,AR,CUST-004,2026-07-06,2026-07-15,26154500,26154500,0,1
AP-VB-2026-000322,VB-2026-000322,AP,VEND-009,2026-08-05,2026-08-03,3752900,3752900,0,1
AR-INV-2026-000323,INV-2026-000323,AR,CUST-009,2026-07-07,2026-07-14,216775100,216775100,0,1
AR-INV-2026-000324,INV-2026-000324,AR,CUST-011,2026-07-22,2026-07-11,53372900,53372900,0,1
AP-RT-2026-000325,RT-2026-000325,AP,VEND-002,2026-08-21,2026-08-19,37539100,37539100,0,1
AP-RT-2026-000326,RT-2026-000326,AP,VEND-001,2026-07-07,2026-07-17,22762700,22762700,0,1
AP-RT-2026-000327,RT-2026-000327,AP,VEND-003,2026-07-22,2026-07-22,64752000,64752000,0,1
AR-INV-2026-000328,INV-2026-000328,AR,CUST-013,2026-08-07,2026-08-17,102495900,102495900,0,1
AR-INV-2026-000329,INV-2026-000329,AR,CUST-004,2026-07-08,2026-07-15,26758300,26758300,0,1
AR-INV-2026-000330,INV-2026-000330,AR,CUST-003,2026-07-23,1970-01-01,22718200,22718200,0,0
AR-INV-2026-000331,INV-2026-000331,AR,CUST-010,2026-07-08,2026-07-13,24291200,24291200,0,1
AR-INV-2026-000332,INV-2026-000332,AR,CUST-010,2026-07-08,2026-07-10,92443700,92443700,0,1
AR-INV-2026-000333,INV-2026-000333,AR,CUST-003,2026-07-23,2026-08-01,41031100,41031100,0,1
AP-VB-2026-000334,VB-2026-000334,AP,VEND-007,2026-07-08,2026-07-20,20765400,20765400,0,1
AP-VB-2026-000335,VB-2026-000335,AP,VEND-006,2026-07-23,2026-07-15,8888600,8888600,0,1
AP-RT-2026-000336,RT-2026-000336,AP,VEND-006,2026-07-23,1970-01-01,33466400,33466400,0,0
AP-RT-2026-000337,RT-2026-000337,AP,VEND-009,2026-08-07,2026-08-24,3854800,3854800,0,1
AP-RT-2026-000338,RT-2026-000338,AP,VEND-003,2026-07-23,1970-01-01,16269200,16269200,0,0
AR-INV-2026-000339,INV-2026-000339,AR,CUST-009,2026-07-09,2026-07-20,39161300,39161300,0,1
AR-INV-2026-000340,INV-2026-000340,AR,CUST-012,2026-07-09,2026-07-17,60786900,60786900,0,1
AR-INV-2026-000341,INV-2026-000341,AR,CUST-004,2026-07-09,2026-07-15,40109100,40109100,0,1
AR-INV-2026-000342,INV-2026-000342,AR,CUST-011,2026-07-24,1970-01-01,53828100,53828100,0,0
AR-INV-2026-000343,INV-2026-000343,AR,CUST-006,2026-07-24,2026-07-20,12854300,12854300,0,1
AR-INV-2026-000344,INV-2026-000344,AR,CUST-009,2026-07-09,2026-07-20,125342600,125342600,0,1
AP-RT-2026-000345,RT-2026-000345,AP,VEND-006,2026-07-24,2026-08-03,31674600,31674600,0,1
AP-VB-2026-000346,VB-2026-000346,AP,VEND-005,2026-07-09,2026-07-07,31177600,32874800,1697200,1
AP-RT-2026-000347,RT-2026-000347,AP,VEND-006,2026-07-24,2026-07-22,14345200,14345200,0,1
AP-VB-2026-000348,VB-2026-000348,AP,VEND-002,2026-08-24,2026-08-22,38596100,38596100,0,1
AR-INV-2026-000349,INV-2026-000349,AR,CUST-011,2026-07-25,2026-07-22,24341600,24341600,0,1
AR-INV-2026-000350,INV-2026-000350,AR,CUST-009,2026-07-10,2026-07-16,109630400,109630400,0,1
AR-INV-2026-000351,INV-2026-000351,AR,CUST-004,2026-07-10,2026-07-20,27644200,27644200,0,1
AR-INV-2026-000352,INV-2026-000352,AR,CUST-006,2026-07-25,2026-07-31,24103200,24103200,0,1
AR-INV-2026-000353,INV-2026-000353,AR,CUST-005,2026-07-10,2026-08-01,54272000,54272000,0,1
AR-INV-2026-000354,INV-2026-000354,AR,CUST-002,2026-07-10,2026-07-22,34621400,34621400,0,1
AR-INV-2026-000355,INV-2026-000355,AR,CUST-004,2026-07-10,2026-07-11,34495200,34495200,0,1
AP-VB-2026-000356,VB-2026-000356,AP,VEND-007,2026-07-10,2026-07-23,9151100,9151100,0,1
AP-RT-2026-000357,RT-2026-000357,AP,VEND-003,2026-07-25,2026-07-24,49018500,49018500,0,1
AP-VB-2026-000358,VB-2026-000358,AP,VEND-006,2026-07-25,2026-08-01,32425500,33173800,748300,1
AP-VB-2026-000359,VB-2026-000359,AP,VEND-009,2026-08-10,2026-08-11,5526500,5526500,0,1
AP-VB-2026-000360,VB-2026-000360,AP,VEND-003,2026-07-25,2026-07-24,9646200,9646200,0,1
AP-RT-2026-000361,RT-2026-000361,AP,VEND-003,2026-07-25,2026-07-20,26795100,26795100,0,1
AR-INV-2026-000362,INV-2026-000362,AR,CUST-006,2026-07-27,1970-01-01,23610100,23610100,0,0
AR-INV-2026-000363,INV-2026-000363,AR,CUST-013,2026-08-10,2026-08-05,24256600,24256600,658900,1
AR-INV-2026-000364,INV-2026-000364,AR,CUST-011,2026-07-27,2026-07-18,39472500,39472500,0,1
AR-INV-2026-000365,INV-2026-000365,AR,CUST-008,2026-08-25,2026-08-27,31196900,31196900,0,1
AR-INV-2026-000366,INV-2026-000366,AR,CUST-009,2026-07-11,2026-07-27,349824100,349824100,0,1
AR-INV-2026-000367,INV-2026-000367,AR,CUST-011,2026-07-27,2026-07-24,94569800,94569800,0,1
AP-VB-2026-000368,VB-2026-000368,AP,VEND-009,2026-08-10,2026-08-03,24086800,24086800,0,1
AP-RT-2026-000369,RT-2026-000369,AP,VEND-006,2026-07-27,2026-07-20,65479700,65479700,0,1
AP-RT-2026-000370,RT-2026-000370,AP,VEND-003,2026-07-27,2026-08-08,18396500,18396500,0,1
AR-INV-2026-000371,INV-2026-000371,AR,CUST-001,2026-08-11,2026-08-12,28690200,28690200,0,1
AR-INV-2026-000372,INV-2026-000372,AR,CUST-005,2026-07-13,2026-07-16,457536800,457536800,0,1
AR-INV-2026-000373,INV-2026-000373,AR,CUST-013,2026-08-11,2026-08-08,27121900,27121900,0,1
AR-INV-2026-000374,INV-2026-000374,AR,CUST-006,2026-07-27,2026-07-24,109972500,109972500,3291100,1
AP-RT-2026-000375,RT-2026-000375,AP,VEND-008,2026-07-27,2026-07-29,106103600,106103600,0,1
AP-VB-2026-000376,VB-2026-000376,AP,VEND-003,2026-07-27,2026-07-21,99710500,99710500,0,1
AP-VB-2026-000377,VB-2026-000377,AP,VEND-007,2026-07-13,2026-07-24,27290800,27290800,0,1
AR-INV-2026-000378,INV-2026-000378,AR,CUST-010,2026-07-13,2026-07-14,17388300,17388300,0,1
AP-VB-2026-000379,VB-2026-000379,AP,VEND-010,2026-08-12,2026-08-17,5593900,5593900,0,1
AP-RT-2026-000380,RT-2026-000380,AP,VEND-005,2026-07-13,2026-07-20,98186500,98186500,0,1
AP-VB-2026-000381,VB-2026-000381,AP,VEND-001,2026-07-13,2026-07-08,17795800,17795800,0,1
AR-INV-2026-000382,INV-2026-000382,AR,CUST-013,2026-08-13,2026-08-17,27560600,27560600,0,1
AR-INV-2026-000383,INV-2026-000383,AR,CUST-001,2026-08-13,2026-08-17,30022600,30022600,0,1
AR-INV-2026-000384,INV-2026-000384,AR,CUST-004,2026-07-14,2026-07-08,36051900,36051900,0,1
AR-INV-2026-000385,INV-2026-000385,AR,CUST-012,2026-07-14,2026-07-20,263635100,263635100,0,1
AR-INV-2026-000386,INV-2026-000386,AR,CUST-009,2026-07-14,2026-07-17,25474800,25474800,0,1
AR-INV-2026-000387,INV-2026-000387,AR,CUST-005,2026-07-14,2026-06-24,64310300,64310300,0,1
AR-INV-2026-000388,INV-2026-000388,AR,CUST-013,2026-08-13,2026-08-17,81685000,81685000,0,1
AR-INV-2026-000389,INV-2026-000389,AR,CUST-005,2026-07-14,2026-06-24,37170600,37170600,0,1
AP-VB-2026-000390,VB-2026-000390,AP,VEND-003,2026-07-29,2026-07-30,57080200,57080200,0,1
AP-VB-2026-000391,VB-2026-000391,AP,VEND-008,2026-07-29,2026-07-31,61169700,61169700,0,1
AP-VB-2026-000392,VB-2026-000392,AP,VEND-005,2026-07-14,2026-07-16,39514300,39514300,0,1
AP-RT-2026-000393,RT-2026-000393,AP,VEND-009,2026-08-13,2026-08-07,8654800,8654800,0,1
AP-RT-2026-000394,RT-2026-000394,AP,VEND-004,2026-08-13,2026-08-10,105878400,105878400,0,1
AP-RT-2026-000395,RT-2026-000395,AP,VEND-006,2026-07-29,2026-08-03,40156500,40156500,0,1
AP-RT-2026-000396,RT-2026-000396,AP,VEND-002,2026-08-28,2026-08-28,10268900,10682900,414000,1
AP-RT-2026-000397,RT-2026-000397,AP,VEND-008,2026-07-29,1970-01-01,26976500,26976500,0,0
AR-INV-2026-000398,INV-2026-000398,AR,CUST-005,2026-07-15,2026-06-24,15760100,15760100,0,1
AR-INV-2026-000399,INV-2026-000399,AR,CUST-008,2026-08-29,2026-08-31,40535800,40535800,0,1
AR-INV-2026-000400,INV-2026-000400,AR,CUST-006,2026-07-30,2026-08-01,61232600,61232600,0,1
AR-INV-2026-000401,INV-2026-000401,AR,CUST-011,2026-07-30,2026-07-28,40374300,40374300,0,1
AR-INV-2026-000402,INV-2026-000402,AR,CUST-012,2026-07-15,2026-07-22,31174700,31174700,0,1
AR-INV-2026-000403,INV-2026-000403,AR,CUST-013,2026-08-14,2026-08-10,110100200,110100200,0,1
AR-INV-2026-000404,INV-2026-000404,AR,CUST-003,2026-07-30,1970-01-01,60067900,60067900,0,0
AR-INV-2026-000405,INV-2026-000405,AR,CUST-002,2026-07-15,2026-07-22,12858300,12858300,0,1
AR-INV-2026-000406,INV-2026-000406,AR,CUST-004,2026-07-15,2026-07-03,35486400,35486400,0,1
AP-VB-2026-000407,VB-2026-000407,AP,VEND-003,2026-07-30,2026-07-29,20375100,20375100,0,1
AP-VB-2026-000408,VB-2026-000408,AP,VEND-003,2026-07-30,2026-08-04,23121800,23121800,0,1
AP-RT-2026-000409,RT-2026-000409,AP,VEND-005,2026-07-15,2026-07-13,52742900,52742900,0,1
AP-VB-2026-000410,VB-2026-000410,AP,VEND-001,2026-07-15,2026-07-28,34576900,34576900,0,1
AP-RT-2026-000411,RT-2026-000411,AP,VEND-007,2026-07-15,2026-07-21,12922100,12922100,0,1
AP-VB-2026-000412,VB-2026-000412,AP,VEND-001,2026-07-15,2026-07-28,23390200,23390200,0,1
AP-RT-2026-000413,RT-2026-000413,AP,VEND-009,2026-08-14,2026-08-10,7121300,7121300,0,1
AP-RT-2026-000414,RT-2026-000414,AP,VEND-001,2026-07-15,2026-07-27,27988200,27988200,0,1
AP-RT-2026-000415,RT-2026-000415,AP,VEND-008,2026-07-30,2026-07-29,39069000,39069000,0,1
AR-INV-2026-000416,INV-2026-000416,AR,CUST-004,2026-07-16,2026-07-23,83400600,83400600,0,1
AR-INV-2026-000417,INV-2026-000417,AR,CUST-002,2026-07-16,2026-07-22,20361400,20361400,0,1
AR-INV-2026-000418,INV-2026-000418,AR,CUST-009,2026-07-16,2026-07-27,80469400,80469400,0,1
AR-INV-2026-000419,INV-2026-000419,AR,CUST-005,2026-07-16,2026-07-29,564266300,564266300,0,1
AR-INV-2026-000420,INV-2026-000420,AR,CUST-004,2026-07-16,2026-07-13,36393500,36393500,0,1
AP-VB-2026-000421,VB-2026-000421,AP,VEND-001,2026-07-16,2026-07-09,100358700,100358700,0,1
AP-VB-2026-000422,VB-2026-000422,AP,VEND-001,2026-07-16,2026-07-21,94911400,94911400,0,1
AP-RT-2026-000423,RT-2026-000423,AP,VEND-009,2026-08-17,2026-08-17,16041400,16041400,0,1
AR-INV-2026-000424,INV-2026-000424,AR,CUST-012,2026-07-17,2026-07-22,48773400,48773400,0,1
AR-INV-2026-000425,INV-2026-000425,AR,CUST-010,2026-07-17,2026-07-18,13816900,13816900,0,1
AR-INV-2026-000426,INV-2026-000426,AR,CUST-008,2026-08-31,2026-09-08,34287000,34287000,0,1
AR-INV-2026-000427,INV-2026-000427,AR,CUST-006,2026-08-01,2026-08-01,42698400,42698400,0,1
AR-INV-2026-000428,INV-2026-000428,AR,CUST-008,2026-08-31,2026-09-08,216768900,216768900,0,1
AR-INV-2026-000429,INV-2026-000429,AR,CUST-004,2026-07-17,2026-07-30,57287600,57287600,0,1
AP-RT-2026-000430,RT-2026-000430,AP,VEND-004,2026-08-17,2026-08-17,51377300,51377300,0,1
AP-RT-2026-000431,RT-2026-000431,AP,VEND-002,2026-08-31,2026-08-31,41333000,41333000,0,1
AP-VB-2026-000432,VB-2026-000432,AP,VEND-007,2026-07-17,2026-07-30,28518400,28518400,0,1
AR-INV-2026-000433,INV-2026-000433,AR,CUST-014,2026-08-17,2026-08-13,46372200,46372200,0,1
AR-INV-2026-000434,INV-2026-000434,AR,CUST-001,2026-08-17,2026-08-18,18906800,18906800,0,1
AR-INV-2026-000435,INV-2026-000435,AR,CUST-004,2026-07-18,2026-07-20,27857900,27857900,0,1
AR-INV-2026-000436,INV-2026-000436,AR,CUST-001,2026-08-17,2026-09-11,18517000,18517000,0,1
AR-INV-2026-000437,INV-2026-000437,AR,CUST-003,2026-08-03,2026-08-07,21277200,21277200,0,1
AR-INV-2026-000438,INV-2026-000438,AR,CUST-012,2026-07-20,2026-07-22,93318800,93318800,0,1
AR-INV-2026-000439,INV-2026-000439,AR,CUST-004,2026-07-20,2026-07-22,14147500,14147500,0,1
AP-VB-2026-000440,VB-2026-000440,AP,VEND-004,2026-08-18,2026-08-18,49792800,49792800,0,1
AP-VB-2026-000441,VB-2026-000441,AP,VEND-010,2026-08-18,2026-08-20,1567900,1567900,0,1
AP-VB-2026-000442,VB-2026-000442,AP,VEND-008,2026-08-03,2026-08-03,15473900,16223200,749300,1
AR-INV-2026-000443,INV-2026-000443,AR,CUST-009,2026-07-21,2026-07-28,600000000,600000000,0,1
AR-INV-2026-000444,INV-2026-000444,AR,CUST-005,2026-07-21,2026-08-01,23667900,23667900,0,1
AR-INV-2026-000445,INV-2026-000445,AR,CUST-005,2026-07-21,2026-07-29,259881300,259881300,0,1
AR-INV-2026-000446,INV-2026-000446,AR,CUST-005,2026-07-21,2026-08-07,111431500,111431500,0,1
AR-INV-2026-000447,INV-2026-000447,AR,CUST-010,2026-07-21,1970-01-01,18737400,18737400,0,0
AP-VB-2026-000448,VB-2026-000448,AP,VEND-001,2026-07-21,2026-08-03,20559600,20559600,0,1
AP-VB-2026-000449,VB-2026-000449,AP,VEND-010,2026-08-20,2026-08-22,14866700,14866700,0,1
AP-VB-2026-000450,VB-2026-000450,AP,VEND-007,2026-07-21,2026-08-03,20093000,20093000,0,1
AP-RT-2026-000451,RT-2026-000451,AP,VEND-008,2026-08-05,2026-08-04,28380900,28380900,0,1
AP-RT-2026-000452,RT-2026-000452,AP,VEND-006,2026-08-05,2026-08-07,18053600,18053600,0,1
AR-INV-2026-000453,INV-2026-000453,AR,CUST-003,2026-08-06,1970-01-01,12766500,12766500,0,0
AR-INV-2026-000454,INV-2026-000454,AR,CUST-002,2026-07-22,2026-07-22,29196800,29196800,0,1
AR-INV-2026-000455,INV-2026-000455,AR,CUST-001,2026-08-21,2026-09-11,15053800,15053800,0,1
AR-INV-2026-000456,INV-2026-000456,AR,CUST-007,2026-07-14,2026-07-18,22314000,22314000,0,1
AR-INV-2026-000457,INV-2026-000457,AR,CUST-007,2026-07-14,2026-07-13,14084200,14084200,0,1
AR-INV-2026-000458,INV-2026-000458,AR,CUST-002,2026-07-22,2026-07-24,19719400,19719400,0,1
AP-RT-2026-000459,RT-2026-000459,AP,VEND-008,2026-08-06,2026-08-08,17763200,17763200,0,1
AP-RT-2026-000460,RT-2026-000460,AP,VEND-001,2026-07-22,2026-07-29,68418400,68418400,0,1
AR-INV-2026-000461,INV-2026-000461,AR,CUST-010,2026-07-23,2026-07-22,16411000,16411000,0,1
AR-INV-2026-000462,INV-2026-000462,AR,CUST-003,2026-08-07,2026-08-07,24945500,24945500,0,1
AR-INV-2026-000463,INV-2026-000463,AR,CUST-011,2026-08-07,2026-08-03,61999500,61999500,0,1
AP-RT-2026-000464,RT-2026-000464,AP,VEND-005,2026-07-23,2026-07-25,36323500,36323500,0,1
AP-VB-2026-000465,VB-2026-000465,AP,VEND-003,2026-08-07,2026-08-12,24084600,24084600,0,1
AR-INV-2026-000466,INV-2026-000466,AR,CUST-012,2026-07-24,2026-07-31,118707600,118707600,0,1
AR-INV-2026-000467,INV-2026-000467,AR,CUST-005,2026-07-24,2026-07-27,92407800,92407800,0,1
AP-VB-2026-000468,VB-2026-000468,AP,VEND-003,2026-08-08,2026-08-10,38845200,38845200,0,1
AP-VB-2026-000469,VB-2026-000469,AP,VEND-001,2026-07-24,2026-08-08,33532500,33532500,0,1
AP-RT-2026-000470,RT-2026-000470,AP,VEND-009,2026-08-24,2026-08-11,5727500,5727500,0,1
AR-INV-2026-000471,INV-2026-000471,AR,CUST-002,2026-07-25,2026-08-10,50200000,50200000,0,1
AR-INV-2026-000472,INV-2026-000472,AR,CUST-007,2026-07-17,2026-07-31,24170300,24170300,0,1
AR-INV-2026-000473,INV-2026-000473,AR,CUST-002,2026-07-25,2026-07-31,29370000,29370000,0,1
AR-INV-2026-000474,INV-2026-000474,AR,CUST-012,2026-07-25,2026-08-03,91755300,91755300,0,1
AR-INV-2026-000475,INV-2026-000475,AR,CUST-012,2026-07-25,2026-08-05,122878800,122878800,0,1
AR-INV-2026-000476,INV-2026-000476,AR,CUST-003,2026-08-10,2026-08-10,78158000,78158000,0,1
AR-INV-2026-000477,INV-2026-000477,AR,CUST-014,2026-08-24,2026-08-25,17873000,17873000,0,1
AP-VB-2026-000478,VB-2026-000478,AP,VEND-003,2026-08-10,2026-08-08,16987300,16987300,0,1
AP-VB-2026-000479,VB-2026-000479,AP,VEND-007,2026-07-25,2026-07-21,6883500,6883500,0,1
AP-RT-2026-000480,RT-2026-000480,AP,VEND-010,2026-08-24,2026-08-31,5785300,5785300,0,1
AP-RT-2026-000481,RT-2026-000481,AP,VEND-001,2026-07-25,2026-08-10,34765400,34765400,0,1
AP-RT-2026-000482,RT-2026-000482,AP,VEND-008,2026-08-10,1970-01-01,15716100,15716100,0,0
AR-INV-2026-000483,INV-2026-000483,AR,CUST-008,2026-09-09,1970-01-01,39318500,39318500,0,0
AP-RT-2026-000484,RT-2026-000484,AP,VEND-002,2026-09-09,2026-09-07,12368200,12368200,425000,1
AP-RT-2026-000485,RT-2026-000485,AP,VEND-007,2026-07-27,2026-08-05,10405400,10405400,0,1
AP-RT-2026-000486,RT-2026-000486,AP,VEND-003,2026-08-10,2026-08-27,36187500,36828700,641200,1
AP-VB-2026-000487,VB-2026-000487,AP,VEND-010,2026-08-25,2026-08-29,16280900,16280900,0,1
AR-INV-2026-000488,INV-2026-000488,AR,CUST-011,2026-08-12,1970-01-01,46898800,46898800,0,0
AR-INV-2026-000489,INV-2026-000489,AR,CUST-014,2026-08-27,2026-08-31,72194100,72194100,0,1
AR-INV-2026-000490,INV-2026-000490,AR,CUST-008,2026-09-11,2026-09-07,21409000,21409000,0,1
AR-INV-2026-000491,INV-2026-000491,AR,CUST-003,2026-08-12,2026-08-13,15413900,15413900,0,1
AR-INV-2026-000492,INV-2026-000492,AR,CUST-010,2026-07-28,2026-07-30,5107800,5107800,0,1
AR-INV-2026-000493,INV-2026-000493,AR,CUST-009,2026-07-28,2026-08-03,114849400,114849400,0,1
AP-VB-2026-000494,VB-2026-000494,AP,VEND-006,2026-08-12,2026-08-13,39671100,39671100,0,1
AP-VB-2026-000495,VB-2026-000495,AP,VEND-004,2026-08-27,2026-09-05,26464500,26464500,0,1
AR-INV-2026-000496,INV-2026-000496,AR,CUST-006,2026-08-13,2026-08-13,84022900,84022900,0,1
AR-INV-2026-000497,INV-2026-000497,AR,CUST-013,2026-08-28,2026-09-02,43540300,43540300,0,1
AR-INV-2026-000498,INV-2026-000498,AR,CUST-012,2026-07-29,2026-08-03,57664000,57664000,0,1
AR-INV-2026-000499,INV-2026-000499,AR,CUST-012,2026-07-30,2026-07-31,97395600,97395600,0,1
AR-INV-2026-000500,INV-2026-000500,AR,CUST-014,2026-08-29,1970-01-01,20011600,20011600,0,0
AP-VB-2026-000501,VB-2026-000501,AP,VEND-002,2026-09-14,2026-09-15,36886200,36886200,318200,1
AP-RT-2026-000502,RT-2026-000502,AP,VEND-001,2026-07-30,2026-07-20,23821800,25126400,1304600,1
AP-VB-2026-000503,VB-2026-000503,AP,VEND-005,2026-07-30,2026-07-21,30635800,30635800,0,1
AP-RT-2026-000504,RT-2026-000504,AP,VEND-010,2026-08-29,2026-09-01,9203700,9203700,0,1
AR-INV-2026-000505,INV-2026-000505,AR,CUST-011,2026-08-17,2026-08-17,44118800,44118800,0,1
AR-INV-2026-000506,INV-2026-000506,AR,CUST-014,2026-08-31,1970-01-01,6454200,6454200,0,0
AR-INV-2026-000507,INV-2026-000507,AR,CUST-009,2026-07-31,2026-08-01,21834100,21834100,0,1
AR-INV-2026-000508,INV-2026-000508,AR,CUST-004,2026-07-31,2026-07-30,49806100,49806100,0,1
AR-INV-2026-000509,INV-2026-000509,AR,CUST-005,2026-07-31,2026-08-13,101264700,101264700,0,1
AR-INV-2026-000510,INV-2026-000510,AR,CUST-002,2026-07-31,2026-07-30,96195900,96195900,4821900,1
AR-INV-2026-000511,INV-2026-000511,AR,CUST-003,2026-08-17,2026-08-24,29894000,29894000,0,1
AR-INV-2026-000512,INV-2026-000512,AR,CUST-008,2026-09-14,2026-09-21,8609700,8609700,454100,1
AP-VB-2026-000513,VB-2026-000513,AP,VEND-005,2026-07-31,2026-07-21,26526400,26526400,0,1
AP-RT-2026-000514,RT-2026-000514,AP,VEND-007,2026-07-31,2026-08-10,10769500,10769500,0,1
AR-INV-2026-000515,INV-2026-000515,AR,CUST-014,2026-08-31,1970-01-01,72018600,72018600,0,0
AR-INV-2026-000516,INV-2026-000516,AR,CUST-010,2026-08-01,2026-08-03,33447500,33447500,0,1
AR-INV-2026-000517,INV-2026-000517,AR,CUST-004,2026-08-01,2026-07-27,72746600,72746600,0,1
AR-INV-2026-000518,INV-2026-000518,AR,CUST-004,2026-08-01,2026-08-17,25994600,25994600,0,1
AR-INV-2026-000519,INV-2026-000519,AR,CUST-002,2026-08-01,2026-08-10,6154200,6154200,0,1
AR-INV-2026-000520,INV-2026-000520,AR,CUST-008,2026-09-15,2026-09-22,61808900,61808900,0,1
AR-INV-2026-000521,INV-2026-000521,AR,CUST-003,2026-08-17,2026-08-10,15146500,15146500,0,1
AR-INV-2026-000522,INV-2026-000522,AR,CUST-003,2026-08-17,2026-08-17,46897700,46897700,0,1
AR-INV-2026-000523,INV-2026-000523,AR,CUST-006,2026-08-17,2026-08-11,18830100,18830100,0,1
AP-VB-2026-000524,VB-2026-000524,AP,VEND-002,2026-09-15,2026-09-11,17745100,17745100,0,1
AP-RT-2026-000525,RT-2026-000525,AP,VEND-008,2026-08-17,2026-08-17,17416000,17416000,0,1
AP-RT-2026-000526,RT-2026-000526,AP,VEND-007,2026-08-01,2026-08-14,24905600,24905600,0,1
AP-RT-2026-000527,RT-2026-000527,AP,VEND-006,2026-08-17,2026-08-31,51441500,51441500,0,1
AR-INV-2026-000528,INV-2026-000528,AR,CUST-002,2026-08-03,2026-08-10,82724400,82724400,0,1
AR-INV-2026-000529,INV-2026-000529,AR,CUST-011,2026-08-17,2026-08-10,26994200,26994200,0,1
AR-INV-2026-000530,INV-2026-000530,AR,CUST-011,2026-08-18,2026-08-12,89804200,89804200,0,1
AP-RT-2026-000531,RT-2026-000531,AP,VEND-002,2026-09-17,2026-09-21,24695700,24695700,0,1
AP-VB-2026-000532,VB-2026-000532,AP,VEND-002,2026-09-17,2026-09-17,32583400,32583400,0,1
AP-VB-2026-000533,VB-2026-000533,AP,VEND-004,2026-09-02,2026-08-26,63842300,63842300,0,1
AR-INV-2026-000534,INV-2026-000534,AR,CUST-010,2026-08-04,2026-08-07,20572300,20572300,0,1
AR-INV-2026-000535,INV-2026-000535,AR,CUST-011,2026-08-19,2026-08-12,38939000,38939000,0,1
AR-INV-2026-000536,INV-2026-000536,AR,CUST-009,2026-08-04,2026-08-07,105578000,105578000,0,1
AR-INV-2026-000537,INV-2026-000537,AR,CUST-011,2026-08-19,2026-08-17,25328300,25328300,0,1
AR-INV-2026-000538,INV-2026-000538,AR,CUST-003,2026-08-19,2026-08-24,38022000,38022000,0,1
AR-INV-2026-000539,INV-2026-000539,AR,CUST-007,2026-07-27,2026-08-06,10564100,10564100,0,1
AR-INV-2026-000540,INV-2026-000540,AR,CUST-007,2026-07-27,2026-08-24,6127800,6127800,0,1
AR-INV-2026-000541,INV-2026-000541,AR,CUST-012,2026-08-04,2026-08-07,44124500,44124500,0,1
AR-INV-2026-000542,INV-2026-000542,AR,CUST-002,2026-08-04,2026-08-04,6107900,6107900,0,1
AP-VB-2026-000543,VB-2026-000543,AP,VEND-004,2026-09-03,2026-08-25,36010000,36010000,0,1
AP-VB-2026-000544,VB-2026-000544,AP,VEND-001,2026-08-04,2026-08-17,66485100,66485100,0,1
AP-VB-2026-000545,VB-2026-000545,AP,VEND-005,2026-08-04,2026-08-08,24534600,24534600,0,1
AP-RT-2026-000546,RT-2026-000546,AP,VEND-002,2026-09-18,2026-09-14,23615500,23615500,0,1
AR-INV-2026-000547,INV-2026-000547,AR,CUST-014,2026-09-04,2026-08-25,14164300,14164300,0,1
AR-INV-2026-000548,INV-2026-000548,AR,CUST-004,2026-08-05,2026-07-22,66645100,66645100,0,1
AR-INV-2026-000549,INV-2026-000549,AR,CUST-001,2026-09-04,2026-09-11,88029900,88029900,0,1
AR-INV-2026-000550,INV-2026-000550,AR,CUST-013,2026-09-04,2026-09-07,93217500,93217500,0,1
AR-INV-2026-000551,INV-2026-000551,AR,CUST-006,2026-08-20,2026-08-17,36222200,36222200,0,1
AR-INV-2026-000552,INV-2026-000552,AR,CUST-002,2026-08-05,2026-08-17,15122900,15122900,0,1
AR-INV-2026-000553,INV-2026-000553,AR,CUST-003,2026-08-20,2026-08-19,34507700,34507700,0,1
AR-INV-2026-000554,INV-2026-000554,AR,CUST-001,2026-09-04,2026-09-05,5829500,5829500,122300,1
AP-VB-2026-000555,VB-2026-000555,AP,VEND-006,2026-08-20,2026-08-21,12291700,12291700,0,1
AP-RT-2026-000556,RT-2026-000556,AP,VEND-008,2026-08-20,2026-08-21,27409700,27409700,0,1
AP-RT-2026-000557,RT-2026-000557,AP,VEND-006,2026-08-20,2026-08-22,17834700,17834700,0,1
AP-VB-2026-000558,VB-2026-000558,AP,VEND-005,2026-08-05,2026-07-25,69712300,69712300,0,1
AP-VB-2026-000559,VB-2026-000559,AP,VEND-001,2026-08-05,2026-08-14,57891200,57891200,0,1
AP-VB-2026-000560,VB-2026-000560,AP,VEND-009,2026-09-04,2026-09-10,9261200,9261200,0,1
AR-INV-2026-000561,INV-2026-000561,AR,CUST-001,2026-09-05,2026-09-15,56520200,56520200,0,1
AR-INV-2026-000562,INV-2026-000562,AR,CUST-005,2026-08-06,2026-08-18,37473400,37473400,0,1
AR-INV-2026-000563,INV-2026-000563,AR,CUST-006,2026-08-21,2026-08-19,5051600,5051600,0,1
AR-INV-2026-000564,INV-2026-000564,AR,CUST-009,2026-08-06,2026-08-07,119507000,119507000,0,1
AR-INV-2026-000565,INV-2026-000565,AR,CUST-007,2026-07-29,2026-08-13,13538400,13538400,0,1
AR-INV-2026-000566,INV-2026-000566,AR,CUST-004,2026-08-06,2026-08-10,16940700,16940700,981900,1
AP-VB-2026-000567,VB-2026-000567,AP,VEND-006,2026-08-21,2026-08-22,14631600,14631600,0,1
AP-RT-2026-000568,RT-2026-000568,AP,VEND-001,2026-08-06,2026-08-12,29991900,29991900,0,1
AP-RT-2026-000569,RT-2026-000569,AP,VEND-004,2026-09-05,2026-09-04,32609800,32609800,0,1
AR-INV-2026-000570,INV-2026-000570,AR,CUST-005,2026-08-07,2026-08-08,131786200,131786200,4721800,1
AR-INV-2026-000571,INV-2026-000571,AR,CUST-010,2026-08-07,2026-08-10,23567500,23567500,0,1
AR-INV-2026-000572,INV-2026-000572,AR,CUST-001,2026-09-07,2026-09-15,20589900,20589900,0,1
AR-INV-2026-000573,INV-2026-000573,AR,CUST-005,2026-08-07,2026-08-24,130956700,130956700,0,1
AR-INV-2026-000574,INV-2026-000574,AR,CUST-008,2026-09-21,2026-09-26,18366100,18366100,0,1
AP-RT-2026-000575,RT-2026-000575,AP,VEND-005,2026-08-07,2026-08-17,36644700,36644700,0,1
AP-VB-2026-000576,VB-2026-000576,AP,VEND-002,2026-09-21,2026-09-28,18414400,18414400,567500,1
AP-VB-2026-000577,VB-2026-000577,AP,VEND-008,2026-08-22,2026-08-22,18176100,18176100,0,1
AP-VB-2026-000578,VB-2026-000578,AP,VEND-003,2026-08-22,2026-09-02,28465100,28465100,0,1
AP-RT-2026-000579,RT-2026-000579,AP,VEND-007,2026-08-07,2026-08-10,42438900,42438900,0,1
AR-INV-2026-000580,INV-2026-000580,AR,CUST-007,2026-07-31,2026-08-05,17503200,17503200,0,1
AR-INV-2026-000581,INV-2026-000581,AR,CUST-003,2026-08-24,2026-08-24,30043200,30043200,0,1
AR-INV-2026-000582,INV-2026-000582,AR,CUST-009,2026-08-08,2026-08-20,51322700,51322700,0,1
AR-INV-2026-000583,INV-2026-000583,AR,CUST-004,2026-08-08,2026-07-30,55967200,55967200,3134700,1
AP-RT-2026-000584,RT-2026-000584,AP,VEND-006,2026-08-24,2026-09-08,27924400,27924400,0,1
AP-RT-2026-000585,RT-2026-000585,AP,VEND-004,2026-09-07,1970-01-01,29873800,29873800,0,0
AP-RT-2026-000586,RT-2026-000586,AP,VEND-008,2026-08-24,2026-08-28,30810300,30810300,0,1
AR-INV-2026-000587,INV-2026-000587,AR,CUST-008,2026-09-23,2026-09-28,57787300,57787300,0,1
AP-VB-2026-000588,VB-2026-000588,AP,VEND-002,2026-09-23,2026-09-21,19846600,19846600,0,1
AP-RT-2026-000589,RT-2026-000589,AP,VEND-009,2026-09-08,2026-09-09,7859400,7859400,0,1
AP-RT-2026-000590,RT-2026-000590,AP,VEND-005,2026-08-10,1970-01-01,71260000,71260000,0,0
AP-VB-2026-000591,VB-2026-000591,AP,VEND-008,2026-08-24,2026-08-25,11321700,11321700,0,1
AR-INV-2026-000592,INV-2026-000592,AR,CUST-004,2026-08-11,2026-08-07,29296000,29296000,0,1
AR-INV-2026-000593,INV-2026-000593,AR,CUST-009,2026-08-11,2026-08-13,188330700,188330700,3102600,1
AR-INV-2026-000594,INV-2026-000594,AR,CUST-003,2026-08-26,2026-08-28,24796300,24796300,0,1
AR-INV-2026-000595,INV-2026-000595,AR,CUST-004,2026-08-11,2026-08-22,21640700,21640700,0,1
AP-RT-2026-000596,RT-2026-000596,AP,VEND-009,2026-09-10,2026-09-09,10506300,10506300,0,1
AP-RT-2026-000597,RT-2026-000597,AP,VEND-003,2026-08-26,2026-08-25,25854200,25854200,0,1
AR-INV-2026-000598,INV-2026-000598,AR,CUST-013,2026-09-11,2026-09-16,102368100,102368100,0,1
AR-INV-2026-000599,INV-2026-000599,AR,CUST-014,2026-09-11,2026-09-28,5120000,5120000,137900,1
AR-INV-2026-000600,INV-2026-000600,AR,CUST-003,2026-08-27,1970-01-01,19209500,19209500,0,0
AR-INV-2026-000601,INV-2026-000601,AR,CUST-010,2026-08-12,2026-08-20,41913500,41913500,2338600,1
AR-INV-2026-000602,INV-2026-000602,AR,CUST-014,2026-09-11,2026-09-11,23086600,23086600,0,1
AR-INV-2026-000603,INV-2026-000603,AR,CUST-001,2026-09-11,2026-09-15,6509700,6509700,0,1
AR-INV-2026-000604,INV-2026-000604,AR,CUST-014,2026-09-11,2026-09-07,20202300,20202300,672400,1
AP-RT-2026-000605,RT-2026-000605,AP,VEND-006,2026-08-27,2026-09-09,49181500,49181500,0,1
AP-RT-2026-000606,RT-2026-000606,AP,VEND-007,2026-08-12,2026-08-21,31441700,31441700,0,1
AP-VB-2026-000607,VB-2026-000607,AP,VEND-007,2026-08-12,2026-08-21,8063600,8063600,0,1
AR-INV-2026-000608,INV-2026-000608,AR,CUST-009,2026-08-13,2026-08-22,41980600,41980600,0,1
AR-INV-2026-000609,INV-2026-000609,AR,CUST-003,2026-08-28,2026-08-26,55880700,55880700,1378700,1
AR-INV-2026-000610,INV-2026-000610,AR,CUST-007,2026-08-05,2026-08-10,9210800,9210800,0,1
AR-INV-2026-000611,INV-2026-000611,AR,CUST-005,2026-08-13,2026-09-04,21162500,21162500,0,1
AR-INV-2026-000612,INV-2026-000612,AR,CUST-001,2026-09-12,2026-09-14,22501800,22501800,0,1
AR-INV-2026-000613,INV-2026-000613,AR,CUST-001,2026-09-12,1970-01-01,21679400,21679400,0,0
AR-INV-2026-000614,INV-2026-000614,AR,CUST-004,2026-08-13,2026-08-17,48569700,48569700,0,1
AP-RT-2026-000615,RT-2026-000615,AP,VEND-010,2026-09-12,2026-09-14,13767600,13767600,0,1
AP-VB-2026-000616,VB-2026-000616,AP,VEND-001,2026-08-13,2026-08-31,33007700,34483600,1475900,1
AP-RT-2026-000617,RT-2026-000617,AP,VEND-005,2026-08-13,2026-08-17,31282200,31282200,0,1
AP-RT-2026-000618,RT-2026-000618,AP,VEND-001,2026-08-13,2026-08-21,22577900,22577900,0,1
AP-RT-2026-000619,RT-2026-000619,AP,VEND-001,2026-08-13,2026-08-19,15201700,15201700,0,1
AP-VB-2026-000620,VB-2026-000620,AP,VEND-001,2026-08-13,2026-08-26,19429400,19429400,0,1
AR-INV-2026-000621,INV-2026-000621,AR,CUST-002,2026-08-14,2026-08-24,50172800,50172800,0,1
AR-INV-2026-000622,INV-2026-000622,AR,CUST-009,2026-08-14,2026-08-19,600000000,600000000,0,1
AR-INV-2026-000623,INV-2026-000623,AR,CUST-013,2026-09-14,2026-09-15,150936800,150936800,0,1
AR-INV-2026-000624,INV-2026-000624,AR,CUST-006,2026-08-29,2026-08-31,22251300,22251300,0,1
AR-INV-2026-000625,INV-2026-000625,AR,CUST-006,2026-08-29,2026-08-31,21526100,21526100,0,1
AP-RT-2026-000626,RT-2026-000626,AP,VEND-009,2026-09-14,2026-09-17,9392500,9392500,0,1
AP-VB-2026-000627,VB-2026-000627,AP,VEND-001,2026-08-14,2026-08-17,59577700,59577700,0,1
AP-VB-2026-000628,VB-2026-000628,AP,VEND-003,2026-08-29,2026-08-26,19648000,19648000,0,1
AP-VB-2026-000629,VB-2026-000629,AP,VEND-005,2026-08-14,2026-08-24,21620000,21620000,0,1
AR-INV-2026-000630,INV-2026-000630,AR,CUST-014,2026-09-14,2026-09-22,12201400,12201400,0,1
AR-INV-2026-000631,INV-2026-000631,AR,CUST-009,2026-08-17,2026-08-27,21426800,21426800,0,1
AR-INV-2026-000632,INV-2026-000632,AR,CUST-014,2026-09-14,2026-09-25,21996900,21996900,0,1
AR-INV-2026-000633,INV-2026-000633,AR,CUST-003,2026-08-31,1970-01-01,48022200,48022200,0,0
AR-INV-2026-000634,INV-2026-000634,AR,CUST-013,2026-09-14,2026-09-17,51070100,51070100,0,1
AP-VB-2026-000635,VB-2026-000635,AP,VEND-006,2026-08-31,2026-09-07,24870400,24870400,0,1
AP-VB-2026-000636,VB-2026-000636,AP,VEND-008,2026-08-31,2026-09-05,13521500,14380300,858800,1
AP-VB-2026-000637,VB-2026-000637,AP,VEND-001,2026-08-17,2026-08-24,46408500,46408500,0,1
AP-RT-2026-000638,RT-2026-000638,AP,VEND-009,2026-09-14,2026-09-28,6587600,6587600,0,1
AP-RT-2026-000639,RT-2026-000639,AP,VEND-010,2026-09-14,2026-09-21,23559600,23559600,0,1
AP-RT-2026-000640,RT-2026-000640,AP,VEND-007,2026-08-17,2026-08-28,14394900,14394900,0,1
AP-VB-2026-000641,VB-2026-000641,AP,VEND-007,2026-08-17,2026-08-25,19371000,20585700,1214700,1
AR-INV-2026-000642,INV-2026-000642,AR,CUST-011,2026-08-31,2026-08-31,33772200,33772200,0,1
AR-INV-2026-000643,INV-2026-000643,AR,CUST-010,2026-08-17,2026-08-17,55260200,55260200,0,1
AR-INV-2026-000644,INV-2026-000644,AR,CUST-007,2026-08-08,2026-08-18,12620800,12620800,0,1
AP-RT-2026-000645,RT-2026-000645,AP,VEND-006,2026-08-31,2026-09-15,13639000,13639000,0,1
AP-VB-2026-000646,VB-2026-000646,AP,VEND-002,2026-09-30,2026-09-28,11295900,11295900,0,1
AP-VB-2026-000647,VB-2026-000647,AP,VEND-009,2026-09-16,2026-09-25,7519200,7519200,0,1
AP-VB-2026-000648,VB-2026-000648,AP,VEND-003,2026-09-01,2026-08-26,22019700,22019700,0,1
AP-VB-2026-000649,VB-2026-000649,AP,VEND-004,2026-09-16,2026-09-12,53768500,53768500,0,1
AP-VB-2026-000650,VB-2026-000650,AP,VEND-002,2026-10-01,2026-09-30,16113800,16113800,0,1
AR-INV-2026-000651,INV-2026-000651,AR,CUST-014,2026-09-17,2026-09-29,11558100,11558100,0,1
AR-INV-2026-000652,INV-2026-000652,AR,CUST-006,2026-09-02,2026-09-02,24872500,24872500,0,1
AP-RT-2026-000653,RT-2026-000653,AP,VEND-005,2026-08-18,2026-08-14,29812900,29812900,0,1
AP-RT-2026-000654,RT-2026-000654,AP,VEND-002,2026-10-03,2026-09-24,25491800,25491800,0,1
AP-VB-2026-000655,VB-2026-000655,AP,VEND-010,2026-09-17,2026-09-19,12185600,12185600,0,1
AR-INV-2026-000656,INV-2026-000656,AR,CUST-008,2026-10-03,1970-01-01,2765500,2765500,0,0
AR-INV-2026-000657,INV-2026-000657,AR,CUST-013,2026-09-18,2026-09-19,88951800,88951800,0,1
AR-INV-2026-000658,INV-2026-000658,AR,CUST-013,2026-09-18,2026-09-21,91606700,91606700,0,1
AR-INV-2026-000659,INV-2026-000659,AR,CUST-001,2026-09-18,2026-09-16,163915900,163915900,0,1
AP-VB-2026-000660,VB-2026-000660,AP,VEND-010,2026-09-18,2026-09-21,14796600,14796600,269700,1
AP-VB-2026-000661,VB-2026-000661,AP,VEND-007,2026-08-19,2026-08-29,10532700,10532700,0,1
AP-VB-2026-000662,VB-2026-000662,AP,VEND-007,2026-08-19,2026-08-29,40358900,40358900,0,1
AP-VB-2026-000663,VB-2026-000663,AP,VEND-009,2026-09-18,1970-01-01,5076200,5076200,0,0
AR-INV-2026-000664,INV-2026-000664,AR,CUST-012,2026-08-20,2026-08-29,111745600,111745600,0,1
AR-INV-2026-000665,INV-2026-000665,AR,CUST-012,2026-08-20,1970-01-01,134674900,134674900,0,0
AR-INV-2026-000666,INV-2026-000666,AR,CUST-004,2026-08-20,2026-09-03,136687600,136687600,0,1
AR-INV-2026-000667,INV-2026-000667,AR,CUST-014,2026-09-19,2026-10-08,28251300,28251300,0,1
AR-INV-2026-000668,INV-2026-000668,AR,CUST-007,2026-08-12,2026-08-11,7533300,7533300,0,1
AP-VB-2026-000669,VB-2026-000669,AP,VEND-001,2026-08-20,2026-09-08,48686000,48686000,0,1
AP-RT-2026-000670,RT-2026-000670,AP,VEND-009,2026-09-19,2026-09-10,10142800,10142800,0,1
AP-VB-2026-000671,VB-2026-000671,AP,VEND-001,2026-08-20,2026-08-21,65586500,65586500,0,1
AP-RT-2026-000672,RT-2026-000672,AP,VEND-001,2026-08-20,2026-09-04,54597900,54597900,0,1
AP-RT-2026-000673,RT-2026-000673,AP,VEND-008,2026-09-04,2026-09-07,37271300,37271300,1534700,1
AP-VB-2026-000674,VB-2026-000674,AP,VEND-005,2026-08-20,2026-08-31,45335300,45335300,0,1
AR-INV-2026-000675,INV-2026-000675,AR,CUST-009,2026-08-21,2026-08-27,466955000,466955000,0,1
AR-INV-2026-000676,INV-2026-000676,AR,CUST-012,2026-08-21,2026-08-27,64478600,64478600,0,1
AR-INV-2026-000677,INV-2026-000677,AR,CUST-004,2026-08-21,2026-09-02,55773600,55773600,0,1
AR-INV-2026-000678,INV-2026-000678,AR,CUST-004,2026-08-21,2026-08-27,62922500,62922500,332800,1
AR-INV-2026-000679,INV-2026-000679,AR,CUST-013,2026-09-21,2026-09-22,377181200,377181200,0,1
AP-VB-2026-000680,VB-2026-000680,AP,VEND-010,2026-09-21,2026-09-30,27568100,27568100,0,1
AP-RT-2026-000681,RT-2026-000681,AP,VEND-002,2026-10-05,2026-09-28,39432700,39432700,0,1
AP-VB-2026-000682,VB-2026-000682,AP,VEND-001,2026-08-21,2026-08-24,52876400,52876400,0,1
AP-RT-2026-000683,RT-2026-000683,AP,VEND-009,2026-09-21,2026-10-01,2309600,2309600,0,1
AR-INV-2026-000684,INV-2026-000684,AR,CUST-012,2026-08-22,2026-08-29,64602800,64602800,0,1
AR-INV-2026-000685,INV-2026-000685,AR,CUST-001,2026-09-21,2026-09-21,46483300,46483300,0,1
AR-INV-2026-000686,INV-2026-000686,AR,CUST-005,2026-08-22,2026-08-26,600000000,600000000,0,1
AR-INV-2026-000687,INV-2026-000687,AR,CUST-006,2026-09-07,1970-01-01,40726500,40726500,0,0
AR-INV-2026-000688,INV-2026-000688,AR,CUST-002,2026-08-22,1970-01-01,10110700,10110700,0,0
AR-INV-2026-000689,INV-2026-000689,AR,CUST-013,2026-09-21,2026-09-23,237116900,237116900,0,1
AP-RT-2026-000690,RT-2026-000690,AP,VEND-004,2026-09-21,2026-10-05,94030800,94030800,0,1
AP-RT-2026-000691,RT-2026-000691,AP,VEND-003,2026-09-07,2026-09-11,28435500,28435500,0,1
AP-VB-2026-000692,VB-2026-000692,AP,VEND-003,2026-09-07,2026-09-07,7643500,7643500,0,1
AP-RT-2026-000693,RT-2026-000693,AP,VEND-008,2026-09-07,2026-09-09,25954200,25954200,0,1
AP-VB-2026-000694,VB-2026-000694,AP,VEND-008,2026-09-07,2026-09-07,11586600,11586600,0,1
AR-INV-2026-000695,INV-2026-000695,AR,CUST-001,2026-09-22,2026-09-21,70818900,70818900,0,1
AP-RT-2026-000696,RT-2026-000696,AP,VEND-009,2026-09-22,2026-09-23,6920500,6920500,0,1
AP-RT-2026-000697,RT-2026-000697,AP,VEND-009,2026-09-23,2026-09-19,5731100,5731100,0,1
AP-RT-2026-000698,RT-2026-000698,AP,VEND-010,2026-09-23,2026-09-28,3147700,3147700,0,1
AP-VB-2026-000699,VB-2026-000699,AP,VEND-006,2026-09-08,2026-09-12,24770200,24770200,539500,1
AP-RT-2026-000700,RT-2026-000700,AP,VEND-005,2026-08-24,2026-08-31,52507800,52507800,0,1
AR-INV-2026-000701,INV-2026-000701,AR,CUST-007,2026-08-17,2026-09-05,9857900,9857900,0,1
AR-INV-2026-000702,INV-2026-000702,AR,CUST-004,2026-08-25,2026-08-29,19352500,19352500,0,1
AR-INV-2026-000703,INV-2026-000703,AR,CUST-012,2026-08-25,2026-09-01,55310500,55310500,0,1
AR-INV-2026-000704,INV-2026-000704,AR,CUST-003,2026-09-09,2026-09-07,19218700,19218700,0,1
AR-INV-2026-000705,INV-2026-000705,AR,CUST-001,2026-09-24,2026-10-03,33985900,33985900,0,1
AR-INV-2026-000706,INV-2026-000706,AR,CUST-004,2026-08-25,2026-08-28,34185100,34185100,0,1
AR-INV-2026-000707,INV-2026-000707,AR,CUST-014,2026-09-24,1970-01-01,11067500,11067500,0,0
AR-INV-2026-000708,INV-2026-000708,AR,CUST-007,2026-08-17,2026-09-05,18697000,18697000,0,1
AP-VB-2026-000709,VB-2026-000709,AP,VEND-003,2026-09-09,2026-09-15,15957700,15957700,0,1
AP-RT-2026-000710,RT-2026-000710,AP,VEND-009,2026-09-24,2026-09-28,12987000,12987000,0,1
AP-VB-2026-000711,VB-2026-000711,AP,VEND-002,2026-10-09,2026-09-30,25977200,25977200,0,1
AP-VB-2026-000712,VB-2026-000712,AP,VEND-009,2026-09-24,2026-09-21,8175600,8175600,0,1
AP-RT-2026-000713,RT-2026-000713,AP,VEND-007,2026-08-25,2026-09-07,11146700,11146700,321100,1
AR-INV-2026-000714,INV-2026-000714,AR,CUST-003,2026-09-10,2026-09-10,25428400,25428400,0,1
AR-INV-2026-000715,INV-2026-000715,AR,CUST-005,2026-08-26,2026-08-31,33141400,33141400,0,1
AR-INV-2026-000716,INV-2026-000716,AR,CUST-010,2026-08-26,2026-09-03,3214900,3214900,0,1
AR-INV-2026-000717,INV-2026-000717,AR,CUST-008,2026-10-10,2026-10-19,10214700,10214700,0,1
AR-INV-2026-000718,INV-2026-000718,AR,CUST-010,2026-08-26,2026-08-28,24843400,24843400,0,1
AP-RT-2026-000719,RT-2026-000719,AP,VEND-005,2026-08-26,2026-09-05,23432100,23432100,0,1
AR-INV-2026-000720,INV-2026-000720,AR,CUST-010,2026-08-27,2026-08-29,9479200,9479200,0,1
AR-INV-2026-000721,INV-2026-000721,AR,CUST-014,2026-09-26,2026-10-08,10193800,10193800,0,1
AR-INV-2026-000722,INV-2026-000722,AR,CUST-014,2026-09-26,2026-09-25,71829600,71829600,0,1
AP-VB-2026-000723,VB-2026-000723,AP,VEND-007,2026-08-27,2026-09-02,13913500,13913500,0,1
AP-RT-2026-000724,RT-2026-000724,AP,VEND-005,2026-08-27,2026-08-29,23315900,23315900,0,1
AP-VB-2026-000725,VB-2026-000725,AP,VEND-004,2026-09-26,2026-09-28,53332400,53332400,0,1
AP-RT-2026-000726,RT-2026-000726,AP,VEND-005,2026-08-27,2026-08-29,45664100,45664100,0,1
AR-INV-2026-000727,INV-2026-000727,AR,CUST-014,2026-09-28,2026-10-03,20400300,20400300,0,1
AR-INV-2026-000728,INV-2026-000728,AR,CUST-009,2026-08-28,2026-09-04,85507400,85507400,0,1
AR-INV-2026-000729,INV-2026-000729,AR,CUST-009,2026-08-28,2026-09-05,41600700,41600700,0,1
AR-INV-2026-000730,INV-2026-000730,AR,CUST-013,2026-09-28,2026-09-25,205314600,205314600,0,1
AR-INV-2026-000731,INV-2026-000731,AR,CUST-010,2026-08-28,2026-08-31,32231500,32231500,0,1
AR-INV-2026-000732,INV-2026-000732,AR,CUST-010,2026-08-28,2026-08-31,16768200,16768200,0,1
AP-RT-2026-000733,RT-2026-000733,AP,VEND-010,2026-09-28,2026-10-01,11026000,11026000,0,1
AP-VB-2026-000734,VB-2026-000734,AP,VEND-009,2026-09-28,2026-09-21,4341500,4341500,0,1
AP-RT-2026-000735,RT-2026-000735,AP,VEND-003,2026-09-12,2026-09-07,66048700,66048700,0,1
AP-RT-2026-000736,RT-2026-000736,AP,VEND-001,2026-08-28,2026-09-07,56949200,56949200,0,1
AR-INV-2026-000737,INV-2026-000737,AR,CUST-010,2026-08-29,2026-09-05,14560900,14560900,0,1
AR-INV-2026-000738,INV-2026-000738,AR,CUST-014,2026-09-28,2026-10-05,30241500,30241500,0,1
AR-INV-2026-000739,INV-2026-000739,AR,CUST-008,2026-10-13,2026-10-22,47948400,47948400,0,1
AR-INV-2026-000740,INV-2026-000740,AR,CUST-007,2026-08-21,2026-09-05,20112900,20112900,259500,1
AP-RT-2026-000741,RT-2026-000741,AP,VEND-005,2026-08-29,2026-09-01,50955100,50955100,0,1
AP-VB-2026-000742,VB-2026-000742,AP,VEND-008,2026-09-14,2026-09-14,54027800,54027800,0,1
AP-RT-2026-000743,RT-2026-000743,AP,VEND-004,2026-09-28,2026-10-09,43513900,43513900,0,1
AP-VB-2026-000744,VB-2026-000744,AP,VEND-008,2026-09-14,2026-09-16,22945100,22945100,0,1
AR-INV-2026-000745,INV-2026-000745,AR,CUST-009,2026-08-31,2026-09-21,248588700,248588700,9045300,1
AR-INV-2026-000746,INV-2026-000746,AR,CUST-003,2026-09-14,2026-09-14,10286400,10286400,0,1
AR-INV-2026-000747,INV-2026-000747,AR,CUST-002,2026-08-31,2026-09-03,21066200,21066200,0,1
AR-INV-2026-000748,INV-2026-000748,AR,CUST-010,2026-08-31,2026-09-05,34121800,34121800,0,1
AP-RT-2026-000749,RT-2026-000749,AP,VEND-003,2026-09-14,2026-09-14,41353800,41353800,1031600,1
AP-RT-2026-000750,RT-2026-000750,AP,VEND-004,2026-09-29,2026-10-03,30617200,30617200,0,1
AP-RT-2026-000751,RT-2026-000751,AP,VEND-006,2026-09-14,2026-09-19,4954100,4954100,0,1
AP-VB-2026-000752,VB-2026-000752,AP,VEND-007,2026-08-31,2026-08-31,15134500,15134500,0,1
AR-INV-2026-000753,INV-2026-000753,AR,CUST-008,2026-10-16,2026-10-23,74450200,74450200,0,1
AR-INV-2026-000754,INV-2026-000754,AR,CUST-014,2026-10-01,2026-10-07,10348100,10348100,0,1
AR-INV-2026-000755,INV-2026-000755,AR,CUST-009,2026-09-01,2026-09-14,32419500,32419500,0,1
AR-INV-2026-000756,INV-2026-000756,AR,CUST-009,2026-09-01,2026-09-11,127756500,127756500,0,1
AR-INV-2026-000757,INV-2026-000757,AR,CUST-002,2026-09-01,2026-09-03,19123200,19123200,0,1
AP-RT-2026-000758,RT-2026-000758,AP,VEND-004,2026-10-01,2026-09-29,41103100,41103100,0,1
AP-VB-2026-000759,VB-2026-000759,AP,VEND-008,2026-09-16,2026-09-17,40589500,40589500,0,1
AP-RT-2026-000760,RT-2026-000760,AP,VEND-004,2026-10-01,2026-10-07,39887100,39887100,0,1
AP-VB-2026-000761,VB-2026-000761,AP,VEND-003,2026-09-16,1970-01-01,28069000,28069000,0,0
AR-INV-2026-000762,INV-2026-000762,AR,CUST-011,2026-09-17,2026-09-07,15828400,15828400,0,1
AR-INV-2026-000763,INV-2026-000763,AR,CUST-004,2026-09-02,2026-09-02,29213400,29213400,0,1
AP-RT-2026-000764,RT-2026-000764,AP,VEND-002,2026-10-17,2026-10-17,13513500,13513500,0,1
AP-RT-2026-000765,RT-2026-000765,AP,VEND-009,2026-10-03,2026-09-29,27799900,27799900,0,1
AR-INV-2026-000766,INV-2026-000766,AR,CUST-010,2026-09-03,2026-09-05,11849800,11849800,0,1
AR-INV-2026-000767,INV-2026-000767,AR,CUST-011,2026-09-18,1970-01-01,14061200,14061200,0,0
AR-INV-2026-000768,INV-2026-000768,AR,CUST-007,2026-08-26,2026-08-24,23214300,23214300,312900,1
AR-INV-2026-000769,INV-2026-000769,AR,CUST-004,2026-09-03,2026-09-07,38512900,38512900,0,1
AR-INV-2026-000770,INV-2026-000770,AR,CUST-001,2026-10-03,1970-01-01,17621000,17621000,0,0
AR-INV-2026-000771,INV-2026-000771,AR,CUST-002,2026-09-03,2026-09-10,22271000,22271000,0,1
AR-INV-2026-000772,INV-2026-000772,AR,CUST-014,2026-10-03,2026-10-05,15891200,15891200,0,1
AR-INV-2026-000773,INV-2026-000773,AR,CUST-011,2026-09-18,2026-09-19,46713300,46713300,0,1
AR-INV-2026-000774,INV-2026-000774,AR,CUST-001,2026-10-03,2026-10-03,27261600,27261600,0,1
AR-INV-2026-000775,INV-2026-000775,AR,CUST-008,2026-10-19,1970-01-01,25584900,25584900,0,0
AP-RT-2026-000776,RT-2026-000776,AP,VEND-003,2026-09-18,2026-09-17,11539200,11539200,0,1
AP-RT-2026-000777,RT-2026-000777,AP,VEND-004,2026-10-03,1970-01-01,68909800,68909800,0,0
AR-INV-2026-000778,INV-2026-000778,AR,CUST-007,2026-08-27,2026-09-09,11907700,11907700,0,1
AR-INV-2026-000779,INV-2026-000779,AR,CUST-002,2026-09-04,2026-09-10,9648500,9648500,0,1
AR-INV-2026-000780,INV-2026-000780,AR,CUST-008,2026-10-19,1970-01-01,33094200,33094200,0,0
AR-INV-2026-000781,INV-2026-000781,AR,CUST-002,2026-09-04,2026-09-10,77435800,77435800,0,1
AR-INV-2026-000782,INV-2026-000782,AR,CUST-001,2026-10-05,2026-10-05,32348300,32348300,0,1
AR-INV-2026-000783,INV-2026-000783,AR,CUST-013,2026-10-05,2026-10-06,438565600,438565600,0,1
AP-RT-2026-000784,RT-2026-000784,AP,VEND-004,2026-10-05,2026-10-13,24145100,24145100,0,1
AP-RT-2026-000785,RT-2026-000785,AP,VEND-008,2026-09-19,1970-01-01,20672300,20672300,0,0
AP-VB-2026-000786,VB-2026-000786,AP,VEND-004,2026-10-05,2026-10-15,26514900,26514900,0,1
AR-INV-2026-000787,INV-2026-000787,AR,CUST-008,2026-10-20,2026-10-22,12319800,12319800,0,1
AR-INV-2026-000788,INV-2026-000788,AR,CUST-003,2026-09-21,2026-09-18,47115400,47115400,0,1
AR-INV-2026-000789,INV-2026-000789,AR,CUST-012,2026-09-05,2026-09-14,46887800,46887800,0,1
AR-INV-2026-000790,INV-2026-000790,AR,CUST-005,2026-09-05,2026-09-21,61341700,61341700,0,1
AR-INV-2026-000791,INV-2026-000791,AR,CUST-007,2026-08-28,2026-08-28,6397100,6397100,0,1
AR-INV-2026-000792,INV-2026-000792,AR,CUST-013,2026-10-05,1970-01-01,36964800,36964800,0,0
AP-RT-2026-000793,RT-2026-000793,AP,VEND-008,2026-09-21,2026-09-22,32871700,32871700,0,1
AP-RT-2026-000794,RT-2026-000794,AP,VEND-008,2026-09-21,2026-09-23,32482000,32482000,0,1
AP-VB-2026-000795,VB-2026-000795,AP,VEND-005,2026-09-05,2026-08-25,23179100,23179100,0,1
AP-RT-2026-000796,RT-2026-000796,AP,VEND-004,2026-10-05,2026-10-06,160103200,160103200,0,1
AP-RT-2026-000797,RT-2026-000797,AP,VEND-007,2026-09-05,2026-09-07,17298500,17298500,0,1
AR-INV-2026-000798,INV-2026-000798,AR,CUST-006,2026-09-21,2026-09-14,76848600,76848600,0,1
AP-VB-2026-000799,VB-2026-000799,AP,VEND-010,2026-10-06,2026-10-10,11820100,11820100,0,1
AP-VB-2026-000800,VB-2026-000800,AP,VEND-004,2026-10-06,2026-10-08,63794100,63794100,0,1
AP-RT-2026-000801,RT-2026-000801,AP,VEND-001,2026-09-07,2026-09-15,36466900,36466900,0,1
AR-INV-2026-000802,INV-2026-000802,AR,CUST-011,2026-09-23,2026-09-24,59288500,59288500,0,1
AR-INV-2026-000803,INV-2026-000803,AR,CUST-006,2026-09-23,2026-09-17,14279500,14279500,0,1
AR-INV-2026-000804,INV-2026-000804,AR,CUST-005,2026-09-08,2026-09-10,30004100,30004100,0,1
AR-INV-2026-000805,INV-2026-000805,AR,CUST-009,2026-09-08,2026-09-18,16121400,16121400,0,1
AR-INV-2026-000806,INV-2026-000806,AR,CUST-010,2026-09-08,2026-09-12,27408800,27408800,0,1
AR-INV-2026-000807,INV-2026-000807,AR,CUST-008,2026-10-23,2026-10-28,177066200,177066200,0,1
AP-VB-2026-000808,VB-2026-000808,AP,VEND-005,2026-09-08,2026-09-08,60142300,60142300,0,1
AP-VB-2026-000809,VB-2026-000809,AP,VEND-005,2026-09-08,2026-09-07,75233100,75233100,0,1
AP-RT-2026-000810,RT-2026-000810,AP,VEND-003,2026-09-23,2026-09-14,41260200,41260200,0,1
AR-INV-2026-000811,INV-2026-000811,AR,CUST-009,2026-09-09,2026-09-18,16431600,16431600,0,1
AR-INV-2026-000812,INV-2026-000812,AR,CUST-001,2026-10-09,2026-10-07,105138700,105138700,0,1
AR-INV-2026-000813,INV-2026-000813,AR,CUST-013,2026-10-09,2026-10-10,20070500,20070500,0,1
AP-VB-2026-000814,VB-2026-000814,AP,VEND-007,2026-09-09,2026-09-15,16521400,16521400,0,1
AP-RT-2026-000815,RT-2026-000815,AP,VEND-003,2026-09-24,2026-10-03,25411500,25411500,227100,1
AP-RT-2026-000816,RT-2026-000816,AP,VEND-010,2026-10-09,2026-10-10,3139800,3139800,0,1
AP-VB-2026-000817,VB-2026-000817,AP,VEND-008,2026-09-24,2026-09-25,102600300,102600300,0,1
AR-INV-2026-000818,INV-2026-000818,AR,CUST-012,2026-09-10,2026-09-12,36237100,36237100,0,1
AR-INV-2026-000819,INV-2026-000819,AR,CUST-014,2026-10-10,1970-01-01,40530600,40530600,0,0
AR-INV-2026-000820,INV-2026-000820,AR,CUST-008,2026-10-26,2026-10-31,15213200,15213200,0,1
AR-INV-2026-000821,INV-2026-000821,AR,CUST-001,2026-10-10,1970-01-01,72222200,72222200,0,0
AR-INV-2026-000822,INV-2026-000822,AR,CUST-004,2026-09-10,2026-09-11,11858400,11858400,0,1
AP-RT-2026-000823,RT-2026-000823,AP,VEND-003,2026-09-25,2026-09-21,29951600,29951600,0,1
AP-VB-2026-000824,VB-2026-000824,AP,VEND-002,2026-10-26,2026-10-24,40263500,40263500,0,1
AP-VB-2026-000825,VB-2026-000825,AP,VEND-005,2026-09-10,2026-09-12,37870100,37870100,0,1
AR-INV-2026-000826,INV-2026-000826,AR,CUST-004,2026-09-11,2026-09-17,34418000,34418000,0,1
AR-INV-2026-000827,INV-2026-000827,AR,CUST-002,2026-09-11,2026-09-22,18061100,18061100,0,1
AR-INV-2026-000828,INV-2026-000828,AR,CUST-004,2026-09-11,2026-09-21,41069700,41069700,0,1
AR-INV-2026-000829,INV-2026-000829,AR,CUST-007,2026-09-03,2026-09-10,18154900,18154900,0,1
AP-VB-2026-000830,VB-2026-000830,AP,VEND-010,2026-10-12,2026-10-19,3246500,3246500,0,1
AP-VB-2026-000831,VB-2026-000831,AP,VEND-009,2026-10-12,2026-10-31,6116600,6116600,0,1
AP-RT-2026-000832,RT-2026-000832,AP,VEND-009,2026-10-12,2026-10-17,7025500,7025500,0,1
AP-RT-2026-000833,RT-2026-000833,AP,VEND-004,2026-10-12,2026-10-08,51998600,51998600,0,1
AP-VB-2026-000834,VB-2026-000834,AP,VEND-007,2026-09-11,2026-09-21,39188900,39188900,0,1
AR-INV-2026-000835,INV-2026-000835,AR,CUST-006,2026-09-28,2026-09-17,38817000,38817000,1379400,1
AR-INV-2026-000836,INV-2026-000836,AR,CUST-011,2026-09-28,1970-01-01,40228300,40228300,0,0
AR-INV-2026-000837,INV-2026-000837,AR,CUST-010,2026-09-12,2026-09-21,38391000,38391000,0,1
AR-INV-2026-000838,INV-2026-000838,AR,CUST-012,2026-09-12,2026-09-22,127480900,127480900,0,1
AP-VB-2026-000839,VB-2026-000839,AP,VEND-008,2026-09-28,2026-09-30,7815900,7815900,0,1
AP-RT-2026-000840,RT-2026-000840,AP,VEND-006,2026-09-28,1970-01-01,18122500,18122500,0,0
AP-VB-2026-000841,VB-2026-000841,AP,VEND-008,2026-09-28,2026-09-26,29546600,29546600,0,1
AP-VB-2026-000842,VB-2026-000842,AP,VEND-003,2026-09-28,2026-10-03,25029600,25029600,0,1
AR-INV-2026-000843,INV-2026-000843,AR,CUST-007,2026-09-05,2026-09-10,20115700,20115700,0,1
AR-INV-2026-000844,INV-2026-000844,AR,CUST-007,2026-09-05,2026-09-11,24591400,24591400,0,1
AP-VB-2026-000845,VB-2026-000845,AP,VEND-008,2026-09-28,2026-09-28,32675300,32675300,0,1
AP-VB-2026-000846,VB-2026-000846,AP,VEND-009,2026-10-13,2026-10-14,12966300,12966300,0,1
AP-RT-2026-000847,RT-2026-000847,AP,VEND-006,2026-09-28,2026-10-01,41229500,41229500,0,1
AP-RT-2026-000848,RT-2026-000848,AP,VEND-007,2026-09-14,2026-09-30,20600400,20600400,0,1
AR-INV-2026-000849,INV-2026-000849,AR,CUST-002,2026-09-15,2026-09-16,6194600,6194600,0,1
AR-INV-2026-000850,INV-2026-000850,AR,CUST-011,2026-09-30,2026-09-28,62131600,62131600,0,1
AR-INV-2026-000851,INV-2026-000851,AR,CUST-005,2026-09-15,2026-10-12,62374000,62374000,874300,1
AR-INV-2026-000852,INV-2026-000852,AR,CUST-003,2026-09-30,2026-10-07,10941300,10941300,0,1
AP-VB-2026-000853,VB-2026-000853,AP,VEND-005,2026-09-15,2026-09-10,30116600,30116600,0,1
AP-VB-2026-000854,VB-2026-000854,AP,VEND-008,2026-09-30,2026-10-03,22076200,22076200,0,1
AP-RT-2026-000855,RT-2026-000855,AP,VEND-009,2026-10-15,2026-10-19,15774600,15774600,903400,1
AP-VB-2026-000856,VB-2026-000856,AP,VEND-005,2026-09-15,2026-09-18,76021400,76021400,0,1
AP-RT-2026-000857,RT-2026-000857,AP,VEND-001,2026-09-15,2026-09-14,63480900,63480900,0,1
AP-VB-2026-000858,VB-2026-000858,AP,VEND-006,2026-09-30,2026-09-30,38125400,38125400,0,1
AP-RT-2026-000859,RT-2026-000859,AP,VEND-003,2026-09-30,2026-10-03,14533500,14533500,0,1
AR-INV-2026-000860,INV-2026-000860,AR,CUST-010,2026-09-16,1970-01-01,10483400,10483400,0,0
AR-INV-2026-000861,INV-2026-000861,AR,CUST-008,2026-10-31,1970-01-01,52607300,52607300,0,0
AR-INV-2026-000862,INV-2026-000862,AR,CUST-003,2026-10-01,1970-01-01,56435500,56435500,0,0
AR-INV-2026-000863,INV-2026-000863,AR,CUST-012,2026-09-16,2026-09-21,52947300,52947300,0,1
AR-INV-2026-000864,INV-2026-000864,AR,CUST-005,2026-09-16,2026-09-14,38848700,38848700,0,1
AR-INV-2026-000865,INV-2026-000865,AR,CUST-008,2026-10-31,2026-10-30,47949900,47949900,0,1
AR-INV-2026-000866,INV-2026-000866,AR,CUST-007,2026-09-08,1970-01-01,12783900,12783900,0,0
AR-INV-2026-000867,INV-2026-000867,AR,CUST-002,2026-09-16,2026-09-14,41652200,41652200,0,1
AR-INV-2026-000868,INV-2026-000868,AR,CUST-004,2026-09-16,2026-09-21,19466900,19466900,0,1
AP-VB-2026-000869,VB-2026-000869,AP,VEND-002,2026-10-31,2026-10-28,48454500,48454500,0,1
AP-RT-2026-000870,RT-2026-000870,AP,VEND-006,2026-10-01,2026-10-03,50426700,50426700,0,1
AP-VB-2026-000871,VB-2026-000871,AP,VEND-004,2026-10-16,2026-10-19,135375200,135375200,2419200,1
AP-RT-2026-000872,RT-2026-000872,AP,VEND-010,2026-10-16,2026-10-19,5412800,5412800,0,1
AP-VB-2026-000873,VB-2026-000873,AP,VEND-005,2026-09-16,2026-09-25,35270100,35270100,0,1
AR-INV-2026-000874,INV-2026-000874,AR,CUST-009,2026-09-17,2026-09-29,169164600,169164600,0,1
AP-VB-2026-000875,VB-2026-000875,AP,VEND-002,2026-11-02,1970-01-01,26967500,26967500,0,0
AP-VB-2026-000876,VB-2026-000876,AP,VEND-009,2026-10-17,2026-10-21,5030700,5030700,240600,1
AR-INV-2026-000877,INV-2026-000877,AR,CUST-006,2026-10-03,2026-10-05,116127900,116127900,0,1
AR-INV-2026-000878,INV-2026-000878,AR,CUST-014,2026-10-19,2026-10-08,13407600,13407600,0,1
AR-INV-2026-000879,INV-2026-000879,AR,CUST-006,2026-10-03,1970-01-01,13452400,13452400,0,0
AR-INV-2026-000880,INV-2026-000880,AR,CUST-008,2026-11-02,2026-11-09,122972800,122972800,0,1
AR-INV-2026-000881,INV-2026-000881,AR,CUST-014,2026-10-19,2026-10-24,23368400,23368400,0,1
AP-VB-2026-000882,VB-2026-000882,AP,VEND-003,2026-10-03,2026-09-25,14820100,14820100,0,1
AP-RT-2026-000883,RT-2026-000883,AP,VEND-006,2026-10-03,2026-10-08,12770000,12770000,0,1
AP-VB-2026-000884,VB-2026-000884,AP,VEND-006,2026-10-03,2026-10-10,39368100,39368100,0,1
AP-RT-2026-000885,RT-2026-000885,AP,VEND-002,2026-11-02,2026-10-30,58766600,58766600,0,1
AR-INV-2026-000886,INV-2026-000886,AR,CUST-009,2026-09-19,2026-10-03,83284100,83284100,0,1
AR-INV-2026-000887,INV-2026-000887,AR,CUST-011,2026-10-05,1970-01-01,61677900,61677900,0,0
AR-INV-2026-000888,INV-2026-000888,AR,CUST-012,2026-09-19,2026-09-28,21826400,21826400,0,1
AR-INV-2026-000889,INV-2026-000889,AR,CUST-007,2026-09-11,2026-09-24,22109900,22109900,0,1
AP-RT-2026-000890,RT-2026-000890,AP,VEND-003,2026-10-05,2026-10-09,57092500,57092500,0,1
AP-RT-2026-000891,RT-2026-000891,AP,VEND-010,2026-10-19,2026-10-22,2863600,2863600,0,1
AP-RT-2026-000892,RT-2026-000892,AP,VEND-001,2026-09-19,2026-09-21,33005900,33005900,0,1
AP-VB-2026-000893,VB-2026-000893,AP,VEND-004,2026-10-19,2026-10-14,27423500,27423500,692400,1
AP-VB-2026-000894,VB-2026-000894,AP,VEND-006,2026-10-05,2026-10-10,75982100,75982100,0,1
AR-INV-2026-000895,INV-2026-000895,AR,CUST-009,2026-09-21,2026-10-01,9940600,9940600,0,1
AR-INV-2026-000896,INV-2026-000896,AR,CUST-003,2026-10-05,1970-01-01,49725800,49725800,0,0
AR-INV-2026-000897,INV-2026-000897,AR,CUST-012,2026-09-21,2026-09-28,87522300,87522300,0,1
AP-VB-2026-000898,VB-2026-000898,AP,VEND-001,2026-09-21,2026-10-07,20805400,20805400,0,1
AP-VB-2026-000899,VB-2026-000899,AP,VEND-009,2026-10-20,1970-01-01,4041600,4041600,0,0
AP-VB-2026-000900,VB-2026-000900,AP,VEND-008,2026-10-05,2026-10-05,20886700,20886700,0,1
AR-INV-2026-000901,INV-2026-000901,AR,CUST-003,2026-10-06,1970-01-01,55448000,55448000,0,0
AP-RT-2026-000902,RT-2026-000902,AP,VEND-003,2026-10-06,2026-10-08,11664200,11664200,0,1
AP-RT-2026-000903,RT-2026-000903,AP,VEND-010,2026-10-21,2026-10-26,3586100,3586100,0,1
AR-INV-2026-000904,INV-2026-000904,AR,CUST-009,2026-09-22,2026-09-29,88159800,88159800,0,1
AR-INV-2026-000905,INV-2026-000905,AR,CUST-004,2026-09-22,2026-09-21,17693800,17693800,0,1
AR-INV-2026-000906,INV-2026-000906,AR,CUST-014,2026-10-22,2026-10-24,31977200,31977200,0,1
AR-INV-2026-000907,INV-2026-000907,AR,CUST-008,2026-11-06,2026-11-07,61872100,61872100,0,1
AR-INV-2026-000908,INV-2026-000908,AR,CUST-006,2026-10-07,1970-01-01,22518600,22518600,0,0
AR-INV-2026-000909,INV-2026-000909,AR,CUST-004,2026-09-22,2026-09-08,21400200,21400200,0,1
AP-VB-2026-000910,VB-2026-000910,AP,VEND-009,2026-10-22,2026-10-27,9615400,9615400,0,1
AP-RT-2026-000911,RT-2026-000911,AP,VEND-003,2026-10-07,2026-10-10,33347900,33347900,0,1
AP-RT-2026-000912,RT-2026-000912,AP,VEND-005,2026-09-22,2026-09-17,61967200,61967200,0,1
AP-RT-2026-000913,RT-2026-000913,AP,VEND-004,2026-10-22,2026-10-17,31351100,31351100,0,1
AP-RT-2026-000914,RT-2026-000914,AP,VEND-010,2026-10-22,2026-10-28,25403400,25403400,0,1
AR-INV-2026-000915,INV-2026-000915,AR,CUST-012,2026-09-23,2026-09-28,93171200,93171200,0,1
AR-INV-2026-000916,INV-2026-000916,AR,CUST-005,2026-09-23,2026-09-28,147456400,147456400,0,1
AR-INV-2026-000917,INV-2026-000917,AR,CUST-011,2026-10-08,2026-10-09,80343700,80343700,0,1
AR-INV-2026-000918,INV-2026-000918,AR,CUST-010,2026-09-23,2026-09-24,30538100,30538100,0,1
AR-INV-2026-000919,INV-2026-000919,AR,CUST-014,2026-10-23,2026-11-02,36606000,36606000,0,1
AP-VB-2026-000920,VB-2026-000920,AP,VEND-001,2026-09-23,2026-10-09,122823600,122823600,0,1
AP-VB-2026-000921,VB-2026-000921,AP,VEND-004,2026-10-23,1970-01-01,52304900,52304900,0,0
AP-VB-2026-000922,VB-2026-000922,AP,VEND-002,2026-11-07,2026-11-07,20817800,20817800,0,1
AP-RT-2026-000923,RT-2026-000923,AP,VEND-007,2026-09-23,2026-10-03,36340200,36340200,0,1
AP-VB-2026-000924,VB-2026-000924,AP,VEND-010,2026-10-23,2026-10-26,25857100,25857100,0,1
AP-VB-2026-000925,VB-2026-000925,AP,VEND-008,2026-10-08,2026-10-10,52322100,52322100,0,1
AR-INV-2026-000926,INV-2026-000926,AR,CUST-001,2026-10-24,2026-10-23,10165400,10165400,0,1
AR-INV-2026-000927,INV-2026-000927,AR,CUST-003,2026-10-09,2026-10-08,82973000,82973000,0,1
AR-INV-2026-000928,INV-2026-000928,AR,CUST-010,2026-09-24,2026-09-26,16992100,16992100,0,1
AP-VB-2026-000929,VB-2026-000929,AP,VEND-009,2026-10-24,2026-10-07,7666200,7666200,0,1
AP-VB-2026-000930,VB-2026-000930,AP,VEND-003,2026-10-09,2026-10-15,47387800,47387800,0,1
AP-VB-2026-000931,VB-2026-000931,AP,VEND-009,2026-10-24,2026-10-24,14793300,14793300,0,1
AP-VB-2026-000932,VB-2026-000932,AP,VEND-007,2026-09-24,2026-10-01,20700400,20700400,0,1
AP-VB-2026-000933,VB-2026-000933,AP,VEND-009,2026-10-24,2026-11-06,6466800,6466800,0,1
AR-INV-2026-000934,INV-2026-000934,AR,CUST-010,2026-09-25,1970-01-01,34283100,34283100,0,0
AR-INV-2026-000935,INV-2026-000935,AR,CUST-012,2026-09-25,2026-10-06,88856300,88856300,0,1
AP-VB-2026-000936,VB-2026-000936,AP,VEND-006,2026-10-10,1970-01-01,24435200,24435200,0,0
AP-RT-2026-000937,RT-2026-000937,AP,VEND-003,2026-10-10,2026-10-10,21476000,21476000,0,1
AP-RT-2026-000938,RT-2026-000938,AP,VEND-010,2026-10-26,2026-10-27,3325900,3325900,0,1
AP-RT-2026-000939,RT-2026-000939,AP,VEND-008,2026-10-10,2026-10-09,14605900,14605900,0,1
AP-RT-2026-000940,RT-2026-000940,AP,VEND-002,2026-11-09,2026-11-11,45467800,45467800,0,1
AP-VB-2026-000941,VB-2026-000941,AP,VEND-001,2026-09-25,2026-10-05,27490700,27490700,0,1
AR-INV-2026-000942,INV-2026-000942,AR,CUST-001,2026-10-26,2026-11-07,76149100,76149100,0,1
AR-INV-2026-000943,INV-2026-000943,AR,CUST-010,2026-09-26,2026-10-03,10556500,10556500,0,1
AR-INV-2026-000944,INV-2026-000944,AR,CUST-008,2026-11-10,2026-11-17,9851400,9851400,0,1
AR-INV-2026-000945,INV-2026-000945,AR,CUST-012,2026-09-26,1970-01-01,89314000,89314000,0,0
AR-INV-2026-000946,INV-2026-000946,AR,CUST-014,2026-10-26,2026-11-02,74276000,74276000,0,1
AR-INV-2026-000947,INV-2026-000947,AR,CUST-007,2026-09-18,1970-01-01,12991000,12991000,0,0
AR-INV-2026-000948,INV-2026-000948,AR,CUST-014,2026-10-26,2026-11-02,52519800,52519800,0,1
AP-VB-2026-000949,VB-2026-000949,AP,VEND-005,2026-09-26,2026-09-21,73290100,73290100,0,1
AP-VB-2026-000950,VB-2026-000950,AP,VEND-007,2026-09-26,2026-10-09,16689800,16689800,381000,1
AR-INV-2026-000951,INV-2026-000951,AR,CUST-003,2026-10-12,2026-10-14,23601600,23601600,0,1
AR-INV-2026-000952,INV-2026-000952,AR,CUST-001,2026-10-27,2026-11-07,6284400,6284400,123600,1
AR-INV-2026-000953,INV-2026-000953,AR,CUST-010,2026-09-28,2026-10-01,24155400,24155400,0,1
AR-INV-2026-000954,INV-2026-000954,AR,CUST-010,2026-09-28,2026-10-03,15094700,15094700,0,1
AP-VB-2026-000955,VB-2026-000955,AP,VEND-008,2026-10-12,2026-10-12,31371900,31371900,0,1
AP-RT-2026-000956,RT-2026-000956,AP,VEND-010,2026-10-27,2026-11-02,13441900,13441900,0,1
AP-VB-2026-000957,VB-2026-000957,AP,VEND-001,2026-09-28,2026-10-12,16953300,16953300,0,1
AP-RT-2026-000958,RT-2026-000958,AP,VEND-003,2026-10-12,2026-10-12,55281500,55281500,0,1
AR-INV-2026-000959,INV-2026-000959,AR,CUST-003,2026-10-14,2026-10-09,21980900,21980900,0,1
AR-INV-2026-000960,INV-2026-000960,AR,CUST-010,2026-09-29,2026-10-03,17431600,17431600,0,1
AR-INV-2026-000961,INV-2026-000961,AR,CUST-011,2026-10-14,2026-10-19,27438300,27438300,0,1
AR-INV-2026-000962,INV-2026-000962,AR,CUST-008,2026-11-13,2026-11-16,16607200,16607200,0,1
AR-INV-2026-000963,INV-2026-000963,AR,CUST-008,2026-11-13,1970-01-01,30455500,30455500,0,0
AR-INV-2026-000964,INV-2026-000964,AR,CUST-010,2026-09-29,1970-01-01,5524800,5524800,0,0
AR-INV-2026-000965,INV-2026-000965,AR,CUST-008,2026-11-13,2026-11-17,33688800,33688800,0,1
AP-RT-2026-000966,RT-2026-000966,AP,VEND-008,2026-10-14,2026-10-15,28365900,28365900,0,1
AP-VB-2026-000967,VB-2026-000967,AP,VEND-008,2026-10-14,2026-10-15,60775600,60775600,0,1
AP-RT-2026-000968,RT-2026-000968,AP,VEND-006,2026-10-14,2026-10-21,41315000,41315000,0,1
AP-VB-2026-000969,VB-2026-000969,AP,VEND-007,2026-09-29,2026-10-07,16459100,16459100,0,1
AP-VB-2026-000970,VB-2026-000970,AP,VEND-006,2026-10-14,1970-01-01,5109000,5109000,0,0
AR-INV-2026-000971,INV-2026-000971,AR,CUST-003,2026-10-15,2026-10-17,42344500,42344500,0,1
AR-INV-2026-000972,INV-2026-000972,AR,CUST-002,2026-09-30,2026-10-03,19604400,19604400,0,1
AR-INV-2026-000973,INV-2026-000973,AR,CUST-010,2026-09-30,2026-10-07,21748000,21748000,0,1
AR-INV-2026-000974,INV-2026-000974,AR,CUST-014,2026-10-30,2026-11-02,40273700,40273700,0,1
AR-INV-2026-000975,INV-2026-000975,AR,CUST-002,2026-09-30,2026-10-12,9421000,9421000,0,1
AP-VB-2026-000976,VB-2026-000976,AP,VEND-006,2026-10-15,2026-10-19,31547200,31547200,0,1
AP-VB-2026-000977,VB-2026-000977,AP,VEND-007,2026-09-30,2026-09-26,6902800,6902800,382500,1
AP-RT-2026-000978,RT-2026-000978,AP,VEND-010,2026-10-30,2026-11-02,19198000,19198000,0,1
AP-VB-2026-000979,VB-2026-000979,AP,VEND-005,2026-09-30,1970-01-01,61263400,61263400,0,0
AP-RT-2026-000980,RT-2026-000980,AP,VEND-008,2026-10-15,2026-10-17,21485300,21485300,0,1
AR-INV-2026-000981,INV-2026-000981,AR,CUST-013,2026-10-31,2026-11-03,158532900,158532900,0,1
AR-INV-2026-000982,INV-2026-000982,AR,CUST-008,2026-11-16,2026-11-21,16692900,16692900,0,1
AR-INV-2026-000983,INV-2026-000983,AR,CUST-011,2026-10-16,2026-10-09,31089600,31089600,0,1
AR-INV-2026-000984,INV-2026-000984,AR,CUST-012,2026-10-01,2026-10-06,57663200,57663200,0,1
AR-INV-2026-000985,INV-2026-000985,AR,CUST-008,2026-11-16,2026-11-26,38479800,38479800,0,1
AR-INV-2026-000986,INV-2026-000986,AR,CUST-014,2026-10-31,2026-11-09,51849100,51849100,0,1
AP-VB-2026-000987,VB-2026-000987,AP,VEND-008,2026-10-16,2026-10-22,15536700,15536700,0,1
AP-VB-2026-000988,VB-2026-000988,AP,VEND-010,2026-10-31,2026-11-02,15765200,15765200,0,1
AP-VB-2026-000989,VB-2026-000989,AP,VEND-010,2026-10-31,2026-11-09,6988600,6988600,179100,1
AP-VB-2026-000990,VB-2026-000990,AP,VEND-009,2026-10-31,2026-11-02,6130900,6130900,0,1
AR-INV-2026-000991,INV-2026-000991,AR,CUST-008,2026-11-16,2026-11-23,22564300,22564300,0,1
AR-INV-2026-000992,INV-2026-000992,AR,CUST-005,2026-10-03,2026-10-10,58739600,58739600,0,1
AR-INV-2026-000993,INV-2026-000993,AR,CUST-010,2026-10-03,2026-10-07,17554100,17554100,0,1
AR-INV-2026-000994,INV-2026-000994,AR,CUST-008,2026-11-16,2026-11-27,37062700,37062700,0,1
AR-INV-2026-000995,INV-2026-000995,AR,CUST-010,2026-10-03,2026-10-07,8651200,8651200,0,1
AP-VB-2026-000996,VB-2026-000996,AP,VEND-009,2026-11-02,2026-11-05,6550300,6550300,0,1
AP-RT-2026-000997,RT-2026-000997,AP,VEND-006,2026-10-17,2026-10-19,52084100,52084100,0,1
AP-RT-2026-000998,RT-2026-000998,AP,VEND-006,2026-10-17,2026-10-19,20835500,20835500,0,1
AP-VB-2026-000999,VB-2026-000999,AP,VEND-010,2026-11-02,1970-01-01,31366100,31366100,0,0
AP-VB-2026-001000,VB-2026-001000,AP,VEND-002,2026-11-16,2026-11-16,16489400,16489400,0,1
AR-INV-2026-001001,INV-2026-001001,AR,CUST-001,2026-11-02,2026-11-07,99583800,99583800,0,1
AR-INV-2026-001002,INV-2026-001002,AR,CUST-014,2026-11-02,2026-10-30,21567100,21567100,0,1
AR-INV-2026-001003,INV-2026-001003,AR,CUST-006,2026-10-19,2026-10-19,19575700,19575700,0,1
AR-INV-2026-001004,INV-2026-001004,AR,CUST-008,2026-11-17,1970-01-01,23982300,23982300,0,0
AR-INV-2026-001005,INV-2026-001005,AR,CUST-003,2026-10-19,2026-10-22,34594400,34594400,0,1
AP-VB-2026-001006,VB-2026-001006,AP,VEND-001,2026-10-03,2026-10-05,83006500,83006500,0,1
AP-RT-2026-001007,RT-2026-001007,AP,VEND-006,2026-10-19,2026-10-26,101683700,101683700,0,1
AP-VB-2026-001008,VB-2026-001008,AP,VEND-005,2026-10-03,2026-10-05,112224000,112224000,0,1
AP-VB-2026-001009,VB-2026-001009,AP,VEND-001,2026-10-03,2026-10-30,32234900,32234900,0,1
AP-VB-2026-001010,VB-2026-001010,AP,VEND-006,2026-10-19,2026-10-21,94303400,94303400,0,1
AR-INV-2026-001011,INV-2026-001011,AR,CUST-006,2026-10-19,2026-10-19,22159600,22159600,0,1
AR-INV-2026-001012,INV-2026-001012,AR,CUST-011,2026-10-19,2026-10-15,36540100,36540100,0,1
AR-INV-2026-001013,INV-2026-001013,AR,CUST-006,2026-10-19,2026-10-19,87253600,87253600,0,1
AP-RT-2026-001014,RT-2026-001014,AP,VEND-009,2026-11-03,2026-10-30,11027700,11027700,0,1
AR-INV-2026-001015,INV-2026-001015,AR,CUST-010,2026-10-06,2026-10-12,59092200,59092200,0,1
AR-INV-2026-001016,INV-2026-001016,AR,CUST-013,2026-11-05,2026-11-07,97503800,97503800,0,1
AR-INV-2026-001017,INV-2026-001017,AR,CUST-007,2026-09-28,2026-09-29,24380100,24380100,0,1
AR-INV-2026-001018,INV-2026-001018,AR,CUST-005,2026-10-06,2026-10-19,125045900,125045900,0,1
AP-RT-2026-001019,RT-2026-001019,AP,VEND-006,2026-10-21,2026-10-26,34195500,34195500,0,1
AP-VB-2026-001020,VB-2026-001020,AP,VEND-008,2026-10-21,2026-10-19,38256500,38256500,0,1
AP-RT-2026-001021,RT-2026-001021,AP,VEND-002,2026-11-20,2026-11-23,18534400,18534400,0,1
AP-RT-2026-001022,RT-2026-001022,AP,VEND-010,2026-11-05,2026-11-05,9031700,9031700,0,1
AP-VB-2026-001023,VB-2026-001023,AP,VEND-003,2026-10-21,1970-01-01,14279300,14279300,0,0
AR-INV-2026-001024,INV-2026-001024,AR,CUST-013,2026-11-06,2026-11-05,32757100,32757100,0,1
AR-INV-2026-001025,INV-2026-001025,AR,CUST-003,2026-10-22,2026-10-19,28447600,28447600,0,1
AR-INV-2026-001026,INV-2026-001026,AR,CUST-011,2026-10-22,1970-01-01,34100700,34100700,0,0
AR-INV-2026-001027,INV-2026-001027,AR,CUST-006,2026-10-22,2026-10-22,39821800,39821800,0,1
AP-VB-2026-001028,VB-2026-001028,AP,VEND-009,2026-11-06,2026-10-27,18723900,18723900,0,1
AP-RT-2026-001029,RT-2026-001029,AP,VEND-004,2026-11-06,2026-11-02,31529400,31529400,0,1
AR-INV-2026-001030,INV-2026-001030,AR,CUST-002,2026-10-08,2026-10-20,46696300,46696300,0,1
AR-INV-2026-001031,INV-2026-001031,AR,CUST-006,2026-10-23,1970-01-01,39956500,39956500,0,0
AR-INV-2026-001032,INV-2026-001032,AR,CUST-004,2026-10-08,2026-10-13,43557800,43557800,0,1
AR-INV-2026-001033,INV-2026-001033,AR,CUST-004,2026-10-08,2026-10-03,21462200,21462200,0,1
AR-INV-2026-001034,INV-2026-001034,AR,CUST-014,2026-11-07,2026-11-14,31544400,31544400,0,1
AR-INV-2026-001035,INV-2026-001035,AR,CUST-002,2026-10-08,2026-10-16,24306200,24306200,0,1
AP-RT-2026-001036,RT-2026-001036,AP,VEND-007,2026-10-08,2026-10-16,9582700,9582700,0,1
AP-RT-2026-001037,RT-2026-001037,AP,VEND-010,2026-11-07,2026-11-12,4056900,4056900,0,1
AP-RT-2026-001038,RT-2026-001038,AP,VEND-006,2026-10-23,2026-10-26,23973800,23973800,0,1
AP-VB-2026-001039,VB-2026-001039,AP,VEND-005,2026-10-08,1970-01-01,111744100,111744100,0,0
AP-RT-2026-001040,RT-2026-001040,AP,VEND-002,2026-11-23,2026-11-20,34244100,34244100,0,1
AR-INV-2026-001041,INV-2026-001041,AR,CUST-010,2026-10-09,2026-10-13,29523300,29523300,0,1
AR-INV-2026-001042,INV-2026-001042,AR,CUST-010,2026-10-09,2026-10-13,10130100,10130100,0,1
AR-INV-2026-001043,INV-2026-001043,AR,CUST-005,2026-10-09,2026-10-15,50914300,50914300,0,1
AR-INV-2026-001044,INV-2026-001044,AR,CUST-011,2026-10-24,1970-01-01,31337000,31337000,0,0
AP-RT-2026-001045,RT-2026-001045,AP,VEND-001,2026-10-09,2026-10-08,21403500,21403500,0,1
AP-VB-2026-001046,VB-2026-001046,AP,VEND-010,2026-11-09,2026-11-13,7525200,7525200,0,1
AP-RT-2026-001047,RT-2026-001047,AP,VEND-002,2026-11-23,1970-01-01,42836100,42836100,0,0
AP-RT-2026-001048,RT-2026-001048,AP,VEND-003,2026-10-24,2026-10-28,127352500,127352500,0,1
AR-INV-2026-001049,INV-2026-001049,AR,CUST-008,2026-11-24,2026-12-01,17876500,17876500,0,1
AR-INV-2026-001050,INV-2026-001050,AR,CUST-001,2026-11-09,2026-11-05,15949300,15949300,0,1
AR-INV-2026-001051,INV-2026-001051,AR,CUST-006,2026-10-26,2026-10-29,29272900,29272900,0,1
AR-INV-2026-001052,INV-2026-001052,AR,CUST-011,2026-10-26,1970-01-01,18060200,18060200,0,0
AR-INV-2026-001053,INV-2026-001053,AR,CUST-009,2026-10-10,2026-10-20,81725300,81725300,0,1
AR-INV-2026-001054,INV-2026-001054,AR,CUST-003,2026-10-26,2026-10-30,19000500,19000500,0,1
AR-INV-2026-001055,INV-2026-001055,AR,CUST-007,2026-10-03,2026-10-05,13139900,13139900,0,1
AR-INV-2026-001056,INV-2026-001056,AR,CUST-010,2026-10-10,2026-10-13,42999200,42999200,0,1
AR-INV-2026-001057,INV-2026-001057,AR,CUST-008,2026-11-24,2026-11-28,80158500,80158500,0,1
AR-INV-2026-001058,INV-2026-001058,AR,CUST-007,2026-10-03,2026-10-27,17441000,17441000,0,1
AP-RT-2026-001059,RT-2026-001059,AP,VEND-003,2026-10-26,2026-10-30,53121700,53121700,0,1
AP-RT-2026-001060,RT-2026-001060,AP,VEND-005,2026-10-10,2026-10-13,35472100,35472100,0,1
AP-VB-2026-001061,VB-2026-001061,AP,VEND-007,2026-10-10,2026-10-22,10049500,10049500,0,1
AP-VB-2026-001062,VB-2026-001062,AP,VEND-008,2026-10-26,2026-10-28,153992800,153992800,0,1
AP-RT-2026-001063,RT-2026-001063,AP,VEND-002,2026-11-24,2026-11-21,39383700,39383700,0,1
AP-RT-2026-001064,RT-2026-001064,AP,VEND-006,2026-10-26,2026-10-26,43401000,43401000,0,1
AP-VB-2026-001065,VB-2026-001065,AP,VEND-005,2026-10-10,2026-10-13,94390900,94390900,0,1
AR-INV-2026-001066,INV-2026-001066,AR,CUST-008,2026-11-25,2026-11-30,220650000,220650000,0,1
AR-INV-2026-001067,INV-2026-001067,AR,CUST-007,2026-10-03,1970-01-01,25882400,25882400,0,0
AR-INV-2026-001068,INV-2026-001068,AR,CUST-008,2026-11-25,2026-12-07,9534800,9534800,0,1
AR-INV-2026-001069,INV-2026-001069,AR,CUST-006,2026-10-26,2026-10-28,99542200,99542200,0,1
AR-INV-2026-001070,INV-2026-001070,AR,CUST-009,2026-10-12,2026-10-13,103954000,103954000,0,1
AP-RT-2026-001071,RT-2026-001071,AP,VEND-002,2026-11-25,2026-11-20,21400600,21400600,0,1
AP-VB-2026-001072,VB-2026-001072,AP,VEND-008,2026-10-26,2026-10-29,11194500,11194500,0,1
AP-VB-2026-001073,VB-2026-001073,AP,VEND-004,2026-11-10,2026-11-09,62570600,62570600,0,1
AR-INV-2026-001074,INV-2026-001074,AR,CUST-011,2026-10-28,1970-01-01,24887100,24887100,0,0
AR-INV-2026-001075,INV-2026-001075,AR,CUST-011,2026-10-28,2026-10-24,20996000,20996000,0,1
AR-INV-2026-001076,INV-2026-001076,AR,CUST-009,2026-10-13,2026-10-20,367181200,367181200,0,1
AR-INV-2026-001077,INV-2026-001077,AR,CUST-012,2026-10-13,2026-10-17,30390800,30390800,0,1
AR-INV-2026-001078,INV-2026-001078,AR,CUST-011,2026-10-28,2026-10-22,57532600,57532600,0,1
AR-INV-2026-001079,INV-2026-001079,AR,CUST-012,2026-10-13,2026-10-19,113965600,113965600,0,1
AR-INV-2026-001080,INV-2026-001080,AR,CUST-004,2026-10-13,2026-10-26,76521200,76521200,0,1
AR-INV-2026-001081,INV-2026-001081,AR,CUST-011,2026-10-28,2026-10-09,48605900,48605900,0,1
AP-VB-2026-001082,VB-2026-001082,AP,VEND-005,2026-10-13,2026-10-12,42568300,42568300,0,1
AP-VB-2026-001083,VB-2026-001083,AP,VEND-007,2026-10-13,2026-10-22,28779400,28779400,0,1
AP-RT-2026-001084,RT-2026-001084,AP,VEND-010,2026-11-12,1970-01-01,4309100,4309100,0,0
AP-RT-2026-001085,RT-2026-001085,AP,VEND-008,2026-10-28,2026-10-30,45618500,45618500,465900,1
AR-INV-2026-001086,INV-2026-001086,AR,CUST-012,2026-10-14,2026-10-20,91558100,91558100,0,1
AR-INV-2026-001087,INV-2026-001087,AR,CUST-010,2026-10-14,2026-10-15,38285700,38285700,0,1
AR-INV-2026-001088,INV-2026-001088,AR,CUST-014,2026-11-13,2026-11-25,16895600,16895600,0,1
AR-INV-2026-001089,INV-2026-001089,AR,CUST-014,2026-11-13,2026-11-27,33467000,33467000,0,1
AP-RT-2026-001090,RT-2026-001090,AP,VEND-002,2026-11-28,2026-11-26,18652100,18652100,0,1
AP-RT-2026-001091,RT-2026-001091,AP,VEND-006,2026-10-29,2026-11-11,9357500,9357500,0,1
AP-VB-2026-001092,VB-2026-001092,AP,VEND-007,2026-10-14,2026-10-19,10824000,10824000,112500,1
AP-VB-2026-001093,VB-2026-001093,AP,VEND-010,2026-11-13,2026-11-14,6522900,6522900,0,1
AP-RT-2026-001094,RT-2026-001094,AP,VEND-004,2026-11-13,2026-11-09,22731200,22731200,0,1
AP-VB-2026-001095,VB-2026-001095,AP,VEND-006,2026-10-29,2026-11-12,36759500,36759500,0,1
AP-VB-2026-001096,VB-2026-001096,AP,VEND-007,2026-10-14,2026-10-30,9908900,9908900,0,1
AP-RT-2026-001097,RT-2026-001097,AP,VEND-007,2026-10-14,2026-10-15,15695100,15695100,0,1
AP-VB-2026-001098,VB-2026-001098,AP,VEND-004,2026-11-13,2026-11-06,146132400,146132400,0,1
AR-INV-2026-001099,INV-2026-001099,AR,CUST-008,2026-11-30,2026-12-04,19743800,19743800,0,1
AR-INV-2026-001100,INV-2026-001100,AR,CUST-006,2026-10-30,2026-10-22,43001000,43001000,0,1
AR-INV-2026-001101,INV-2026-001101,AR,CUST-011,2026-10-30,2026-11-02,45933300,45933300,0,1
AP-RT-2026-001102,RT-2026-001102,AP,VEND-001,2026-10-15,2026-10-27,32515200,32515200,0,1
AP-VB-2026-001103,VB-2026-001103,AP,VEND-002,2026-11-30,2026-12-05,47550500,47550500,0,1
AR-INV-2026-001104,INV-2026-001104,AR,CUST-012,2026-10-16,2026-10-26,91327500,91327500,0,1
AR-INV-2026-001105,INV-2026-001105,AR,CUST-006,2026-10-31,2026-10-22,111276900,111276900,0,1
AR-INV-2026-001106,INV-2026-001106,AR,CUST-009,2026-10-16,1970-01-01,194861900,194861900,0,0
AP-VB-2026-001107,VB-2026-001107,AP,VEND-003,2026-10-31,2026-11-09,25718300,25718300,1098200,1
AP-RT-2026-001108,RT-2026-001108,AP,VEND-009,2026-11-16,2026-11-18,6748800,6748800,0,1
AP-RT-2026-001109,RT-2026-001109,AP,VEND-001,2026-10-16,2026-10-19,48582000,48582000,0,1
AP-VB-2026-001110,VB-2026-001110,AP,VEND-003,2026-10-31,2026-11-09,59602600,59602600,3313600,1
AR-INV-2026-001111,INV-2026-001111,AR,CUST-006,2026-11-02,2026-11-02,62006400,62006400,0,1
AR-INV-2026-001112,INV-2026-001112,AR,CUST-001,2026-11-16,2026-11-17,92711100,92711100,0,1
AR-INV-2026-001113,INV-2026-001113,AR,CUST-008,2026-12-01,2026-12-01,97772900,97772900,0,1
AR-INV-2026-001114,INV-2026-001114,AR,CUST-008,2026-12-01,2026-12-07,30846600,30846600,0,1
AR-INV-2026-001115,INV-2026-001115,AR,CUST-010,2026-10-17,2026-10-19,28158600,28158600,0,1
AR-INV-2026-001116,INV-2026-001116,AR,CUST-007,2026-10-09,2026-10-22,21791800,21791800,0,1
AR-INV-2026-001117,INV-2026-001117,AR,CUST-003,2026-11-02,1970-01-01,36816100,36816100,0,0
AP-RT-2026-001118,RT-2026-001118,AP,VEND-010,2026-11-16,2026-11-21,17337300,17337300,0,1
AP-RT-2026-001119,RT-2026-001119,AP,VEND-007,2026-10-17,2026-10-30,16288800,16288800,0,1
AP-RT-2026-001120,RT-2026-001120,AP,VEND-009,2026-11-16,2026-11-18,14903900,14903900,0,1
AP-RT-2026-001121,RT-2026-001121,AP,VEND-003,2026-11-02,2026-11-11,8040300,8040300,0,1
AR-INV-2026-001122,INV-2026-001122,AR,CUST-001,2026-11-17,2026-11-16,122518500,122518500,0,1
AR-INV-2026-001123,INV-2026-001123,AR,CUST-007,2026-10-10,2026-10-19,6880100,6880100,185200,1
AR-INV-2026-001124,INV-2026-001124,AR,CUST-002,2026-10-19,2026-11-05,17266400,17266400,0,1
AR-INV-2026-001125,INV-2026-001125,AR,CUST-013,2026-11-17,2026-11-20,42843900,42843900,0,1
AP-RT-2026-001126,RT-2026-001126,AP,VEND-005,2026-10-19,1970-01-01,65094600,65094600,0,0
AP-VB-2026-001127,VB-2026-001127,AP,VEND-004,2026-11-17,2026-11-02,100683400,100683400,0,1
AR-INV-2026-001128,INV-2026-001128,AR,CUST-010,2026-10-20,2026-10-22,15250200,15250200,0,1
AR-INV-2026-001129,INV-2026-001129,AR,CUST-007,2026-10-12,2026-10-19,27995600,27995600,0,1
AR-INV-2026-001130,INV-2026-001130,AR,CUST-009,2026-10-20,1970-01-01,78230800,78230800,0,0
AR-INV-2026-001131,INV-2026-001131,AR,CUST-010,2026-10-20,2026-10-24,10070500,10070500,0,1
AR-INV-2026-001132,INV-2026-001132,AR,CUST-011,2026-11-04,2026-11-13,42221600,42221600,0,1
AR-INV-2026-001133,INV-2026-001133,AR,CUST-012,2026-10-20,1970-01-01,62508400,62508400,0,0
AR-INV-2026-001134,INV-2026-001134,AR,CUST-006,2026-11-04,2026-10-31,43412600,43412600,0,1
AR-INV-2026-001135,INV-2026-001135,AR,CUST-001,2026-11-19,1970-01-01,29438600,29438600,0,0
AP-RT-2026-001136,RT-2026-001136,AP,VEND-001,2026-10-20,2026-10-26,24625700,24625700,0,1
AP-RT-2026-001137,RT-2026-001137,AP,VEND-005,2026-10-20,2026-10-26,35976600,35976600,0,1
AP-SALARY-202605-0,SALARY-202605,AP,RECUR-SALARY,2026-05-01,2026-05-01,345000000,345000000,0,1
AP-RENT-202605-0,RENT-202605,AP,RECUR-RENT,2026-05-05,2026-05-06,78000000,78000000,0,1
AP-EMI-202605-0,EMI-202605,AP,RECUR-EMI,2026-05-04,2026-05-04,125000000,125000000,0,1
AP-SALARY-202606-0,SALARY-202606,AP,RECUR-SALARY,2026-06-01,2026-06-02,345000000,345000000,0,1
AP-RENT-202606-0,RENT-202606,AP,RECUR-RENT,2026-06-05,2026-06-05,78000000,78000000,0,1
AP-EMI-202606-0,EMI-202606,AP,RECUR-EMI,2026-06-03,2026-06-03,125000000,125000000,0,1
AP-SALARY-202607-0,SALARY-202607,AP,RECUR-SALARY,2026-07-01,2026-07-01,345000000,345000000,0,1
AP-RENT-202607-0,RENT-202607,AP,RECUR-RENT,2026-07-06,2026-07-07,78000000,78000000,0,1
AP-EMI-202607-0,EMI-202607,AP,RECUR-EMI,2026-07-03,2026-07-03,118392800,125000000,6607200,1
AP-GST-202607,GST-202607,AP,RECUR-GST,2026-07-06,2026-07-06,313157300,313157300,0,1
AP-SALARY-202608-0,SALARY-202608,AP,RECUR-SALARY,2026-08-01,2026-07-31,345000000,345000000,0,1
AP-RENT-202608-0,RENT-202608,AP,RECUR-RENT,2026-08-05,2026-08-05,78000000,78000000,0,1
AP-EMI-202608-0,EMI-202608,AP,RECUR-EMI,2026-08-03,2026-08-03,125000000,125000000,0,1
AP-SALARY-202609-0,SALARY-202609,AP,RECUR-SALARY,2026-09-01,2026-09-01,345000000,345000000,0,1
AP-RENT-202609-0,RENT-202609,AP,RECUR-RENT,2026-09-05,2026-09-05,78000000,78000000,0,1
AP-EMI-202609-0,EMI-202609,AP,RECUR-EMI,2026-09-03,2026-09-03,125000000,125000000,0,1
AP-SALARY-202610-0,SALARY-202610,AP,RECUR-SALARY,2026-10-01,2026-09-30,345000000,345000000,0,1
AP-RENT-202610-0,RENT-202610,AP,RECUR-RENT,2026-10-05,2026-10-05,78000000,78000000,0,1
AP-EMI-202610-0,EMI-202610,AP,RECUR-EMI,2026-10-03,2026-10-03,125000000,125000000,0,1
AP-GST-202610,GST-202610,AP,RECUR-GST,2026-10-06,2026-10-06,270153400,270153400,0,1
