line_id,document_ids,tier,score,confidence,auto_post,amount_diff_paise,evidence,n_docs
BL-000453,AR-INV-2026-000124,t7_fuzzy,0.861,0.689,no,-180000,fuzzy_assignment_name(0.86),1
BL-001694,AP-RENT-202609-0,t7_fuzzy,0.816,0.689,no,-983900,fuzzy_assignment_name(0.82),1
BL-000814,AP-RT-2026-000513,t7_fuzzy,0.903,0.691,no,-1458600,fuzzy_assignment_name(0.90),1
BL-001346,AR-INV-2026-001242,t7_fuzzy,0.897,0.691,no,-301000,fuzzy_assignment_name(0.90),1
BL-000869,AR-INV-2026-001140,t7_fuzzy,0.81,0.691,no,-21500,fuzzy_assignment_name(0.81),1
BL-001399,AR-INV-2026-001896,t7_fuzzy,0.934,0.692,no,-877200,fuzzy_assignment_name(0.93),1
BL-000915,AR-INV-2026-000784,t7_fuzzy,0.884,0.692,no,-515900,fuzzy_assignment_name(0.88),1
BL-001328,AR-INV-2026-001333,t7_fuzzy,0.881,0.692,no,-522100,fuzzy_assignment_name(0.88),1
BL-000231,AR-INV-2026-000423,t7_fuzzy,0.834,0.692,no,-399700,fuzzy_assignment_name(0.83),1
BL-001564,AR-INV-2026-001200;AR-INV-2026-001231;AR-INV-2026-001258,t2_advice_utr,1.0,0.693,no,116035200,advice_utr=900000081147 +residual_alloc(2 docs),3
BL-000643,AR-INV-2026-000494,t7_fuzzy,0.898,0.693,no,-333100,fuzzy_assignment_name(0.90),1
BL-001089,AP-VB-2026-001271,t7_fuzzy,0.911,0.694,no,-518400,fuzzy_assignment_name(0.91),1
BL-001343,AP-RT-2026-001439,t7_fuzzy,0.908,0.694,no,-111300,fuzzy_assignment_name(0.91),1
BL-001521,AP-VB-2026-001450,t7_fuzzy,0.995,0.698,no,-487900,fuzzy_assignment_name(1.00),1
BL-001574,AR-INV-2026-001537;AR-INV-2026-001490;AR-INV-2026-001552,t2_advice_utr,1.0,0.708,no,23315500,advice_utr=900000081335 +residual_alloc(2 docs),3
BL-001230,AR-INV-2026-001033;AR-INV-2026-000971;AR-INV-2026-001053,t2_advice_utr,1.0,0.724,no,172046100,advice_utr=900000080912 +residual_alloc(2 docs),3
BL-001260,AR-INV-2026-000678;AR-INV-2026-000649;AR-INV-2026-000844,t2_advice_utr,1.0,0.737,no,45308500,advice_utr=900000080741 +residual_alloc(2 docs),3
BL-000544,AR-INV-2026-000514;AR-INV-2026-000627;AR-INV-2026-000701,t6_lumpsum,0.99,0.74,no,0,"subset_sum(3 docs of 4 candidates, shared tokens ['GOLDCREST', 'WAREHOUSING'])",3
BL-000560,AR-INV-2026-000289;AR-INV-2026-000391;AR-INV-2026-000549,t6_lumpsum,0.99,0.741,no,0,"subset_sum(3 docs of 6 candidates, shared tokens ['CATERING', 'SERVICES', 'SURYAVANSH'])",3
BL-000728,AR-INV-2026-000628;AR-INV-2026-000646;AR-INV-2026-000756,t6_lumpsum,0.99,0.743,no,0,"subset_sum(3 docs of 4 candidates, shared tokens ['ASHWINI', 'CABLE', 'SYSTEMS'])",3
BL-001563,AR-INV-2026-001383;AR-INV-2026-001405;AR-INV-2026-001482,t6_lumpsum,0.99,0.743,no,0,"subset_sum(3 docs of 9 candidates, shared tokens ['PRINT', 'SOLUTIONS', 'SURYAVANSH'])",3
BL-001306,AR-INV-2026-001526;AR-INV-2026-001441;AR-INV-2026-001542,t2_advice_utr,1.0,0.747,no,184477800,advice_utr=900000081263 +residual_alloc(2 docs),3
BL-001595,AR-INV-2026-001049;AR-INV-2026-001219;AR-INV-2026-001259,t6_lumpsum,0.99,0.747,no,0,"subset_sum(3 docs of 12 candidates, shared tokens ['ASHWINI', 'EPC', 'SOLAR'])",3
BL-000515,AR-INV-2026-000644;AR-INV-2026-000562;AR-INV-2026-000719,t2_advice_utr,1.0,0.751,no,133164700,advice_utr=900000080712 +residual_alloc(2 docs),3
BL-000340,AR-INV-2026-000231;AR-INV-2026-000250;AR-INV-2026-000348,t2_advice_utr,1.0,0.759,no,34952100,advice_utr=900000080452 +residual_alloc(2 docs),3
BL-001259,AR-INV-2026-001107,t2_advice_utr,1.0,0.787,no,28317600,advice_utr=900000081129,1
BL-000029,AR-INV-2026-000255;AR-INV-2026-000213;AR-INV-2026-000233,t2_advice_utr,1.0,0.803,no,20010700,advice_utr=900000080364 +residual_alloc(2 docs),3
BL-000142,AR-INV-2026-000149;AR-INV-2026-000288;AR-INV-2026-000303,t3_doc_number,0.7,0.808,no,0,"doc_ref=INV-2026-000149,INV-2026-000288,INV-2026-000303",3
BL-000741,AR-INV-2026-000713;AR-INV-2026-000720;AR-INV-2026-000838,t3_doc_number,0.789,0.823,no,0,"doc_ref=INV-2026-000713,INV-2026-000720,INV-2026-000838",3
BL-000882,AR-INV-2026-000982,t2_advice_utr,1.0,0.832,no,85909500,advice_utr=900000080867,1
BL-000179,AR-INV-2026-000378;AR-INV-2026-000323;AR-INV-2026-000392,t2_advice_utr,1.0,0.84,no,78091300,advice_utr=900000080595 +residual_alloc(2 docs),3
BL-001212,AP-RT-2026-000653,t5_amount_name,0.862,0.853,no,0,amount_within_tolerance(0p)+name(0.86),1
BL-001624,AP-VB-2026-001773,t5_amount_name,0.935,0.857,no,6000,amount_within_tolerance(6000p)+name(0.93),1
BL-000323,AR-INV-2026-000345,t4_amount_exact,0.9,0.893,no,0,amount_exact_unique,1
BL-000691,AP-RT-2026-000667,t4_amount_exact,0.9,0.895,no,0,amount_exact_unique,1
BL-001667,AP-EMI-202609-0,t4_amount_exact,0.9,0.895,no,0,amount_exact_unique,1
BL-000104,AP-VB-2026-000416,t4_amount_exact,0.9,0.896,no,0,amount_exact_unique,1
BL-001169,AR-INV-2026-000871,t4_amount_exact,0.9,0.897,no,0,amount_exact_unique,1
BL-001337,AR-INV-2026-001389,t4_amount_exact,0.9,0.897,no,0,amount_exact_unique,1
BL-000980,AR-INV-2026-001208,t4_amount_exact,0.9,0.898,no,0,amount_exact_unique,1
BL-001188,AP-RT-2026-001026,t4_amount_exact,0.9,0.898,no,0,amount_exact_unique,1
BL-000609,AR-INV-2026-000409,t4_amount_exact,0.9,0.899,no,0,amount_exact_unique,1
BL-000042,AP-SALARY-202604-0,t4_amount_exact,0.9,0.9,yes,0,amount_exact_unique,1
BL-000618,AP-VB-2026-000602,t4_amount_exact,0.9,0.9,yes,0,amount_exact_unique,1
BL-000823,AR-INV-2026-000834,t4_amount_exact,0.9,0.9,yes,0,amount_exact_unique,1
BL-000997,AP-VB-2026-001043,t4_amount_exact,0.9,0.901,yes,0,amount_exact_unique,1
BL-001017,AR-INV-2026-001209,t4_amount_exact,0.9,0.901,yes,0,amount_exact_unique,1
BL-001200,AP-RT-2026-001247,t4_amount_exact,0.9,0.901,yes,0,amount_exact_unique,1
BL-000054,AP-RT-2026-000039,t4_amount_exact,0.9,0.902,yes,0,amount_exact_unique,1
BL-000120,AP-VB-2026-000057,t4_amount_exact,0.9,0.902,yes,0,amount_exact_unique,1
BL-000346,AR-INV-2026-000306,t4_amount_exact,0.9,0.902,yes,0,amount_exact_unique,1
BL-001040,AP-RT-2026-001150,t4_amount_exact,0.9,0.902,yes,0,amount_exact_unique,1
BL-001277,AP-RT-2026-001426,t4_amount_exact,0.9,0.902,yes,0,amount_exact_unique,1
BL-001307,AP-VB-2026-001250,t4_amount_exact,0.9,0.902,yes,0,amount_exact_unique,1
BL-001411,AP-VB-2026-001154,t4_amount_exact,0.9,0.902,yes,0,amount_exact_unique,1
BL-000167,AR-INV-2026-000107,t4_amount_exact,0.9,0.903,yes,0,amount_exact_unique,1
BL-000281,AP-RT-2026-000137,t4_amount_exact,0.9,0.903,yes,0,amount_exact_unique,1
BL-000307,AR-INV-2026-000001,t4_amount_exact,0.9,0.903,yes,0,amount_exact_unique,1
BL-000435,AP-RT-2026-000697,t4_amount_exact,0.9,0.903,yes,0,amount_exact_unique,1
BL-000874,AR-INV-2026-000835,t4_amount_exact,0.9,0.903,yes,0,amount_exact_unique,1
BL-000983,AR-INV-2026-001125,t4_amount_exact,0.9,0.903,yes,0,amount_exact_unique,1
BL-001024,AR-INV-2026-001105,t4_amount_exact,0.9,0.903,yes,0,amount_exact_unique,1
BL-001027,AR-INV-2026-001005,t4_amount_exact,0.9,0.903,yes,0,amount_exact_unique,1
BL-001171,AR-INV-2026-000926,t4_amount_exact,0.9,0.903,yes,0,amount_exact_unique,1
BL-001470,AR-INV-2026-001457,t4_amount_exact,0.9,0.903,yes,0,amount_exact_unique,1
BL-001483,AR-INV-2026-001166,t4_amount_exact,0.9,0.903,yes,0,amount_exact_unique,1
BL-001658,AP-VB-2026-001749,t4_amount_exact,0.9,0.903,yes,0,amount_exact_unique,1
BL-000033,AP-VB-2026-000081,t4_amount_exact,0.9,0.904,yes,0,amount_exact_unique,1
BL-000313,AR-INV-2026-000123,t4_amount_exact,0.9,0.904,yes,0,amount_exact_unique,1
BL-000375,AR-INV-2026-000394,t4_amount_exact,0.9,0.904,yes,0,amount_exact_unique,1
BL-000625,AR-INV-2026-000920,t4_amount_exact,0.9,0.904,yes,0,amount_exact_unique,1
BL-000642,AR-INV-2026-000561,t4_amount_exact,0.9,0.904,yes,0,amount_exact_unique,1
BL-001029,AR-INV-2026-001244,t4_amount_exact,0.9,0.904,yes,0,amount_exact_unique,1
BL-001039,AR-INV-2026-000774,t4_amount_exact,0.9,0.904,yes,0,amount_exact_unique,1
BL-001295,AP-VB-2026-000889,t4_amount_exact,0.9,0.904,yes,0,amount_exact_unique,1
BL-001395,AR-INV-2026-001540,t4_amount_exact,0.9,0.904,yes,0,amount_exact_unique,1
BL-001517,AR-INV-2026-001789,t4_amount_exact,0.9,0.904,yes,0,amount_exact_unique,1
BL-001607,AP-RT-2026-001701,t4_amount_exact,0.9,0.904,yes,0,amount_exact_unique,1
BL-001639,AP-VB-2026-001641,t4_amount_exact,0.9,0.904,yes,0,amount_exact_unique,1
BL-000132,AP-RT-2026-000299,t4_amount_exact,0.9,0.905,yes,0,amount_exact_unique,1
BL-000183,AR-INV-2026-000125,t4_amount_exact,0.9,0.905,yes,0,amount_exact_unique,1
BL-000380,AP-VB-2026-000601,t4_amount_exact,0.9,0.905,yes,0,amount_exact_unique,1
BL-000525,AR-INV-2026-000467,t4_amount_exact,0.9,0.905,yes,0,amount_exact_unique,1
BL-000610,AP-SALARY-202606-0,t4_amount_exact,0.9,0.905,yes,0,amount_exact_unique,1
BL-000905,AR-INV-2026-000763,t4_amount_exact,0.9,0.905,yes,0,amount_exact_unique,1
BL-001276,AP-VB-2026-001321,t4_amount_exact,0.9,0.905,yes,0,amount_exact_unique,1
BL-001485,AR-INV-2026-001335,t4_amount_exact,0.9,0.905,yes,0,amount_exact_unique,1
BL-001539,AP-RT-2026-001325,t4_amount_exact,0.9,0.905,yes,0,amount_exact_unique,1
BL-000521,AP-VB-2026-000655,t4_amount_exact,0.9,0.906,yes,0,amount_exact_unique,1
BL-000547,AR-INV-2026-000278,t4_amount_exact,0.9,0.906,yes,0,amount_exact_unique,1
BL-000637,AP-VB-2026-000660,t4_amount_exact,0.9,0.906,yes,0,amount_exact_unique,1
BL-000677,AP-VB-2026-000404,t4_amount_exact,0.9,0.906,yes,0,amount_exact_unique,1
BL-000678,AP-RENT-202606-0,t4_amount_exact,0.9,0.906,yes,0,amount_exact_unique,1
BL-000807,AP-VB-2026-000916,t4_amount_exact,0.9,0.906,yes,0,amount_exact_unique,1
BL-000965,AP-GST-202607,t4_amount_exact,0.9,0.906,yes,0,amount_exact_unique,1
BL-000967,AP-RENT-202607-0,t4_amount_exact,0.9,0.906,yes,0,amount_exact_unique,1
BL-001153,AR-INV-2026-001178,t4_amount_exact,0.9,0.906,yes,0,amount_exact_unique,1
BL-001509,AP-VB-2026-001344,t4_amount_exact,0.9,0.906,yes,0,amount_exact_unique,1
BL-001534,AR-INV-2026-001365,t4_amount_exact,0.9,0.906,yes,0,amount_exact_unique,1
BL-001580,AP-RT-2026-001688,t4_amount_exact,0.9,0.906,yes,0,amount_exact_unique,1
BL-001662,AR-INV-2026-001291,t4_amount_exact,0.9,0.906,yes,0,amount_exact_unique,1
BL-000244,AR-INV-2026-000129,t4_amount_exact,0.9,0.907,yes,0,amount_exact_unique,1
BL-000273,AP-RT-2026-000373,t4_amount_exact,0.9,0.907,yes,0,amount_exact_unique,1
BL-000311,AR-INV-2026-000280,t4_amount_exact,0.9,0.907,yes,0,amount_exact_unique,1
BL-000523,AR-INV-2026-000284,t4_amount_exact,0.9,0.907,yes,0,amount_exact_unique,1
BL-000607,AR-INV-2026-000785,t4_amount_exact,0.9,0.907,yes,0,amount_exact_unique,1
BL-001058,AR-INV-2026-000999,t4_amount_exact,0.9,0.907,yes,0,amount_exact_unique,1
BL-001119,AR-INV-2026-000972,t4_amount_exact,0.9,0.907,yes,0,amount_exact_unique,1
BL-001125,AR-INV-2026-001368,t4_amount_exact,0.9,0.907,yes,0,amount_exact_unique,1
BL-001137,AP-VB-2026-001341,t4_amount_exact,0.9,0.907,yes,0,amount_exact_unique,1
BL-001325,AP-RT-2026-001111,t4_amount_exact,0.9,0.907,yes,0,amount_exact_unique,1
BL-001332,AP-RENT-202608-0,t4_amount_exact,0.9,0.907,yes,0,amount_exact_unique,1
BL-001660,AR-INV-2026-001480,t4_amount_exact,0.9,0.907,yes,0,amount_exact_unique,1
BL-001695,AP-RT-2026-001300,t4_amount_exact,0.9,0.907,yes,0,amount_exact_unique,1
BL-000353,AP-VB-2026-000400,t4_amount_exact,0.9,0.908,yes,0,amount_exact_unique,1
BL-000675,AR-INV-2026-000849,t4_amount_exact,0.9,0.908,yes,0,amount_exact_unique,1
BL-000686,AR-INV-2026-000421,t4_amount_exact,0.9,0.908,yes,0,amount_exact_unique,1
BL-000992,AP-VB-2026-000965,t4_amount_exact,0.9,0.908,yes,0,amount_exact_unique,1
BL-001008,AP-RT-2026-001070,t4_amount_exact,0.9,0.908,yes,0,amount_exact_unique,1
BL-001079,AP-RT-2026-000790,t4_amount_exact,0.9,0.908,yes,0,amount_exact_unique,1
BL-001449,AP-VB-2026-000947,t4_amount_exact,0.9,0.908,yes,0,amount_exact_unique,1
BL-000164,AR-INV-2026-000478,t4_amount_exact,0.9,0.909,yes,0,amount_exact_unique,1
BL-000185,AR-INV-2026-000182,t4_amount_exact,0.9,0.909,yes,0,amount_exact_unique,1
BL-000209,AR-INV-2026-000060,t4_amount_exact,0.9,0.909,yes,0,amount_exact_unique,1
BL-000257,AR-INV-2026-000285,t4_amount_exact,0.9,0.909,yes,0,amount_exact_unique,1
BL-000261,AP-RT-2026-000334,t4_amount_exact,0.9,0.909,yes,0,amount_exact_unique,1
BL-000295,AR-INV-2026-000242,t4_amount_exact,0.9,0.909,yes,0,amount_exact_unique,1
BL-000594,AR-INV-2026-000450,t4_amount_exact,0.9,0.909,yes,0,amount_exact_unique,1
BL-000658,AP-VB-2026-000830,t4_amount_exact,0.9,0.909,yes,0,amount_exact_unique,1
BL-000669,AP-VB-2026-000621,t4_amount_exact,0.9,0.909,yes,0,amount_exact_unique,1
BL-000859,AP-VB-2026-000728,t4_amount_exact,0.9,0.909,yes,0,amount_exact_unique,1
BL-000892,AP-RT-2026-000622,t4_amount_exact,0.9,0.909,yes,0,amount_exact_unique,1
BL-000990,AP-VB-2026-000828,t4_amount_exact,0.9,0.909,yes,0,amount_exact_unique,1
BL-001023,AP-VB-2026-001186,t4_amount_exact,0.9,0.909,yes,0,amount_exact_unique,1
BL-001068,AR-INV-2026-001366,t4_amount_exact,0.9,0.909,yes,0,amount_exact_unique,1
BL-001129,AP-VB-2026-001352,t4_amount_exact,0.9,0.909,yes,0,amount_exact_unique,1
BL-001138,AP-VB-2026-000913,t4_amount_exact,0.9,0.909,yes,0,amount_exact_unique,1
BL-001224,AR-INV-2026-000877,t4_amount_exact,0.9,0.909,yes,0,amount_exact_unique,1
BL-001270,AR-INV-2026-001191,t4_amount_exact,0.9,0.909,yes,0,amount_exact_unique,1
BL-001329,AR-INV-2026-001295,t4_amount_exact,0.9,0.909,yes,0,amount_exact_unique,1
BL-001334,AP-RT-2026-001045,t4_amount_exact,0.9,0.909,yes,0,amount_exact_unique,1
BL-001436,AR-INV-2026-001281,t4_amount_exact,0.9,0.909,yes,0,amount_exact_unique,1
BL-001471,AP-RT-2026-001248,t4_amount_exact,0.9,0.909,yes,0,amount_exact_unique,1
BL-001494,AP-VB-2026-001155,t4_amount_exact,0.9,0.909,yes,0,amount_exact_unique,1
BL-001538,AP-VB-2026-001586,t4_amount_exact,0.9,0.909,yes,0,amount_exact_unique,1
BL-001596,AP-VB-2026-001267,t4_amount_exact,0.9,0.909,yes,0,amount_exact_unique,1
BL-000060,AP-GST-202604,t4_amount_exact,0.9,0.91,yes,0,amount_exact_unique,1
BL-000090,AP-VB-2026-000015,t4_amount_exact,0.9,0.91,yes,0,amount_exact_unique,1
BL-000236,AP-VB-2026-000429,t4_amount_exact,0.9,0.91,yes,0,amount_exact_unique,1
BL-000241,AR-INV-2026-000187,t4_amount_exact,0.9,0.91,yes,0,amount_exact_unique,1
BL-000505,AP-RT-2026-000223,t4_amount_exact,0.9,0.91,yes,0,amount_exact_unique,1
BL-000514,AR-INV-2026-000309,t4_amount_exact,0.9,0.91,yes,0,amount_exact_unique,1
BL-000647,AR-INV-2026-000312,t4_amount_exact,0.9,0.91,yes,0,amount_exact_unique,1
BL-000711,AR-INV-2026-000571,t4_amount_exact,0.9,0.91,yes,0,amount_exact_unique,1
BL-000755,AP-VB-2026-000521,t4_amount_exact,0.9,0.91,yes,0,amount_exact_unique,1
BL-000903,AR-INV-2026-000909,t4_amount_exact,0.9,0.91,yes,0,amount_exact_unique,1
BL-000935,AP-RT-2026-000587,t4_amount_exact,0.9,0.91,yes,0,amount_exact_unique,1
BL-001009,AP-RT-2026-000618,t4_amount_exact,0.9,0.91,yes,0,amount_exact_unique,1
BL-001101,AP-RT-2026-001136,t4_amount_exact,0.9,0.91,yes,0,amount_exact_unique,1
BL-001132,AP-RT-2026-000978,t4_amount_exact,0.9,0.91,yes,0,amount_exact_unique,1
BL-001154,AP-RT-2026-001101,t4_amount_exact,0.9,0.91,yes,0,amount_exact_unique,1
BL-001186,AP-VB-2026-001196,t4_amount_exact,0.9,0.91,yes,0,amount_exact_unique,1
BL-001199,AP-RT-2026-001071,t4_amount_exact,0.9,0.91,yes,0,amount_exact_unique,1
BL-001446,AP-VB-2026-001272,t4_amount_exact,0.9,0.91,yes,0,amount_exact_unique,1
BL-001513,AP-VB-2026-001573,t4_amount_exact,0.9,0.91,yes,0,amount_exact_unique,1
BL-001545,AP-VB-2026-001603,t4_amount_exact,0.9,0.91,yes,0,amount_exact_unique,1
BL-001598,AP-VB-2026-001809,t4_amount_exact,0.9,0.91,yes,0,amount_exact_unique,1
BL-000002,AP-EMI-202603-0,t4_amount_exact,0.9,0.911,yes,0,amount_exact_unique,1
BL-000200,AP-VB-2026-000419,t4_amount_exact,0.9,0.911,yes,0,amount_exact_unique,1
BL-000259,AR-INV-2026-000629,t4_amount_exact,0.9,0.911,yes,0,amount_exact_unique,1
BL-000292,AR-INV-2026-000638,t4_amount_exact,0.9,0.911,yes,0,amount_exact_unique,1
BL-000333,AP-RT-2026-000264,t4_amount_exact,0.9,0.911,yes,0,amount_exact_unique,1
BL-000418,AP-VB-2026-000458,t4_amount_exact,0.9,0.911,yes,0,amount_exact_unique,1
BL-000428,AR-INV-2026-000180,t4_amount_exact,0.9,0.911,yes,0,amount_exact_unique,1
BL-000471,AP-RT-2026-000698,t4_amount_exact,0.9,0.911,yes,0,amount_exact_unique,1
BL-000635,AR-INV-2026-000577,t4_amount_exact,0.9,0.911,yes,0,amount_exact_unique,1
BL-000660,AP-VB-2026-000340,t4_amount_exact,0.9,0.911,yes,0,amount_exact_unique,1
BL-000663,AR-INV-2026-000845,t4_amount_exact,0.9,0.911,yes,0,amount_exact_unique,1
BL-000737,AP-VB-2026-000727,t4_amount_exact,0.9,0.911,yes,0,amount_exact_unique,1
BL-000776,AP-VB-2026-000772,t4_amount_exact,0.9,0.911,yes,0,amount_exact_unique,1
BL-000778,AP-VB-2026-000507,t4_amount_exact,0.9,0.911,yes,0,amount_exact_unique,1
BL-000791,AR-INV-2026-000604,t4_amount_exact,0.9,0.911,yes,0,amount_exact_unique,1
BL-000809,AR-INV-2026-000824,t4_amount_exact,0.9,0.911,yes,0,amount_exact_unique,1
BL-000925,AP-RT-2026-001122,t4_amount_exact,0.9,0.911,yes,0,amount_exact_unique,1
BL-000934,AP-VB-2026-000973,t4_amount_exact,0.9,0.911,yes,0,amount_exact_unique,1
BL-000944,AR-INV-2026-001296,t4_amount_exact,0.9,0.911,yes,0,amount_exact_unique,1
BL-000964,AR-INV-2026-001051,t4_amount_exact,0.9,0.911,yes,0,amount_exact_unique,1
BL-001078,AR-INV-2026-000998,t4_amount_exact,0.9,0.911,yes,0,amount_exact_unique,1
BL-001175,AR-INV-2026-000869,t4_amount_exact,0.9,0.911,yes,0,amount_exact_unique,1
BL-001428,AR-INV-2026-001278,t4_amount_exact,0.9,0.911,yes,0,amount_exact_unique,1
BL-001524,AP-RT-2026-001214,t4_amount_exact,0.9,0.911,yes,0,amount_exact_unique,1
BL-001612,AP-RT-2026-001590,t4_amount_exact,0.9,0.911,yes,0,amount_exact_unique,1
BL-000212,AP-VB-2026-000189,t4_amount_exact,0.9,0.912,yes,0,amount_exact_unique,1
BL-000234,AR-INV-2026-000338,t4_amount_exact,0.9,0.912,yes,0,amount_exact_unique,1
BL-000415,AR-INV-2026-000217,t4_amount_exact,0.9,0.912,yes,0,amount_exact_unique,1
BL-000441,AP-VB-2026-000656,t4_amount_exact,0.9,0.912,yes,0,amount_exact_unique,1
BL-000599,AP-VB-2026-000600,t4_amount_exact,0.9,0.912,yes,0,amount_exact_unique,1
BL-000673,AR-INV-2026-000645,t4_amount_exact,0.9,0.912,yes,0,amount_exact_unique,1
BL-000679,AP-RT-2026-000448,t4_amount_exact,0.9,0.912,yes,0,amount_exact_unique,1
BL-000907,AP-SALARY-202607-0,t4_amount_exact,0.9,0.912,yes,0,amount_exact_unique,1
BL-000926,AP-RT-2026-000512,t4_amount_exact,0.9,0.912,yes,0,amount_exact_unique,1
BL-001033,AP-RT-2026-000668,t4_amount_exact,0.9,0.912,yes,0,amount_exact_unique,1
BL-001139,AP-VB-2026-000962,t4_amount_exact,0.9,0.912,yes,0,amount_exact_unique,1
BL-001219,AP-RT-2026-000695,t4_amount_exact,0.9,0.912,yes,0,amount_exact_unique,1
BL-001245,AR-INV-2026-001494,t4_amount_exact,0.9,0.912,yes,0,amount_exact_unique,1
BL-001404,AP-RT-2026-001373,t4_amount_exact,0.9,0.912,yes,0,amount_exact_unique,1
BL-001496,AP-RT-2026-001195,t4_amount_exact,0.9,0.912,yes,0,amount_exact_unique,1
BL-000364,AR-INV-2026-000220,t4_amount_exact,0.9,0.913,yes,0,amount_exact_unique,1
BL-000469,AP-VB-2026-000694,t4_amount_exact,0.9,0.913,yes,0,amount_exact_unique,1
BL-000548,AR-INV-2026-000308,t4_amount_exact,0.9,0.913,yes,0,amount_exact_unique,1
BL-000586,AR-INV-2026-000674,t4_amount_exact,0.9,0.913,yes,0,amount_exact_unique,1
BL-000587,AP-RT-2026-000686,t4_amount_exact,0.9,0.913,yes,0,amount_exact_unique,1
BL-000613,AP-RT-2026-000810,t4_amount_exact,0.9,0.913,yes,0,amount_exact_unique,1
BL-000680,AP-RT-2026-000798,t4_amount_exact,0.9,0.913,yes,0,amount_exact_unique,1
BL-000883,AP-VB-2026-000991,t4_amount_exact,0.9,0.913,yes,0,amount_exact_unique,1
BL-000991,AP-RT-2026-000661,t4_amount_exact,0.9,0.913,yes,0,amount_exact_unique,1
BL-001088,AR-INV-2026-000883,t4_amount_exact,0.9,0.913,yes,0,amount_exact_unique,1
BL-001104,AP-VB-2026-001089,t4_amount_exact,0.9,0.913,yes,0,amount_exact_unique,1
BL-001296,AP-VB-2026-001361,t4_amount_exact,0.9,0.913,yes,0,amount_exact_unique,1
BL-001401,AR-INV-2026-001345,t4_amount_exact,0.9,0.913,yes,0,amount_exact_unique,1
BL-001467,AR-INV-2026-001350,t4_amount_exact,0.9,0.913,yes,0,amount_exact_unique,1
BL-001627,AP-RT-2026-001549,t4_amount_exact,0.9,0.913,yes,0,amount_exact_unique,1
BL-001701,AR-INV-2026-001959,t4_amount_exact,0.9,0.913,yes,0,amount_exact_unique,1
BL-000012,AR-INV-2026-000003,t4_amount_exact,0.9,0.914,yes,0,amount_exact_unique,1
BL-000083,AP-VB-2026-000140,t4_amount_exact,0.9,0.914,yes,0,amount_exact_unique,1
BL-000119,AP-RT-2026-000301,t4_amount_exact,0.9,0.914,yes,0,amount_exact_unique,1
BL-000215,AR-INV-2026-000087,t4_amount_exact,0.9,0.914,yes,0,amount_exact_unique,1
BL-000239,AP-VB-2026-000200,t4_amount_exact,0.9,0.914,yes,0,amount_exact_unique,1
BL-000306,AP-RT-2026-000564,t4_amount_exact,0.9,0.914,yes,0,amount_exact_unique,1
BL-000321,AR-INV-2026-000582,t4_amount_exact,0.9,0.914,yes,0,amount_exact_unique,1
BL-000388,AR-INV-2026-000428,t4_amount_exact,0.9,0.914,yes,0,amount_exact_unique,1
BL-000410,AP-VB-2026-000138,t4_amount_exact,0.9,0.914,yes,0,amount_exact_unique,1
BL-000468,AP-RT-2026-000541,t4_amount_exact,0.9,0.914,yes,0,amount_exact_unique,1
BL-000533,AP-VB-2026-000789,t4_amount_exact,0.9,0.914,yes,0,amount_exact_unique,1
BL-000543,AR-INV-2026-000662,t4_amount_exact,0.9,0.914,yes,0,amount_exact_unique,1
BL-000573,AR-INV-2026-000382,t4_amount_exact,0.9,0.914,yes,0,amount_exact_unique,1
BL-000615,AP-VB-2026-000752,t4_amount_exact,0.9,0.914,yes,0,amount_exact_unique,1
BL-000648,AP-EMI-202606-0,t4_amount_exact,0.9,0.914,yes,0,amount_exact_unique,1
BL-000784,AP-RT-2026-000489,t4_amount_exact,0.9,0.914,yes,0,amount_exact_unique,1
BL-000790,AR-INV-2026-000734,t4_amount_exact,0.9,0.914,yes,0,amount_exact_unique,1
BL-000855,AP-VB-2026-000795,t4_amount_exact,0.9,0.914,yes,0,amount_exact_unique,1
BL-000955,AP-RT-2026-000724,t4_amount_exact,0.9,0.914,yes,0,amount_exact_unique,1
BL-001020,AR-INV-2026-001183,t4_amount_exact,0.9,0.914,yes,0,amount_exact_unique,1
BL-001144,AR-INV-2026-001097,t4_amount_exact,0.9,0.914,yes,0,amount_exact_unique,1
BL-001145,AR-INV-2026-001092,t4_amount_exact,0.9,0.914,yes,0,amount_exact_unique,1
BL-001159,AR-INV-2026-000943,t4_amount_exact,0.9,0.914,yes,0,amount_exact_unique,1
BL-001192,AR-INV-2026-001128,t4_amount_exact,0.9,0.914,yes,0,amount_exact_unique,1
BL-001206,AR-INV-2026-001108,t4_amount_exact,0.9,0.914,yes,0,amount_exact_unique,1
BL-001445,AP-VB-2026-001605,t4_amount_exact,0.9,0.914,yes,0,amount_exact_unique,1
BL-001520,AP-RT-2026-001702,t4_amount_exact,0.9,0.914,yes,0,amount_exact_unique,1
BL-001579,AP-RT-2026-001301,t4_amount_exact,0.9,0.914,yes,0,amount_exact_unique,1
BL-000488,AR-INV-2026-000349,t3_doc_number,0.9,0.915,no,-2517300,doc_ref=INV-2026-000349,1
BL-000015,AP-RT-2026-000029,t4_amount_exact,0.9,0.915,yes,0,amount_exact_unique,1
BL-000043,AP-VB-2026-000016,t4_amount_exact,0.9,0.915,yes,0,amount_exact_unique,1
BL-000063,AP-RT-2026-000076,t4_amount_exact,0.9,0.915,yes,0,amount_exact_unique,1
BL-000065,AP-VB-2026-000036,t4_amount_exact,0.9,0.915,yes,0,amount_exact_unique,1
BL-000073,AR-INV-2026-000174,t4_amount_exact,0.9,0.915,yes,0,amount_exact_unique,1
BL-000075,AP-VB-2026-000114,t4_amount_exact,0.9,0.915,yes,0,amount_exact_unique,1
BL-000106,AR-INV-2026-000274,t4_amount_exact,0.9,0.915,yes,0,amount_exact_unique,1
BL-000112,AR-INV-2026-000188,t4_amount_exact,0.9,0.915,yes,0,amount_exact_unique,1
BL-000155,AP-RT-2026-000320,t4_amount_exact,0.9,0.915,yes,0,amount_exact_unique,1
BL-000161,AP-RT-2026-000333,t4_amount_exact,0.9,0.915,yes,0,amount_exact_unique,1
BL-000188,AP-RT-2026-000207,t4_amount_exact,0.9,0.915,yes,0,amount_exact_unique,1
BL-000206,AR-INV-2026-000127,t4_amount_exact,0.9,0.915,yes,0,amount_exact_unique,1
BL-000232,AR-INV-2026-000504,t4_amount_exact,0.9,0.915,yes,0,amount_exact_unique,1
BL-000258,AR-INV-2026-000497,t4_amount_exact,0.9,0.915,yes,0,amount_exact_unique,1
BL-000275,AP-RT-2026-000438,t4_amount_exact,0.9,0.915,yes,0,amount_exact_unique,1
BL-000286,AP-RT-2026-000300,t4_amount_exact,0.9,0.915,yes,0,amount_exact_unique,1
BL-000316,AP-RT-2026-000439,t4_amount_exact,0.9,0.915,yes,0,amount_exact_unique,1
BL-000382,AP-VB-2026-000012,t4_amount_exact,0.9,0.915,yes,0,amount_exact_unique,1
BL-000408,AP-RT-2026-000476,t4_amount_exact,0.9,0.915,yes,0,amount_exact_unique,1
BL-000511,AR-INV-2026-000518,t4_amount_exact,0.9,0.915,yes,0,amount_exact_unique,1
BL-000695,AP-RT-2026-000685,t4_amount_exact,0.9,0.915,yes,0,amount_exact_unique,1
BL-000794,AP-VB-2026-000473,t4_amount_exact,0.9,0.915,yes,0,amount_exact_unique,1
BL-000875,AP-RT-2026-000570,t4_amount_exact,0.9,0.915,yes,0,amount_exact_unique,1
BL-001031,AR-INV-2026-001217,t4_amount_exact,0.9,0.915,yes,0,amount_exact_unique,1
BL-001071,AP-RT-2026-001213,t4_amount_exact,0.9,0.915,yes,0,amount_exact_unique,1
BL-001124,AR-INV-2026-001253,t4_amount_exact,0.9,0.915,yes,0,amount_exact_unique,1
BL-001355,AP-RT-2026-001331,t4_amount_exact,0.9,0.915,yes,0,amount_exact_unique,1
BL-001387,AP-VB-2026-000950,t4_amount_exact,0.9,0.915,yes,0,amount_exact_unique,1
BL-001438,AP-VB-2026-001363,t4_amount_exact,0.9,0.915,yes,0,amount_exact_unique,1
BL-001439,AP-VB-2026-001025,t4_amount_exact,0.9,0.915,yes,0,amount_exact_unique,1
BL-001440,AP-RT-2026-001028,t4_amount_exact,0.9,0.915,yes,0,amount_exact_unique,1
BL-001511,AP-VB-2026-001451,t4_amount_exact,0.9,0.915,yes,0,amount_exact_unique,1
BL-001542,AP-VB-2026-001308,t4_amount_exact,0.9,0.915,yes,0,amount_exact_unique,1
BL-001554,AR-INV-2026-001404,t4_amount_exact,0.9,0.915,yes,0,amount_exact_unique,1
BL-001592,AR-INV-2026-001640,t4_amount_exact,0.9,0.915,yes,0,amount_exact_unique,1
BL-001605,AP-VB-2026-001265,t4_amount_exact,0.9,0.915,yes,0,amount_exact_unique,1
BL-001618,AP-SALARY-202609-0,t4_amount_exact,0.9,0.915,yes,0,amount_exact_unique,1
BL-001682,AR-INV-2026-001644,t4_amount_exact,0.9,0.915,yes,0,amount_exact_unique,1
BL-000036,AR-INV-2026-000004,t4_amount_exact,0.9,0.916,yes,0,amount_exact_unique,1
BL-000088,AP-VB-2026-000055,t4_amount_exact,0.9,0.916,yes,0,amount_exact_unique,1
BL-000095,AR-INV-2026-000061,t4_amount_exact,0.9,0.916,yes,0,amount_exact_unique,1
BL-000144,AP-VB-2026-000169,t4_amount_exact,0.9,0.916,yes,0,amount_exact_unique,1
BL-000192,AR-INV-2026-000072,t4_amount_exact,0.9,0.916,yes,0,amount_exact_unique,1
BL-000341,AR-INV-2026-000517,t4_amount_exact,0.9,0.916,yes,0,amount_exact_unique,1
BL-000345,AP-RT-2026-000417,t4_amount_exact,0.9,0.916,yes,0,amount_exact_unique,1
BL-000350,AR-INV-2026-000506,t4_amount_exact,0.9,0.916,yes,0,amount_exact_unique,1
BL-000391,AR-INV-2026-000108,t4_amount_exact,0.9,0.916,yes,0,amount_exact_unique,1
BL-000392,AR-INV-2026-000537,t4_amount_exact,0.9,0.916,yes,0,amount_exact_unique,1
BL-000394,AR-INV-2026-000143,t4_amount_exact,0.9,0.916,yes,0,amount_exact_unique,1
BL-000439,AP-RT-2026-000210,t4_amount_exact,0.9,0.916,yes,0,amount_exact_unique,1
BL-000478,AR-INV-2026-000178,t4_amount_exact,0.9,0.916,yes,0,amount_exact_unique,1
BL-000479,AP-VB-2026-000487,t4_amount_exact,0.9,0.916,yes,0,amount_exact_unique,1
BL-000536,AP-RT-2026-000555,t4_amount_exact,0.9,0.916,yes,0,amount_exact_unique,1
BL-000554,AP-VB-2026-000236,t4_amount_exact,0.9,0.916,yes,0,amount_exact_unique,1
BL-000592,AR-INV-2026-000383,t4_amount_exact,0.9,0.916,yes,0,amount_exact_unique,1
BL-000614,AP-RT-2026-000413,t4_amount_exact,0.9,0.916,yes,0,amount_exact_unique,1
BL-000631,AR-INV-2026-000281,t4_amount_exact,0.9,0.916,yes,0,amount_exact_unique,1
BL-000645,AR-INV-2026-000283,t4_amount_exact,0.9,0.916,yes,0,amount_exact_unique,1
BL-000674,AR-INV-2026-000581,t4_amount_exact,0.9,0.916,yes,0,amount_exact_unique,1
BL-000684,AR-INV-2026-000385,t4_amount_exact,0.9,0.916,yes,0,amount_exact_unique,1
BL-000764,AR-INV-2026-000556,t4_amount_exact,0.9,0.916,yes,0,amount_exact_unique,1
BL-000772,AR-INV-2026-001094,t4_amount_exact,0.9,0.916,yes,0,amount_exact_unique,1
BL-000785,AP-RT-2026-000759,t4_amount_exact,0.9,0.916,yes,0,amount_exact_unique,1
BL-000867,AP-VB-2026-001017,t4_amount_exact,0.9,0.916,yes,0,amount_exact_unique,1
BL-000880,AR-INV-2026-000548,t4_amount_exact,0.9,0.916,yes,0,amount_exact_unique,1
BL-000908,AP-VB-2026-000811,t4_amount_exact,0.9,0.916,yes,0,amount_exact_unique,1
BL-000909,AP-RT-2026-000832,t4_amount_exact,0.9,0.916,yes,0,amount_exact_unique,1
BL-000954,AP-RT-2026-001060,t4_amount_exact,0.9,0.916,yes,0,amount_exact_unique,1
BL-000974,AR-INV-2026-001334,t4_amount_exact,0.9,0.916,yes,0,amount_exact_unique,1
BL-001046,AP-VB-2026-000876,t4_amount_exact,0.9,0.916,yes,0,amount_exact_unique,1
BL-001057,AR-INV-2026-000805,t4_amount_exact,0.9,0.916,yes,0,amount_exact_unique,1
BL-001077,AR-INV-2026-001277,t4_amount_exact,0.9,0.916,yes,0,amount_exact_unique,1
BL-001130,AP-VB-2026-000902,t4_amount_exact,0.9,0.916,yes,0,amount_exact_unique,1
BL-001160,AR-INV-2026-001263,t4_amount_exact,0.9,0.916,yes,0,amount_exact_unique,1
BL-001168,AR-INV-2026-001161,t4_amount_exact,0.9,0.916,yes,0,amount_exact_unique,1
BL-001202,AP-RT-2026-001362,t4_amount_exact,0.9,0.916,yes,0,amount_exact_unique,1
BL-001235,AP-VB-2026-001284,t4_amount_exact,0.9,0.916,yes,0,amount_exact_unique,1
BL-001367,AP-VB-2026-000974,t4_amount_exact,0.9,0.916,yes,0,amount_exact_unique,1
BL-001374,AR-INV-2026-001039,t4_amount_exact,0.9,0.916,yes,0,amount_exact_unique,1
BL-001390,AR-INV-2026-001257,t4_amount_exact,0.9,0.916,yes,0,amount_exact_unique,1
BL-001430,AR-INV-2026-001646,t4_amount_exact,0.9,0.916,yes,0,amount_exact_unique,1
BL-001448,AP-VB-2026-001235,t4_amount_exact,0.9,0.916,yes,0,amount_exact_unique,1
BL-001498,AR-INV-2026-001562,t4_amount_exact,0.9,0.916,yes,0,amount_exact_unique,1
BL-001512,AP-RT-2026-001083,t4_amount_exact,0.9,0.916,yes,0,amount_exact_unique,1
BL-001540,AP-RT-2026-001547,t4_amount_exact,0.9,0.916,yes,0,amount_exact_unique,1
BL-001589,AP-RT-2026-001706,t4_amount_exact,0.9,0.916,yes,0,amount_exact_unique,1
BL-001625,AP-RT-2026-001423,t4_amount_exact,0.9,0.916,yes,0,amount_exact_unique,1
BL-000055,AP-VB-2026-000041,t4_amount_exact,0.9,0.917,yes,0,amount_exact_unique,1
BL-000071,AR-INV-2026-000254,t4_amount_exact,0.9,0.917,yes,0,amount_exact_unique,1
BL-000076,AP-VB-2026-000209,t4_amount_exact,0.9,0.917,yes,0,amount_exact_unique,1
BL-000086,AR-INV-2026-000025,t4_amount_exact,0.9,0.917,yes,0,amount_exact_unique,1
BL-000126,AP-VB-2026-000052,t4_amount_exact,0.9,0.917,yes,0,amount_exact_unique,1
BL-000145,AP-RT-2026-000158,t4_amount_exact,0.9,0.917,yes,0,amount_exact_unique,1
BL-000168,AR-INV-2026-000046,t4_amount_exact,0.9,0.917,yes,0,amount_exact_unique,1
BL-000176,AR-INV-2026-000051,t4_amount_exact,0.9,0.917,yes,0,amount_exact_unique,1
BL-000228,AR-INV-2026-000103,t4_amount_exact,0.9,0.917,yes,0,amount_exact_unique,1
BL-000260,AP-SALARY-202605-0,t4_amount_exact,0.9,0.917,yes,0,amount_exact_unique,1
BL-000267,AR-INV-2026-000258,t4_amount_exact,0.9,0.917,yes,0,amount_exact_unique,1
BL-000283,AP-RT-2026-000401,t4_amount_exact,0.9,0.917,yes,0,amount_exact_unique,1
BL-000287,AP-RT-2026-000471,t4_amount_exact,0.9,0.917,yes,0,amount_exact_unique,1
BL-000305,AP-RT-2026-000159,t4_amount_exact,0.9,0.917,yes,0,amount_exact_unique,1
BL-000315,AP-VB-2026-000031,t4_amount_exact,0.9,0.917,yes,0,amount_exact_unique,1
BL-000322,AR-INV-2026-000128,t4_amount_exact,0.9,0.917,yes,0,amount_exact_unique,1
BL-000366,AR-INV-2026-000631,t4_amount_exact,0.9,0.917,yes,0,amount_exact_unique,1
BL-000417,AR-INV-2026-000104,t4_amount_exact,0.9,0.917,yes,0,amount_exact_unique,1
BL-000430,AR-INV-2026-000364,t4_amount_exact,0.9,0.917,yes,0,amount_exact_unique,1
BL-000447,AP-VB-2026-000235,t4_amount_exact,0.9,0.917,yes,0,amount_exact_unique,1
BL-000558,AR-INV-2026-000714,t4_amount_exact,0.9,0.917,yes,0,amount_exact_unique,1
BL-000671,AP-RT-2026-000434,t4_amount_exact,0.9,0.917,yes,0,amount_exact_unique,1
BL-000689,AP-VB-2026-000891,t4_amount_exact,0.9,0.917,yes,0,amount_exact_unique,1
BL-000722,AR-INV-2026-000706,t4_amount_exact,0.9,0.917,yes,0,amount_exact_unique,1
BL-000779,AP-VB-2026-000488,t4_amount_exact,0.9,0.917,yes,0,amount_exact_unique,1
BL-000846,AP-VB-2026-000736,t4_amount_exact,0.9,0.917,yes,0,amount_exact_unique,1
BL-000850,AR-INV-2026-000804,t4_amount_exact,0.9,0.917,yes,0,amount_exact_unique,1
BL-000896,AP-VB-2026-000861,t4_amount_exact,0.9,0.917,yes,0,amount_exact_unique,1
BL-000921,AP-VB-2026-001047,t4_amount_exact,0.9,0.917,yes,0,amount_exact_unique,1
BL-000959,AR-INV-2026-000942,t4_amount_exact,0.9,0.917,yes,0,amount_exact_unique,1
BL-000970,AP-VB-2026-000750,t4_amount_exact,0.9,0.917,yes,0,amount_exact_unique,1
BL-001157,AP-RT-2026-001360,t4_amount_exact,0.9,0.917,yes,0,amount_exact_unique,1
BL-001163,AR-INV-2026-001403,t4_amount_exact,0.9,0.917,yes,0,amount_exact_unique,1
BL-001166,AP-RT-2026-001090,t4_amount_exact,0.9,0.917,yes,0,amount_exact_unique,1
BL-001197,AP-RT-2026-001270,t4_amount_exact,0.9,0.917,yes,0,amount_exact_unique,1
BL-001233,AP-RT-2026-001010,t4_amount_exact,0.9,0.917,yes,0,amount_exact_unique,1
BL-001246,AR-INV-2026-001148,t4_amount_exact,0.9,0.917,yes,0,amount_exact_unique,1
BL-001290,AP-VB-2026-001435,t4_amount_exact,0.9,0.917,yes,0,amount_exact_unique,1
BL-001347,AR-INV-2026-001458,t4_amount_exact,0.9,0.917,yes,0,amount_exact_unique,1
BL-001383,AP-VB-2026-001558,t4_amount_exact,0.9,0.917,yes,0,amount_exact_unique,1
BL-001415,AR-INV-2026-001243,t4_amount_exact,0.9,0.917,yes,0,amount_exact_unique,1
BL-001460,AR-INV-2026-001103,t4_amount_exact,0.9,0.917,yes,0,amount_exact_unique,1
BL-001500,AR-INV-2026-001493,t4_amount_exact,0.9,0.917,yes,0,amount_exact_unique,1
BL-001505,AR-INV-2026-001648,t4_amount_exact,0.9,0.917,yes,0,amount_exact_unique,1
BL-001585,AR-INV-2026-001455,t4_amount_exact,0.9,0.917,yes,0,amount_exact_unique,1
BL-001641,AP-VB-2026-001286,t4_amount_exact,0.9,0.917,yes,0,amount_exact_unique,1
BL-001656,AP-RT-2026-001614,t4_amount_exact,0.9,0.917,yes,0,amount_exact_unique,1
BL-001692,AR-INV-2026-001992,t4_amount_exact,0.9,0.917,yes,0,amount_exact_unique,1
BL-000025,AP-RT-2026-000069,t4_amount_exact,0.9,0.918,yes,0,amount_exact_unique,1
BL-000049,AP-VB-2026-000261,t4_amount_exact,0.9,0.918,yes,0,amount_exact_unique,1
BL-000062,AP-RENT-202604-0,t4_amount_exact,0.9,0.918,yes,0,amount_exact_unique,1
BL-000068,AR-INV-2026-000305,t4_amount_exact,0.9,0.918,yes,0,amount_exact_unique,1
BL-000135,AP-RT-2026-000318,t4_amount_exact,0.9,0.918,yes,0,amount_exact_unique,1
BL-000146,AP-VB-2026-000194,t4_amount_exact,0.9,0.918,yes,0,amount_exact_unique,1
BL-000160,AP-RT-2026-000153,t4_amount_exact,0.9,0.918,yes,0,amount_exact_unique,1
BL-000216,AP-RT-2026-000265,t4_amount_exact,0.9,0.918,yes,0,amount_exact_unique,1
BL-000230,AR-INV-2026-000146,t4_amount_exact,0.9,0.918,yes,0,amount_exact_unique,1
BL-000264,AP-RT-2026-000414,t4_amount_exact,0.9,0.918,yes,0,amount_exact_unique,1
BL-000317,AR-INV-2026-000245,t4_amount_exact,0.9,0.918,yes,0,amount_exact_unique,1
BL-000404,AR-INV-2026-000687,t4_amount_exact,0.9,0.918,yes,0,amount_exact_unique,1
BL-000470,AP-VB-2026-000603,t4_amount_exact,0.9,0.918,yes,0,amount_exact_unique,1
BL-000493,AP-VB-2026-000475,t4_amount_exact,0.9,0.918,yes,0,amount_exact_unique,1
BL-000550,AR-INV-2026-000525,t4_amount_exact,0.9,0.918,yes,0,amount_exact_unique,1
BL-000584,AR-INV-2026-000344,t4_amount_exact,0.9,0.918,yes,0,amount_exact_unique,1
BL-000597,AP-RT-2026-000402,t4_amount_exact,0.9,0.918,yes,0,amount_exact_unique,1
BL-000612,AP-VB-2026-000792,t4_amount_exact,0.9,0.918,yes,0,amount_exact_unique,1
BL-000773,AR-INV-2026-001003,t4_amount_exact,0.9,0.918,yes,0,amount_exact_unique,1
BL-000777,AP-RT-2026-000951,t4_amount_exact,0.9,0.918,yes,0,amount_exact_unique,1
BL-000839,AR-INV-2026-000535,t4_amount_exact,0.9,0.918,yes,0,amount_exact_unique,1
BL-000887,AP-RT-2026-000740,t4_amount_exact,0.9,0.918,yes,0,amount_exact_unique,1
BL-000889,AP-RT-2026-000670,t4_amount_exact,0.9,0.918,yes,0,amount_exact_unique,1
BL-000931,AR-INV-2026-001062,t4_amount_exact,0.9,0.918,yes,0,amount_exact_unique,1
BL-001047,AP-RT-2026-000737,t4_amount_exact,0.9,0.918,yes,0,amount_exact_unique,1
BL-001073,AP-VB-2026-001199,t4_amount_exact,0.9,0.918,yes,0,amount_exact_unique,1
BL-001090,AP-RT-2026-001268,t4_amount_exact,0.9,0.918,yes,0,amount_exact_unique,1
BL-001131,AP-RT-2026-001375,t4_amount_exact,0.9,0.918,yes,0,amount_exact_unique,1
BL-001146,AR-INV-2026-001117,t4_amount_exact,0.9,0.918,yes,0,amount_exact_unique,1
BL-001288,AR-INV-2026-001184,t4_amount_exact,0.9,0.918,yes,0,amount_exact_unique,1
BL-001363,AR-INV-2026-001338,t4_amount_exact,0.9,0.918,yes,0,amount_exact_unique,1
BL-001377,AP-VB-2026-001471,t4_amount_exact,0.9,0.918,yes,0,amount_exact_unique,1
BL-001515,AR-INV-2026-001708,t4_amount_exact,0.9,0.918,yes,0,amount_exact_unique,1
BL-001674,AP-RT-2026-001460,t4_amount_exact,0.9,0.918,yes,0,amount_exact_unique,1
BL-001683,AR-INV-2026-001962,t4_amount_exact,0.9,0.918,yes,0,amount_exact_unique,1
BL-000001,AP-SALARY-202603-0,t4_amount_exact,0.9,0.919,yes,0,amount_exact_unique,1
BL-000059,AR-INV-2026-000044,t4_amount_exact,0.9,0.919,yes,0,amount_exact_unique,1
BL-000064,AP-VB-2026-000079,t4_amount_exact,0.9,0.919,yes,0,amount_exact_unique,1
BL-000069,AR-INV-2026-000142,t4_amount_exact,0.9,0.919,yes,0,amount_exact_unique,1
BL-000084,AR-INV-2026-000006,t4_amount_exact,0.9,0.919,yes,0,amount_exact_unique,1
BL-000130,AR-INV-2026-000089,t4_amount_exact,0.9,0.919,yes,0,amount_exact_unique,1
BL-000172,AP-VB-2026-000017,t4_amount_exact,0.9,0.919,yes,0,amount_exact_unique,1
BL-000173,AP-RT-2026-000120,t4_amount_exact,0.9,0.919,yes,0,amount_exact_unique,1
BL-000174,AP-VB-2026-000267,t4_amount_exact,0.9,0.919,yes,0,amount_exact_unique,1
BL-000233,AR-INV-2026-000226,t4_amount_exact,0.9,0.919,yes,0,amount_exact_unique,1
BL-000279,AP-EMI-202605-0,t4_amount_exact,0.9,0.919,yes,0,amount_exact_unique,1
BL-000280,AP-VB-2026-000440,t4_amount_exact,0.9,0.919,yes,0,amount_exact_unique,1
BL-000308,AR-INV-2026-000307,t4_amount_exact,0.9,0.919,yes,0,amount_exact_unique,1
BL-000338,AR-INV-2026-000100,t4_amount_exact,0.9,0.919,yes,0,amount_exact_unique,1
BL-000369,AR-INV-2026-000538,t4_amount_exact,0.9,0.919,yes,0,amount_exact_unique,1
BL-000377,AR-INV-2026-000347,t4_amount_exact,0.9,0.919,yes,0,amount_exact_unique,1
BL-000407,AP-RT-2026-000431,t4_amount_exact,0.9,0.919,yes,0,amount_exact_unique,1
BL-000419,AP-RT-2026-000171,t4_amount_exact,0.9,0.919,yes,0,amount_exact_unique,1
BL-000440,AP-VB-2026-000010,t4_amount_exact,0.9,0.919,yes,0,amount_exact_unique,1
BL-000474,AR-INV-2026-000397,t4_amount_exact,0.9,0.919,yes,0,amount_exact_unique,1
BL-000490,AP-VB-2026-000498,t4_amount_exact,0.9,0.919,yes,0,amount_exact_unique,1
BL-000512,AR-INV-2026-000249,t4_amount_exact,0.9,0.919,yes,0,amount_exact_unique,1
BL-000518,AP-VB-2026-000654,t4_amount_exact,0.9,0.919,yes,0,amount_exact_unique,1
BL-000531,AP-RT-2026-000511,t4_amount_exact,0.9,0.919,yes,0,amount_exact_unique,1
BL-000535,AP-VB-2026-000154,t4_amount_exact,0.9,0.919,yes,0,amount_exact_unique,1
BL-000557,AR-INV-2026-000721,t4_amount_exact,0.9,0.919,yes,0,amount_exact_unique,1
BL-000562,AP-VB-2026-000553,t4_amount_exact,0.9,0.919,yes,0,amount_exact_unique,1
BL-000571,AR-INV-2026-000606,t4_amount_exact,0.9,0.919,yes,0,amount_exact_unique,1
BL-000575,AR-INV-2026-000597,t4_amount_exact,0.9,0.919,yes,0,amount_exact_unique,1
BL-000611,AP-RT-2026-000269,t4_amount_exact,0.9,0.919,yes,0,amount_exact_unique,1
BL-000692,AP-RT-2026-000503,t4_amount_exact,0.9,0.919,yes,0,amount_exact_unique,1
BL-000694,AP-VB-2026-000341,t4_amount_exact,0.9,0.919,yes,0,amount_exact_unique,1
BL-000705,AR-INV-2026-000508,t4_amount_exact,0.9,0.919,yes,0,amount_exact_unique,1
BL-000708,AR-INV-2026-000350,t4_amount_exact,0.9,0.919,yes,0,amount_exact_unique,1
BL-000731,AP-RT-2026-000297,t4_amount_exact,0.9,0.919,yes,0,amount_exact_unique,1
BL-000750,AP-VB-2026-000860,t4_amount_exact,0.9,0.919,yes,0,amount_exact_unique,1
BL-000753,AP-VB-2026-001059,t4_amount_exact,0.9,0.919,yes,0,amount_exact_unique,1
BL-000754,AP-RT-2026-000617,t4_amount_exact,0.9,0.919,yes,0,amount_exact_unique,1
BL-000830,AR-INV-2026-000595,t4_amount_exact,0.9,0.919,yes,0,amount_exact_unique,1
BL-000891,AP-RT-2026-000544,t4_amount_exact,0.9,0.919,yes,0,amount_exact_unique,1
BL-000916,AR-INV-2026-000718,t4_amount_exact,0.9,0.919,yes,0,amount_exact_unique,1
BL-000918,AR-INV-2026-000761,t4_amount_exact,0.9,0.919,yes,0,amount_exact_unique,1
BL-000986,AR-INV-2026-000856,t4_amount_exact,0.9,0.919,yes,0,amount_exact_unique,1
BL-000998,AP-RT-2026-000520,t4_amount_exact,0.9,0.919,yes,0,amount_exact_unique,1
BL-001007,AR-INV-2026-000825,t4_amount_exact,0.9,0.919,yes,0,amount_exact_unique,1
BL-001010,AP-RT-2026-000708,t4_amount_exact,0.9,0.919,yes,0,amount_exact_unique,1
BL-001019,AR-INV-2026-001290,t4_amount_exact,0.9,0.919,yes,0,amount_exact_unique,1
BL-001042,AP-VB-2026-000938,t4_amount_exact,0.9,0.919,yes,0,amount_exact_unique,1
BL-001043,AP-RT-2026-001031,t4_amount_exact,0.9,0.919,yes,0,amount_exact_unique,1
BL-001061,AR-INV-2026-000935,t4_amount_exact,0.9,0.919,yes,0,amount_exact_unique,1
BL-001095,AR-INV-2026-001024,t4_amount_exact,0.9,0.919,yes,0,amount_exact_unique,1
BL-001165,AP-VB-2026-001084,t4_amount_exact,0.9,0.919,yes,0,amount_exact_unique,1
BL-001201,AP-RT-2026-000788,t4_amount_exact,0.9,0.919,yes,0,amount_exact_unique,1
BL-001226,AR-INV-2026-001206,t4_amount_exact,0.9,0.919,yes,0,amount_exact_unique,1
BL-001242,AR-INV-2026-001065,t4_amount_exact,0.9,0.919,yes,0,amount_exact_unique,1
BL-001252,AP-VB-2026-000787,t4_amount_exact,0.9,0.919,yes,0,amount_exact_unique,1
BL-001319,AR-INV-2026-001336,t4_amount_exact,0.9,0.919,yes,0,amount_exact_unique,1
BL-001320,AR-INV-2026-001572,t4_amount_exact,0.9,0.919,yes,0,amount_exact_unique,1
BL-001351,AR-INV-2026-000984,t4_amount_exact,0.9,0.919,yes,0,amount_exact_unique,1
BL-001375,AR-INV-2026-001347,t4_amount_exact,0.9,0.919,yes,0,amount_exact_unique,1
BL-001403,AP-VB-2026-001264,t4_amount_exact,0.9,0.919,yes,0,amount_exact_unique,1
BL-001410,AP-VB-2026-001391,t4_amount_exact,0.9,0.919,yes,0,amount_exact_unique,1
BL-001441,AP-RT-2026-001501,t4_amount_exact,0.9,0.919,yes,0,amount_exact_unique,1
BL-001444,AP-VB-2026-001110,t4_amount_exact,0.9,0.919,yes,0,amount_exact_unique,1
BL-001453,AP-VB-2026-001589,t4_amount_exact,0.9,0.919,yes,0,amount_exact_unique,1
BL-001472,AP-VB-2026-001532,t4_amount_exact,0.9,0.919,yes,0,amount_exact_unique,1
BL-001473,AP-VB-2026-000980,t4_amount_exact,0.9,0.919,yes,0,amount_exact_unique,1
BL-001475,AP-VB-2026-001156,t4_amount_exact,0.9,0.919,yes,0,amount_exact_unique,1
BL-001488,AP-VB-2026-001172,t4_amount_exact,0.9,0.919,yes,0,amount_exact_unique,1
BL-001523,AP-RT-2026-001323,t4_amount_exact,0.9,0.919,yes,0,amount_exact_unique,1
BL-001533,AR-INV-2026-001824,t4_amount_exact,0.9,0.919,yes,0,amount_exact_unique,1
BL-001543,AP-RT-2026-001461,t4_amount_exact,0.9,0.919,yes,0,amount_exact_unique,1
BL-001549,AR-INV-2026-001119,t4_amount_exact,0.9,0.919,yes,0,amount_exact_unique,1
BL-001556,AR-INV-2026-001147,t4_amount_exact,0.9,0.919,yes,0,amount_exact_unique,1
BL-001557,AR-INV-2026-001577,t4_amount_exact,0.9,0.919,yes,0,amount_exact_unique,1
BL-001566,AP-VB-2026-001588,t4_amount_exact,0.9,0.919,yes,0,amount_exact_unique,1
BL-001636,AR-INV-2026-001522,t4_amount_exact,0.9,0.919,yes,0,amount_exact_unique,1
BL-001637,AR-INV-2026-001851,t4_amount_exact,0.9,0.919,yes,0,amount_exact_unique,1
BL-001640,AP-VB-2026-001575,t4_amount_exact,0.9,0.919,yes,0,amount_exact_unique,1
BL-001670,AP-VB-2026-001343,t4_amount_exact,0.9,0.919,yes,0,amount_exact_unique,1
BL-001696,AP-RT-2026-001690,t4_amount_exact,0.9,0.919,yes,0,amount_exact_unique,1
BL-001697,AP-VB-2026-001533,t4_amount_exact,0.9,0.919,yes,0,amount_exact_unique,1
BL-001698,AP-VB-2026-001425,t4_amount_exact,0.9,0.919,yes,0,amount_exact_unique,1
BL-000074,AP-RT-2026-000097,t3_doc_number,0.841,0.92,no,-905900,doc_ref=RT-2026-000097,1
BL-000125,AP-VB-2026-000317,t4_amount_exact,0.9,0.92,yes,0,amount_exact_unique,1
BL-000151,AR-INV-2026-000313,t4_amount_exact,0.9,0.92,yes,0,amount_exact_unique,1
BL-000154,AP-VB-2026-000095,t4_amount_exact,0.9,0.92,yes,0,amount_exact_unique,1
BL-000178,AR-INV-2026-000091,t4_amount_exact,0.9,0.92,yes,0,amount_exact_unique,1
BL-000245,AR-INV-2026-000215,t4_amount_exact,0.9,0.92,yes,0,amount_exact_unique,1
BL-000252,AR-INV-2026-000165,t4_amount_exact,0.9,0.92,yes,0,amount_exact_unique,1
BL-000271,AR-INV-2026-000073,t4_amount_exact,0.9,0.92,yes,0,amount_exact_unique,1
BL-000312,AR-INV-2026-000367,t4_amount_exact,0.9,0.92,yes,0,amount_exact_unique,1
BL-000324,AP-VB-2026-000359,t4_amount_exact,0.9,0.92,yes,0,amount_exact_unique,1
BL-000342,AP-VB-2026-000208,t4_amount_exact,0.9,0.92,yes,0,amount_exact_unique,1
BL-000351,AR-INV-2026-000184,t4_amount_exact,0.9,0.92,yes,0,amount_exact_unique,1
BL-000385,AP-VB-2026-000567,t4_amount_exact,0.9,0.92,yes,0,amount_exact_unique,1
BL-000406,AP-RT-2026-000028,t4_amount_exact,0.9,0.92,yes,0,amount_exact_unique,1
BL-000437,AP-RT-2026-000098,t4_amount_exact,0.9,0.92,yes,0,amount_exact_unique,1
BL-000452,AR-INV-2026-000275,t4_amount_exact,0.9,0.92,yes,0,amount_exact_unique,1
BL-000585,AR-INV-2026-000583,t4_amount_exact,0.9,0.92,yes,0,amount_exact_unique,1
BL-000588,AP-RT-2026-000222,t4_amount_exact,0.9,0.92,yes,0,amount_exact_unique,1
BL-000589,AP-RT-2026-000398,t4_amount_exact,0.9,0.92,yes,0,amount_exact_unique,1
BL-000608,AR-INV-2026-000228,t4_amount_exact,0.9,0.92,yes,0,amount_exact_unique,1
BL-000632,AR-INV-2026-000443,t4_amount_exact,0.9,0.92,yes,0,amount_exact_unique,1
BL-000654,AR-INV-2026-000704,t4_amount_exact,0.9,0.92,yes,0,amount_exact_unique,1
BL-000707,AR-INV-2026-000442,t4_amount_exact,0.9,0.92,yes,0,amount_exact_unique,1
BL-000747,AR-INV-2026-000765,t4_amount_exact,0.9,0.92,yes,0,amount_exact_unique,1
BL-000761,AR-INV-2026-000578,t4_amount_exact,0.9,0.92,yes,0,amount_exact_unique,1
BL-000802,AR-INV-2026-000612,t4_amount_exact,0.9,0.92,yes,0,amount_exact_unique,1
BL-000812,AR-INV-2026-000894,t4_amount_exact,0.9,0.92,yes,0,amount_exact_unique,1
BL-000837,AP-RT-2026-000812,t4_amount_exact,0.9,0.92,yes,0,amount_exact_unique,1
BL-000849,AR-INV-2026-000786,t4_amount_exact,0.9,0.92,yes,0,amount_exact_unique,1
BL-000864,AR-INV-2026-000872,t4_amount_exact,0.9,0.92,yes,0,amount_exact_unique,1
BL-000894,AP-VB-2026-000907,t4_amount_exact,0.9,0.92,yes,0,amount_exact_unique,1
BL-000924,AP-RT-2026-000591,t4_amount_exact,0.9,0.92,yes,0,amount_exact_unique,1
BL-000948,AR-INV-2026-000985,t4_amount_exact,0.9,0.92,yes,0,amount_exact_unique,1
BL-000953,AP-RT-2026-000777,t4_amount_exact,0.9,0.92,yes,0,amount_exact_unique,1
BL-000956,AP-RT-2026-000616,t4_amount_exact,0.9,0.92,yes,0,amount_exact_unique,1
BL-000962,AR-INV-2026-000857,t4_amount_exact,0.9,0.92,yes,0,amount_exact_unique,1
BL-001028,AR-INV-2026-000981,t4_amount_exact,0.9,0.92,yes,0,amount_exact_unique,1
BL-001070,AP-VB-2026-000905,t4_amount_exact,0.9,0.92,yes,0,amount_exact_unique,1
BL-001072,AP-RT-2026-000731,t4_amount_exact,0.9,0.92,yes,0,amount_exact_unique,1
BL-001106,AP-VB-2026-000820,t4_amount_exact,0.9,0.92,yes,0,amount_exact_unique,1
BL-001128,AR-INV-2026-000850,t4_amount_exact,0.9,0.92,yes,0,amount_exact_unique,1
BL-001161,AR-INV-2026-001081,t4_amount_exact,0.9,0.92,yes,0,amount_exact_unique,1
BL-001213,AP-VB-2026-000933,t4_amount_exact,0.9,0.92,yes,0,amount_exact_unique,1
BL-001214,AP-RT-2026-001329,t4_amount_exact,0.9,0.92,yes,0,amount_exact_unique,1
BL-001225,AR-INV-2026-001349,t4_amount_exact,0.9,0.92,yes,0,amount_exact_unique,1
BL-001229,AR-INV-2026-001004,t4_amount_exact,0.9,0.92,yes,0,amount_exact_unique,1
BL-001238,AP-RT-2026-001226,t4_amount_exact,0.9,0.92,yes,0,amount_exact_unique,1
BL-001262,AR-INV-2026-001080,t4_amount_exact,0.9,0.92,yes,0,amount_exact_unique,1
BL-001297,AP-RT-2026-001421,t4_amount_exact,0.9,0.92,yes,0,amount_exact_unique,1
BL-001308,AP-EMI-202608-0,t4_amount_exact,0.9,0.92,yes,0,amount_exact_unique,1
BL-001314,AP-RT-2026-001394,t4_amount_exact,0.9,0.92,yes,0,amount_exact_unique,1
BL-001360,AR-INV-2026-001276,t4_amount_exact,0.9,0.92,yes,0,amount_exact_unique,1
BL-001365,AR-INV-2026-001061,t4_amount_exact,0.9,0.92,yes,0,amount_exact_unique,1
BL-001418,AR-INV-2026-001314,t4_amount_exact,0.9,0.92,yes,0,amount_exact_unique,1
BL-001422,AP-RT-2026-001516,t4_amount_exact,0.9,0.92,yes,0,amount_exact_unique,1
BL-001463,AR-INV-2026-001177,t4_amount_exact,0.9,0.92,yes,0,amount_exact_unique,1
BL-001537,AP-RT-2026-001342,t4_amount_exact,0.9,0.92,yes,0,amount_exact_unique,1
BL-001559,AR-INV-2026-001743,t4_amount_exact,0.9,0.92,yes,0,amount_exact_unique,1
BL-001622,AP-VB-2026-001465,t4_amount_exact,0.9,0.92,yes,0,amount_exact_unique,1
BL-001673,AP-VB-2026-001604,t4_amount_exact,0.9,0.92,yes,0,amount_exact_unique,1
BL-000030,AR-INV-2026-000043,t4_amount_exact,0.9,0.921,yes,0,amount_exact_unique,1
BL-000072,AR-INV-2026-000102,t4_amount_exact,0.9,0.921,yes,0,amount_exact_unique,1
BL-000079,AR-INV-2026-000251,t4_amount_exact,0.9,0.921,yes,0,amount_exact_unique,1
BL-000123,AR-INV-2026-000022,t4_amount_exact,0.9,0.921,yes,0,amount_exact_unique,1
BL-000157,AP-VB-2026-000075,t4_amount_exact,0.9,0.921,yes,0,amount_exact_unique,1
BL-000158,AP-RT-2026-000133,t4_amount_exact,0.9,0.921,yes,0,amount_exact_unique,1
BL-000159,AP-VB-2026-000221,t4_amount_exact,0.9,0.921,yes,0,amount_exact_unique,1
BL-000171,AP-VB-2026-000195,t4_amount_exact,0.9,0.921,yes,0,amount_exact_unique,1
BL-000197,AP-VB-2026-000139,t4_amount_exact,0.9,0.921,yes,0,amount_exact_unique,1
BL-000214,AR-INV-2026-000050,t4_amount_exact,0.9,0.921,yes,0,amount_exact_unique,1
BL-000250,AR-INV-2026-000157,t4_amount_exact,0.9,0.921,yes,0,amount_exact_unique,1
BL-000365,AR-INV-2026-000339,t4_amount_exact,0.9,0.921,yes,0,amount_exact_unique,1
BL-000427,AR-INV-2026-000453,t4_amount_exact,0.9,0.921,yes,0,amount_exact_unique,1
BL-000431,AR-INV-2026-000445,t4_amount_exact,0.9,0.921,yes,0,amount_exact_unique,1
BL-000444,AP-RT-2026-000430,t4_amount_exact,0.9,0.921,yes,0,amount_exact_unique,1
BL-000500,AR-INV-2026-000282,t4_amount_exact,0.9,0.921,yes,0,amount_exact_unique,1
BL-000524,AR-INV-2026-000599,t4_amount_exact,0.9,0.921,yes,0,amount_exact_unique,1
BL-000537,AP-RT-2026-000590,t4_amount_exact,0.9,0.921,yes,0,amount_exact_unique,1
BL-000668,AP-VB-2026-000636,t4_amount_exact,0.9,0.921,yes,0,amount_exact_unique,1
BL-000700,AR-INV-2026-000247,t4_amount_exact,0.9,0.921,yes,0,amount_exact_unique,1
BL-000715,AP-VB-2026-000742,t4_amount_exact,0.9,0.921,yes,0,amount_exact_unique,1
BL-000729,AR-INV-2026-000658,t4_amount_exact,0.9,0.921,yes,0,amount_exact_unique,1
BL-000763,AR-INV-2026-000716,t4_amount_exact,0.9,0.921,yes,0,amount_exact_unique,1
BL-000799,AP-RT-2026-000739,t4_amount_exact,0.9,0.921,yes,0,amount_exact_unique,1
BL-000828,AR-INV-2026-000818,t4_amount_exact,0.9,0.921,yes,0,amount_exact_unique,1
BL-000835,AP-VB-2026-000864,t4_amount_exact,0.9,0.921,yes,0,amount_exact_unique,1
BL-000920,AP-VB-2026-000588,t4_amount_exact,0.9,0.921,yes,0,amount_exact_unique,1
BL-000939,AP-EMI-202607-0,t4_amount_exact,0.9,0.921,yes,0,amount_exact_unique,1
BL-000941,AP-RT-2026-000903,t4_amount_exact,0.9,0.921,yes,0,amount_exact_unique,1
BL-000984,AR-INV-2026-000919,t4_amount_exact,0.9,0.921,yes,0,amount_exact_unique,1
BL-001045,AP-RT-2026-001019,t4_amount_exact,0.9,0.921,yes,0,amount_exact_unique,1
BL-001115,AP-VB-2026-001175,t4_amount_exact,0.9,0.921,yes,0,amount_exact_unique,1
BL-001117,AP-VB-2026-000888,t4_amount_exact,0.9,0.921,yes,0,amount_exact_unique,1
BL-001127,AR-INV-2026-000881,t4_amount_exact,0.9,0.921,yes,0,amount_exact_unique,1
BL-001150,AR-INV-2026-000953,t4_amount_exact,0.9,0.921,yes,0,amount_exact_unique,1
BL-001274,AP-SALARY-202608-0,t4_amount_exact,0.9,0.921,yes,0,amount_exact_unique,1
BL-001364,AR-INV-2026-001289,t4_amount_exact,0.9,0.921,yes,0,amount_exact_unique,1
BL-001380,AP-RT-2026-000914,t4_amount_exact,0.9,0.921,yes,0,amount_exact_unique,1
BL-001400,AR-INV-2026-000955,t4_amount_exact,0.9,0.921,yes,0,amount_exact_unique,1
BL-001408,AR-INV-2026-000967,t4_amount_exact,0.9,0.921,yes,0,amount_exact_unique,1
BL-001419,AR-INV-2026-001453,t4_amount_exact,0.9,0.921,yes,0,amount_exact_unique,1
BL-001490,AR-INV-2026-001095,t4_amount_exact,0.9,0.921,yes,0,amount_exact_unique,1
BL-001541,AP-VB-2026-001506,t4_amount_exact,0.9,0.921,yes,0,amount_exact_unique,1
BL-001558,AR-INV-2026-001488,t4_amount_exact,0.9,0.921,yes,0,amount_exact_unique,1
BL-001577,AP-VB-2026-001212,t4_amount_exact,0.9,0.921,yes,0,amount_exact_unique,1
BL-001591,AR-INV-2026-001181,t4_amount_exact,0.9,0.921,yes,0,amount_exact_unique,1
BL-001594,AR-INV-2026-001492,t4_amount_exact,0.9,0.921,yes,0,amount_exact_unique,1
BL-001603,AR-INV-2026-001260,t4_amount_exact,0.9,0.921,yes,0,amount_exact_unique,1
BL-001623,AP-VB-2026-001302,t4_amount_exact,0.9,0.921,yes,0,amount_exact_unique,1
BL-001642,AP-RT-2026-001731,t4_amount_exact,0.9,0.921,yes,0,amount_exact_unique,1
BL-001678,AR-INV-2026-001686,t4_amount_exact,0.9,0.921,yes,0,amount_exact_unique,1
BL-000752,AP-VB-2026-000904,t3_doc_number,0.927,0.922,no,-1305000,doc_ref=VB-2026-000904,1
BL-000862,AP-RT-2026-000853,t3_doc_number,0.934,0.922,no,-352700,doc_ref=RT-2026-000853,1
BL-000056,AP-RT-2026-000037,t4_amount_exact,0.9,0.922,yes,0,amount_exact_unique,1
BL-000094,AR-INV-2026-000176,t4_amount_exact,0.9,0.922,yes,0,amount_exact_unique,1
BL-000097,AP-RT-2026-000131,t4_amount_exact,0.9,0.922,yes,0,amount_exact_unique,1
BL-000115,AP-RT-2026-000353,t4_amount_exact,0.9,0.922,yes,0,amount_exact_unique,1
BL-000274,AP-VB-2026-000152,t4_amount_exact,0.9,0.922,yes,0,amount_exact_unique,1
BL-000463,AR-INV-2026-000594,t4_amount_exact,0.9,0.922,yes,0,amount_exact_unique,1
BL-000482,AP-VB-2026-000542,t4_amount_exact,0.9,0.922,yes,0,amount_exact_unique,1
BL-000552,AP-VB-2026-000238,t4_amount_exact,0.9,0.922,yes,0,amount_exact_unique,1
BL-000703,AP-VB-2026-000680,t4_amount_exact,0.9,0.922,yes,0,amount_exact_unique,1
BL-000770,AR-INV-2026-000927,t4_amount_exact,0.9,0.922,yes,0,amount_exact_unique,1
BL-000803,AR-INV-2026-001020,t4_amount_exact,0.9,0.922,yes,0,amount_exact_unique,1
BL-000910,AP-VB-2026-000760,t4_amount_exact,0.9,0.922,yes,0,amount_exact_unique,1
BL-000989,AP-VB-2026-000890,t4_amount_exact,0.9,0.922,yes,0,amount_exact_unique,1
BL-001013,AP-VB-2026-000976,t4_amount_exact,0.9,0.922,yes,0,amount_exact_unique,1
BL-001069,AP-RT-2026-001027,t4_amount_exact,0.9,0.922,yes,0,amount_exact_unique,1
BL-001113,AP-RT-2026-000778,t4_amount_exact,0.9,0.922,yes,0,amount_exact_unique,1
BL-001218,AP-VB-2026-001152,t4_amount_exact,0.9,0.922,yes,0,amount_exact_unique,1
BL-001275,AP-RT-2026-000948,t4_amount_exact,0.9,0.922,yes,0,amount_exact_unique,1
BL-001310,AP-VB-2026-000994,t4_amount_exact,0.9,0.922,yes,0,amount_exact_unique,1
BL-001361,AR-INV-2026-001063,t4_amount_exact,0.9,0.922,yes,0,amount_exact_unique,1
BL-001385,AP-RT-2026-001030,t4_amount_exact,0.9,0.922,yes,0,amount_exact_unique,1
BL-001412,AR-INV-2026-001076,t4_amount_exact,0.9,0.922,yes,0,amount_exact_unique,1
BL-001425,AR-INV-2026-001040,t4_amount_exact,0.9,0.922,yes,0,amount_exact_unique,1
BL-001431,AP-VB-2026-001086,t4_amount_exact,0.9,0.922,yes,0,amount_exact_unique,1
BL-001568,AP-VB-2026-001515,t4_amount_exact,0.9,0.922,yes,0,amount_exact_unique,1
BL-001626,AP-VB-2026-001616,t4_amount_exact,0.9,0.922,yes,0,amount_exact_unique,1
BL-000693,AP-RT-2026-000316,t3_doc_number,0.835,0.923,yes,0,doc_ref=RT-2026-000316,1
BL-000219,AP-VB-2026-000361,t4_amount_exact,0.9,0.923,yes,0,amount_exact_unique,1
BL-000436,AP-VB-2026-000262,t4_amount_exact,0.9,0.923,yes,0,amount_exact_unique,1
BL-000481,AP-VB-2026-000447,t4_amount_exact,0.9,0.923,yes,0,amount_exact_unique,1
BL-000783,AR-INV-2026-000462,t4_amount_exact,0.9,0.923,yes,0,amount_exact_unique,1
BL-000854,AP-VB-2026-000993,t4_amount_exact,0.9,0.923,yes,0,amount_exact_unique,1
BL-000957,AR-INV-2026-000847,t4_amount_exact,0.9,0.923,yes,0,amount_exact_unique,1
BL-001215,AP-RT-2026-001068,t4_amount_exact,0.9,0.923,yes,0,amount_exact_unique,1
BL-001417,AR-INV-2026-001014,t4_amount_exact,0.9,0.923,yes,0,amount_exact_unique,1
BL-001041,AP-VB-2026-001029,t3_doc_number,0.94,0.924,no,-4680900,doc_ref=VB-2026-001029,1
BL-000601,AR-INV-2026-000328,t4_amount_exact,0.9,0.924,yes,0,amount_exact_unique,1
BL-000821,AR-INV-2026-000410,t4_amount_exact,0.9,0.924,yes,0,amount_exact_unique,1
BL-001551,AR-INV-2026-001855,t4_amount_exact,0.9,0.924,yes,0,amount_exact_unique,1
BL-001611,AP-VB-2026-001358,t4_amount_exact,0.9,0.924,yes,0,amount_exact_unique,1
BL-000218,AP-VB-2026-000240,t3_doc_number,0.842,0.925,yes,0,doc_ref=VB-2026-000240,1
BL-000492,AP-RT-2026-000294,t3_doc_number,0.905,0.925,no,-2434000,doc_ref=RT-2026-000294,1
BL-001220,AP-RT-2026-001246,t3_doc_number,0.845,0.925,yes,0,doc_ref=RT-2026-001246,1
BL-000003,AP-RENT-202603-0,t4_amount_exact,0.9,0.925,yes,0,amount_exact_unique,1
BL-000027,AR-INV-2026-000026,t4_amount_exact,0.9,0.925,yes,0,amount_exact_unique,1
BL-000048,AP-EMI-202604-0,t4_amount_exact,0.9,0.925,yes,0,amount_exact_unique,1
BL-000080,AP-RT-2026-000164,t4_amount_exact,0.9,0.925,yes,0,amount_exact_unique,1
BL-000101,AR-INV-2026-000253,t4_amount_exact,0.9,0.925,yes,0,amount_exact_unique,1
BL-000113,AR-INV-2026-000286,t4_amount_exact,0.9,0.925,yes,0,amount_exact_unique,1
BL-000114,AR-INV-2026-000166,t4_amount_exact,0.9,0.925,yes,0,amount_exact_unique,1
BL-000124,AR-INV-2026-000304,t4_amount_exact,0.9,0.925,yes,0,amount_exact_unique,1
BL-000163,AR-INV-2026-000122,t4_amount_exact,0.9,0.925,yes,0,amount_exact_unique,1
BL-000189,AP-VB-2026-000141,t4_amount_exact,0.9,0.925,yes,0,amount_exact_unique,1
BL-000196,AP-RT-2026-000168,t4_amount_exact,0.9,0.925,yes,0,amount_exact_unique,1
BL-000223,AP-RT-2026-000198,t4_amount_exact,0.9,0.925,yes,0,amount_exact_unique,1
BL-000229,AR-INV-2026-000181,t4_amount_exact,0.9,0.925,yes,0,amount_exact_unique,1
BL-000246,AP-VB-2026-000066,t4_amount_exact,0.9,0.925,yes,0,amount_exact_unique,1
BL-000247,AP-RT-2026-000457,t4_amount_exact,0.9,0.925,yes,0,amount_exact_unique,1
BL-000255,AP-RT-2026-000065,t4_amount_exact,0.9,0.925,yes,0,amount_exact_unique,1
BL-000269,AR-INV-2026-000559,t4_amount_exact,0.9,0.925,yes,0,amount_exact_unique,1
BL-000289,AR-INV-2026-000321,t4_amount_exact,0.9,0.925,yes,0,amount_exact_unique,1
BL-000302,AP-RENT-202605-0,t4_amount_exact,0.9,0.925,yes,0,amount_exact_unique,1
BL-000343,AP-RT-2026-000486,t4_amount_exact,0.9,0.925,yes,0,amount_exact_unique,1
BL-000383,AP-VB-2026-000132,t4_amount_exact,0.9,0.925,yes,0,amount_exact_unique,1
BL-000384,AP-RT-2026-000234,t4_amount_exact,0.9,0.925,yes,0,amount_exact_unique,1
BL-000401,AP-RT-2026-000113,t4_amount_exact,0.9,0.925,yes,0,amount_exact_unique,1
BL-000416,AR-INV-2026-000528,t4_amount_exact,0.9,0.925,yes,0,amount_exact_unique,1
BL-000420,AP-RT-2026-000418,t4_amount_exact,0.9,0.925,yes,0,amount_exact_unique,1
BL-000421,AP-RT-2026-000637,t4_amount_exact,0.9,0.925,yes,0,amount_exact_unique,1
BL-000445,AP-RT-2026-000170,t4_amount_exact,0.9,0.925,yes,0,amount_exact_unique,1
BL-000466,AR-INV-2026-000611,t4_amount_exact,0.9,0.925,yes,0,amount_exact_unique,1
BL-000472,AP-RT-2026-000054,t4_amount_exact,0.9,0.925,yes,0,amount_exact_unique,1
BL-000477,AR-INV-2026-000167,t4_amount_exact,0.9,0.925,yes,0,amount_exact_unique,1
BL-000487,AR-INV-2026-000145,t4_amount_exact,0.9,0.925,yes,0,amount_exact_unique,1
BL-000506,AP-VB-2026-000270,t4_amount_exact,0.9,0.925,yes,0,amount_exact_unique,1
BL-000510,AR-INV-2026-000663,t4_amount_exact,0.9,0.925,yes,0,amount_exact_unique,1
BL-000568,AP-VB-2026-000485,t4_amount_exact,0.9,0.925,yes,0,amount_exact_unique,1
BL-000576,AP-RT-2026-000295,t4_amount_exact,0.9,0.925,yes,0,amount_exact_unique,1
BL-000577,AP-RT-2026-000119,t4_amount_exact,0.9,0.925,yes,0,amount_exact_unique,1
BL-000580,AP-RT-2026-000852,t4_amount_exact,0.9,0.925,yes,0,amount_exact_unique,1
BL-000583,AR-INV-2026-000179,t4_amount_exact,0.9,0.925,yes,0,amount_exact_unique,1
BL-000595,AR-INV-2026-000691,t4_amount_exact,0.9,0.925,yes,0,amount_exact_unique,1
BL-000651,AR-INV-2026-000257,t4_amount_exact,0.9,0.925,yes,0,amount_exact_unique,1
BL-000659,AP-VB-2026-000776,t4_amount_exact,0.9,0.925,yes,0,amount_exact_unique,1
BL-000662,AR-INV-2026-000650,t4_amount_exact,0.9,0.925,yes,0,amount_exact_unique,1
BL-000670,AP-RT-2026-000699,t4_amount_exact,0.9,0.925,yes,0,amount_exact_unique,1
BL-000681,AP-VB-2026-000620,t4_amount_exact,0.9,0.925,yes,0,amount_exact_unique,1
BL-000716,AP-VB-2026-000873,t4_amount_exact,0.9,0.925,yes,0,amount_exact_unique,1
BL-000724,AP-VB-2026-000657,t4_amount_exact,0.9,0.925,yes,0,amount_exact_unique,1
BL-000730,AP-VB-2026-000725,t4_amount_exact,0.9,0.925,yes,0,amount_exact_unique,1
BL-000732,AP-VB-2026-000684,t4_amount_exact,0.9,0.925,yes,0,amount_exact_unique,1
BL-000735,AP-RT-2026-000355,t4_amount_exact,0.9,0.925,yes,0,amount_exact_unique,1
BL-000742,AP-RT-2026-000585,t4_amount_exact,0.9,0.925,yes,0,amount_exact_unique,1
BL-000751,AP-RT-2026-000726,t4_amount_exact,0.9,0.925,yes,0,amount_exact_unique,1
BL-000757,AP-VB-2026-000474,t4_amount_exact,0.9,0.925,yes,0,amount_exact_unique,1
BL-000765,AR-INV-2026-000735,t4_amount_exact,0.9,0.925,yes,0,amount_exact_unique,1
BL-000767,AP-VB-2026-000839,t4_amount_exact,0.9,0.925,yes,0,amount_exact_unique,1
BL-000786,AP-RT-2026-000769,t4_amount_exact,0.9,0.925,yes,0,amount_exact_unique,1
BL-000792,AR-INV-2026-000648,t4_amount_exact,0.9,0.925,yes,0,amount_exact_unique,1
BL-000813,AP-RT-2026-000565,t4_amount_exact,0.9,0.925,yes,0,amount_exact_unique,1
BL-000852,AP-RT-2026-000996,t4_amount_exact,0.9,0.925,yes,0,amount_exact_unique,1
BL-000893,AP-VB-2026-001137,t4_amount_exact,0.9,0.925,yes,0,amount_exact_unique,1
BL-000906,AR-INV-2026-000815,t4_amount_exact,0.9,0.925,yes,0,amount_exact_unique,1
BL-000917,AR-INV-2026-000879,t4_amount_exact,0.9,0.925,yes,0,amount_exact_unique,1
BL-000923,AP-VB-2026-000906,t4_amount_exact,0.9,0.925,yes,0,amount_exact_unique,1
BL-000951,AR-INV-2026-001164,t4_amount_exact,0.9,0.925,yes,0,amount_exact_unique,1
BL-000976,AR-INV-2026-000940,t4_amount_exact,0.9,0.925,yes,0,amount_exact_unique,1
BL-000985,AR-INV-2026-000936,t4_amount_exact,0.9,0.925,yes,0,amount_exact_unique,1
BL-001087,AR-INV-2026-001255,t4_amount_exact,0.9,0.925,yes,0,amount_exact_unique,1
BL-001112,AP-VB-2026-000833,t4_amount_exact,0.9,0.925,yes,0,amount_exact_unique,1
BL-001123,AR-INV-2026-000817,t4_amount_exact,0.9,0.925,yes,0,amount_exact_unique,1
BL-001136,AP-VB-2026-001041,t4_amount_exact,0.9,0.925,yes,0,amount_exact_unique,1
BL-001140,AP-VB-2026-000859,t4_amount_exact,0.9,0.925,yes,0,amount_exact_unique,1
BL-001155,AP-VB-2026-000851,t4_amount_exact,0.9,0.925,yes,0,amount_exact_unique,1
BL-001172,AR-INV-2026-001380,t4_amount_exact,0.9,0.925,yes,0,amount_exact_unique,1
BL-001181,AP-RT-2026-001085,t4_amount_exact,0.9,0.925,yes,0,amount_exact_unique,1
BL-001210,AP-RT-2026-001216,t4_amount_exact,0.9,0.925,yes,0,amount_exact_unique,1
BL-001266,AP-VB-2026-000992,t4_amount_exact,0.9,0.925,yes,0,amount_exact_unique,1
BL-001272,AR-INV-2026-001484,t4_amount_exact,0.9,0.925,yes,0,amount_exact_unique,1
BL-001294,AP-RT-2026-001139,t4_amount_exact,0.9,0.925,yes,0,amount_exact_unique,1
BL-001302,AR-INV-2026-001442,t4_amount_exact,0.9,0.925,yes,0,amount_exact_unique,1
BL-001323,AP-VB-2026-000995,t4_amount_exact,0.9,0.925,yes,0,amount_exact_unique,1
BL-001341,AP-VB-2026-001511,t4_amount_exact,0.9,0.925,yes,0,amount_exact_unique,1
BL-001344,AP-VB-2026-001211,t4_amount_exact,0.9,0.925,yes,0,amount_exact_unique,1
BL-001356,AP-RT-2026-001303,t4_amount_exact,0.9,0.925,yes,0,amount_exact_unique,1
BL-001366,AP-VB-2026-001018,t4_amount_exact,0.9,0.925,yes,0,amount_exact_unique,1
BL-001372,AR-INV-2026-001109,t4_amount_exact,0.9,0.925,yes,0,amount_exact_unique,1
BL-001373,AR-INV-2026-001429,t4_amount_exact,0.9,0.925,yes,0,amount_exact_unique,1
BL-001378,AP-RT-2026-001055,t4_amount_exact,0.9,0.925,yes,0,amount_exact_unique,1
BL-001429,AR-INV-2026-001536,t4_amount_exact,0.9,0.925,yes,0,amount_exact_unique,1
BL-001433,AP-RT-2026-001269,t4_amount_exact,0.9,0.925,yes,0,amount_exact_unique,1
BL-001442,AP-VB-2026-001227,t4_amount_exact,0.9,0.925,yes,0,amount_exact_unique,1
BL-001501,AR-INV-2026-001571,t4_amount_exact,0.9,0.925,yes,0,amount_exact_unique,1
BL-001508,AP-VB-2026-001512,t4_amount_exact,0.9,0.925,yes,0,amount_exact_unique,1
BL-001536,AP-RT-2026-001652,t4_amount_exact,0.9,0.925,yes,0,amount_exact_unique,1
BL-001599,AP-RT-2026-001500,t4_amount_exact,0.9,0.925,yes,0,amount_exact_unique,1
BL-001606,AP-VB-2026-001288,t4_amount_exact,0.9,0.925,yes,0,amount_exact_unique,1
BL-001617,AR-INV-2026-001677,t4_amount_exact,0.9,0.925,yes,0,amount_exact_unique,1
BL-001644,AP-VB-2026-001703,t4_amount_exact,0.9,0.925,yes,0,amount_exact_unique,1
BL-001657,AP-RT-2026-001857,t4_amount_exact,0.9,0.925,yes,0,amount_exact_unique,1
BL-001681,AR-INV-2026-001696,t4_amount_exact,0.9,0.925,yes,0,amount_exact_unique,1
BL-001699,AP-RT-2026-001707,t4_amount_exact,0.9,0.925,yes,0,amount_exact_unique,1
BL-001703,AR-INV-2026-001760,t4_amount_exact,0.9,0.925,yes,0,amount_exact_unique,1
BL-000798,AP-VB-2026-000801,t3_doc_number,0.947,0.926,no,-1471700,doc_ref=VB-2026-000801,1
BL-001510,AP-RT-2026-001357,t3_doc_number,0.856,0.927,yes,0,doc_ref=RT-2026-001357,1
BL-000018,AP-VB-2026-000058,t3_doc_number,0.858,0.928,yes,0,doc_ref=VB-2026-000058,1
BL-001209,AP-VB-2026-001171,t3_doc_number,0.918,0.928,no,-3103800,doc_ref=VB-2026-001171,1
BL-001588,AP-RT-2026-001550,t3_doc_number,0.868,0.93,yes,0,doc_ref=RT-2026-001550,1
BL-000456,AR-INV-2026-000641,t3_doc_number,0.875,0.931,yes,0,doc_ref=INV-2026-000641,1
BL-000895,AP-VB-2026-000635,t3_doc_number,0.931,0.931,no,-756400,doc_ref=VB-2026-000635,1
BL-001352,AP-RT-2026-000952,t3_doc_number,0.961,0.931,no,-4237200,doc_ref=RT-2026-000952,1
BL-001353,AP-RT-2026-000930,t3_doc_number,0.94,0.931,no,-3112800,doc_ref=RT-2026-000930,1
BL-000082,AP-RT-2026-000030,t3_doc_number,0.878,0.932,yes,0,doc_ref=RT-2026-000030,1
BL-000467,AP-RT-2026-000711,t3_doc_number,0.882,0.932,yes,0,doc_ref=RT-2026-000711,1
BL-000736,AP-RT-2026-000552,t3_doc_number,0.878,0.932,yes,0,doc_ref=RT-2026-000552,1
BL-000844,AR-INV-2026-000630,t3_doc_number,0.881,0.932,yes,0,doc_ref=INV-2026-000630,1
BL-001280,AR-INV-2026-001192,t3_doc_number,0.943,0.932,no,-345400,doc_ref=INV-2026-001192,1
BL-001581,AP-VB-2026-001151,t3_doc_number,0.882,0.932,yes,0,doc_ref=VB-2026-001151,1
BL-001601,AR-INV-2026-001348,t3_doc_number,0.959,0.932,no,-381100,doc_ref=INV-2026-001348,1
BL-000099,AR-INV-2026-000248,t3_doc_number,0.971,0.933,no,-2031100,doc_ref=INV-2026-000248,1
BL-000136,AP-VB-2026-000080,t3_doc_number,0.886,0.933,yes,0,doc_ref=VB-2026-000080,1
BL-000337,AR-INV-2026-000596,t3_doc_number,0.94,0.933,no,-447100,doc_ref=INV-2026-000596,1
BL-000358,AR-INV-2026-000326,t3_doc_number,0.884,0.933,yes,0,doc_ref=INV-2026-000326,1
BL-000617,AP-VB-2026-000696,t3_doc_number,0.885,0.933,yes,0,doc_ref=VB-2026-000696,1
BL-001167,AP-RT-2026-001008,t3_doc_number,0.885,0.933,yes,0,doc_ref=RT-2026-001008,1
BL-001312,AP-VB-2026-001449,t3_doc_number,0.884,0.933,yes,0,doc_ref=VB-2026-001449,1
BL-001421,AP-RT-2026-001187,t3_doc_number,0.892,0.933,no,-141900,doc_ref=RT-2026-001187,1
BL-001593,AR-INV-2026-001678,t3_doc_number,0.923,0.933,no,-1893800,doc_ref=INV-2026-001678,1
BL-000266,AP-RT-2026-000352,t3_doc_number,0.89,0.934,yes,0,doc_ref=RT-2026-000352,1
BL-000780,AP-RT-2026-000420,t3_doc_number,0.889,0.934,yes,0,doc_ref=RT-2026-000420,1
BL-001182,AP-VB-2026-001056,t3_doc_number,0.98,0.934,no,-1043900,doc_ref=VB-2026-001056,1
BL-001565,AR-INV-2026-001755,t3_doc_number,0.97,0.934,no,-15829800,doc_ref=INV-2026-001755,1
BL-001638,AR-INV-2026-001283,t3_doc_number,0.889,0.934,yes,0,doc_ref=INV-2026-001283,1
BL-000649,AP-VB-2026-000241,t3_doc_number,0.894,0.935,yes,0,doc_ref=VB-2026-000241,1
BL-000978,AR-INV-2026-000918,t3_doc_number,0.895,0.935,yes,0,doc_ref=INV-2026-000918,1
BL-001250,AP-VB-2026-000977,t3_doc_number,0.894,0.935,yes,0,doc_ref=VB-2026-000977,1
BL-001264,AR-INV-2026-000896,t3_doc_number,0.896,0.935,yes,0,doc_ref=INV-2026-000896,1
BL-001293,AP-RT-2026-001266,t3_doc_number,0.979,0.935,no,-1992800,doc_ref=RT-2026-001266,1
BL-000100,AR-INV-2026-000256,t3_doc_number,0.9,0.936,yes,0,doc_ref=INV-2026-000256,1
BL-000143,AP-VB-2026-000019,t3_doc_number,0.9,0.936,yes,0,doc_ref=VB-2026-000019,1
BL-000177,AR-INV-2026-000047,t3_doc_number,0.9,0.936,yes,0,doc_ref=INV-2026-000047,1
BL-000290,AR-INV-2026-000244,t3_doc_number,0.9,0.936,yes,0,doc_ref=INV-2026-000244,1
BL-000330,AR-INV-2026-000272,t3_doc_number,0.9,0.936,yes,0,doc_ref=INV-2026-000272,1
BL-000332,AP-VB-2026-000298,t3_doc_number,0.9,0.936,yes,0,doc_ref=VB-2026-000298,1
BL-001316,AR-INV-2026-001523,t3_doc_number,0.973,0.936,no,-594400,doc_ref=INV-2026-001523,1
BL-001690,AR-INV-2026-001598,t3_doc_number,0.9,0.936,yes,0,doc_ref=INV-2026-001598,1
BL-000081,AP-RT-2026-000070,t3_doc_number,0.905,0.937,yes,0,doc_ref=RT-2026-000070,1
BL-000442,AP-VB-2026-000135,t3_doc_number,0.907,0.937,yes,0,doc_ref=VB-2026-000135,1
BL-000513,AR-INV-2026-000608,t3_doc_number,0.906,0.937,yes,0,doc_ref=INV-2026-000608,1
BL-000687,AR-INV-2026-000479,t3_doc_number,0.906,0.937,yes,0,doc_ref=INV-2026-000479,1
BL-001066,AR-INV-2026-001189,t3_doc_number,0.906,0.937,yes,0,doc_ref=INV-2026-001189,1
BL-001217,AP-RT-2026-001408,t3_doc_number,0.905,0.937,yes,0,doc_ref=RT-2026-001408,1
BL-001253,AR-INV-2026-001239,t3_doc_number,0.908,0.937,yes,0,doc_ref=INV-2026-001239,1
BL-001292,AP-VB-2026-001486,t3_doc_number,1.0,0.937,no,-2377800,doc_ref=VB-2026-001486,1
BL-001379,AP-RT-2026-001448,t3_doc_number,0.905,0.937,yes,0,doc_ref=RT-2026-001448,1
BL-001493,AR-INV-2026-001127,t3_doc_number,0.905,0.937,yes,0,doc_ref=INV-2026-001127,1
BL-001519,AR-INV-2026-001629,t3_doc_number,0.906,0.937,yes,0,doc_ref=INV-2026-001629,1
BL-000181,AP-VB-2026-000356,t3_doc_number,0.909,0.938,yes,0,doc_ref=VB-2026-000356,1
BL-000334,AP-RT-2026-000331,t3_doc_number,0.914,0.938,yes,0,doc_ref=RT-2026-000331,1
BL-000362,AR-INV-2026-000002,t3_doc_number,0.91,0.938,yes,0,doc_ref=INV-2026-000002,1
BL-000495,AP-RT-2026-000456,t3_doc_number,0.911,0.938,yes,0,doc_ref=RT-2026-000456,1
BL-000811,AR-INV-2026-000773,t3_doc_number,0.912,0.938,yes,0,doc_ref=INV-2026-000773,1
BL-001021,AR-INV-2026-001311,t3_doc_number,0.91,0.938,yes,0,doc_ref=INV-2026-001311,1
BL-001525,AP-VB-2026-001664,t3_doc_number,0.93,0.938,no,-213900,doc_ref=VB-2026-001664,1
BL-001651,AR-INV-2026-001672,t3_doc_number,0.911,0.938,yes,0,doc_ref=INV-2026-001672,1
BL-000381,AP-RT-2026-000116,t3_doc_number,1.0,0.939,no,-1659500,doc_ref=RT-2026-000116,1
BL-000530,AP-VB-2026-000121,t3_doc_number,0.916,0.939,yes,0,doc_ref=VB-2026-000121,1
BL-000563,AP-RT-2026-000163,t3_doc_number,0.916,0.939,yes,0,doc_ref=RT-2026-000163,1
BL-000566,AP-RT-2026-000161,t3_doc_number,0.915,0.939,yes,0,doc_ref=RT-2026-000161,1
BL-000825,AR-INV-2026-001088,t3_doc_number,0.965,0.939,no,-1082300,doc_ref=INV-2026-001088,1
BL-000996,AP-RT-2026-000963,t3_doc_number,0.915,0.939,yes,0,doc_ref=RT-2026-000963,1
BL-001062,AR-INV-2026-001202,t3_doc_number,0.918,0.939,yes,0,doc_ref=INV-2026-001202,1
BL-001080,AP-VB-2026-001102,t3_doc_number,0.916,0.939,yes,0,doc_ref=VB-2026-001102,1
BL-001267,AP-VB-2026-001234,t3_doc_number,0.917,0.939,yes,0,doc_ref=VB-2026-001234,1
BL-001420,AR-INV-2026-001390,t3_doc_number,0.916,0.939,yes,0,doc_ref=INV-2026-001390,1
BL-001443,AP-VB-2026-001574,t3_doc_number,0.917,0.939,yes,0,doc_ref=VB-2026-001574,1
BL-001492,AR-INV-2026-001176,t3_doc_number,0.915,0.939,yes,0,doc_ref=INV-2026-001176,1
BL-001495,AP-VB-2026-001568,t3_doc_number,0.955,0.939,no,-1098400,doc_ref=VB-2026-001568,1
BL-001583,AR-INV-2026-001346,t3_doc_number,0.915,0.939,yes,0,doc_ref=INV-2026-001346,1
BL-001633,AR-INV-2026-001185,t3_doc_number,0.917,0.939,yes,0,doc_ref=INV-2026-001185,1
BL-001664,AR-INV-2026-001582,t3_doc_number,0.915,0.939,yes,0,doc_ref=INV-2026-001582,1
BL-000194,AP-RT-2026-000096,t3_doc_number,0.988,0.94,no,-2749500,doc_ref=RT-2026-000096,1
BL-000331,AP-VB-2026-000263,t3_doc_number,0.922,0.94,yes,0,doc_ref=VB-2026-000263,1
BL-000386,AP-RT-2026-000532,t3_doc_number,0.92,0.94,yes,0,doc_ref=RT-2026-000532,1
BL-000448,AP-VB-2026-000040,t3_doc_number,0.921,0.94,yes,0,doc_ref=VB-2026-000040,1
BL-000627,AR-INV-2026-000406,t3_doc_number,0.92,0.94,yes,0,doc_ref=INV-2026-000406,1
BL-000994,AP-VB-2026-000575,t3_doc_number,0.922,0.94,yes,0,doc_ref=VB-2026-000575,1
BL-001012,AP-VB-2026-001009,t3_doc_number,1.0,0.94,no,-722200,doc_ref=VB-2026-001009,1
BL-001105,AP-RT-2026-000854,t3_doc_number,0.921,0.94,yes,0,doc_ref=RT-2026-000854,1
BL-001109,AR-INV-2026-001299,t3_doc_number,0.922,0.94,yes,0,doc_ref=INV-2026-001299,1
BL-001303,AR-INV-2026-001229,t3_doc_number,0.923,0.94,yes,0,doc_ref=INV-2026-001229,1
BL-001381,AP-RT-2026-001163,t3_doc_number,0.921,0.94,yes,0,doc_ref=RT-2026-001163,1
BL-001452,AP-RT-2026-001236,t3_doc_number,0.968,0.94,no,-288500,doc_ref=RT-2026-001236,1
BL-001477,AP-RT-2026-001198,t3_doc_number,0.921,0.94,yes,0,doc_ref=RT-2026-001198,1
BL-001481,AR-INV-2026-001430,t3_doc_number,0.923,0.94,yes,0,doc_ref=INV-2026-001430,1
BL-001516,AR-INV-2026-001638,t3_doc_number,0.922,0.94,yes,0,doc_ref=INV-2026-001638,1
BL-000220,AP-RT-2026-000172,t3_doc_number,0.928,0.941,yes,0,doc_ref=RT-2026-000172,1
BL-000359,AR-INV-2026-000523,t3_doc_number,0.926,0.941,yes,0,doc_ref=INV-2026-000523,1
BL-000370,AR-INV-2026-000005,t3_doc_number,0.928,0.941,yes,0,doc_ref=INV-2026-000005,1
BL-000526,AR-INV-2026-000632,t3_doc_number,0.925,0.941,yes,0,doc_ref=INV-2026-000632,1
BL-000622,AP-RT-2026-000435,t3_doc_number,0.929,0.941,yes,0,doc_ref=RT-2026-000435,1
BL-000804,AR-INV-2026-000764,t3_doc_number,0.929,0.941,yes,0,doc_ref=INV-2026-000764,1
BL-000860,AP-RT-2026-000683,t3_doc_number,0.925,0.941,yes,0,doc_ref=RT-2026-000683,1
BL-001083,AP-VB-2026-000723,t3_doc_number,0.929,0.941,yes,0,doc_ref=VB-2026-000723,1
BL-001237,AP-RT-2026-000887,t3_doc_number,0.929,0.941,yes,0,doc_ref=RT-2026-000887,1
BL-001358,AP-RT-2026-001225,t3_doc_number,0.928,0.941,yes,0,doc_ref=RT-2026-001225,1
BL-001672,AP-VB-2026-001514,t3_doc_number,0.925,0.941,yes,0,doc_ref=VB-2026-001514,1
BL-000139,AR-INV-2026-000337,t2_advice_utr,1.0,0.942,no,-3630000,advice_utr=900000023536,1
BL-000118,AP-VB-2026-000433,t3_doc_number,0.932,0.942,yes,0,doc_ref=VB-2026-000433,1
BL-000134,AP-RT-2026-000068,t3_doc_number,1.0,0.942,no,-1608300,doc_ref=RT-2026-000068,1
BL-000355,AP-VB-2026-000387,t3_doc_number,0.931,0.942,yes,0,doc_ref=VB-2026-000387,1
BL-000405,AR-INV-2026-000380,t3_doc_number,0.933,0.942,yes,0,doc_ref=INV-2026-000380,1
BL-000498,AR-INV-2026-000093,t3_doc_number,0.933,0.942,yes,0,doc_ref=INV-2026-000093,1
BL-000633,AR-INV-2026-000843,t3_doc_number,0.932,0.942,yes,0,doc_ref=INV-2026-000843,1
BL-000756,AP-VB-2026-000576,t3_doc_number,0.93,0.942,yes,0,doc_ref=VB-2026-000576,1
BL-000826,AR-INV-2026-000744,t3_doc_number,0.972,0.942,no,-1014400,doc_ref=INV-2026-000744,1
BL-000857,AP-VB-2026-000874,t3_doc_number,0.932,0.942,yes,0,doc_ref=VB-2026-000874,1
BL-000879,AR-INV-2026-000545,t3_doc_number,0.931,0.942,yes,0,doc_ref=INV-2026-000545,1
BL-001036,AP-RT-2026-000770,t3_doc_number,0.933,0.942,yes,0,doc_ref=RT-2026-000770,1
BL-001120,AR-INV-2026-001075,t3_doc_number,0.979,0.942,no,-880800,doc_ref=INV-2026-001075,1
BL-001134,AP-VB-2026-001032,t3_doc_number,0.932,0.942,yes,0,doc_ref=VB-2026-001032,1
BL-001147,AR-INV-2026-001210,t3_doc_number,0.93,0.942,yes,0,doc_ref=INV-2026-001210,1
BL-001198,AP-RT-2026-001099,t3_doc_number,0.932,0.942,yes,0,doc_ref=RT-2026-001099,1
BL-001232,AP-RT-2026-001304,t3_doc_number,1.0,0.942,no,-2522700,doc_ref=RT-2026-001304,1
BL-001447,AP-RT-2026-001529,t3_doc_number,0.929,0.942,yes,0,doc_ref=RT-2026-001529,1
BL-001474,AP-RT-2026-001499,t3_doc_number,0.933,0.942,yes,0,doc_ref=RT-2026-001499,1
BL-001489,AP-RT-2026-001091,t3_doc_number,0.959,0.942,no,-266300,doc_ref=RT-2026-001091,1
BL-001530,AR-INV-2026-001726,t3_doc_number,0.93,0.942,yes,0,doc_ref=INV-2026-001726,1
BL-001628,AP-VB-2026-001663,t3_doc_number,0.931,0.942,yes,0,doc_ref=VB-2026-001663,1
BL-000458,AR-INV-2026-000109,t3_doc_number,0.937,0.943,yes,0,doc_ref=INV-2026-000109,1
BL-000567,AP-VB-2026-000574,t3_doc_number,0.936,0.943,yes,0,doc_ref=VB-2026-000574,1
BL-000629,AR-INV-2026-000214,t3_doc_number,0.983,0.943,no,-1006400,doc_ref=INV-2026-000214,1
BL-000843,AR-INV-2026-000934,t3_doc_number,1.0,0.943,no,-1930600,doc_ref=INV-2026-000934,1
BL-000966,AP-VB-2026-001173,t3_doc_number,0.937,0.943,yes,0,doc_ref=VB-2026-001173,1
BL-001261,AR-INV-2026-000837,t3_doc_number,0.937,0.943,yes,0,doc_ref=INV-2026-000837,1
BL-001339,AR-INV-2026-001444,t3_doc_number,0.977,0.943,no,-1726100,doc_ref=INV-2026-001444,1
BL-001610,AP-VB-2026-001285,t3_doc_number,1.0,0.943,no,-976100,doc_ref=VB-2026-001285,1
BL-000040,AR-INV-2026-000023,t3_doc_number,0.94,0.944,yes,0,doc_ref=INV-2026-000023,1
BL-000348,AR-INV-2026-000484,t3_doc_number,0.94,0.944,yes,0,doc_ref=INV-2026-000484,1
BL-000459,AR-INV-2026-000624,t3_doc_number,0.982,0.944,no,-557800,doc_ref=INV-2026-000624,1
BL-000497,AP-VB-2026-000099,t3_doc_number,0.94,0.944,yes,0,doc_ref=VB-2026-000099,1
BL-000690,AP-RT-2026-000389,t3_doc_number,0.94,0.944,yes,0,doc_ref=RT-2026-000389,1
BL-000702,AR-INV-2026-000666,t3_doc_number,0.94,0.944,yes,0,doc_ref=INV-2026-000666,1
BL-000709,AR-INV-2026-000910,t3_doc_number,0.944,0.944,yes,0,doc_ref=INV-2026-000910,1
BL-000793,AR-INV-2026-000688,t3_doc_number,0.955,0.944,no,-1108100,doc_ref=INV-2026-000688,1
BL-000801,AR-INV-2026-000491,t3_doc_number,0.943,0.944,yes,0,doc_ref=INV-2026-000491,1
BL-000816,AP-VB-2026-000619,t3_doc_number,0.94,0.944,yes,0,doc_ref=VB-2026-000619,1
BL-000847,AR-INV-2026-000766,t3_doc_number,0.943,0.944,yes,0,doc_ref=INV-2026-000766,1
BL-000853,AP-VB-2026-000863,t3_doc_number,0.94,0.944,yes,0,doc_ref=VB-2026-000863,1
BL-000885,AP-RT-2026-001007,t3_doc_number,0.942,0.944,yes,0,doc_ref=RT-2026-001007,1
BL-001143,AR-INV-2026-001054,t3_doc_number,0.981,0.944,no,-370600,doc_ref=INV-2026-001054,1
BL-000193,AP-VB-2026-000155,t3_doc_number,0.95,0.945,yes,0,doc_ref=VB-2026-000155,1
BL-000195,AP-RT-2026-000237,t3_doc_number,0.946,0.945,yes,0,doc_ref=RT-2026-000237,1
BL-000299,AR-INV-2026-000175,t3_doc_number,0.95,0.945,yes,0,doc_ref=INV-2026-000175,1
BL-000373,AP-VB-2026-000020,t3_doc_number,0.947,0.945,yes,0,doc_ref=VB-2026-000020,1
BL-000494,AP-RT-2026-000372,t3_doc_number,0.945,0.945,yes,0,doc_ref=RT-2026-000372,1
BL-000619,AP-VB-2026-000771,t3_doc_number,0.95,0.945,yes,0,doc_ref=VB-2026-000771,1
BL-000639,AP-RT-2026-000330,t3_doc_number,0.95,0.945,yes,0,doc_ref=RT-2026-000330,1
BL-000656,AR-INV-2026-000793,t3_doc_number,0.949,0.945,yes,0,doc_ref=INV-2026-000793,1
BL-000665,AP-VB-2026-000592,t3_doc_number,0.948,0.945,yes,0,doc_ref=VB-2026-000592,1
BL-001081,AP-RT-2026-000743,t3_doc_number,0.95,0.945,yes,0,doc_ref=RT-2026-000743,1
BL-001100,AP-VB-2026-000829,t3_doc_number,0.947,0.945,yes,0,doc_ref=VB-2026-000829,1
BL-001103,AP-VB-2026-001305,t3_doc_number,0.949,0.945,yes,0,doc_ref=VB-2026-001305,1
BL-001398,AR-INV-2026-001297,t3_doc_number,0.949,0.945,yes,0,doc_ref=INV-2026-001297,1
BL-001435,AR-INV-2026-001597,t3_doc_number,0.946,0.945,yes,0,doc_ref=INV-2026-001597,1
BL-001544,AP-RT-2026-001592,t3_doc_number,0.947,0.945,yes,0,doc_ref=RT-2026-001592,1
BL-000022,AR-INV-2026-000126,t2_advice_utr,1.0,0.946,no,-6964600,advice_utr=900000014298,1
BL-001205,AR-INV-2026-001194,t2_advice_utr,1.0,0.946,no,-955700,advice_utr=900000061714,1
BL-000170,AR-INV-2026-000148,t3_doc_number,0.955,0.946,yes,0,doc_ref=INV-2026-000148,1
BL-000187,AP-VB-2026-000136,t3_doc_number,0.952,0.946,yes,0,doc_ref=VB-2026-000136,1
BL-000201,AP-RT-2026-000160,t3_doc_number,0.955,0.946,yes,0,doc_ref=RT-2026-000160,1
BL-000238,AP-VB-2026-000432,t3_doc_number,0.955,0.946,yes,0,doc_ref=VB-2026-000432,1
BL-000464,AR-INV-2026-000560,t3_doc_number,0.954,0.946,yes,0,doc_ref=INV-2026-000560,1
BL-000465,AR-INV-2026-000615,t3_doc_number,0.952,0.946,yes,0,doc_ref=INV-2026-000615,1
BL-000604,AR-INV-2026-000546,t3_doc_number,0.952,0.946,yes,0,doc_ref=INV-2026-000546,1
BL-000646,AR-INV-2026-000336,t3_doc_number,0.953,0.946,yes,0,doc_ref=INV-2026-000336,1
BL-000725,AP-RT-2026-000741,t3_doc_number,0.955,0.946,yes,0,doc_ref=RT-2026-000741,1
BL-000762,AR-INV-2026-000848,t3_doc_number,0.955,0.946,yes,0,doc_ref=INV-2026-000848,1
BL-000829,AR-INV-2026-000819,t3_doc_number,0.952,0.946,yes,0,doc_ref=INV-2026-000819,1
BL-000851,AP-VB-2026-000803,t3_doc_number,0.953,0.946,yes,0,doc_ref=VB-2026-000803,1
BL-000922,AP-VB-2026-000738,t3_doc_number,0.953,0.946,yes,0,doc_ref=VB-2026-000738,1
BL-000942,AP-VB-2026-000533,t3_doc_number,0.954,0.946,yes,0,doc_ref=VB-2026-000533,1
BL-001035,AP-VB-2026-000799,t3_doc_number,0.953,0.946,yes,0,doc_ref=VB-2026-000799,1
BL-001082,AP-VB-2026-001224,t3_doc_number,0.951,0.946,yes,0,doc_ref=VB-2026-001224,1
BL-001279,AR-INV-2026-001459,t3_doc_number,0.981,0.946,no,-106400,doc_ref=INV-2026-001459,1
BL-001284,AR-INV-2026-001203,t3_doc_number,0.955,0.946,yes,0,doc_ref=INV-2026-001203,1
BL-001342,AP-RT-2026-001330,t3_doc_number,0.955,0.946,yes,0,doc_ref=RT-2026-001330,1
BL-001357,AP-VB-2026-001388,t3_doc_number,0.955,0.946,yes,0,doc_ref=VB-2026-001388,1
BL-001569,AP-VB-2026-001528,t3_doc_number,0.955,0.946,yes,0,doc_ref=VB-2026-001528,1
BL-001584,AR-INV-2026-001315,t3_doc_number,0.955,0.946,yes,0,doc_ref=INV-2026-001315,1
BL-001619,AP-VB-2026-001655,t3_doc_number,0.954,0.946,yes,0,doc_ref=VB-2026-001655,1
BL-000111,AR-INV-2026-000368,t3_doc_number,0.957,0.947,yes,0,doc_ref=INV-2026-000368,1
BL-000129,AR-INV-2026-000396,t3_doc_number,0.959,0.947,yes,0,doc_ref=INV-2026-000396,1
BL-000237,AP-VB-2026-000064,t3_doc_number,0.957,0.947,yes,0,doc_ref=VB-2026-000064,1
BL-000262,AP-VB-2026-000013,t3_doc_number,0.958,0.947,yes,0,doc_ref=VB-2026-000013,1
BL-000272,AP-VB-2026-000266,t3_doc_number,0.966,0.947,yes,-366700,doc_ref=VB-2026-000266,1
BL-000356,AP-VB-2026-000011,t3_doc_number,0.957,0.947,yes,0,doc_ref=VB-2026-000011,1
BL-000379,AR-INV-2026-000201,t3_doc_number,0.961,0.947,yes,0,doc_ref=INV-2026-000201,1
BL-000426,AR-INV-2026-000366,t3_doc_number,0.957,0.947,yes,0,doc_ref=INV-2026-000366,1
BL-000721,AR-INV-2026-000490,t3_doc_number,0.969,0.947,no,-367500,doc_ref=INV-2026-000490,1
BL-000769,AR-INV-2026-000659,t3_doc_number,0.959,0.947,yes,0,doc_ref=INV-2026-000659,1
BL-000871,AR-INV-2026-000755,t3_doc_number,0.961,0.947,yes,0,doc_ref=INV-2026-000755,1
BL-000884,AP-RT-2026-000800,t3_doc_number,0.957,0.947,yes,0,doc_ref=RT-2026-000800,1
BL-001002,AR-INV-2026-001149,t3_doc_number,0.959,0.947,yes,0,doc_ref=INV-2026-001149,1
BL-001034,AP-VB-2026-000712,t3_doc_number,0.959,0.947,yes,0,doc_ref=VB-2026-000712,1
BL-001099,AP-VB-2026-000707,t3_doc_number,0.959,0.947,yes,0,doc_ref=VB-2026-000707,1
BL-001255,AR-INV-2026-001376,t3_doc_number,1.0,0.947,no,-664400,doc_ref=INV-2026-001376,1
BL-001298,AP-VB-2026-001223,t3_doc_number,0.96,0.947,yes,0,doc_ref=VB-2026-001223,1
BL-001391,AR-INV-2026-000966,t3_doc_number,0.957,0.947,yes,0,doc_ref=INV-2026-000966,1
BL-001503,AR-INV-2026-001379,t3_doc_number,0.957,0.947,yes,0,doc_ref=INV-2026-001379,1
BL-001527,AP-VB-2026-001057,t3_doc_number,0.959,0.947,yes,0,doc_ref=VB-2026-001057,1
BL-001621,AP-VB-2026-001371,t3_doc_number,0.957,0.947,yes,0,doc_ref=VB-2026-001371,1
BL-001630,AP-VB-2026-001615,t3_doc_number,0.961,0.947,yes,0,doc_ref=VB-2026-001615,1
BL-001653,AR-INV-2026-001261,t3_doc_number,0.957,0.947,yes,0,doc_ref=INV-2026-001261,1
BL-001086,AR-INV-2026-001012,t2_advice_utr,1.0,0.948,no,-1093100,advice_utr=900000053160,1
BL-001176,AR-INV-2026-000986,t2_advice_utr,1.0,0.948,no,-13173900,advice_utr=900000051985,1
BL-000180,AP-VB-2026-000376,t3_doc_number,0.965,0.948,yes,0,doc_ref=VB-2026-000376,1
BL-000202,AP-VB-2026-000315,t3_doc_number,0.963,0.948,yes,0,doc_ref=VB-2026-000315,1
BL-000211,AP-VB-2026-000469,t3_doc_number,0.965,0.948,yes,0,doc_ref=VB-2026-000469,1
BL-000221,AP-RT-2026-000192,t3_doc_number,0.962,0.948,yes,0,doc_ref=RT-2026-000192,1
BL-000293,AR-INV-2026-000465,t3_doc_number,0.963,0.948,yes,0,doc_ref=INV-2026-000465,1
BL-000344,AP-VB-2026-000403,t3_doc_number,0.964,0.948,yes,0,doc_ref=VB-2026-000403,1
BL-000352,AP-RT-2026-000499,t3_doc_number,0.963,0.948,yes,0,doc_ref=RT-2026-000499,1
BL-000371,AP-RT-2026-000510,t3_doc_number,0.963,0.948,yes,0,doc_ref=RT-2026-000510,1
BL-000461,AR-INV-2026-000572,t3_doc_number,0.961,0.948,yes,0,doc_ref=INV-2026-000572,1
BL-000527,AR-INV-2026-000580,t3_doc_number,0.962,0.948,yes,0,doc_ref=INV-2026-000580,1
BL-000616,AP-RT-2026-000779,t3_doc_number,0.965,0.948,yes,0,doc_ref=RT-2026-000779,1
BL-000667,AP-VB-2026-000502,t3_doc_number,0.964,0.948,yes,0,doc_ref=VB-2026-000502,1
BL-000682,AP-RT-2026-000682,t3_doc_number,0.961,0.948,yes,0,doc_ref=RT-2026-000682,1
BL-000727,AR-INV-2026-000922,t3_doc_number,0.962,0.948,yes,0,doc_ref=INV-2026-000922,1
BL-000834,AP-RT-2026-001082,t3_doc_number,0.961,0.948,yes,0,doc_ref=RT-2026-001082,1
BL-000929,AR-INV-2026-001073,t3_doc_number,0.963,0.948,yes,0,doc_ref=INV-2026-001073,1
BL-001026,AR-INV-2026-001002,t3_doc_number,1.0,0.948,no,-732300,doc_ref=INV-2026-001002,1
BL-001037,AP-VB-2026-000749,t3_doc_number,0.965,0.948,yes,0,doc_ref=VB-2026-000749,1
BL-001278,AP-RT-2026-001121,t3_doc_number,0.962,0.948,yes,0,doc_ref=RT-2026-001121,1
BL-001567,AP-RT-2026-001505,t3_doc_number,0.964,0.948,yes,0,doc_ref=RT-2026-001505,1
BL-001609,AP-VB-2026-001601,t3_doc_number,0.964,0.948,yes,0,doc_ref=VB-2026-001601,1
BL-001634,AR-INV-2026-001736,t3_doc_number,0.962,0.948,yes,0,doc_ref=INV-2026-001736,1
BL-000141,AR-INV-2026-000310,t2_advice_utr,1.0,0.949,no,-3345000,advice_utr=900000022445,1
BL-000122,AR-INV-2026-000246,t3_doc_number,0.967,0.949,yes,0,doc_ref=INV-2026-000246,1
BL-000127,AP-VB-2026-000056,t3_doc_number,0.971,0.949,yes,0,doc_ref=VB-2026-000056,1
BL-000199,AP-VB-2026-000190,t3_doc_number,0.971,0.949,yes,0,doc_ref=VB-2026-000190,1
BL-000282,AP-VB-2026-000277,t3_doc_number,0.969,0.949,yes,0,doc_ref=VB-2026-000277,1
BL-000297,AR-INV-2026-000252,t3_doc_number,0.967,0.949,yes,0,doc_ref=INV-2026-000252,1
BL-000354,AP-VB-2026-000199,t3_doc_number,0.967,0.949,yes,0,doc_ref=VB-2026-000199,1
BL-000368,AR-INV-2026-000346,t3_doc_number,0.967,0.949,yes,0,doc_ref=INV-2026-000346,1
BL-000395,AP-RT-2026-000531,t3_doc_number,0.969,0.949,yes,0,doc_ref=RT-2026-000531,1
BL-000397,AP-VB-2026-000018,t3_doc_number,0.97,0.949,yes,0,doc_ref=VB-2026-000018,1
BL-000443,AP-VB-2026-000568,t3_doc_number,0.969,0.949,yes,0,doc_ref=VB-2026-000568,1
BL-000519,AP-VB-2026-000360,t3_doc_number,0.971,0.949,yes,0,doc_ref=VB-2026-000360,1
BL-000528,AR-INV-2026-000325,t3_doc_number,0.971,0.949,yes,0,doc_ref=INV-2026-000325,1
BL-000529,AP-RT-2026-000501,t3_doc_number,0.969,0.949,yes,0,doc_ref=RT-2026-000501,1
BL-000564,AP-RT-2026-000371,t3_doc_number,0.967,0.949,yes,0,doc_ref=RT-2026-000371,1
BL-000775,AP-RT-2026-000522,t3_doc_number,0.971,0.949,yes,0,doc_ref=RT-2026-000522,1
BL-000888,AP-VB-2026-000589,t3_doc_number,0.967,0.949,yes,0,doc_ref=VB-2026-000589,1
BL-000897,AP-VB-2026-000840,t3_doc_number,0.967,0.949,yes,0,doc_ref=VB-2026-000840,1
BL-000968,AP-VB-2026-000700,t3_doc_number,0.97,0.949,yes,0,doc_ref=VB-2026-000700,1
BL-000987,AR-INV-2026-001282,t3_doc_number,0.967,0.949,yes,0,doc_ref=INV-2026-001282,1
BL-001005,AR-INV-2026-001238,t3_doc_number,0.967,0.949,yes,0,doc_ref=INV-2026-001238,1
BL-001006,AR-INV-2026-001274,t3_doc_number,0.967,0.949,yes,0,doc_ref=INV-2026-001274,1
BL-001064,AR-INV-2026-001180,t3_doc_number,0.971,0.949,yes,0,doc_ref=INV-2026-001180,1
BL-001114,AP-VB-2026-000767,t3_doc_number,0.97,0.949,yes,0,doc_ref=VB-2026-000767,1
BL-001194,AR-INV-2026-001367,t3_doc_number,0.968,0.949,yes,0,doc_ref=INV-2026-001367,1
BL-001227,AR-INV-2026-001354,t3_doc_number,0.967,0.949,yes,0,doc_ref=INV-2026-001354,1
BL-001285,AR-INV-2026-001188,t3_doc_number,0.969,0.949,yes,0,doc_ref=INV-2026-001188,1
BL-001376,AR-INV-2026-001382,t3_doc_number,0.97,0.949,yes,0,doc_ref=INV-2026-001382,1
BL-001432,AP-VB-2026-001340,t3_doc_number,0.967,0.949,yes,0,doc_ref=VB-2026-001340,1
BL-001466,AR-INV-2026-001317,t3_doc_number,0.97,0.949,yes,0,doc_ref=INV-2026-001317,1
BL-001571,AR-INV-2026-001819,t3_doc_number,0.97,0.949,yes,0,doc_ref=INV-2026-001819,1
BL-001586,AR-INV-2026-001767,t3_doc_number,0.967,0.949,yes,0,doc_ref=INV-2026-001767,1
BL-001597,AP-VB-2026-001422,t3_doc_number,0.967,0.949,yes,0,doc_ref=VB-2026-001422,1
BL-001647,AP-RT-2026-001464,t3_doc_number,0.967,0.949,yes,0,doc_ref=RT-2026-001464,1
BL-001661,AR-INV-2026-001610,t3_doc_number,0.97,0.949,yes,0,doc_ref=INV-2026-001610,1
BL-000719,AR-INV-2026-000968,t2_advice_utr,1.0,0.95,no,-1059800,advice_utr=900000051386,1
BL-001173,AR-INV-2026-001079,t2_advice_utr,1.0,0.95,no,-2854500,advice_utr=900000055802,1
BL-000096,AP-RT-2026-000276,t3_doc_number,0.974,0.95,yes,0,doc_ref=RT-2026-000276,1
BL-000110,AR-INV-2026-000219,t3_doc_number,0.972,0.95,yes,0,doc_ref=INV-2026-000219,1
BL-000150,AR-INV-2026-000461,t3_doc_number,0.973,0.95,yes,0,doc_ref=INV-2026-000461,1
BL-000226,AR-INV-2026-000505,t3_doc_number,0.971,0.95,yes,0,doc_ref=INV-2026-000505,1
BL-000409,AP-RT-2026-000038,t3_doc_number,0.973,0.95,yes,0,doc_ref=RT-2026-000038,1
BL-000422,AR-INV-2026-000455,t3_doc_number,0.972,0.95,yes,0,doc_ref=INV-2026-000455,1
BL-000429,AR-INV-2026-000722,t3_doc_number,0.973,0.95,yes,0,doc_ref=INV-2026-000722,1
BL-000602,AR-INV-2026-000671,t3_doc_number,0.976,0.95,yes,0,doc_ref=INV-2026-000671,1
BL-000621,AP-RT-2026-000729,t3_doc_number,0.976,0.95,yes,0,doc_ref=RT-2026-000729,1
BL-000626,AR-INV-2026-000563,t3_doc_number,0.972,0.95,yes,0,doc_ref=INV-2026-000563,1
BL-000890,AP-RT-2026-000796,t3_doc_number,0.973,0.95,yes,0,doc_ref=RT-2026-000796,1
BL-000940,AP-RT-2026-000758,t3_doc_number,0.976,0.95,yes,0,doc_ref=RT-2026-000758,1
BL-000947,AR-INV-2026-000944,t3_doc_number,0.976,0.95,yes,0,doc_ref=INV-2026-000944,1
BL-000973,AP-RT-2026-000886,t3_doc_number,0.973,0.95,yes,0,doc_ref=RT-2026-000886,1
BL-001050,AP-VB-2026-001072,t3_doc_number,0.974,0.95,yes,0,doc_ref=VB-2026-001072,1
BL-001051,AP-VB-2026-000730,t3_doc_number,0.973,0.95,yes,0,doc_ref=VB-2026-000730,1
BL-001063,AR-INV-2026-001129,t3_doc_number,0.972,0.95,yes,0,doc_ref=INV-2026-001129,1
BL-001309,AP-RT-2026-000964,t3_doc_number,0.975,0.95,yes,0,doc_ref=RT-2026-000964,1
BL-001340,AP-RT-2026-001249,t3_doc_number,0.976,0.95,yes,0,doc_ref=RT-2026-001249,1
BL-001348,AR-INV-2026-001077,t3_doc_number,0.974,0.95,yes,0,doc_ref=INV-2026-001077,1
BL-001368,AP-VB-2026-001322,t3_doc_number,0.972,0.95,yes,0,doc_ref=VB-2026-001322,1
BL-001416,AR-INV-2026-001580,t3_doc_number,0.973,0.95,yes,0,doc_ref=INV-2026-001580,1
BL-001562,AR-INV-2026-001699,t3_doc_number,0.971,0.95,yes,0,doc_ref=INV-2026-001699,1
BL-000077,AR-INV-2026-000033,t3_doc_number,0.98,0.951,yes,0,doc_ref=INV-2026-000033,1
BL-000378,AR-INV-2026-000547,t3_doc_number,0.979,0.951,yes,0,doc_ref=INV-2026-000547,1
BL-000390,AR-INV-2026-000105,t3_doc_number,0.981,0.951,yes,0,doc_ref=INV-2026-000105,1
BL-000480,AP-VB-2026-000111,t3_doc_number,0.979,0.951,yes,0,doc_ref=VB-2026-000111,1
BL-000517,AP-VB-2026-000543,t3_doc_number,0.979,0.951,yes,0,doc_ref=VB-2026-000543,1
BL-000520,AP-VB-2026-000530,t3_doc_number,0.98,0.951,yes,0,doc_ref=VB-2026-000530,1
BL-000538,AP-VB-2026-000554,t3_doc_number,0.979,0.951,yes,0,doc_ref=VB-2026-000554,1
BL-000666,AP-RT-2026-000224,t3_doc_number,0.979,0.951,yes,0,doc_ref=RT-2026-000224,1
BL-000796,AP-RT-2026-000862,t3_doc_number,0.98,0.951,yes,0,doc_ref=RT-2026-000862,1
BL-000999,AP-VB-2026-000892,t3_doc_number,0.978,0.951,yes,0,doc_ref=VB-2026-000892,1
BL-001000,AP-VB-2026-000623,t3_doc_number,0.979,0.951,yes,0,doc_ref=VB-2026-000623,1
BL-001243,AR-INV-2026-000855,t3_doc_number,0.98,0.951,yes,0,doc_ref=INV-2026-000855,1
BL-001333,AP-VB-2026-000831,t3_doc_number,0.979,0.951,yes,0,doc_ref=VB-2026-000831,1
BL-001394,AR-INV-2026-001000,t3_doc_number,0.98,0.951,yes,0,doc_ref=INV-2026-001000,1
BL-001459,AR-INV-2026-001674,t3_doc_number,0.977,0.951,yes,0,doc_ref=INV-2026-001674,1
BL-001476,AP-VB-2026-001424,t3_doc_number,0.98,0.951,yes,0,doc_ref=VB-2026-001424,1
BL-001507,AP-RT-2026-001135,t3_doc_number,0.977,0.951,yes,0,doc_ref=RT-2026-001135,1
BL-001546,AP-RT-2026-001133,t3_doc_number,0.981,0.951,yes,0,doc_ref=RT-2026-001133,1
BL-001587,AP-VB-2026-001567,t3_doc_number,0.979,0.951,yes,0,doc_ref=VB-2026-001567,1
BL-001629,AP-VB-2026-001502,t3_doc_number,0.98,0.951,yes,0,doc_ref=VB-2026-001502,1
BL-001643,AP-VB-2026-001233,t3_doc_number,0.979,0.951,yes,0,doc_ref=VB-2026-001233,1
BL-001689,AR-INV-2026-001370,t3_doc_number,0.981,0.951,yes,0,doc_ref=INV-2026-001370,1
BL-000057,AP-VB-2026-000117,t3_doc_number,0.984,0.952,yes,0,doc_ref=VB-2026-000117,1
BL-000070,AR-INV-2026-000186,t3_doc_number,0.985,0.952,yes,0,doc_ref=INV-2026-000186,1
BL-000089,AP-RT-2026-000191,t3_doc_number,0.984,0.952,yes,0,doc_ref=RT-2026-000191,1
BL-000217,AP-RT-2026-000115,t3_doc_number,0.983,0.952,yes,0,doc_ref=RT-2026-000115,1
BL-000243,AR-INV-2026-000493,t3_doc_number,0.983,0.952,yes,0,doc_ref=INV-2026-000493,1
BL-000253,AP-RT-2026-000197,t3_doc_number,0.984,0.952,yes,0,doc_ref=RT-2026-000197,1
BL-000254,AP-RT-2026-000067,t3_doc_number,0.983,0.952,yes,0,doc_ref=RT-2026-000067,1
BL-000285,AP-VB-2026-000332,t3_doc_number,0.982,0.952,yes,0,doc_ref=VB-2026-000332,1
BL-000314,AP-RT-2026-000112,t3_doc_number,0.982,0.952,yes,0,doc_ref=RT-2026-000112,1
BL-000327,AR-INV-2026-000529,t3_doc_number,0.986,0.952,yes,0,doc_ref=INV-2026-000529,1
BL-000396,AP-VB-2026-000239,t3_doc_number,0.982,0.952,yes,0,doc_ref=VB-2026-000239,1
BL-000414,AR-INV-2026-000205,t3_doc_number,0.985,0.952,yes,0,doc_ref=INV-2026-000205,1
BL-000449,AP-VB-2026-000388,t3_doc_number,0.983,0.952,yes,0,doc_ref=VB-2026-000388,1
BL-000532,AP-RT-2026-000797,t3_doc_number,0.984,0.952,yes,0,doc_ref=RT-2026-000797,1
BL-000579,AP-VB-2026-000357,t3_doc_number,0.986,0.952,yes,0,doc_ref=VB-2026-000357,1
BL-000638,AP-RT-2026-000813,t3_doc_number,0.984,0.952,yes,0,doc_ref=RT-2026-000813,1
BL-000653,AR-INV-2026-000794,t3_doc_number,0.982,0.952,yes,0,doc_ref=INV-2026-000794,1
BL-000748,AR-INV-2026-000762,t3_doc_number,0.983,0.952,yes,0,doc_ref=INV-2026-000762,1
BL-000797,AP-RT-2026-000929,t3_doc_number,0.984,0.952,yes,0,doc_ref=RT-2026-000929,1
BL-000833,AR-INV-2026-000463,t3_doc_number,0.985,0.952,yes,0,doc_ref=INV-2026-000463,1
BL-000845,AP-RT-2026-000477,t3_doc_number,0.987,0.952,yes,0,doc_ref=RT-2026-000477,1
BL-000938,AR-INV-2026-000908,t3_doc_number,0.983,0.952,yes,0,doc_ref=INV-2026-000908,1
BL-000943,AP-VB-2026-000519,t3_doc_number,0.986,0.952,yes,0,doc_ref=VB-2026-000519,1
BL-001016,AR-INV-2026-000882,t3_doc_number,0.984,0.952,yes,0,doc_ref=INV-2026-000882,1
BL-001052,AP-VB-2026-000932,t3_doc_number,0.984,0.952,yes,0,doc_ref=VB-2026-000932,1
BL-001053,AP-RT-2026-000931,t3_doc_number,0.983,0.952,yes,0,doc_ref=RT-2026-000931,1
BL-001097,AR-INV-2026-001013,t3_doc_number,0.983,0.952,yes,0,doc_ref=INV-2026-001013,1
BL-001180,AP-VB-2026-000949,t3_doc_number,0.983,0.952,yes,0,doc_ref=VB-2026-000949,1
BL-001207,AR-INV-2026-000989,t3_doc_number,0.986,0.952,yes,0,doc_ref=INV-2026-000989,1
BL-001263,AR-INV-2026-001001,t3_doc_number,0.985,0.952,yes,0,doc_ref=INV-2026-001001,1
BL-001273,AR-INV-2026-001130,t3_doc_number,0.983,0.952,yes,0,doc_ref=INV-2026-001130,1
BL-001299,AP-VB-2026-001067,t3_doc_number,0.982,0.952,yes,0,doc_ref=VB-2026-001067,1
BL-001313,AP-VB-2026-001044,t3_doc_number,0.986,0.952,yes,0,doc_ref=VB-2026-001044,1
BL-001384,AP-RT-2026-001531,t3_doc_number,0.984,0.952,yes,0,doc_ref=RT-2026-001531,1
BL-001392,AR-INV-2026-001319,t3_doc_number,0.985,0.952,yes,0,doc_ref=INV-2026-001319,1
BL-001393,AR-INV-2026-000956,t3_doc_number,0.986,0.952,yes,0,doc_ref=INV-2026-000956,1
BL-001450,AP-VB-2026-001409,t3_doc_number,0.982,0.952,yes,0,doc_ref=VB-2026-001409,1
BL-001531,AR-INV-2026-001292,t3_doc_number,0.983,0.952,yes,0,doc_ref=INV-2026-001292,1
BL-001679,AR-INV-2026-001355,t3_doc_number,0.982,0.952,yes,0,doc_ref=INV-2026-001355,1
BL-001686,AP-RT-2026-001393,t3_doc_number,0.983,0.952,yes,0,doc_ref=RT-2026-001393,1
BL-000131,AR-INV-2026-000335,t3_doc_number,0.992,0.953,yes,0,doc_ref=INV-2026-000335,1
BL-000140,AR-INV-2026-000008,t3_doc_number,0.991,0.953,yes,0,doc_ref=INV-2026-000008,1
BL-000284,AP-RT-2026-000271,t3_doc_number,0.988,0.953,yes,0,doc_ref=RT-2026-000271,1
BL-000310,AR-INV-2026-000482,t3_doc_number,0.992,0.953,yes,0,doc_ref=INV-2026-000482,1
BL-000446,AP-RT-2026-000669,t3_doc_number,0.987,0.953,yes,0,doc_ref=RT-2026-000669,1
BL-000740,AR-INV-2026-000912,t3_doc_number,0.988,0.953,yes,0,doc_ref=INV-2026-000912,1
BL-000911,AP-VB-2026-001016,t3_doc_number,0.987,0.953,yes,0,doc_ref=VB-2026-001016,1
BL-000988,AR-INV-2026-000983,t3_doc_number,0.991,0.953,yes,0,doc_ref=INV-2026-000983,1
BL-001091,AP-RT-2026-001153,t3_doc_number,0.988,0.953,yes,0,doc_ref=RT-2026-001153,1
BL-001092,AP-RT-2026-001069,t3_doc_number,0.988,0.953,yes,0,doc_ref=RT-2026-001069,1
BL-001251,AP-RT-2026-001222,t3_doc_number,0.988,0.953,yes,0,doc_ref=RT-2026-001222,1
BL-001370,AR-INV-2026-001538,t3_doc_number,0.988,0.953,yes,0,doc_ref=INV-2026-001538,1
BL-001402,AP-VB-2026-001232,t3_doc_number,0.988,0.953,yes,0,doc_ref=VB-2026-001232,1
BL-001427,AR-INV-2026-001495,t3_doc_number,0.99,0.953,yes,0,doc_ref=INV-2026-001495,1
BL-001461,AR-INV-2026-001452,t3_doc_number,0.987,0.953,yes,0,doc_ref=INV-2026-001452,1
BL-001522,AP-RT-2026-001517,t3_doc_number,0.988,0.953,yes,0,doc_ref=RT-2026-001517,1
BL-001528,AP-RT-2026-001158,t3_doc_number,0.987,0.953,yes,0,doc_ref=RT-2026-001158,1
BL-000061,AP-VB-2026-000074,t3_doc_number,0.993,0.954,yes,0,doc_ref=VB-2026-000074,1
BL-000774,AP-RT-2026-000915,t3_doc_number,0.993,0.954,yes,0,doc_ref=RT-2026-000915,1
BL-001152,AR-INV-2026-001395,t3_doc_number,0.993,0.954,yes,0,doc_ref=INV-2026-001395,1
BL-001526,AP-VB-2026-001162,t3_doc_number,1.0,0.954,yes,-70300,doc_ref=VB-2026-001162,1
BL-000191,AR-INV-2026-000203,t2_advice_utr,1.0,0.955,no,-513000,advice_utr=900000018055,1
BL-000038,AR-INV-2026-000024,t3_doc_number,1.0,0.955,yes,0,doc_ref=INV-2026-000024,1
BL-000051,AR-INV-2026-000144,t3_doc_number,1.0,0.955,yes,0,doc_ref=INV-2026-000144,1
BL-000052,AR-INV-2026-000090,t3_doc_number,1.0,0.955,yes,0,doc_ref=INV-2026-000090,1
BL-000091,AP-VB-2026-000173,t3_doc_number,1.0,0.955,yes,0,doc_ref=VB-2026-000173,1
BL-000092,AP-RT-2026-000319,t3_doc_number,1.0,0.955,yes,0,doc_ref=RT-2026-000319,1
BL-000102,AR-INV-2026-000290,t3_doc_number,1.0,0.955,yes,0,doc_ref=INV-2026-000290,1
BL-000103,AP-VB-2026-000162,t3_doc_number,1.0,0.955,yes,0,doc_ref=VB-2026-000162,1
BL-000117,AR-INV-2026-000230,t3_doc_number,1.0,0.955,yes,0,doc_ref=INV-2026-000230,1
BL-000133,AP-RT-2026-000196,t3_doc_number,1.0,0.955,yes,0,doc_ref=RT-2026-000196,1
BL-000137,AP-VB-2026-000077,t3_doc_number,1.0,0.955,yes,0,doc_ref=VB-2026-000077,1
BL-000152,AR-INV-2026-000216,t3_doc_number,1.0,0.955,yes,0,doc_ref=INV-2026-000216,1
BL-000156,AP-RT-2026-000014,t3_doc_number,1.0,0.955,yes,0,doc_ref=RT-2026-000014,1
BL-000166,AR-INV-2026-000206,t3_doc_number,1.0,0.955,yes,0,doc_ref=INV-2026-000206,1
BL-000186,AP-RT-2026-000375,t3_doc_number,1.0,0.955,yes,0,doc_ref=RT-2026-000375,1
BL-000205,AR-INV-2026-000063,t3_doc_number,1.0,0.955,yes,0,doc_ref=INV-2026-000063,1
BL-000210,AP-RT-2026-000156,t3_doc_number,1.0,0.955,yes,0,doc_ref=RT-2026-000156,1
BL-000222,AP-VB-2026-000082,t3_doc_number,1.0,0.955,yes,0,doc_ref=VB-2026-000082,1
BL-000235,AR-INV-2026-000407,t3_doc_number,1.0,0.955,yes,0,doc_ref=INV-2026-000407,1
BL-000251,AR-INV-2026-000496,t3_doc_number,1.0,0.955,yes,0,doc_ref=INV-2026-000496,1
BL-000265,AP-VB-2026-000053,t3_doc_number,1.0,0.955,yes,0,doc_ref=VB-2026-000053,1
BL-000270,AR-INV-2026-000086,t3_doc_number,1.0,0.955,yes,0,doc_ref=INV-2026-000086,1
BL-000278,AR-INV-2026-000329,t3_doc_number,1.0,0.955,yes,0,doc_ref=INV-2026-000329,1
BL-000296,AR-INV-2026-000424,t3_doc_number,1.0,0.955,yes,0,doc_ref=INV-2026-000424,1
BL-000298,AR-INV-2026-000492,t3_doc_number,1.0,0.955,yes,0,doc_ref=INV-2026-000492,1
BL-000304,AP-VB-2026-000071,t3_doc_number,1.0,0.955,yes,0,doc_ref=VB-2026-000071,1
BL-000309,AR-INV-2026-000422,t3_doc_number,1.0,0.955,yes,0,doc_ref=INV-2026-000422,1
BL-000361,AR-INV-2026-000524,t3_doc_number,1.0,0.955,yes,0,doc_ref=INV-2026-000524,1
BL-000367,AR-INV-2026-000452,t3_doc_number,1.0,0.955,yes,0,doc_ref=INV-2026-000452,1
BL-000372,AP-VB-2026-000399,t3_doc_number,1.0,0.955,yes,0,doc_ref=VB-2026-000399,1
BL-000398,AP-VB-2026-000225,t3_doc_number,1.0,0.955,yes,0,doc_ref=VB-2026-000225,1
BL-000403,AR-INV-2026-000464,t3_doc_number,1.0,0.955,yes,0,doc_ref=INV-2026-000464,1
BL-000438,AP-VB-2026-000358,t3_doc_number,1.0,0.955,yes,0,doc_ref=VB-2026-000358,1
BL-000451,AR-INV-2026-000363,t3_doc_number,1.0,0.955,yes,0,doc_ref=INV-2026-000363,1
BL-000455,AR-INV-2026-000640,t3_doc_number,1.0,0.955,yes,0,doc_ref=INV-2026-000640,1
BL-000476,AR-INV-2026-000130,t3_doc_number,1.0,0.955,yes,0,doc_ref=INV-2026-000130,1
BL-000485,AR-INV-2026-000468,t3_doc_number,1.0,0.955,yes,0,doc_ref=INV-2026-000468,1
BL-000496,AP-RT-2026-000351,t3_doc_number,1.0,0.955,yes,0,doc_ref=RT-2026-000351,1
BL-000503,AR-INV-2026-000534,t3_doc_number,1.0,0.955,yes,0,doc_ref=INV-2026-000534,1
BL-000507,AP-VB-2026-000134,t3_doc_number,1.0,0.955,yes,0,doc_ref=VB-2026-000134,1
BL-000534,AP-RT-2026-000472,t3_doc_number,1.0,0.955,yes,0,doc_ref=RT-2026-000472,1
BL-000546,AR-INV-2026-000705,t3_doc_number,1.0,0.955,yes,0,doc_ref=INV-2026-000705,1
BL-000549,AR-INV-2026-000676,t3_doc_number,1.0,0.955,yes,0,doc_ref=INV-2026-000676,1
BL-000553,AP-VB-2026-000354,t3_doc_number,1.0,0.955,yes,0,doc_ref=VB-2026-000354,1
BL-000569,AR-INV-2026-000515,t3_doc_number,1.0,0.955,yes,0,doc_ref=INV-2026-000515,1
BL-000578,AP-RT-2026-000293,t3_doc_number,1.0,0.955,yes,0,doc_ref=RT-2026-000293,1
BL-000581,AP-VB-2026-000296,t3_doc_number,1.0,0.955,yes,0,doc_ref=VB-2026-000296,1
BL-000603,AR-INV-2026-000858,t3_doc_number,1.0,0.955,yes,0,doc_ref=INV-2026-000858,1
BL-000620,AP-RT-2026-000386,t3_doc_number,1.0,0.955,yes,0,doc_ref=RT-2026-000386,1
BL-000634,AR-INV-2026-000539,t3_doc_number,1.0,0.955,yes,0,doc_ref=INV-2026-000539,1
BL-000640,AP-RT-2026-000633,t3_doc_number,1.0,0.955,yes,0,doc_ref=RT-2026-000633,1
BL-000650,AP-VB-2026-000415,t3_doc_number,1.0,0.955,yes,0,doc_ref=VB-2026-000415,1
BL-000706,AR-INV-2026-000436,t3_doc_number,1.0,0.955,yes,0,doc_ref=INV-2026-000436,1
BL-000713,AP-RT-2026-000551,t3_doc_number,1.0,0.955,yes,0,doc_ref=RT-2026-000551,1
BL-000714,AP-VB-2026-000809,t3_doc_number,1.0,0.955,yes,0,doc_ref=VB-2026-000809,1
BL-000734,AP-RT-2026-000652,t3_doc_number,1.0,0.955,yes,0,doc_ref=RT-2026-000652,1
BL-000738,AP-VB-2026-000500,t3_doc_number,1.0,0.955,yes,0,doc_ref=VB-2026-000500,1
BL-000749,AR-INV-2026-000870,t3_doc_number,1.0,0.955,yes,0,doc_ref=INV-2026-000870,1
BL-000782,AR-INV-2026-000393,t3_doc_number,1.0,0.955,yes,0,doc_ref=INV-2026-000393,1
BL-000805,AR-INV-2026-000816,t3_doc_number,1.0,0.955,yes,0,doc_ref=INV-2026-000816,1
BL-000810,AR-INV-2026-000516,t3_doc_number,1.0,0.955,yes,0,doc_ref=INV-2026-000516,1
BL-000815,AP-VB-2026-000509,t3_doc_number,1.0,0.955,yes,0,doc_ref=VB-2026-000509,1
BL-000822,AR-INV-2026-000885,t3_doc_number,1.0,0.955,yes,0,doc_ref=INV-2026-000885,1
BL-000838,AP-VB-2026-000470,t3_doc_number,1.0,0.955,yes,0,doc_ref=VB-2026-000470,1
BL-000841,AR-INV-2026-001052,t3_doc_number,1.0,0.955,yes,0,doc_ref=INV-2026-001052,1
BL-000858,AP-RT-2026-000893,t3_doc_number,1.0,0.955,yes,0,doc_ref=RT-2026-000893,1
BL-000861,AP-VB-2026-001058,t3_doc_number,1.0,0.955,yes,0,doc_ref=VB-2026-001058,1
BL-000865,AR-INV-2026-000703,t3_doc_number,1.0,0.955,yes,0,doc_ref=INV-2026-000703,1
BL-000868,AP-RT-2026-000821,t3_doc_number,1.0,0.955,yes,0,doc_ref=RT-2026-000821,1
BL-000876,AP-RT-2026-001132,t3_doc_number,1.0,0.955,yes,0,doc_ref=RT-2026-001132,1
BL-000881,AR-INV-2026-000823,t3_doc_number,1.0,0.955,yes,0,doc_ref=INV-2026-000823,1
BL-000886,AP-RT-2026-000901,t3_doc_number,1.0,0.955,yes,0,doc_ref=RT-2026-000901,1
BL-000913,AR-INV-2026-000584,t3_doc_number,1.0,0.955,yes,0,doc_ref=INV-2026-000584,1
BL-000914,AR-INV-2026-001118,t3_doc_number,1.0,0.955,yes,0,doc_ref=INV-2026-001118,1
BL-000927,AP-VB-2026-001123,t3_doc_number,1.0,0.955,yes,0,doc_ref=VB-2026-001123,1
BL-000933,AP-VB-2026-000875,t3_doc_number,1.0,0.955,yes,0,doc_ref=VB-2026-000875,1
BL-000960,AR-INV-2026-000808,t3_doc_number,1.0,0.955,yes,0,doc_ref=INV-2026-000808,1
BL-000969,AP-RT-2026-000946,t3_doc_number,1.0,0.955,yes,0,doc_ref=RT-2026-000946,1
BL-000971,AP-VB-2026-000768,t3_doc_number,1.0,0.955,yes,0,doc_ref=VB-2026-000768,1
BL-000972,AP-RT-2026-000681,t3_doc_number,1.0,0.955,yes,0,doc_ref=RT-2026-000681,1
BL-000979,AR-INV-2026-000990,t3_doc_number,1.0,0.955,yes,0,doc_ref=INV-2026-000990,1
BL-000993,AP-RT-2026-001006,t3_doc_number,1.0,0.955,yes,0,doc_ref=RT-2026-001006,1
BL-001003,AR-INV-2026-000895,t3_doc_number,1.0,0.955,yes,0,doc_ref=INV-2026-000895,1
BL-001015,AR-INV-2026-000841,t3_doc_number,1.0,0.955,yes,0,doc_ref=INV-2026-000841,1
BL-001044,AP-VB-2026-001138,t3_doc_number,1.0,0.955,yes,0,doc_ref=VB-2026-001138,1
BL-001048,AP-VB-2026-000975,t3_doc_number,1.0,0.955,yes,0,doc_ref=VB-2026-000975,1
BL-001102,AP-RT-2026-000751,t3_doc_number,1.0,0.955,yes,0,doc_ref=RT-2026-000751,1
BL-001108,AR-INV-2026-001240,t3_doc_number,1.0,0.955,yes,0,doc_ref=INV-2026-001240,1
BL-001116,AP-VB-2026-001046,t3_doc_number,1.0,0.955,yes,0,doc_ref=VB-2026-001046,1
BL-001121,AR-INV-2026-001241,t3_doc_number,1.0,0.955,yes,0,doc_ref=INV-2026-001241,1
BL-001135,AP-RT-2026-000960,t3_doc_number,1.0,0.955,yes,0,doc_ref=RT-2026-000960,1
BL-001151,AR-INV-2026-001326,t3_doc_number,1.0,0.955,yes,0,doc_ref=INV-2026-001326,1
BL-001156,AP-VB-2026-001011,t3_doc_number,1.0,0.955,yes,0,doc_ref=VB-2026-001011,1
BL-001177,AP-VB-2026-000802,t3_doc_number,1.0,0.955,yes,0,doc_ref=VB-2026-000802,1
BL-001178,AP-RT-2026-001434,t3_doc_number,1.0,0.955,yes,0,doc_ref=RT-2026-001434,1
BL-001179,AP-RT-2026-001356,t3_doc_number,1.0,0.955,yes,0,doc_ref=RT-2026-001356,1
BL-001187,AP-RT-2026-001197,t3_doc_number,1.0,0.955,yes,0,doc_ref=RT-2026-001197,1
BL-001195,AR-INV-2026-001497,t3_doc_number,1.0,0.955,yes,0,doc_ref=INV-2026-001497,1
BL-001216,AP-VB-2026-001159,t3_doc_number,1.0,0.955,yes,0,doc_ref=VB-2026-001159,1
BL-001231,AP-VB-2026-001386,t3_doc_number,1.0,0.955,yes,0,doc_ref=VB-2026-001386,1
BL-001236,AP-VB-2026-001215,t3_doc_number,1.0,0.955,yes,0,doc_ref=VB-2026-001215,1
BL-001240,AR-INV-2026-001168,t3_doc_number,1.0,0.955,yes,0,doc_ref=INV-2026-001168,1
BL-001247,AP-RT-2026-001306,t3_doc_number,1.0,0.955,yes,0,doc_ref=RT-2026-001306,1
BL-001248,AP-RT-2026-001134,t3_doc_number,1.0,0.955,yes,0,doc_ref=RT-2026-001134,1
BL-001249,AP-RT-2026-000979,t3_doc_number,1.0,0.955,yes,0,doc_ref=RT-2026-000979,1
BL-001271,AR-INV-2026-001218,t3_doc_number,1.0,0.955,yes,0,doc_ref=INV-2026-001218,1
BL-001291,AP-VB-2026-001228,t3_doc_number,1.0,0.955,yes,0,doc_ref=VB-2026-001228,1
BL-001304,AR-INV-2026-000868,t3_doc_number,1.0,0.955,yes,0,doc_ref=INV-2026-000868,1
BL-001311,AP-VB-2026-001160,t3_doc_number,1.0,0.955,yes,0,doc_ref=VB-2026-001160,1
BL-001331,AR-INV-2026-001207,t3_doc_number,1.0,0.955,yes,0,doc_ref=INV-2026-001207,1
BL-001335,AR-INV-2026-001165,t3_doc_number,1.0,0.955,yes,0,doc_ref=INV-2026-001165,1
BL-001338,AR-INV-2026-001252,t3_doc_number,1.0,0.955,yes,0,doc_ref=INV-2026-001252,1
BL-001354,AP-RT-2026-001309,t3_doc_number,1.0,0.955,yes,0,doc_ref=RT-2026-001309,1
BL-001382,AP-RT-2026-001410,t3_doc_number,1.0,0.955,yes,0,doc_ref=RT-2026-001410,1
BL-001451,AP-RT-2026-001324,t3_doc_number,1.0,0.955,yes,0,doc_ref=RT-2026-001324,1
BL-001455,AR-INV-2026-001144,t3_doc_number,1.0,0.955,yes,0,doc_ref=INV-2026-001144,1
BL-001465,AR-INV-2026-001618,t3_doc_number,1.0,0.955,yes,0,doc_ref=INV-2026-001618,1
BL-001499,AR-INV-2026-001474,t3_doc_number,1.0,0.955,yes,0,doc_ref=INV-2026-001474,1
BL-001504,AR-INV-2026-001126,t3_doc_number,1.0,0.955,yes,0,doc_ref=INV-2026-001126,1
BL-001532,AR-INV-2026-001384,t3_doc_number,1.0,0.955,yes,0,doc_ref=INV-2026-001384,1
BL-001550,AR-INV-2026-001353,t3_doc_number,1.0,0.955,yes,0,doc_ref=INV-2026-001353,1
BL-001553,AR-INV-2026-001381,t3_doc_number,1.0,0.955,yes,0,doc_ref=INV-2026-001381,1
BL-001578,AP-RT-2026-001763,t3_doc_number,1.0,0.955,yes,0,doc_ref=RT-2026-001763,1
BL-001608,AP-RT-2026-001463,t3_doc_number,1.0,0.955,yes,0,doc_ref=RT-2026-001463,1
BL-001614,AR-INV-2026-001630,t3_doc_number,1.0,0.955,yes,0,doc_ref=INV-2026-001630,1
BL-001615,AR-INV-2026-001612,t3_doc_number,1.0,0.955,yes,0,doc_ref=INV-2026-001612,1
BL-001646,AP-VB-2026-001721,t3_doc_number,1.0,0.955,yes,0,doc_ref=VB-2026-001721,1
BL-001655,AP-VB-2026-001407,t3_doc_number,1.0,0.955,yes,0,doc_ref=VB-2026-001407,1
BL-001668,AP-RT-2026-001310,t3_doc_number,1.0,0.955,yes,0,doc_ref=RT-2026-001310,1
BL-001669,AP-VB-2026-001633,t3_doc_number,1.0,0.955,yes,0,doc_ref=VB-2026-001633,1
BL-001671,AP-RT-2026-001839,t3_doc_number,1.0,0.955,yes,0,doc_ref=RT-2026-001839,1
BL-001675,AP-RT-2026-001372,t3_doc_number,1.0,0.955,yes,0,doc_ref=RT-2026-001372,1
BL-001677,AR-INV-2026-001454,t3_doc_number,1.0,0.955,yes,0,doc_ref=INV-2026-001454,1
BL-001680,AR-INV-2026-001909,t3_doc_number,1.0,0.955,yes,0,doc_ref=INV-2026-001909,1
BL-001687,AP-VB-2026-001364,t3_doc_number,1.0,0.955,yes,0,doc_ref=VB-2026-001364,1
BL-000698,AR-INV-2026-000314,t2_advice_utr,1.0,0.956,no,-520300,advice_utr=900000022587,1
BL-000840,AR-INV-2026-001146,t2_advice_utr,1.0,0.957,no,-304400,advice_utr=900000059228,1
BL-000053,AR-INV-2026-000287,t2_advice_utr,1.0,0.96,no,-716800,advice_utr=900000021437,1
BL-000010,AR-INV-2026-000007,t2_advice_utr,1.0,0.962,yes,0,advice_utr=900000009024,1
BL-000011,AR-INV-2026-000088,t2_advice_utr,1.0,0.962,yes,0,advice_utr=900000012510,1
BL-000024,AR-INV-2026-000083,t2_advice_utr,1.0,0.962,yes,0,advice_utr=900000012307,1
BL-000032,AR-INV-2026-000150,t2_advice_utr,1.0,0.962,yes,0,advice_utr=900000015527,1
BL-000041,AR-INV-2026-000032,t2_advice_utr,1.0,0.962,yes,0,advice_utr=900000010088,1
BL-000045,AR-INV-2026-000202,t2_advice_utr,1.0,0.962,yes,0,advice_utr=900000018003,1
BL-000047,AR-INV-2026-000048,t2_advice_utr,1.0,0.962,yes,0,advice_utr=900000010860,1
BL-000078,AR-INV-2026-000059,t2_advice_utr,1.0,0.962,yes,0,advice_utr=900000011351,1
BL-000087,AR-INV-2026-000106,t2_advice_utr,1.0,0.962,yes,0,advice_utr=900000013285,1
BL-000148,AR-INV-2026-000218,t2_advice_utr,1.0,0.962,yes,0,advice_utr=900000018478,1
BL-000149,AR-INV-2026-000183,t2_advice_utr,1.0,0.962,yes,0,advice_utr=900000016949,1
BL-000153,AR-INV-2026-000204,t2_advice_utr,1.0,0.962,yes,0,advice_utr=900000018061,1
BL-000169,AR-INV-2026-000395,t2_advice_utr,1.0,0.962,yes,0,advice_utr=900000026165,1
BL-000184,AR-INV-2026-000021,t2_advice_utr,1.0,0.962,yes,0,advice_utr=900000009623,1
BL-000204,AR-INV-2026-000045,t2_advice_utr,1.0,0.962,yes,0,advice_utr=900000010683,1
BL-000227,AR-INV-2026-000177,t2_advice_utr,1.0,0.962,yes,0,advice_utr=900000016634,1
BL-000242,AR-INV-2026-000062,t2_advice_utr,1.0,0.962,yes,0,advice_utr=900000011576,1
BL-000248,AR-INV-2026-000147,t2_advice_utr,1.0,0.962,yes,0,advice_utr=900000015417,1
BL-000277,AR-INV-2026-000446,t2_advice_utr,1.0,0.962,yes,0,advice_utr=900000028640,1
BL-000301,AR-INV-2026-000259,t2_advice_utr,1.0,0.962,yes,0,advice_utr=900000020242,1
BL-000319,AR-INV-2026-000483,t2_advice_utr,1.0,0.962,yes,0,advice_utr=900000030294,1
BL-000320,AR-INV-2026-000327,t2_advice_utr,1.0,0.962,yes,0,advice_utr=900000023123,1
BL-000326,AR-INV-2026-000365,t2_advice_utr,1.0,0.962,yes,0,advice_utr=900000024855,1
BL-000328,AR-INV-2026-000092,t2_advice_utr,1.0,0.962,yes,0,advice_utr=900000012703,1
BL-000329,AR-INV-2026-000110,t2_advice_utr,1.0,0.962,yes,0,advice_utr=900000013438,1
BL-000336,AR-INV-2026-000550,t2_advice_utr,1.0,0.962,yes,0,advice_utr=900000033271,1
BL-000339,AR-INV-2026-000390,t2_advice_utr,1.0,0.962,yes,0,advice_utr=900000025919,1
BL-000349,AR-INV-2026-000343,t2_advice_utr,1.0,0.962,yes,0,advice_utr=900000023805,1
BL-000363,AR-INV-2026-000405,t2_advice_utr,1.0,0.962,yes,0,advice_utr=900000026529,1
BL-000376,AR-INV-2026-000444,t2_advice_utr,1.0,0.962,yes,0,advice_utr=900000028458,1
BL-000389,AR-INV-2026-000211,t2_advice_utr,1.0,0.962,yes,0,advice_utr=900000018310,1
BL-000412,AR-INV-2026-000412,t2_advice_utr,1.0,0.962,yes,0,advice_utr=900000026901,1
BL-000413,AR-INV-2026-000610,t2_advice_utr,1.0,0.962,yes,0,advice_utr=900000036268,1
BL-000424,AR-INV-2026-000783,t2_advice_utr,1.0,0.962,yes,0,advice_utr=900000043030,1
BL-000425,AR-INV-2026-000573,t2_advice_utr,1.0,0.962,yes,0,advice_utr=900000034468,1
BL-000432,AR-INV-2026-000369,t2_advice_utr,1.0,0.962,yes,0,advice_utr=900000025112,1
BL-000433,AR-INV-2026-000579,t2_advice_utr,1.0,0.962,yes,0,advice_utr=900000034791,1
BL-000434,AR-INV-2026-000212,t2_advice_utr,1.0,0.962,yes,0,advice_utr=900000018320,1
BL-000457,AR-INV-2026-000227,t2_advice_utr,1.0,0.962,yes,0,advice_utr=900000018841,1
BL-000460,AR-INV-2026-000598,t2_advice_utr,1.0,0.962,yes,0,advice_utr=900000035699,1
BL-000475,AR-INV-2026-000273,t2_advice_utr,1.0,0.962,yes,0,advice_utr=900000020746,1
BL-000484,AR-INV-2026-000078,t2_advice_utr,1.0,0.962,yes,0,advice_utr=900000012029,1
BL-000486,AR-INV-2026-000101,t2_advice_utr,1.0,0.962,yes,0,advice_utr=900000013017,1
BL-000489,AR-INV-2026-000292,t2_advice_utr,1.0,0.962,yes,0,advice_utr=900000021527,1
BL-000501,AR-INV-2026-000715,t2_advice_utr,1.0,0.962,yes,0,advice_utr=900000040341,1
BL-000502,AR-INV-2026-000425,t2_advice_utr,1.0,0.962,yes,0,advice_utr=900000027454,1
BL-000504,AR-INV-2026-000664,t2_advice_utr,1.0,0.962,yes,0,advice_utr=900000038326,1
BL-000509,AR-INV-2026-000279,t2_advice_utr,1.0,0.962,yes,0,advice_utr=900000021127,1
BL-000516,AR-INV-2026-000379,t2_advice_utr,1.0,0.962,yes,0,advice_utr=900000025581,1
BL-000541,AR-INV-2026-000342,t2_advice_utr,1.0,0.962,yes,0,advice_utr=900000023728,1
BL-000542,AR-INV-2026-000558,t2_advice_utr,1.0,0.962,yes,0,advice_utr=900000033686,1
BL-000551,AR-INV-2026-000466,t2_advice_utr,1.0,0.962,yes,0,advice_utr=900000029538,1
BL-000556,AR-INV-2026-000557,t2_advice_utr,1.0,0.962,yes,0,advice_utr=900000033633,1
BL-000559,AR-INV-2026-000605,t2_advice_utr,1.0,0.962,yes,0,advice_utr=900000036158,1
BL-000561,AR-INV-2026-000460,t2_advice_utr,1.0,0.962,yes,0,advice_utr=900000029301,1
BL-000572,AR-INV-2026-000679,t2_advice_utr,1.0,0.962,yes,0,advice_utr=900000038928,1
BL-000574,AR-INV-2026-000609,t2_advice_utr,1.0,0.962,yes,0,advice_utr=900000036252,1
BL-000590,AR-INV-2026-000593,t2_advice_utr,1.0,0.962,yes,0,advice_utr=900000035433,1
BL-000596,AR-INV-2026-000495,t2_advice_utr,1.0,0.962,yes,0,advice_utr=900000030855,1
BL-000605,AR-INV-2026-000540,t2_advice_utr,1.0,0.962,yes,0,advice_utr=900000032795,1
BL-000623,AR-INV-2026-000878,t2_advice_utr,1.0,0.962,yes,0,advice_utr=900000046725,1
BL-000630,AR-INV-2026-000362,t2_advice_utr,1.0,0.962,yes,0,advice_utr=900000024738,1
BL-000636,AR-INV-2026-000459,t2_advice_utr,1.0,0.962,yes,0,advice_utr=900000029255,1
BL-000644,AR-INV-2026-000536,t2_advice_utr,1.0,0.962,yes,0,advice_utr=900000032672,1
BL-000655,AR-INV-2026-000748,t2_advice_utr,1.0,0.962,yes,0,advice_utr=900000041466,1
BL-000657,AR-INV-2026-000480,t2_advice_utr,1.0,0.962,yes,0,advice_utr=900000030197,1
BL-000664,AR-INV-2026-000642,t2_advice_utr,1.0,0.962,yes,0,advice_utr=900000037537,1
BL-000676,AR-INV-2026-000377,t2_advice_utr,1.0,0.962,yes,0,advice_utr=900000025522,1
BL-000688,AR-INV-2026-000411,t2_advice_utr,1.0,0.962,yes,0,advice_utr=900000026855,1
BL-000699,AR-INV-2026-000626,t2_advice_utr,1.0,0.962,yes,0,advice_utr=900000036911,1
BL-000701,AR-INV-2026-000449,t2_advice_utr,1.0,0.962,yes,0,advice_utr=900000028817,1
BL-000710,AR-INV-2026-000454,t2_advice_utr,1.0,0.962,yes,0,advice_utr=900000029003,1
BL-000718,AR-INV-2026-000822,t2_advice_utr,1.0,0.962,yes,0,advice_utr=900000044610,1
BL-000720,AR-INV-2026-000745,t2_advice_utr,1.0,0.962,yes,0,advice_utr=900000041449,1
BL-000723,AR-INV-2026-000733,t2_advice_utr,1.0,0.962,yes,0,advice_utr=900000041015,1
BL-000745,AR-INV-2026-000408,t2_advice_utr,1.0,0.962,yes,0,advice_utr=900000026648,1
BL-000760,AR-INV-2026-000426,t2_advice_utr,1.0,0.962,yes,0,advice_utr=900000027519,1
BL-000766,AR-INV-2026-000643,t2_advice_utr,1.0,0.962,yes,0,advice_utr=900000037574,1
BL-000771,AR-INV-2026-000939,t2_advice_utr,1.0,0.962,yes,0,advice_utr=900000049681,1
BL-000788,AR-INV-2026-001106,t2_advice_utr,1.0,0.962,yes,0,advice_utr=900000057129,1
BL-000789,AR-INV-2026-000746,t2_advice_utr,1.0,0.962,yes,0,advice_utr=900000041461,1
BL-000824,AR-INV-2026-000717,t2_advice_utr,1.0,0.962,yes,0,advice_utr=900000040439,1
BL-000827,AR-INV-2026-001098,t2_advice_utr,1.0,0.962,yes,0,advice_utr=900000056748,1
BL-000831,AR-INV-2026-001157,t2_advice_utr,1.0,0.962,yes,0,advice_utr=900000059886,1
BL-000832,AR-INV-2026-000898,t2_advice_utr,1.0,0.962,yes,0,advice_utr=900000047737,1
BL-000842,AR-INV-2026-000806,t2_advice_utr,1.0,0.962,yes,0,advice_utr=900000044045,1
BL-000872,AR-INV-2026-000807,t2_advice_utr,1.0,0.962,yes,0,advice_utr=900000044055,1
BL-000873,AR-INV-2026-000900,t2_advice_utr,1.0,0.962,yes,0,advice_utr=900000047836,1
BL-000877,AR-INV-2026-000639,t2_advice_utr,1.0,0.962,yes,0,advice_utr=900000037350,1
BL-000900,AR-INV-2026-000613,t2_advice_utr,1.0,0.962,yes,0,advice_utr=900000036394,1
BL-000901,AR-INV-2026-001114,t2_advice_utr,1.0,0.962,yes,0,advice_utr=900000057643,1
BL-000904,AR-INV-2026-000665,t2_advice_utr,1.0,0.962,yes,0,advice_utr=900000038334,1
BL-000930,AR-INV-2026-001038,t2_advice_utr,1.0,0.962,yes,0,advice_utr=900000054243,1
BL-000932,AR-INV-2026-000925,t2_advice_utr,1.0,0.962,yes,0,advice_utr=900000049119,1
BL-000937,AR-INV-2026-001096,t2_advice_utr,1.0,0.962,yes,0,advice_utr=900000056619,1
BL-000946,AR-INV-2026-000781,t2_advice_utr,1.0,0.962,yes,0,advice_utr=900000042904,1
BL-000950,AR-INV-2026-000924,t2_advice_utr,1.0,0.962,yes,0,advice_utr=900000049114,1
BL-000952,AR-INV-2026-000677,t2_advice_utr,1.0,0.962,yes,0,advice_utr=900000038838,1
BL-000961,AR-INV-2026-001298,t2_advice_utr,1.0,0.962,yes,0,advice_utr=900000066169,1
BL-000963,AR-INV-2026-000928,t2_advice_utr,1.0,0.962,yes,0,advice_utr=900000049217,1
BL-000981,AR-INV-2026-000911,t2_advice_utr,1.0,0.962,yes,0,advice_utr=900000048399,1
BL-000982,AR-INV-2026-000690,t2_advice_utr,1.0,0.962,yes,0,advice_utr=900000039422,1
BL-001004,AR-INV-2026-000866,t2_advice_utr,1.0,0.962,yes,0,advice_utr=900000046175,1
BL-001030,AR-INV-2026-000689,t2_advice_utr,1.0,0.962,yes,0,advice_utr=900000039415,1
BL-001056,AR-INV-2026-000923,t2_advice_utr,1.0,0.962,yes,0,advice_utr=900000049063,1
BL-001060,AR-INV-2026-000958,t2_advice_utr,1.0,0.962,yes,0,advice_utr=900000050847,1
BL-001065,AR-INV-2026-001141,t2_advice_utr,1.0,0.962,yes,0,advice_utr=900000058864,1
BL-001067,AR-INV-2026-000754,t2_advice_utr,1.0,0.962,yes,0,advice_utr=900000041663,1
BL-001075,AR-INV-2026-000867,t2_advice_utr,1.0,0.962,yes,0,advice_utr=900000046183,1
BL-001076,AR-INV-2026-001182,t2_advice_utr,1.0,0.962,yes,0,advice_utr=900000061249,1
BL-001085,AR-INV-2026-000865,t2_advice_utr,1.0,0.962,yes,0,advice_utr=900000046170,1
BL-001093,AR-INV-2026-001279,t2_advice_utr,1.0,0.962,yes,0,advice_utr=900000065181,1
BL-001096,AR-INV-2026-001220,t2_advice_utr,1.0,0.962,yes,0,advice_utr=900000062735,1
BL-001111,AR-INV-2026-000921,t2_advice_utr,1.0,0.962,yes,0,advice_utr=900000049002,1
BL-001126,AR-INV-2026-001377,t2_advice_utr,1.0,0.962,yes,0,advice_utr=900000069487,1
BL-001148,AR-INV-2026-001332,t2_advice_utr,1.0,0.962,yes,0,advice_utr=900000067784,1
BL-001149,AR-INV-2026-001294,t2_advice_utr,1.0,0.962,yes,0,advice_utr=900000065995,1
BL-001174,AR-INV-2026-001116,t2_advice_utr,1.0,0.962,yes,0,advice_utr=900000057664,1
BL-001185,AR-INV-2026-001022,t2_advice_utr,1.0,0.962,yes,0,advice_utr=900000053696,1
BL-001191,AR-INV-2026-001113,t2_advice_utr,1.0,0.962,yes,0,advice_utr=900000057577,1
BL-001193,AR-INV-2026-001378,t2_advice_utr,1.0,0.962,yes,0,advice_utr=900000069559,1
BL-001196,AR-INV-2026-001179,t2_advice_utr,1.0,0.962,yes,0,advice_utr=900000061116,1
BL-001203,AR-INV-2026-000959,t2_advice_utr,1.0,0.962,yes,0,advice_utr=900000050932,1
BL-001222,AR-INV-2026-001131,t2_advice_utr,1.0,0.962,yes,0,advice_utr=900000058407,1
BL-001228,AR-INV-2026-000937,t2_advice_utr,1.0,0.962,yes,0,advice_utr=900000049597,1
BL-001241,AR-INV-2026-000775,t2_advice_utr,1.0,0.962,yes,0,advice_utr=900000042606,1
BL-001244,AR-INV-2026-001254,t2_advice_utr,1.0,0.962,yes,0,advice_utr=900000064171,1
BL-001256,AR-INV-2026-001034,t2_advice_utr,1.0,0.962,yes,0,advice_utr=900000054084,1
BL-001258,AR-INV-2026-000753,t2_advice_utr,1.0,0.962,yes,0,advice_utr=900000041632,1
BL-001265,AR-INV-2026-001205,t2_advice_utr,1.0,0.962,yes,0,advice_utr=900000062093,1
BL-001269,AR-INV-2026-000842,t2_advice_utr,1.0,0.962,yes,0,advice_utr=900000045303,1
BL-001281,AR-INV-2026-001293,t2_advice_utr,1.0,0.962,yes,0,advice_utr=900000065920,1
BL-001286,AR-INV-2026-001074,t2_advice_utr,1.0,0.962,yes,0,advice_utr=900000055622,1
BL-001287,AR-INV-2026-001015,t2_advice_utr,1.0,0.962,yes,0,advice_utr=900000053310,1
BL-001301,AR-INV-2026-001193,t2_advice_utr,1.0,0.962,yes,0,advice_utr=900000061643,1
BL-001305,AR-INV-2026-001048,t2_advice_utr,1.0,0.962,yes,0,advice_utr=900000054752,1
BL-001318,AR-INV-2026-001525,t2_advice_utr,1.0,0.962,yes,0,advice_utr=900000073984,1
BL-001321,AR-INV-2026-001521,t2_advice_utr,1.0,0.962,yes,0,advice_utr=900000073744,1
BL-001322,AR-INV-2026-000988,t2_advice_utr,1.0,0.962,yes,0,advice_utr=900000052121,1
BL-001326,AR-INV-2026-000899,t2_advice_utr,1.0,0.962,yes,0,advice_utr=900000047768,1
BL-001327,AR-INV-2026-000945,t2_advice_utr,1.0,0.962,yes,0,advice_utr=900000050068,1
BL-001330,AR-INV-2026-001398,t2_advice_utr,1.0,0.962,yes,0,advice_utr=900000070346,1
BL-001349,AR-INV-2026-001491,t2_advice_utr,1.0,0.962,yes,0,advice_utr=900000072838,1
BL-001350,AR-INV-2026-001036,t2_advice_utr,1.0,0.962,yes,0,advice_utr=900000054150,1
BL-001362,AR-INV-2026-000969,t2_advice_utr,1.0,0.962,yes,0,advice_utr=900000051432,1
BL-001389,AR-INV-2026-001170,t2_advice_utr,1.0,0.962,yes,0,advice_utr=900000060635,1
BL-001397,AR-INV-2026-001251,t2_advice_utr,1.0,0.962,yes,0,advice_utr=900000064043,1
BL-001406,AR-INV-2026-001037,t2_advice_utr,1.0,0.962,yes,0,advice_utr=900000054154,1
BL-001407,AR-INV-2026-001120,t2_advice_utr,1.0,0.962,yes,0,advice_utr=900000057866,1
BL-001409,AR-INV-2026-001475,t2_advice_utr,1.0,0.962,yes,0,advice_utr=900000072465,1
BL-001414,AR-INV-2026-001312,t2_advice_utr,1.0,0.962,yes,0,advice_utr=900000066924,1
BL-001424,AR-INV-2026-000957,t2_advice_utr,1.0,0.962,yes,0,advice_utr=900000050783,1
BL-001426,AR-INV-2026-001397,t2_advice_utr,1.0,0.962,yes,0,advice_utr=900000070264,1
BL-001437,AR-INV-2026-001519,t2_advice_utr,1.0,0.962,yes,0,advice_utr=900000073622,1
BL-001458,AR-INV-2026-000954,t2_advice_utr,1.0,0.962,yes,0,advice_utr=900000050513,1
BL-001462,AR-INV-2026-001561,t2_advice_utr,1.0,0.962,yes,0,advice_utr=900000074770,1
BL-001468,AR-INV-2026-001427,t2_advice_utr,1.0,0.962,yes,0,advice_utr=900000071067,1
BL-001469,AR-INV-2026-001318,t2_advice_utr,1.0,0.962,yes,0,advice_utr=900000067198,1
BL-001480,AR-INV-2026-001112,t2_advice_utr,1.0,0.962,yes,0,advice_utr=900000057557,1
BL-001482,AR-INV-2026-001169,t2_advice_utr,1.0,0.962,yes,0,advice_utr=900000060551,1
BL-001484,AR-INV-2026-001400,t2_advice_utr,1.0,0.962,yes,0,advice_utr=900000070352,1
BL-001486,AR-INV-2026-001585,t2_advice_utr,1.0,0.962,yes,0,advice_utr=900000075498,1
BL-001487,AR-INV-2026-001539,t2_advice_utr,1.0,0.962,yes,0,advice_utr=900000074437,1
BL-001502,AR-INV-2026-001428,t2_advice_utr,1.0,0.962,yes,0,advice_utr=900000071112,1
BL-001506,AR-INV-2026-001145,t2_advice_utr,1.0,0.962,yes,0,advice_utr=900000059155,1
BL-001535,AR-INV-2026-001402,t2_advice_utr,1.0,0.962,yes,0,advice_utr=900000070468,1
BL-001552,AR-INV-2026-001401,t2_advice_utr,1.0,0.962,yes,0,advice_utr=900000070416,1
BL-001560,AR-INV-2026-001628,t2_advice_utr,1.0,0.962,yes,0,advice_utr=900000076320,1
BL-001561,AR-INV-2026-001479,t2_advice_utr,1.0,0.962,yes,0,advice_utr=900000072538,1
BL-001572,AR-INV-2026-001524,t2_advice_utr,1.0,0.962,yes,0,advice_utr=900000073918,1
BL-001573,AR-INV-2026-001280,t2_advice_utr,1.0,0.962,yes,0,advice_utr=900000065264,1
BL-001575,AR-INV-2026-001142,t2_advice_utr,1.0,0.962,yes,0,advice_utr=900000058903,1
BL-001602,AR-INV-2026-001599,t2_advice_utr,1.0,0.962,yes,0,advice_utr=900000075816,1
BL-001604,AR-INV-2026-001805,t2_advice_utr,1.0,0.962,yes,0,advice_utr=900000078508,1
BL-001616,AR-INV-2026-001273,t2_advice_utr,1.0,0.962,yes,0,advice_utr=900000064998,1
BL-001635,AR-INV-2026-001313,t2_advice_utr,1.0,0.962,yes,0,advice_utr=900000066930,1
BL-001649,AR-INV-2026-001520,t2_advice_utr,1.0,0.962,yes,0,advice_utr=900000073706,1
BL-001650,AR-INV-2026-001143,t2_advice_utr,1.0,0.962,yes,0,advice_utr=900000058997,1
BL-001652,AR-INV-2026-001651,t2_advice_utr,1.0,0.962,yes,0,advice_utr=900000076848,1
BL-001654,AR-INV-2026-001661,t2_advice_utr,1.0,0.962,yes,0,advice_utr=900000077053,1
BL-001663,AR-INV-2026-001478,t2_advice_utr,1.0,0.962,yes,0,advice_utr=900000072526,1
BL-001665,AR-INV-2026-001256,t2_advice_utr,1.0,0.962,yes,0,advice_utr=900000064277,1
BL-001684,AR-INV-2026-001237,t2_advice_utr,1.0,0.962,yes,0,advice_utr=900000063430,1
BL-001691,AR-INV-2026-001483,t2_advice_utr,1.0,0.962,yes,0,advice_utr=900000072622,1
BL-001693,AR-INV-2026-001563,t2_advice_utr,1.0,0.962,yes,0,advice_utr=900000074839,1
BL-000004,SETL-setl_00000001,t1_settlement,1.0,0.985,yes,0,payout_utr=900000000056,1
BL-000005,SETL-setl_00000002,t1_settlement,1.0,0.985,yes,0,payout_utr=900000000087,1
BL-000006,SETL-setl_00000003,t1_settlement,1.0,0.985,yes,0,payout_utr=900000000173,1
BL-000007,SETL-setl_00000004,t1_settlement,1.0,0.985,yes,0,payout_utr=900000000187,1
BL-000008,SETL-setl_00000006,t1_settlement,1.0,0.985,yes,0,payout_utr=900000000355,1
BL-000009,SETL-setl_00000005,t1_settlement,1.0,0.985,yes,0,payout_utr=900000000266,1
BL-000013,SETL-setl_00000007,t1_settlement,1.0,0.985,yes,0,payout_utr=900000000403,1
BL-000014,SETL-setl_00000008,t1_settlement,1.0,0.985,yes,0,payout_utr=900000000474,1
BL-000016,SETL-setl_00000009,t1_settlement,1.0,0.985,yes,0,payout_utr=900000000561,1
BL-000017,SETL-setl_00000010,t1_settlement,1.0,0.985,yes,0,payout_utr=900000000628,1
BL-000019,SETL-setl_00000012,t1_settlement,1.0,0.985,yes,0,payout_utr=900000000786,1
BL-000020,SETL-setl_00000011,t1_settlement,1.0,0.985,yes,0,payout_utr=900000000712,1
BL-000021,SETL-setl_00000013,t1_settlement,1.0,0.985,yes,0,payout_utr=900000000801,1
BL-000023,SETL-setl_00000014,t1_settlement,1.0,0.985,yes,0,payout_utr=900000000846,1
BL-000026,SETL-setl_00000015,t1_settlement,1.0,0.985,yes,0,payout_utr=900000000858,1
BL-000028,SETL-setl_00000016,t1_settlement,1.0,0.985,yes,0,payout_utr=900000000888,1
BL-000031,SETL-setl_00000017,t1_settlement,1.0,0.985,yes,0,payout_utr=900000000963,1
BL-000034,SETL-setl_00000019,t1_settlement,1.0,0.985,yes,0,payout_utr=900000001093,1
BL-000035,SETL-setl_00000018,t1_settlement,1.0,0.985,yes,0,payout_utr=900000001060,1
BL-000039,SETL-setl_00000020,t1_settlement,1.0,0.985,yes,0,payout_utr=900000001106,1
BL-000044,SETL-setl_00000021,t1_settlement,1.0,0.985,yes,0,payout_utr=900000001192,1
BL-000046,SETL-setl_00000022,t1_settlement,1.0,0.985,yes,0,payout_utr=900000001289,1
BL-000050,SETL-setl_00000023,t1_settlement,1.0,0.985,yes,0,payout_utr=900000001306,1
BL-000058,SETL-setl_00000024,t1_settlement,1.0,0.985,yes,0,payout_utr=900000001341,1
BL-000066,SETL-setl_00000026,t1_settlement,1.0,0.985,yes,0,payout_utr=900000001409,1
BL-000067,SETL-setl_00000025,t1_settlement,1.0,0.985,yes,0,payout_utr=900000001369,1
BL-000085,SETL-setl_00000027,t1_settlement,1.0,0.985,yes,0,payout_utr=900000001423,1
BL-000093,SETL-setl_00000028,t1_settlement,1.0,0.985,yes,0,payout_utr=900000001482,1
BL-000098,SETL-setl_00000029,t1_settlement,1.0,0.985,yes,0,payout_utr=900000001515,1
BL-000105,SETL-setl_00000030,t1_settlement,1.0,0.985,yes,0,payout_utr=900000001584,1
BL-000108,SETL-setl_00000032,t1_settlement,1.0,0.985,yes,0,payout_utr=900000001646,1
BL-000109,SETL-setl_00000031,t1_settlement,1.0,0.985,yes,0,payout_utr=900000001621,1
BL-000116,SETL-setl_00000033,t1_settlement,1.0,0.985,yes,0,payout_utr=900000001689,1
BL-000121,SETL-setl_00000034,t1_settlement,1.0,0.985,yes,0,payout_utr=900000001754,1
BL-000128,SETL-setl_00000035,t1_settlement,1.0,0.985,yes,0,payout_utr=900000001804,1
BL-000138,SETL-setl_00000036,t1_settlement,1.0,0.985,yes,0,payout_utr=900000001873,1
BL-000147,SETL-setl_00000037,t1_settlement,1.0,0.985,yes,0,payout_utr=900000001939,1
BL-000162,SETL-setl_00000039,t1_settlement,1.0,0.985,yes,0,payout_utr=900000001968,1
BL-000165,SETL-setl_00000038,t1_settlement,1.0,0.985,yes,0,payout_utr=900000001950,1
BL-000175,SETL-setl_00000040,t1_settlement,1.0,0.985,yes,0,payout_utr=900000002005,1
BL-000182,SETL-setl_00000041,t1_settlement,1.0,0.985,yes,0,payout_utr=900000002091,1
BL-000190,SETL-setl_00000042,t1_settlement,1.0,0.985,yes,0,payout_utr=900000002145,1
BL-000203,SETL-setl_00000043,t1_settlement,1.0,0.985,yes,0,payout_utr=900000002187,1
BL-000213,SETL-setl_00000044,t1_settlement,1.0,0.985,yes,0,payout_utr=900000002282,1
BL-000224,SETL-setl_00000046,t1_settlement,1.0,0.985,yes,0,payout_utr=900000002387,1
BL-000225,SETL-setl_00000045,t1_settlement,1.0,0.985,yes,0,payout_utr=900000002348,1
BL-000240,SETL-setl_00000047,t1_settlement,1.0,0.985,yes,0,payout_utr=900000002446,1
BL-000249,SETL-setl_00000048,t1_settlement,1.0,0.985,yes,0,payout_utr=900000002521,1
BL-000256,SETL-setl_00000049,t1_settlement,1.0,0.985,yes,0,payout_utr=900000002607,1
BL-000268,SETL-setl_00000050,t1_settlement,1.0,0.985,yes,0,payout_utr=900000002650,1
BL-000276,SETL-setl_00000051,t1_settlement,1.0,0.985,yes,0,payout_utr=900000002733,1
BL-000288,SETL-setl_00000053,t1_settlement,1.0,0.985,yes,0,payout_utr=900000002789,1
BL-000291,SETL-setl_00000052,t1_settlement,1.0,0.985,yes,0,payout_utr=900000002774,1
BL-000318,SETL-setl_00000054,t1_settlement,1.0,0.985,yes,0,payout_utr=900000002826,1
BL-000325,SETL-setl_00000055,t1_settlement,1.0,0.985,yes,0,payout_utr=900000002851,1
BL-000335,SETL-setl_00000056,t1_settlement,1.0,0.985,yes,0,payout_utr=900000002894,1
BL-000347,SETL-setl_00000057,t1_settlement,1.0,0.985,yes,0,payout_utr=900000002924,1
BL-000357,SETL-setl_00000059,t1_settlement,1.0,0.985,yes,0,payout_utr=900000003005,1
BL-000360,SETL-setl_00000058,t1_settlement,1.0,0.985,yes,0,payout_utr=900000002947,1
BL-000374,SETL-setl_00000060,t1_settlement,1.0,0.985,yes,0,payout_utr=900000003043,1
BL-000387,SETL-setl_00000061,t1_settlement,1.0,0.985,yes,0,payout_utr=900000003101,1
BL-000402,SETL-setl_00000062,t1_settlement,1.0,0.985,yes,0,payout_utr=900000003192,1
BL-000411,SETL-setl_00000063,t1_settlement,1.0,0.985,yes,0,payout_utr=900000003214,1
BL-000423,SETL-setl_00000064,t1_settlement,1.0,0.985,yes,0,payout_utr=900000003221,1
BL-000450,SETL-setl_00000066,t1_settlement,1.0,0.985,yes,0,payout_utr=900000003326,1
BL-000454,SETL-setl_00000065,t1_settlement,1.0,0.985,yes,0,payout_utr=900000003240,1
BL-000473,SETL-setl_00000067,t1_settlement,1.0,0.985,yes,0,payout_utr=900000003389,1
BL-000483,SETL-setl_00000068,t1_settlement,1.0,0.985,yes,0,payout_utr=900000003422,1
BL-000499,SETL-setl_00000069,t1_settlement,1.0,0.985,yes,0,payout_utr=900000003441,1
BL-000508,SETL-setl_00000070,t1_settlement,1.0,0.985,yes,0,payout_utr=900000003477,1
BL-000522,SETL-setl_00000071,t1_settlement,1.0,0.985,yes,0,payout_utr=900000003572,1
BL-000539,SETL-setl_00000073,t1_settlement,1.0,0.985,yes,0,payout_utr=900000003663,1
BL-000540,SETL-setl_00000072,t1_settlement,1.0,0.985,yes,0,payout_utr=900000003586,1
BL-000555,SETL-setl_00000074,t1_settlement,1.0,0.985,yes,0,payout_utr=900000003746,1
BL-000570,SETL-setl_00000075,t1_settlement,1.0,0.985,yes,0,payout_utr=900000003835,1
BL-000582,SETL-setl_00000076,t1_settlement,1.0,0.985,yes,0,payout_utr=900000003899,1
BL-000591,SETL-setl_00000077,t1_settlement,1.0,0.985,yes,0,payout_utr=900000003954,1
BL-000600,SETL-setl_00000078,t1_settlement,1.0,0.985,yes,0,payout_utr=900000003984,1
BL-000624,SETL-setl_00000080,t1_settlement,1.0,0.985,yes,0,payout_utr=900000004105,1
BL-000628,SETL-setl_00000079,t1_settlement,1.0,0.985,yes,0,payout_utr=900000004052,1
BL-000641,SETL-setl_00000081,t1_settlement,1.0,0.985,yes,0,payout_utr=900000004179,1
BL-000652,SETL-setl_00000082,t1_settlement,1.0,0.985,yes,0,payout_utr=900000004204,1
BL-000661,SETL-setl_00000083,t1_settlement,1.0,0.985,yes,0,payout_utr=900000004212,1
BL-000672,SETL-setl_00000084,t1_settlement,1.0,0.985,yes,0,payout_utr=900000004242,1
BL-000683,SETL-setl_00000085,t1_settlement,1.0,0.985,yes,0,payout_utr=900000004255,1
BL-000696,SETL-setl_00000087,t1_settlement,1.0,0.985,yes,0,payout_utr=900000004317,1
BL-000697,SETL-setl_00000086,t1_settlement,1.0,0.985,yes,0,payout_utr=900000004295,1
BL-000704,SETL-setl_00000088,t1_settlement,1.0,0.985,yes,0,payout_utr=900000004330,1
BL-000717,SETL-setl_00000089,t1_settlement,1.0,0.985,yes,0,payout_utr=900000004358,1
BL-000726,SETL-setl_00000090,t1_settlement,1.0,0.985,yes,0,payout_utr=900000004417,1
BL-000739,SETL-setl_00000091,t1_settlement,1.0,0.985,yes,0,payout_utr=900000004483,1
BL-000744,SETL-setl_00000092,t1_settlement,1.0,0.985,yes,0,payout_utr=900000004488,1
BL-000758,SETL-setl_00000094,t1_settlement,1.0,0.985,yes,0,payout_utr=900000004598,1
BL-000759,SETL-setl_00000093,t1_settlement,1.0,0.985,yes,0,payout_utr=900000004518,1
BL-000768,SETL-setl_00000095,t1_settlement,1.0,0.985,yes,0,payout_utr=900000004644,1
BL-000781,SETL-setl_00000096,t1_settlement,1.0,0.985,yes,0,payout_utr=900000004709,1
BL-000787,SETL-setl_00000097,t1_settlement,1.0,0.985,yes,0,payout_utr=900000004716,1
BL-000800,SETL-setl_00000098,t1_settlement,1.0,0.985,yes,0,payout_utr=900000004734,1
BL-000808,SETL-setl_00000099,t1_settlement,1.0,0.985,yes,0,payout_utr=900000004736,1
BL-000819,SETL-setl_00000101,t1_settlement,1.0,0.985,yes,0,payout_utr=900000004797,1
BL-000820,SETL-setl_00000100,t1_settlement,1.0,0.985,yes,0,payout_utr=900000004772,1
BL-000848,SETL-setl_00000102,t1_settlement,1.0,0.985,yes,0,payout_utr=900000004850,1
BL-000863,SETL-setl_00000103,t1_settlement,1.0,0.985,yes,0,payout_utr=900000004939,1
BL-000870,SETL-setl_00000104,t1_settlement,1.0,0.985,yes,0,payout_utr=900000004975,1
BL-000878,SETL-setl_00000105,t1_settlement,1.0,0.985,yes,0,payout_utr=900000005010,1
BL-000898,SETL-setl_00000107,t1_settlement,1.0,0.985,yes,0,payout_utr=900000005096,1
BL-000902,SETL-setl_00000106,t1_settlement,1.0,0.985,yes,0,payout_utr=900000005023,1
BL-000912,SETL-setl_00000108,t1_settlement,1.0,0.985,yes,0,payout_utr=900000005139,1
BL-000928,SETL-setl_00000109,t1_settlement,1.0,0.985,yes,0,payout_utr=900000005218,1
BL-000936,SETL-setl_00000110,t1_settlement,1.0,0.985,yes,0,payout_utr=900000005238,1
BL-000945,SETL-setl_00000111,t1_settlement,1.0,0.985,yes,0,payout_utr=900000005257,1
BL-000958,SETL-setl_00000112,t1_settlement,1.0,0.985,yes,0,payout_utr=900000005294,1
BL-000975,SETL-setl_00000114,t1_settlement,1.0,0.985,yes,0,payout_utr=900000005444,1
BL-000977,SETL-setl_00000113,t1_settlement,1.0,0.985,yes,0,payout_utr=900000005365,1
BL-000995,SETL-setl_00000115,t1_settlement,1.0,0.985,yes,0,payout_utr=900000005463,1
BL-001001,SETL-setl_00000116,t1_settlement,1.0,0.985,yes,0,payout_utr=900000005508,1
BL-001014,SETL-setl_00000117,t1_settlement,1.0,0.985,yes,0,payout_utr=900000005522,1
BL-001025,SETL-setl_00000118,t1_settlement,1.0,0.985,yes,0,payout_utr=900000005619,1
BL-001038,SETL-setl_00000119,t1_settlement,1.0,0.985,yes,0,payout_utr=900000005647,1
BL-001054,SETL-setl_00000121,t1_settlement,1.0,0.985,yes,0,payout_utr=900000005659,1
BL-001055,SETL-setl_00000120,t1_settlement,1.0,0.985,yes,0,payout_utr=900000005658,1
BL-001074,SETL-setl_00000122,t1_settlement,1.0,0.985,yes,0,payout_utr=900000005715,1
BL-001084,SETL-setl_00000123,t1_settlement,1.0,0.985,yes,0,payout_utr=900000005762,1
BL-001094,SETL-setl_00000124,t1_settlement,1.0,0.985,yes,0,payout_utr=900000005784,1
BL-001107,SETL-setl_00000125,t1_settlement,1.0,0.985,yes,0,payout_utr=900000005834,1
BL-001118,SETL-setl_00000126,t1_settlement,1.0,0.985,yes,0,payout_utr=900000005842,1
BL-001141,SETL-setl_00000128,t1_settlement,1.0,0.985,yes,0,payout_utr=900000005922,1
BL-001142,SETL-setl_00000127,t1_settlement,1.0,0.985,yes,0,payout_utr=900000005886,1
BL-001170,SETL-setl_00000129,t1_settlement,1.0,0.985,yes,0,payout_utr=900000005974,1
BL-001183,SETL-setl_00000130,t1_settlement,1.0,0.985,yes,0,payout_utr=900000006053,1
BL-001189,SETL-setl_00000131,t1_settlement,1.0,0.985,yes,0,payout_utr=900000006088,1
BL-001204,SETL-setl_00000132,t1_settlement,1.0,0.985,yes,0,payout_utr=900000006147,1
BL-001221,SETL-setl_00000134,t1_settlement,1.0,0.985,yes,0,payout_utr=900000006240,1
BL-001223,SETL-setl_00000133,t1_settlement,1.0,0.985,yes,0,payout_utr=900000006162,1
BL-001239,SETL-setl_00000135,t1_settlement,1.0,0.985,yes,0,payout_utr=900000006290,1
BL-001254,SETL-setl_00000136,t1_settlement,1.0,0.985,yes,0,payout_utr=900000006357,1
BL-001268,SETL-setl_00000137,t1_settlement,1.0,0.985,yes,0,payout_utr=900000006419,1
BL-001282,SETL-setl_00000138,t1_settlement,1.0,0.985,yes,0,payout_utr=900000006508,1
BL-001300,SETL-setl_00000139,t1_settlement,1.0,0.985,yes,0,payout_utr=900000006581,1
BL-001315,SETL-setl_00000141,t1_settlement,1.0,0.985,yes,0,payout_utr=900000006690,1
BL-001317,SETL-setl_00000140,t1_settlement,1.0,0.985,yes,0,payout_utr=900000006667,1
BL-001336,SETL-setl_00000142,t1_settlement,1.0,0.985,yes,0,payout_utr=900000006778,1
BL-001345,SETL-setl_00000143,t1_settlement,1.0,0.985,yes,0,payout_utr=900000006851,1
BL-001359,SETL-setl_00000144,t1_settlement,1.0,0.985,yes,0,payout_utr=900000006941,1
BL-001369,SETL-setl_00000145,t1_settlement,1.0,0.985,yes,0,payout_utr=900000006957,1
BL-001388,SETL-setl_00000146,t1_settlement,1.0,0.985,yes,0,payout_utr=900000007007,1
BL-001405,SETL-setl_00000147,t1_settlement,1.0,0.985,yes,0,payout_utr=900000007096,1
BL-001413,SETL-setl_00000148,t1_settlement,1.0,0.985,yes,0,payout_utr=900000007145,1
BL-001423,SETL-setl_00000149,t1_settlement,1.0,0.985,yes,0,payout_utr=900000007175,1
BL-001434,SETL-setl_00000150,t1_settlement,1.0,0.985,yes,0,payout_utr=900000007239,1
BL-001454,SETL-setl_00000153,t1_settlement,1.0,0.985,yes,0,payout_utr=900000007452,1
BL-001456,SETL-setl_00000151,t1_settlement,1.0,0.985,yes,0,payout_utr=900000007306,1
BL-001457,SETL-setl_00000152,t1_settlement,1.0,0.985,yes,0,payout_utr=900000007356,1
BL-001478,SETL-setl_00000154,t1_settlement,1.0,0.985,yes,0,payout_utr=900000007518,1
BL-001491,SETL-setl_00000155,t1_settlement,1.0,0.985,yes,0,payout_utr=900000007584,1
BL-001497,SETL-setl_00000156,t1_settlement,1.0,0.985,yes,0,payout_utr=900000007678,1
BL-001514,SETL-setl_00000157,t1_settlement,1.0,0.985,yes,0,payout_utr=900000007758,1
BL-001529,SETL-setl_00000158,t1_settlement,1.0,0.985,yes,0,payout_utr=900000007843,1
BL-001547,SETL-setl_00000160,t1_settlement,1.0,0.985,yes,0,payout_utr=900000007930,1
BL-001548,SETL-setl_00000159,t1_settlement,1.0,0.985,yes,0,payout_utr=900000007913,1
BL-001570,SETL-setl_00000161,t1_settlement,1.0,0.985,yes,0,payout_utr=900000007963,1
BL-001582,SETL-setl_00000162,t1_settlement,1.0,0.985,yes,0,payout_utr=900000008040,1
BL-001590,SETL-setl_00000163,t1_settlement,1.0,0.985,yes,0,payout_utr=900000008085,1
BL-001600,SETL-setl_00000164,t1_settlement,1.0,0.985,yes,0,payout_utr=900000008182,1
BL-001613,SETL-setl_00000165,t1_settlement,1.0,0.985,yes,0,payout_utr=900000008197,1
BL-001631,SETL-setl_00000167,t1_settlement,1.0,0.985,yes,0,payout_utr=900000008266,1
BL-001632,SETL-setl_00000166,t1_settlement,1.0,0.985,yes,0,payout_utr=900000008234,1
BL-001648,SETL-setl_00000168,t1_settlement,1.0,0.985,yes,0,payout_utr=900000008339,1
BL-001659,SETL-setl_00000169,t1_settlement,1.0,0.985,yes,0,payout_utr=900000008350,1
BL-001676,SETL-setl_00000170,t1_settlement,1.0,0.985,yes,0,payout_utr=900000008423,1
BL-001688,SETL-setl_00000171,t1_settlement,1.0,0.985,yes,0,payout_utr=900000008518,1
BL-001700,SETL-setl_00000172,t1_settlement,1.0,0.985,yes,0,payout_utr=900000008544,1
